{"id": "0fknob2IEh4", "uploader": "Costantino Carrara Music", "uploader_id": "kosta97piano", "uploader_url": "http://www.youtube.com/user/kosta97piano", "channel_id": "UCIvxmYZSfLNbtA4OPMHqKBw", "channel_url": "http://www.youtube.com/channel/UCIvxmYZSfLNbtA4OPMHqKBw", "upload_date": "20180214", "license": null, "creator": null, "title": "\"The Greatest Showman\" - The Piano Medley - Costantino Carrara", "alt_title": null, "thumbnails": [{"url": "https://i.ytimg.com/vi/0fknob2IEh4/hqdefault.jpg?sqp=-oaymwEYCKgBEF5IVfKriqkDCwgBFQAAiEIYAXAB&rs=AOn4CLAZQhiZ4LFxBe-5deUtBhs9O2pg4Q", "width": 168, "height": 94, "resolution": "168x94", "id": "0"}, {"url": "https://i.ytimg.com/vi/0fknob2IEh4/hqdefault.jpg?sqp=-oaymwEYCMQBEG5IVfKriqkDCwgBFQAAiEIYAXAB&rs=AOn4CLD8KbY9mNHo2XYzslsTwoukxZ11yQ", "width": 196, "height": 110, "resolution": "196x110", "id": "1"}, {"url": "https://i.ytimg.com/vi/0fknob2IEh4/hqdefault.jpg?sqp=-oaymwEZCPYBEIoBSFXyq4qpAwsIARUAAIhCGAFwAQ==&rs=AOn4CLCQJqSLty-o9rY0NZpNtV_PqIVZxw", "width": 246, "height": 138, "resolution": "246x138", "id": "2"}, {"url": "https://i.ytimg.com/vi/0fknob2IEh4/hqdefault.jpg?sqp=-oaymwEZCNACELwBSFXyq4qpAwsIARUAAIhCGAFwAQ==&rs=AOn4CLCxQdPiKmi-ynSOv-8KUnzyFHWVHQ", "width": 336, "height": 188, "resolution": "336x188", "id": "3"}, {"url": "https://i.ytimg.com/vi_webp/0fknob2IEh4/maxresdefault.webp", "width": 1920, "height": 1080, "resolution": "1920x1080", "id": "4"}], "description": "I hope you'll like my piano medley of \"The Greatest Showman\"!\n\u2718 Grab the Sheet Music: http://mnot.es/2nZVS5U\n\u2718 Listen on Spotify: http://bit.ly/CostantinoCarraraSpotify\n\u266b Support me on Patreon: http://bit.ly/CostaPatreon\n\nThis has been highly requested from all of you, and from Musicnotes too! They loved my \"La La Land Piano Medley\", and so they asked me to write down a new one for The Greatest Showman. I immediately watched the movie and started composing: it took me all night to complete the arrangement, but I personally think it was worth it, what do you say?\n\nI know that lots of you love the watches that I wear, so I made a partnership with Daniel Wellington, and they provided me a 15% discount code for all of you, just type \"COSTANTINOCARRARA\" during the checkout! http://bit.ly/CostaDW\n\n\u266b Facebook - http://www.facebook.com/costantinopiano\n\u266b Instagram - http://instagram.com/costantinocarrara\n\u266b Twitter - https://twitter.com/kosta97piano\n\n\u2718 Subscribe for more: http://bit.ly/SubscribeCostantino\n\u2718 Watch more cover videos here: http://bit.ly/MoreCostantinoCovers\n\u2718 The easiest way to learn my piano covers: http://tinyurl.com/10costa-flowkey\n\n\u2718 Video credits: Davide Saponieri", "categories": ["Music"], "tags": ["costantino carrara", "piano cover", "The Greatest Showman", "Come Alive", "A Million Dreams", "Never Enough", "This Is Me", "Rewrite The Stars", "From Now On", "The Greatest Show", "Hugh Jackman", "Keala Settle", "Zac Efron", "Zendaya", "Sheet Music", "Piano Tutorial", "Piano Medley", "Medley", "Mashup", "The Greatest Showman Piano", "Soundtrack", "Original", "20th Century Fox", "original ost", "full soundtrack", "the greatest showman original soundtrack", "pianoforte"], "subtitles": {}, "automatic_captions": {}, "duration": 361, "age_limit": 0, "annotations": null, "chapters": null, "webpage_url": "https://www.youtube.com/watch?v=0fknob2IEh4", "view_count": 4146701, "like_count": 54186, "dislike_count": 509, "average_rating": 4.9627752, "formats": [{"format_id": "249", "url": "https://r2---sn-5njj-u2xe.googlevideo.com/videoplayback?expire=1608733068&ei=LP3iX5WIB8aXqQGkgrDoDQ&ip=140.109.135.76&id=o-AFCOedUnWYFbIojy0iM2Rzi3H8AK6X98St8CaqqN3XvU&itag=249&source=youtube&requiressl=yes&mh=Ys&mm=31%2C29&mn=sn-5njj-u2xe%2Csn-un57sn7s&ms=au%2Crdu&mv=m&mvi=2&pl=16&initcwndbps=400000&vprv=1&mime=audio%2Fwebm&ns=o0PXPUfEYR7psrpMC7xTWa4F&gir=yes&clen=2602322&dur=361.221&lmt=1575301138918452&mt=1608711157&fvip=2&keepalive=yes&beids=9466585&c=WEB&txp=5531432&n=vGwlCtOyzABfPcuX&sparams=expire%2Cei%2Cip%2Cid%2Citag%2Csource%2Crequiressl%2Cvprv%2Cmime%2Cns%2Cgir%2Cclen%2Cdur%2Clmt&lsparams=mh%2Cmm%2Cmn%2Cms%2Cmv%2Cmvi%2Cpl%2Cinitcwndbps&lsig=AG3C_xAwRQIhAMe3cnKlJUCh7DP7kf5DvnfWcj9PJAJmAvrCip20P_euAiAi1fqRcYHQhrhPpFpbeDAQtnSyX3fILigbbboL0QXOlg%3D%3D&sig=AOq0QJ8wRQIgdZhtw8rdvv-ToiS4VNjEMcjgc5Uwj_t6k85KsmY2G6MCIQDWMgi9t9k2tbTxboyYgU3xyQxyGbecq88qRbRLojE0lQ==&ratebypass=yes", "player_url": "/s/player/5dd3f3b2/player_ias.vflset/en_US/base.js", "ext": "webm", "format_note": "tiny", "acodec": "opus", "abr": 50, "asr": 48000, "filesize": 2602322, "fps": null, "height": null, "tbr": 66.32, "width": null, "vcodec": "none", "downloader_options": {"http_chunk_size": 10485760}, "format": "249 - audio only (tiny)", "protocol": "https", "http_headers": {"User-Agent": "Mozilla/5.0 (Windows NT 10.0; Win64; x64) AppleWebKit/537.36 (KHTML, like Gecko) Chrome/72.0.3626.18 Safari/537.36", "Accept-Charset": "ISO-8859-1,utf-8;q=0.7,*;q=0.7", "Accept": "text/html,application/xhtml+xml,application/xml;q=0.9,*/*;q=0.8", "Accept-Encoding": "gzip, deflate", "Accept-Language": "en-us,en;q=0.5"}}, {"format_id": "250", "url": "https://r2---sn-5njj-u2xe.googlevideo.com/videoplayback?expire=1608733068&ei=LP3iX5WIB8aXqQGkgrDoDQ&ip=140.109.135.76&id=o-AFCOedUnWYFbIojy0iM2Rzi3H8AK6X98St8CaqqN3XvU&itag=250&source=youtube&requiressl=yes&mh=Ys&mm=31%2C29&mn=sn-5njj-u2xe%2Csn-un57sn7s&ms=au%2Crdu&mv=m&mvi=2&pl=16&initcwndbps=400000&vprv=1&mime=audio%2Fwebm&ns=o0PXPUfEYR7psrpMC7xTWa4F&gir=yes&clen=3491834&dur=361.221&lmt=1575301139330680&mt=1608711157&fvip=2&keepalive=yes&beids=9466585&c=WEB&txp=5531432&n=vGwlCtOyzABfPcuX&sparams=expire%2Cei%2Cip%2Cid%2Citag%2Csource%2Crequiressl%2Cvprv%2Cmime%2Cns%2Cgir%2Cclen%2Cdur%2Clmt&lsparams=mh%2Cmm%2Cmn%2Cms%2Cmv%2Cmvi%2Cpl%2Cinitcwndbps&lsig=AG3C_xAwRQIgZ-C-PKuLsARsM9xKcTH7zxfL8xrOFQbWLAYyce3YfH4CIQCdSyjN2lztFiS7bI3b0nTg7JTzmE_V8ej_YYTd3AEH6w%3D%3D&sig=AOq0QJ8wRgIhAIcManOFjHXlKuytRYgvuOBJgi8rkHdum5gQF3T97PPSAiEAzhVcWFZTzY6Fwgvs86UdY7LG1MWMQ9uY7cLZE95DYdA=&ratebypass=yes", "player_url": "/s/player/5dd3f3b2/player_ias.vflset/en_US/base.js", "ext": "webm", "format_note": "tiny", "acodec": "opus", "abr": 70, "asr": 48000, "filesize": 3491834, "fps": null, "height": null, "tbr": 88.542, "width": null, "vcodec": "none", "downloader_options": {"http_chunk_size": 10485760}, "format": "250 - audio only (tiny)", "protocol": "https", "http_headers": {"User-Agent": "Mozilla/5.0 (Windows NT 10.0; Win64; x64) AppleWebKit/537.36 (KHTML, like Gecko) Chrome/72.0.3626.18 Safari/537.36", "Accept-Charset": "ISO-8859-1,utf-8;q=0.7,*;q=0.7", "Accept": "text/html,application/xhtml+xml,application/xml;q=0.9,*/*;q=0.8", "Accept-Encoding": "gzip, deflate", "Accept-Language": "en-us,en;q=0.5"}}, {"format_id": "140", "url": "https://r2---sn-5njj-u2xe.googlevideo.com/videoplayback?expire=1608733068&ei=LP3iX5WIB8aXqQGkgrDoDQ&ip=140.109.135.76&id=o-AFCOedUnWYFbIojy0iM2Rzi3H8AK6X98St8CaqqN3XvU&itag=140&source=youtube&requiressl=yes&mh=Ys&mm=31%2C29&mn=sn-5njj-u2xe%2Csn-un57sn7s&ms=au%2Crdu&mv=m&mvi=2&pl=16&initcwndbps=400000&vprv=1&mime=audio%2Fmp4&ns=o0PXPUfEYR7psrpMC7xTWa4F&gir=yes&clen=5847694&dur=361.256&lmt=1575301147623133&mt=1608711157&fvip=2&keepalive=yes&beids=9466585&c=WEB&txp=5531432&n=vGwlCtOyzABfPcuX&sparams=expire%2Cei%2Cip%2Cid%2Citag%2Csource%2Crequiressl%2Cvprv%2Cmime%2Cns%2Cgir%2Cclen%2Cdur%2Clmt&lsparams=mh%2Cmm%2Cmn%2Cms%2Cmv%2Cmvi%2Cpl%2Cinitcwndbps&lsig=AG3C_xAwRAIgRVEYRZVVI_tKEoPmT7pQmPB9eqi2wwbxwIQFYx68mXACICtAjCRPxforx0CSFIix53GrTBi88M5SHBAqnKnoXfnQ&sig=AOq0QJ8wRAIgZx_MvIUkK0hrrtIuNnspXcfzSVAIW7dbblWsm17_VOACIBWxOK-HyfDrldQ2spOmK5Xkpnc6NkzRQFBHU6UVnhQd&ratebypass=yes", "player_url": "/s/player/5dd3f3b2/player_ias.vflset/en_US/base.js", "ext": "m4a", "format_note": "tiny", "acodec": "mp4a.40.2", "abr": 128, "container": "m4a_dash", "asr": 44100, "filesize": 5847694, "fps": null, "height": null, "tbr": 130.756, "width": null, "vcodec": "none", "downloader_options": {"http_chunk_size": 10485760}, "format": "140 - audio only (tiny)", "protocol": "https", "http_headers": {"User-Agent": "Mozilla/5.0 (Windows NT 10.0; Win64; x64) AppleWebKit/537.36 (KHTML, like Gecko) Chrome/72.0.3626.18 Safari/537.36", "Accept-Charset": "ISO-8859-1,utf-8;q=0.7,*;q=0.7", "Accept": "text/html,application/xhtml+xml,application/xml;q=0.9,*/*;q=0.8", "Accept-Encoding": "gzip, deflate", "Accept-Language": "en-us,en;q=0.5"}}, {"format_id": "251", "url": "https://r2---sn-5njj-u2xe.googlevideo.com/videoplayback?expire=1608733068&ei=LP3iX5WIB8aXqQGkgrDoDQ&ip=140.109.135.76&id=o-AFCOedUnWYFbIojy0iM2Rzi3H8AK6X98St8CaqqN3XvU&itag=251&source=youtube&requiressl=yes&mh=Ys&mm=31%2C29&mn=sn-5njj-u2xe%2Csn-un57sn7s&ms=au%2Crdu&mv=m&mvi=2&pl=16&initcwndbps=400000&vprv=1&mime=audio%2Fwebm&ns=o0PXPUfEYR7psrpMC7xTWa4F&gir=yes&clen=6729766&dur=361.221&lmt=1575301142308286&mt=1608711157&fvip=2&keepalive=yes&beids=9466585&c=WEB&txp=5531432&n=vGwlCtOyzABfPcuX&sparams=expire%2Cei%2Cip%2Cid%2Citag%2Csource%2Crequiressl%2Cvprv%2Cmime%2Cns%2Cgir%2Cclen%2Cdur%2Clmt&lsparams=mh%2Cmm%2Cmn%2Cms%2Cmv%2Cmvi%2Cpl%2Cinitcwndbps&lsig=AG3C_xAwRgIhAMFzqGoZHh9ov0KOJN01nKpzJvrDT1kcsx3BuEgu3qz5AiEAhqkOVx25PEE68MJwq5CrVATm85GWre0hvQlOvaBGE9Y%3D&sig=AOq0QJ8wRgIhAPTundzGX8m0G-bNgrS4VD0L8yHBIWxdHU416GhAfsLCAiEAwN-QIrHxuJsdF3LAeb93UrYtZeS-LkK6CwCcxul9hjk=&ratebypass=yes", "player_url": "/s/player/5dd3f3b2/player_ias.vflset/en_US/base.js", "ext": "webm", "format_note": "tiny", "acodec": "opus", "abr": 160, "asr": 48000, "filesize": 6729766, "fps": null, "height": null, "tbr": 167.331, "width": null, "vcodec": "none", "downloader_options": {"http_chunk_size": 10485760}, "format": "251 - audio only (tiny)", "protocol": "https", "http_headers": {"User-Agent": "Mozilla/5.0 (Windows NT 10.0; Win64; x64) AppleWebKit/537.36 (KHTML, like Gecko) Chrome/72.0.3626.18 Safari/537.36", "Accept-Charset": "ISO-8859-1,utf-8;q=0.7,*;q=0.7", "Accept": "text/html,application/xhtml+xml,application/xml;q=0.9,*/*;q=0.8", "Accept-Encoding": "gzip, deflate", "Accept-Language": "en-us,en;q=0.5"}}, {"format_id": "160", "url": "https://r2---sn-5njj-u2xe.googlevideo.com/videoplayback?expire=1608733068&ei=LP3iX5WIB8aXqQGkgrDoDQ&ip=140.109.135.76&id=o-AFCOedUnWYFbIojy0iM2Rzi3H8AK6X98St8CaqqN3XvU&itag=160&aitags=133%2C134%2C135%2C136%2C137%2C160%2C242%2C243%2C244%2C247%2C248%2C271%2C278%2C313%2C394&source=youtube&requiressl=yes&mh=Ys&mm=31%2C29&mn=sn-5njj-u2xe%2Csn-un57sn7s&ms=au%2Crdu&mv=m&mvi=2&pl=16&initcwndbps=400000&vprv=1&mime=video%2Fmp4&ns=o0PXPUfEYR7psrpMC7xTWa4F&gir=yes&clen=1760245&dur=361.208&lmt=1575301296818239&mt=1608711157&fvip=2&keepalive=yes&beids=9466585&c=WEB&txp=5532432&n=vGwlCtOyzABfPcuX&sparams=expire%2Cei%2Cip%2Cid%2Caitags%2Csource%2Crequiressl%2Cvprv%2Cmime%2Cns%2Cgir%2Cclen%2Cdur%2Clmt&lsparams=mh%2Cmm%2Cmn%2Cms%2Cmv%2Cmvi%2Cpl%2Cinitcwndbps&lsig=AG3C_xAwRQIgRvF0ZuH-XRpks7Jf_u8yYNe8zWrF1JAU5VUznbdJ9cMCIQC0JXjsk4nZrEJePynr-3H1u3fKq6idaCzbnrgUGk8SIw%3D%3D&sig=AOq0QJ8wRQIgXDDxbJq7j7Bg4IfYqtJlJHrbLDDvtH4vKPB0X4WHcwUCIQCw5K-gCKwg8ronKrK84xy3iKXv1KLC0m5Mx-i8Ndo17w==&ratebypass=yes", "player_url": "/s/player/5dd3f3b2/player_ias.vflset/en_US/base.js", "ext": "mp4", "height": 144, "format_note": "144p", "vcodec": "avc1.4d400c", "asr": null, "filesize": 1760245, "fps": 24, "tbr": 57.839, "width": 256, "acodec": "none", "downloader_options": {"http_chunk_size": 10485760}, "format": "160 - 256x144 (144p)", "protocol": "https", "http_headers": {"User-Agent": "Mozilla/5.0 (Windows NT 10.0; Win64; x64) AppleWebKit/537.36 (KHTML, like Gecko) Chrome/72.0.3626.18 Safari/537.36", "Accept-Charset": "ISO-8859-1,utf-8;q=0.7,*;q=0.7", "Accept": "text/html,application/xhtml+xml,application/xml;q=0.9,*/*;q=0.8", "Accept-Encoding": "gzip, deflate", "Accept-Language": "en-us,en;q=0.5"}}, {"format_id": "394", "url": "https://r2---sn-5njj-u2xe.googlevideo.com/videoplayback?expire=1608733068&ei=LP3iX5WIB8aXqQGkgrDoDQ&ip=140.109.135.76&id=o-AFCOedUnWYFbIojy0iM2Rzi3H8AK6X98St8CaqqN3XvU&itag=394&aitags=133%2C134%2C135%2C136%2C137%2C160%2C242%2C243%2C244%2C247%2C248%2C271%2C278%2C313%2C394&source=youtube&requiressl=yes&mh=Ys&mm=31%2C29&mn=sn-5njj-u2xe%2Csn-un57sn7s&ms=au%2Crdu&mv=m&mvi=2&pl=16&initcwndbps=400000&vprv=1&mime=video%2Fmp4&ns=o0PXPUfEYR7psrpMC7xTWa4F&gir=yes&clen=2786709&dur=361.208&lmt=1590433175210411&mt=1608711157&fvip=2&keepalive=yes&beids=9466585&c=WEB&txp=5531432&n=vGwlCtOyzABfPcuX&sparams=expire%2Cei%2Cip%2Cid%2Caitags%2Csource%2Crequiressl%2Cvprv%2Cmime%2Cns%2Cgir%2Cclen%2Cdur%2Clmt&lsparams=mh%2Cmm%2Cmn%2Cms%2Cmv%2Cmvi%2Cpl%2Cinitcwndbps&lsig=AG3C_xAwRgIhAJyANAHJ5kPU1IbFFuwzbN9-bZgJkx9Lt6rCeIOhb-cgAiEA9n6gLl0PNILMrH4clmUReK4HBcSrKSyeYNJVg9-VbWI%3D&sig=AOq0QJ8wRQIgAhhEM4o7XBRtUB0NAIX7YoTAeJk4rFeBZvqvK5_qfKUCIQCZ8qj2NeHnZ7SCugHxZfJ2jnsyPsMLB5cvg3JsweC9NA==&ratebypass=yes", "player_url": "/s/player/5dd3f3b2/player_ias.vflset/en_US/base.js", "acodec": "none", "vcodec": "av01.0.00M.08", "asr": null, "filesize": 2786709, "format_note": "144p", "fps": 24, "height": 144, "tbr": 68.167, "width": 256, "ext": "mp4", "downloader_options": {"http_chunk_size": 10485760}, "format": "394 - 256x144 (144p)", "protocol": "https", "http_headers": {"User-Agent": "Mozilla/5.0 (Windows NT 10.0; Win64; x64) AppleWebKit/537.36 (KHTML, like Gecko) Chrome/72.0.3626.18 Safari/537.36", "Accept-Charset": "ISO-8859-1,utf-8;q=0.7,*;q=0.7", "Accept": "text/html,application/xhtml+xml,application/xml;q=0.9,*/*;q=0.8", "Accept-Encoding": "gzip, deflate", "Accept-Language": "en-us,en;q=0.5"}}, {"format_id": "278", "url": "https://r2---sn-5njj-u2xe.googlevideo.com/videoplayback?expire=1608733068&ei=LP3iX5WIB8aXqQGkgrDoDQ&ip=140.109.135.76&id=o-AFCOedUnWYFbIojy0iM2Rzi3H8AK6X98St8CaqqN3XvU&itag=278&aitags=133%2C134%2C135%2C136%2C137%2C160%2C242%2C243%2C244%2C247%2C248%2C271%2C278%2C313%2C394&source=youtube&requiressl=yes&mh=Ys&mm=31%2C29&mn=sn-5njj-u2xe%2Csn-un57sn7s&ms=au%2Crdu&mv=m&mvi=2&pl=16&initcwndbps=400000&vprv=1&mime=video%2Fwebm&ns=o0PXPUfEYR7psrpMC7xTWa4F&gir=yes&clen=4110564&dur=361.207&lmt=1575301595883286&mt=1608711157&fvip=2&keepalive=yes&beids=9466585&c=WEB&txp=5531432&n=vGwlCtOyzABfPcuX&sparams=expire%2Cei%2Cip%2Cid%2Caitags%2Csource%2Crequiressl%2Cvprv%2Cmime%2Cns%2Cgir%2Cclen%2Cdur%2Clmt&lsparams=mh%2Cmm%2Cmn%2Cms%2Cmv%2Cmvi%2Cpl%2Cinitcwndbps&lsig=AG3C_xAwRQIgXgMRQ_Hgoa0XmO3n8gO9b322_280R-gGaTo3Y1JIErECIQCNlX_6zqfrWyDzqht0sDIQxJ0IIjIIyVDHkUsri-ezUg%3D%3D&sig=AOq0QJ8wRQIhALsRzP7KB-lKEW5qU4xvH7R8WDXlPIySvSSTI3m9dSXEAiAl_J1UlQZtIOOaHfV7FxIsua-P9Xj6nJqW94HY06p6AQ==&ratebypass=yes", "player_url": "/s/player/5dd3f3b2/player_ias.vflset/en_US/base.js", "ext": "webm", "height": 144, "format_note": "144p", "container": "webm", "vcodec": "vp9", "asr": null, "filesize": 4110564, "fps": 24, "tbr": 95.434, "width": 256, "acodec": "none", "downloader_options": {"http_chunk_size": 10485760}, "format": "278 - 256x144 (144p)", "protocol": "https", "http_headers": {"User-Agent": "Mozilla/5.0 (Windows NT 10.0; Win64; x64) AppleWebKit/537.36 (KHTML, like Gecko) Chrome/72.0.3626.18 Safari/537.36", "Accept-Charset": "ISO-8859-1,utf-8;q=0.7,*;q=0.7", "Accept": "text/html,application/xhtml+xml,application/xml;q=0.9,*/*;q=0.8", "Accept-Encoding": "gzip, deflate", "Accept-Language": "en-us,en;q=0.5"}}, {"format_id": "133", "url": "https://r2---sn-5njj-u2xe.googlevideo.com/videoplayback?expire=1608733068&ei=LP3iX5WIB8aXqQGkgrDoDQ&ip=140.109.135.76&id=o-AFCOedUnWYFbIojy0iM2Rzi3H8AK6X98St8CaqqN3XvU&itag=133&aitags=133%2C134%2C135%2C136%2C137%2C160%2C242%2C243%2C244%2C247%2C248%2C271%2C278%2C313%2C394&source=youtube&requiressl=yes&mh=Ys&mm=31%2C29&mn=sn-5njj-u2xe%2Csn-un57sn7s&ms=au%2Crdu&mv=m&mvi=2&pl=16&initcwndbps=400000&vprv=1&mime=video%2Fmp4&ns=o0PXPUfEYR7psrpMC7xTWa4F&gir=yes&clen=3233496&dur=361.208&lmt=1575301296817574&mt=1608711157&fvip=2&keepalive=yes&beids=9466585&c=WEB&txp=5532432&n=vGwlCtOyzABfPcuX&sparams=expire%2Cei%2Cip%2Cid%2Caitags%2Csource%2Crequiressl%2Cvprv%2Cmime%2Cns%2Cgir%2Cclen%2Cdur%2Clmt&lsparams=mh%2Cmm%2Cmn%2Cms%2Cmv%2Cmvi%2Cpl%2Cinitcwndbps&lsig=AG3C_xAwRgIhAJ-ORUMXUBYHIPBK-reUvbMOsj-wxJrZNoIegKJrwlF2AiEA-RDaDNIAv28NJsfj734-PaliDE9UDGTHi2sbmUdtBLI%3D&sig=AOq0QJ8wRQIgCVvP0ykJtetRyg9rczF5-8f_4YSnJvMYlguyYKyUC3ACIQD_KCrut9OtxD0X7JucDL3TSZRZwp9PK4OX8ETP9LZs8g==&ratebypass=yes", "player_url": "/s/player/5dd3f3b2/player_ias.vflset/en_US/base.js", "ext": "mp4", "height": 240, "format_note": "240p", "vcodec": "avc1.4d4015", "asr": null, "filesize": 3233496, "fps": 24, "tbr": 105.413, "width": 426, "acodec": "none", "downloader_options": {"http_chunk_size": 10485760}, "format": "133 - 426x240 (240p)", "protocol": "https", "http_headers": {"User-Agent": "Mozilla/5.0 (Windows NT 10.0; Win64; x64) AppleWebKit/537.36 (KHTML, like Gecko) Chrome/72.0.3626.18 Safari/537.36", "Accept-Charset": "ISO-8859-1,utf-8;q=0.7,*;q=0.7", "Accept": "text/html,application/xhtml+xml,application/xml;q=0.9,*/*;q=0.8", "Accept-Encoding": "gzip, deflate", "Accept-Language": "en-us,en;q=0.5"}}, {"format_id": "242", "url": "https://r2---sn-5njj-u2xe.googlevideo.com/videoplayback?expire=1608733068&ei=LP3iX5WIB8aXqQGkgrDoDQ&ip=140.109.135.76&id=o-AFCOedUnWYFbIojy0iM2Rzi3H8AK6X98St8CaqqN3XvU&itag=242&aitags=133%2C134%2C135%2C136%2C137%2C160%2C242%2C243%2C244%2C247%2C248%2C271%2C278%2C313%2C394&source=youtube&requiressl=yes&mh=Ys&mm=31%2C29&mn=sn-5njj-u2xe%2Csn-un57sn7s&ms=au%2Crdu&mv=m&mvi=2&pl=16&initcwndbps=400000&vprv=1&mime=video%2Fwebm&ns=o0PXPUfEYR7psrpMC7xTWa4F&gir=yes&clen=4994015&dur=361.207&lmt=1575301595873474&mt=1608711157&fvip=2&keepalive=yes&beids=9466585&c=WEB&txp=5531432&n=vGwlCtOyzABfPcuX&sparams=expire%2Cei%2Cip%2Cid%2Caitags%2Csource%2Crequiressl%2Cvprv%2Cmime%2Cns%2Cgir%2Cclen%2Cdur%2Clmt&lsparams=mh%2Cmm%2Cmn%2Cms%2Cmv%2Cmvi%2Cpl%2Cinitcwndbps&lsig=AG3C_xAwRgIhANYPnn_jxP6jxn5dch8n033EIt8wI6UaD_D_NyQFIfhPAiEArVk__7bloQAqfpLRB-KuXcjLkQcDDHFPClyOsvVnjzA%3D&sig=AOq0QJ8wRgIhAIA2OdaMd-zpYDkxQ3iYm0_qtvSelyV2OkTc767KxiBaAiEArjMaPnA7Qhwm4BscRiZTzEvNwOwTRASzlQpcVsgp7wg=&ratebypass=yes", "player_url": "/s/player/5dd3f3b2/player_ias.vflset/en_US/base.js", "ext": "webm", "height": 240, "format_note": "240p", "vcodec": "vp9", "asr": null, "filesize": 4994015, "fps": 24, "tbr": 165.811, "width": 426, "acodec": "none", "downloader_options": {"http_chunk_size": 10485760}, "format": "242 - 426x240 (240p)", "protocol": "https", "http_headers": {"User-Agent": "Mozilla/5.0 (Windows NT 10.0; Win64; x64) AppleWebKit/537.36 (KHTML, like Gecko) Chrome/72.0.3626.18 Safari/537.36", "Accept-Charset": "ISO-8859-1,utf-8;q=0.7,*;q=0.7", "Accept": "text/html,application/xhtml+xml,application/xml;q=0.9,*/*;q=0.8", "Accept-Encoding": "gzip, deflate", "Accept-Language": "en-us,en;q=0.5"}}, {"format_id": "134", "url": "https://r2---sn-5njj-u2xe.googlevideo.com/videoplayback?expire=1608733068&ei=LP3iX5WIB8aXqQGkgrDoDQ&ip=140.109.135.76&id=o-AFCOedUnWYFbIojy0iM2Rzi3H8AK6X98St8CaqqN3XvU&itag=134&aitags=133%2C134%2C135%2C136%2C137%2C160%2C242%2C243%2C244%2C247%2C248%2C271%2C278%2C313%2C394&source=youtube&requiressl=yes&mh=Ys&mm=31%2C29&mn=sn-5njj-u2xe%2Csn-un57sn7s&ms=au%2Crdu&mv=m&mvi=2&pl=16&initcwndbps=400000&vprv=1&mime=video%2Fmp4&ns=o0PXPUfEYR7psrpMC7xTWa4F&gir=yes&clen=7965524&dur=361.208&lmt=1575301296817848&mt=1608711157&fvip=2&keepalive=yes&beids=9466585&c=WEB&txp=5532432&n=vGwlCtOyzABfPcuX&sparams=expire%2Cei%2Cip%2Cid%2Caitags%2Csource%2Crequiressl%2Cvprv%2Cmime%2Cns%2Cgir%2Cclen%2Cdur%2Clmt&lsparams=mh%2Cmm%2Cmn%2Cms%2Cmv%2Cmvi%2Cpl%2Cinitcwndbps&lsig=AG3C_xAwRQIhAPRDqOtKO7rRESL1CXFuegS-pr4VqS7e8zmPYwxcUJIQAiBg1PFGHU_73ZYpx2ocTGz1WtHx92Uyc8a0mtDV5oTloQ%3D%3D&sig=AOq0QJ8wRQIgHyL1bN-3gMZA4X4CIAW_-6cEYxWaTHjgFvhwYSFwePQCIQDz8wYcIRifGns8s8Lj3q8HpC4csAKyXOoUKu0LCPeCeQ==&ratebypass=yes", "player_url": "/s/player/5dd3f3b2/player_ias.vflset/en_US/base.js", "ext": "mp4", "height": 360, "format_note": "360p", "vcodec": "avc1.4d401e", "asr": null, "filesize": 7965524, "fps": 24, "tbr": 253.589, "width": 640, "acodec": "none", "downloader_options": {"http_chunk_size": 10485760}, "format": "134 - 640x360 (360p)", "protocol": "https", "http_headers": {"User-Agent": "Mozilla/5.0 (Windows NT 10.0; Win64; x64) AppleWebKit/537.36 (KHTML, like Gecko) Chrome/72.0.3626.18 Safari/537.36", "Accept-Charset": "ISO-8859-1,utf-8;q=0.7,*;q=0.7", "Accept": "text/html,application/xhtml+xml,application/xml;q=0.9,*/*;q=0.8", "Accept-Encoding": "gzip, deflate", "Accept-Language": "en-us,en;q=0.5"}}, {"format_id": "243", "url": "https://r2---sn-5njj-u2xe.googlevideo.com/videoplayback?expire=1608733068&ei=LP3iX5WIB8aXqQGkgrDoDQ&ip=140.109.135.76&id=o-AFCOedUnWYFbIojy0iM2Rzi3H8AK6X98St8CaqqN3XvU&itag=243&aitags=133%2C134%2C135%2C136%2C137%2C160%2C242%2C243%2C244%2C247%2C248%2C271%2C278%2C313%2C394&source=youtube&requiressl=yes&mh=Ys&mm=31%2C29&mn=sn-5njj-u2xe%2Csn-un57sn7s&ms=au%2Crdu&mv=m&mvi=2&pl=16&initcwndbps=400000&vprv=1&mime=video%2Fwebm&ns=o0PXPUfEYR7psrpMC7xTWa4F&gir=yes&clen=9603962&dur=361.207&lmt=1575301595873452&mt=1608711157&fvip=2&keepalive=yes&beids=9466585&c=WEB&txp=5531432&n=vGwlCtOyzABfPcuX&sparams=expire%2Cei%2Cip%2Cid%2Caitags%2Csource%2Crequiressl%2Cvprv%2Cmime%2Cns%2Cgir%2Cclen%2Cdur%2Clmt&lsparams=mh%2Cmm%2Cmn%2Cms%2Cmv%2Cmvi%2Cpl%2Cinitcwndbps&lsig=AG3C_xAwRQIgRSNqlDlmUNdm1EQeaT0CUp1HMajkqyhLVnHxrGb1ZOoCIQCGOyK5XksHYZjkmTO6rf7chmBuvpc_vmWcnVpFVd7taQ%3D%3D&sig=AOq0QJ8wRgIhALSWv27BUxqtsWdE47D6UmLzkrydV2IzoLYTMcI_teEZAiEAgXBRL7NmCo2Ab2Am0i1RGDA7pwlGWpzUsbVSenO9QFM=&ratebypass=yes", "player_url": "/s/player/5dd3f3b2/player_ias.vflset/en_US/base.js", "ext": "webm", "height": 360, "format_note": "360p", "vcodec": "vp9", "asr": null, "filesize": 9603962, "fps": 24, "tbr": 310.685, "width": 640, "acodec": "none", "downloader_options": {"http_chunk_size": 10485760}, "format": "243 - 640x360 (360p)", "protocol": "https", "http_headers": {"User-Agent": "Mozilla/5.0 (Windows NT 10.0; Win64; x64) AppleWebKit/537.36 (KHTML, like Gecko) Chrome/72.0.3626.18 Safari/537.36", "Accept-Charset": "ISO-8859-1,utf-8;q=0.7,*;q=0.7", "Accept": "text/html,application/xhtml+xml,application/xml;q=0.9,*/*;q=0.8", "Accept-Encoding": "gzip, deflate", "Accept-Language": "en-us,en;q=0.5"}}, {"format_id": "135", "url": "https://r2---sn-5njj-u2xe.googlevideo.com/videoplayback?expire=1608733068&ei=LP3iX5WIB8aXqQGkgrDoDQ&ip=140.109.135.76&id=o-AFCOedUnWYFbIojy0iM2Rzi3H8AK6X98St8CaqqN3XvU&itag=135&aitags=133%2C134%2C135%2C136%2C137%2C160%2C242%2C243%2C244%2C247%2C248%2C271%2C278%2C313%2C394&source=youtube&requiressl=yes&mh=Ys&mm=31%2C29&mn=sn-5njj-u2xe%2Csn-un57sn7s&ms=au%2Crdu&mv=m&mvi=2&pl=16&initcwndbps=400000&vprv=1&mime=video%2Fmp4&ns=o0PXPUfEYR7psrpMC7xTWa4F&gir=yes&clen=16124309&dur=361.208&lmt=1575301296817107&mt=1608711157&fvip=2&keepalive=yes&beids=9466585&c=WEB&txp=5532432&n=vGwlCtOyzABfPcuX&sparams=expire%2Cei%2Cip%2Cid%2Caitags%2Csource%2Crequiressl%2Cvprv%2Cmime%2Cns%2Cgir%2Cclen%2Cdur%2Clmt&lsparams=mh%2Cmm%2Cmn%2Cms%2Cmv%2Cmvi%2Cpl%2Cinitcwndbps&lsig=AG3C_xAwRQIhAKqgJjDC_WvGAXqyTrDeuDQwvHX2e67rBo1KjVFndeQ3AiBsGo0-l402y60WM1NIDH77kMMWv3qsGnTMxiiTvMMvwg%3D%3D&sig=AOq0QJ8wRQIgcN0D8ky7233vqaVaEhZpuRgJI8CQRCVYN-KPpBYkfH0CIQDNxki_TzwtswgikXK2NMmdl32B-OLvD4N191yocq-q5g==&ratebypass=yes", "player_url": "/s/player/5dd3f3b2/player_ias.vflset/en_US/base.js", "ext": "mp4", "height": 480, "format_note": "480p", "vcodec": "avc1.4d401e", "asr": null, "filesize": 16124309, "fps": 24, "tbr": 508.078, "width": 854, "acodec": "none", "downloader_options": {"http_chunk_size": 10485760}, "format": "135 - 854x480 (480p)", "protocol": "https", "http_headers": {"User-Agent": "Mozilla/5.0 (Windows NT 10.0; Win64; x64) AppleWebKit/537.36 (KHTML, like Gecko) Chrome/72.0.3626.18 Safari/537.36", "Accept-Charset": "ISO-8859-1,utf-8;q=0.7,*;q=0.7", "Accept": "text/html,application/xhtml+xml,application/xml;q=0.9,*/*;q=0.8", "Accept-Encoding": "gzip, deflate", "Accept-Language": "en-us,en;q=0.5"}}, {"format_id": "244", "url": "https://r2---sn-5njj-u2xe.googlevideo.com/videoplayback?expire=1608733068&ei=LP3iX5WIB8aXqQGkgrDoDQ&ip=140.109.135.76&id=o-AFCOedUnWYFbIojy0iM2Rzi3H8AK6X98St8CaqqN3XvU&itag=244&aitags=133%2C134%2C135%2C136%2C137%2C160%2C242%2C243%2C244%2C247%2C248%2C271%2C278%2C313%2C394&source=youtube&requiressl=yes&mh=Ys&mm=31%2C29&mn=sn-5njj-u2xe%2Csn-un57sn7s&ms=au%2Crdu&mv=m&mvi=2&pl=16&initcwndbps=400000&vprv=1&mime=video%2Fwebm&ns=o0PXPUfEYR7psrpMC7xTWa4F&gir=yes&clen=16818291&dur=361.207&lmt=1575301595873626&mt=1608711157&fvip=2&keepalive=yes&beids=9466585&c=WEB&txp=5531432&n=vGwlCtOyzABfPcuX&sparams=expire%2Cei%2Cip%2Cid%2Caitags%2Csource%2Crequiressl%2Cvprv%2Cmime%2Cns%2Cgir%2Cclen%2Cdur%2Clmt&lsparams=mh%2Cmm%2Cmn%2Cms%2Cmv%2Cmvi%2Cpl%2Cinitcwndbps&lsig=AG3C_xAwRgIhANxG4WRrPzftggoGrdAOewyVlXjX2vEIRDt-yVtZthCRAiEA8D7kjiYh--8zUJFLSDgb0IT65tTNlYXrslxuNPzlp-w%3D&sig=AOq0QJ8wRAIgRPrEGB9GyM9jSmWhS-BVwjlO4Vfc7-lPH848ESg_LFoCIChhlm5Zt82EW_v7fOPXgUCoSRiYzeF7xmx_h58llQrb&ratebypass=yes", "player_url": "/s/player/5dd3f3b2/player_ias.vflset/en_US/base.js", "ext": "webm", "height": 480, "format_note": "480p", "vcodec": "vp9", "asr": null, "filesize": 16818291, "fps": 24, "tbr": 535.665, "width": 854, "acodec": "none", "downloader_options": {"http_chunk_size": 10485760}, "format": "244 - 854x480 (480p)", "protocol": "https", "http_headers": {"User-Agent": "Mozilla/5.0 (Windows NT 10.0; Win64; x64) AppleWebKit/537.36 (KHTML, like Gecko) Chrome/72.0.3626.18 Safari/537.36", "Accept-Charset": "ISO-8859-1,utf-8;q=0.7,*;q=0.7", "Accept": "text/html,application/xhtml+xml,application/xml;q=0.9,*/*;q=0.8", "Accept-Encoding": "gzip, deflate", "Accept-Language": "en-us,en;q=0.5"}}, {"format_id": "136", "url": "https://r2---sn-5njj-u2xe.googlevideo.com/videoplayback?expire=1608733068&ei=LP3iX5WIB8aXqQGkgrDoDQ&ip=140.109.135.76&id=o-AFCOedUnWYFbIojy0iM2Rzi3H8AK6X98St8CaqqN3XvU&itag=136&aitags=133%2C134%2C135%2C136%2C137%2C160%2C242%2C243%2C244%2C247%2C248%2C271%2C278%2C313%2C394&source=youtube&requiressl=yes&mh=Ys&mm=31%2C29&mn=sn-5njj-u2xe%2Csn-un57sn7s&ms=au%2Crdu&mv=m&mvi=2&pl=16&initcwndbps=400000&vprv=1&mime=video%2Fmp4&ns=o0PXPUfEYR7psrpMC7xTWa4F&gir=yes&clen=30903884&dur=361.208&lmt=1575301296817244&mt=1608711157&fvip=2&keepalive=yes&beids=9466585&c=WEB&txp=5532432&n=vGwlCtOyzABfPcuX&sparams=expire%2Cei%2Cip%2Cid%2Caitags%2Csource%2Crequiressl%2Cvprv%2Cmime%2Cns%2Cgir%2Cclen%2Cdur%2Clmt&lsparams=mh%2Cmm%2Cmn%2Cms%2Cmv%2Cmvi%2Cpl%2Cinitcwndbps&lsig=AG3C_xAwRQIhAP35esTfbbSW-m9W4EX1D_bbDBzubh1IYyXa3VkR7SBUAiAGc2VDB7GjAyYMjuQlRmcguHurdlweum6f_eVomg-xfQ%3D%3D&sig=AOq0QJ8wRQIhANKR0PPPdByOcwfzKnHtiTpv4C3iIGElozUK8wO1tRKYAiBAJb7UctxBwW54Kzqwnl-533tOc_hdvVQBGrPEXiq0ew==&ratebypass=yes", "player_url": "/s/player/5dd3f3b2/player_ias.vflset/en_US/base.js", "ext": "mp4", "height": 720, "format_note": "720p", "vcodec": "avc1.4d401f", "asr": null, "filesize": 30903884, "fps": 24, "tbr": 984.459, "width": 1280, "acodec": "none", "downloader_options": {"http_chunk_size": 10485760}, "format": "136 - 1280x720 (720p)", "protocol": "https", "http_headers": {"User-Agent": "Mozilla/5.0 (Windows NT 10.0; Win64; x64) AppleWebKit/537.36 (KHTML, like Gecko) Chrome/72.0.3626.18 Safari/537.36", "Accept-Charset": "ISO-8859-1,utf-8;q=0.7,*;q=0.7", "Accept": "text/html,application/xhtml+xml,application/xml;q=0.9,*/*;q=0.8", "Accept-Encoding": "gzip, deflate", "Accept-Language": "en-us,en;q=0.5"}}, {"format_id": "247", "url": "https://r2---sn-5njj-u2xe.googlevideo.com/videoplayback?expire=1608733068&ei=LP3iX5WIB8aXqQGkgrDoDQ&ip=140.109.135.76&id=o-AFCOedUnWYFbIojy0iM2Rzi3H8AK6X98St8CaqqN3XvU&itag=247&aitags=133%2C134%2C135%2C136%2C137%2C160%2C242%2C243%2C244%2C247%2C248%2C271%2C278%2C313%2C394&source=youtube&requiressl=yes&mh=Ys&mm=31%2C29&mn=sn-5njj-u2xe%2Csn-un57sn7s&ms=au%2Crdu&mv=m&mvi=2&pl=16&initcwndbps=400000&vprv=1&mime=video%2Fwebm&ns=o0PXPUfEYR7psrpMC7xTWa4F&gir=yes&clen=36243316&dur=361.207&lmt=1575301595870071&mt=1608711157&fvip=2&keepalive=yes&beids=9466585&c=WEB&txp=5531432&n=vGwlCtOyzABfPcuX&sparams=expire%2Cei%2Cip%2Cid%2Caitags%2Csource%2Crequiressl%2Cvprv%2Cmime%2Cns%2Cgir%2Cclen%2Cdur%2Clmt&lsparams=mh%2Cmm%2Cmn%2Cms%2Cmv%2Cmvi%2Cpl%2Cinitcwndbps&lsig=AG3C_xAwRAIgTGqVoYpLRJCmQBG-8qiSxGxTdxG55KoFOjIQRL6AC4cCICqTk1SdaLVRa99Hl4r4XJ2UNGDDos7At-7ZH_Xkn4Ox&sig=AOq0QJ8wRQIgB6Gnj4lJT7JzN2MbQD0XrPkLaxYSLIw9BPOIBih4Xr8CIQDLrEWxspBHYlq9sVc1Ek6YwWneoQHxzCn6ACtspTII7A==&ratebypass=yes", "player_url": "/s/player/5dd3f3b2/player_ias.vflset/en_US/base.js", "ext": "webm", "height": 720, "format_note": "720p", "vcodec": "vp9", "asr": null, "filesize": 36243316, "fps": 24, "tbr": 1124.296, "width": 1280, "acodec": "none", "downloader_options": {"http_chunk_size": 10485760}, "format": "247 - 1280x720 (720p)", "protocol": "https", "http_headers": {"User-Agent": "Mozilla/5.0 (Windows NT 10.0; Win64; x64) AppleWebKit/537.36 (KHTML, like Gecko) Chrome/72.0.3626.18 Safari/537.36", "Accept-Charset": "ISO-8859-1,utf-8;q=0.7,*;q=0.7", "Accept": "text/html,application/xhtml+xml,application/xml;q=0.9,*/*;q=0.8", "Accept-Encoding": "gzip, deflate", "Accept-Language": "en-us,en;q=0.5"}}, {"format_id": "137", "url": "https://r2---sn-5njj-u2xe.googlevideo.com/videoplayback?expire=1608733068&ei=LP3iX5WIB8aXqQGkgrDoDQ&ip=140.109.135.76&id=o-AFCOedUnWYFbIojy0iM2Rzi3H8AK6X98St8CaqqN3XvU&itag=137&aitags=133%2C134%2C135%2C136%2C137%2C160%2C242%2C243%2C244%2C247%2C248%2C271%2C278%2C313%2C394&source=youtube&requiressl=yes&mh=Ys&mm=31%2C29&mn=sn-5njj-u2xe%2Csn-un57sn7s&ms=au%2Crdu&mv=m&mvi=2&pl=16&initcwndbps=400000&vprv=1&mime=video%2Fmp4&ns=o0PXPUfEYR7psrpMC7xTWa4F&gir=yes&clen=55879522&dur=361.208&lmt=1575301235041693&mt=1608711157&fvip=2&keepalive=yes&beids=9466585&c=WEB&txp=5532432&n=vGwlCtOyzABfPcuX&sparams=expire%2Cei%2Cip%2Cid%2Caitags%2Csource%2Crequiressl%2Cvprv%2Cmime%2Cns%2Cgir%2Cclen%2Cdur%2Clmt&lsparams=mh%2Cmm%2Cmn%2Cms%2Cmv%2Cmvi%2Cpl%2Cinitcwndbps&lsig=AG3C_xAwRAIgRz1uJsbeyia_jZB8JPPXU1r8BKZ3urtb_g70xh1IBwQCIHUxXiXfmg3gKahm03QJuh5hQGpZGA00KnW0gVT1Ewu1&sig=AOq0QJ8wRAIgVpX4t6X3cOoitq-gxmnMYHkl_BxjkzvGzxw-Xs-NCsoCIDev351my0lahM8wvWaTQMYzi86ReDvpJ956bFD2fcNF&ratebypass=yes", "player_url": "/s/player/5dd3f3b2/player_ias.vflset/en_US/base.js", "ext": "mp4", "height": 1080, "format_note": "1080p", "vcodec": "avc1.640028", "asr": null, "filesize": 55879522, "fps": 24, "tbr": 1868.411, "width": 1920, "acodec": "none", "downloader_options": {"http_chunk_size": 10485760}, "format": "137 - 1920x1080 (1080p)", "protocol": "https", "http_headers": {"User-Agent": "Mozilla/5.0 (Windows NT 10.0; Win64; x64) AppleWebKit/537.36 (KHTML, like Gecko) Chrome/72.0.3626.18 Safari/537.36", "Accept-Charset": "ISO-8859-1,utf-8;q=0.7,*;q=0.7", "Accept": "text/html,application/xhtml+xml,application/xml;q=0.9,*/*;q=0.8", "Accept-Encoding": "gzip, deflate", "Accept-Language": "en-us,en;q=0.5"}}, {"format_id": "248", "url": "https://r2---sn-5njj-u2xe.googlevideo.com/videoplayback?expire=1608733068&ei=LP3iX5WIB8aXqQGkgrDoDQ&ip=140.109.135.76&id=o-AFCOedUnWYFbIojy0iM2Rzi3H8AK6X98St8CaqqN3XvU&itag=248&aitags=133%2C134%2C135%2C136%2C137%2C160%2C242%2C243%2C244%2C247%2C248%2C271%2C278%2C313%2C394&source=youtube&requiressl=yes&mh=Ys&mm=31%2C29&mn=sn-5njj-u2xe%2Csn-un57sn7s&ms=au%2Crdu&mv=m&mvi=2&pl=16&initcwndbps=400000&vprv=1&mime=video%2Fwebm&ns=o0PXPUfEYR7psrpMC7xTWa4F&gir=yes&clen=68732115&dur=361.207&lmt=1575301383830732&mt=1608711157&fvip=2&keepalive=yes&beids=9466585&c=WEB&txp=5531432&n=vGwlCtOyzABfPcuX&sparams=expire%2Cei%2Cip%2Cid%2Caitags%2Csource%2Crequiressl%2Cvprv%2Cmime%2Cns%2Cgir%2Cclen%2Cdur%2Clmt&lsparams=mh%2Cmm%2Cmn%2Cms%2Cmv%2Cmvi%2Cpl%2Cinitcwndbps&lsig=AG3C_xAwRAIgJWcvV9CNuDjMUqmLy83WX2S0uPfJkLiEQ-Dn-QkFKygCIEMPnQMa9CBKNhgKNLH-ATcH1jOwTaSlxNiScg2onV46&sig=AOq0QJ8wRQIhAMM3nnx_02XUwwvZB41b0kafhnDqxZZaO53UuVEyW_wyAiBgYvOxFCaRKbMA8Gps5hOqm7COoM3U42ubut3J0WITLA==&ratebypass=yes", "player_url": "/s/player/5dd3f3b2/player_ias.vflset/en_US/base.js", "ext": "webm", "height": 1080, "format_note": "1080p", "vcodec": "vp9", "asr": null, "filesize": 68732115, "fps": 24, "tbr": 2099.507, "width": 1920, "acodec": "none", "downloader_options": {"http_chunk_size": 10485760}, "format": "248 - 1920x1080 (1080p)", "protocol": "https", "http_headers": {"User-Agent": "Mozilla/5.0 (Windows NT 10.0; Win64; x64) AppleWebKit/537.36 (KHTML, like Gecko) Chrome/72.0.3626.18 Safari/537.36", "Accept-Charset": "ISO-8859-1,utf-8;q=0.7,*;q=0.7", "Accept": "text/html,application/xhtml+xml,application/xml;q=0.9,*/*;q=0.8", "Accept-Encoding": "gzip, deflate", "Accept-Language": "en-us,en;q=0.5"}}, {"format_id": "271", "url": "https://r2---sn-5njj-u2xe.googlevideo.com/videoplayback?expire=1608733068&ei=LP3iX5WIB8aXqQGkgrDoDQ&ip=140.109.135.76&id=o-AFCOedUnWYFbIojy0iM2Rzi3H8AK6X98St8CaqqN3XvU&itag=271&aitags=133%2C134%2C135%2C136%2C137%2C160%2C242%2C243%2C244%2C247%2C248%2C271%2C278%2C313%2C394&source=youtube&requiressl=yes&mh=Ys&mm=31%2C29&mn=sn-5njj-u2xe%2Csn-un57sn7s&ms=au%2Crdu&mv=m&mvi=2&pl=16&initcwndbps=400000&vprv=1&mime=video%2Fwebm&ns=o0PXPUfEYR7psrpMC7xTWa4F&gir=yes&clen=169099586&dur=361.207&lmt=1575301680978957&mt=1608711157&fvip=2&keepalive=yes&beids=9466585&c=WEB&txp=5531432&n=vGwlCtOyzABfPcuX&sparams=expire%2Cei%2Cip%2Cid%2Caitags%2Csource%2Crequiressl%2Cvprv%2Cmime%2Cns%2Cgir%2Cclen%2Cdur%2Clmt&lsparams=mh%2Cmm%2Cmn%2Cms%2Cmv%2Cmvi%2Cpl%2Cinitcwndbps&lsig=AG3C_xAwRAIgLBg7Z-UeXNVVDfkXw7tfaHR2AJWRd6C5A7Q9iVFllPwCIDP2N9wL7KZrqaTYsJUE6PQi0shZdfJdACmTBnfMAxp_&sig=AOq0QJ8wRQIgdV1b4R_-wLpw5xGZbn_TWaijP6fUjqwup6anq96JkX8CIQDCH-6qilDnhAVzObm2JPXeiPuZ7IXXXSoWDvQG0wEUEg==&ratebypass=yes", "player_url": "/s/player/5dd3f3b2/player_ias.vflset/en_US/base.js", "ext": "webm", "height": 1440, "format_note": "1440p", "vcodec": "vp9", "asr": null, "filesize": 169099586, "fps": 24, "tbr": 5505.186, "width": 2560, "acodec": "none", "downloader_options": {"http_chunk_size": 10485760}, "format": "271 - 2560x1440 (1440p)", "protocol": "https", "http_headers": {"User-Agent": "Mozilla/5.0 (Windows NT 10.0; Win64; x64) AppleWebKit/537.36 (KHTML, like Gecko) Chrome/72.0.3626.18 Safari/537.36", "Accept-Charset": "ISO-8859-1,utf-8;q=0.7,*;q=0.7", "Accept": "text/html,application/xhtml+xml,application/xml;q=0.9,*/*;q=0.8", "Accept-Encoding": "gzip, deflate", "Accept-Language": "en-us,en;q=0.5"}}, {"format_id": "313", "url": "https://r2---sn-5njj-u2xe.googlevideo.com/videoplayback?expire=1608733068&ei=LP3iX5WIB8aXqQGkgrDoDQ&ip=140.109.135.76&id=o-AFCOedUnWYFbIojy0iM2Rzi3H8AK6X98St8CaqqN3XvU&itag=313&aitags=133%2C134%2C135%2C136%2C137%2C160%2C242%2C243%2C244%2C247%2C248%2C271%2C278%2C313%2C394&source=youtube&requiressl=yes&mh=Ys&mm=31%2C29&mn=sn-5njj-u2xe%2Csn-un57sn7s&ms=au%2Crdu&mv=m&mvi=2&pl=16&initcwndbps=400000&vprv=1&mime=video%2Fwebm&ns=o0PXPUfEYR7psrpMC7xTWa4F&gir=yes&clen=573784768&dur=361.207&lmt=1575301976647977&mt=1608711157&fvip=2&keepalive=yes&beids=9466585&c=WEB&txp=5531432&n=vGwlCtOyzABfPcuX&sparams=expire%2Cei%2Cip%2Cid%2Caitags%2Csource%2Crequiressl%2Cvprv%2Cmime%2Cns%2Cgir%2Cclen%2Cdur%2Clmt&lsparams=mh%2Cmm%2Cmn%2Cms%2Cmv%2Cmvi%2Cpl%2Cinitcwndbps&lsig=AG3C_xAwRgIhAICRKNwlD7_TTw8Y96WDk_tyF6NbIA9sLtAFlVhVMkuxAiEAjo6Wpz6cTqm16dFwmY_S76X0LPaSTSJFqe1z9a7FsJg%3D&sig=AOq0QJ8wRgIhAJ1nXgYBr98n0PIL-g9cCb4sHrejEgPMVUT9y9FQSV3kAiEA1lSuEVD-Jy_WIewLW4CCGshkcNhF683Ygo0ssvDNbHk=&ratebypass=yes", "player_url": "/s/player/5dd3f3b2/player_ias.vflset/en_US/base.js", "ext": "webm", "height": 2160, "format_note": "2160p", "vcodec": "vp9", "asr": null, "filesize": 573784768, "fps": 24, "tbr": 16674.853, "width": 3840, "acodec": "none", "downloader_options": {"http_chunk_size": 10485760}, "format": "313 - 3840x2160 (2160p)", "protocol": "https", "http_headers": {"User-Agent": "Mozilla/5.0 (Windows NT 10.0; Win64; x64) AppleWebKit/537.36 (KHTML, like Gecko) Chrome/72.0.3626.18 Safari/537.36", "Accept-Charset": "ISO-8859-1,utf-8;q=0.7,*;q=0.7", "Accept": "text/html,application/xhtml+xml,application/xml;q=0.9,*/*;q=0.8", "Accept-Encoding": "gzip, deflate", "Accept-Language": "en-us,en;q=0.5"}}, {"format_id": "18", "url": "https://r2---sn-5njj-u2xe.googlevideo.com/videoplayback?expire=1608733068&ei=LP3iX5WIB8aXqQGkgrDoDQ&ip=140.109.135.76&id=o-AFCOedUnWYFbIojy0iM2Rzi3H8AK6X98St8CaqqN3XvU&itag=18&source=youtube&requiressl=yes&mh=Ys&mm=31%2C29&mn=sn-5njj-u2xe%2Csn-un57sn7s&ms=au%2Crdu&mv=m&mvi=2&pl=16&initcwndbps=400000&vprv=1&mime=video%2Fmp4&ns=0OOhOyo8qORRi618YKaPGrgF&gir=yes&clen=17121125&ratebypass=yes&dur=361.256&lmt=1575301199082886&mt=1608711157&fvip=2&beids=9466585&c=WEB&txp=5531432&n=_EUrtPk2vSnGos-1&sparams=expire%2Cei%2Cip%2Cid%2Citag%2Csource%2Crequiressl%2Cvprv%2Cmime%2Cns%2Cgir%2Cclen%2Cratebypass%2Cdur%2Clmt&lsparams=mh%2Cmm%2Cmn%2Cms%2Cmv%2Cmvi%2Cpl%2Cinitcwndbps&lsig=AG3C_xAwRQIhAM3-ko68PhSAap6zj2W-NzR4ZOrozEeNXU65oBe44wz_AiB_88BnVT7AS5LC_MO-v2iOC2kUcEGV6RprjoEGtVeHiA%3D%3D&sig=AOq0QJ8wRQIgOHNp-ezwskh7RzYkWGRfA_BdFR5x9I4B3hvHkMvvO28CIQDyVhYL1mi98qJLJXw6NzrcRAKC9SaC-cwid9vofsFs5g==", "player_url": "/s/player/5dd3f3b2/player_ias.vflset/en_US/base.js", "ext": "mp4", "width": 640, "height": 360, "acodec": "mp4a.40.2", "abr": 96, "vcodec": "avc1.42001E", "asr": 44100, "filesize": 17121125, "format_note": "360p", "fps": 24, "tbr": 379.197, "format": "18 - 640x360 (360p)", "protocol": "https", "http_headers": {"User-Agent": "Mozilla/5.0 (Windows NT 10.0; Win64; x64) AppleWebKit/537.36 (KHTML, like Gecko) Chrome/72.0.3626.18 Safari/537.36", "Accept-Charset": "ISO-8859-1,utf-8;q=0.7,*;q=0.7", "Accept": "text/html,application/xhtml+xml,application/xml;q=0.9,*/*;q=0.8", "Accept-Encoding": "gzip, deflate", "Accept-Language": "en-us,en;q=0.5"}}], "is_live": null, "start_time": null, "end_time": null, "series": null, "season_number": null, "episode_number": null, "track": null, "artist": null, "album": null, "release_date": null, "release_year": null, "extractor": "youtube", "webpage_url_basename": "watch", "extractor_key": "Youtube", "playlist": null, "playlist_index": null, "thumbnail": "https://i.ytimg.com/vi_webp/0fknob2IEh4/maxresdefault.webp", "display_id": "0fknob2IEh4", "requested_subtitles": null, "format_id": "251", "url": "https://r2---sn-5njj-u2xe.googlevideo.com/videoplayback?expire=1608733068&ei=LP3iX5WIB8aXqQGkgrDoDQ&ip=140.109.135.76&id=o-AFCOedUnWYFbIojy0iM2Rzi3H8AK6X98St8CaqqN3XvU&itag=251&source=youtube&requiressl=yes&mh=Ys&mm=31%2C29&mn=sn-5njj-u2xe%2Csn-un57sn7s&ms=au%2Crdu&mv=m&mvi=2&pl=16&initcwndbps=400000&vprv=1&mime=audio%2Fwebm&ns=o0PXPUfEYR7psrpMC7xTWa4F&gir=yes&clen=6729766&dur=361.221&lmt=1575301142308286&mt=1608711157&fvip=2&keepalive=yes&beids=9466585&c=WEB&txp=5531432&n=vGwlCtOyzABfPcuX&sparams=expire%2Cei%2Cip%2Cid%2Citag%2Csource%2Crequiressl%2Cvprv%2Cmime%2Cns%2Cgir%2Cclen%2Cdur%2Clmt&lsparams=mh%2Cmm%2Cmn%2Cms%2Cmv%2Cmvi%2Cpl%2Cinitcwndbps&lsig=AG3C_xAwRgIhAMFzqGoZHh9ov0KOJN01nKpzJvrDT1kcsx3BuEgu3qz5AiEAhqkOVx25PEE68MJwq5CrVATm85GWre0hvQlOvaBGE9Y%3D&sig=AOq0QJ8wRgIhAPTundzGX8m0G-bNgrS4VD0L8yHBIWxdHU416GhAfsLCAiEAwN-QIrHxuJsdF3LAeb93UrYtZeS-LkK6CwCcxul9hjk=&ratebypass=yes", "player_url": "/s/player/5dd3f3b2/player_ias.vflset/en_US/base.js", "ext": "webm", "format_note": "tiny", "acodec": "opus", "abr": 160, "asr": 48000, "filesize": 6729766, "fps": null, "height": null, "tbr": 167.331, "width": null, "vcodec": "none", "downloader_options": {"http_chunk_size": 10485760}, "format": "251 - audio only (tiny)", "protocol": "https", "http_headers": {"User-Agent": "Mozilla/5.0 (Windows NT 10.0; Win64; x64) AppleWebKit/537.36 (KHTML, like Gecko) Chrome/72.0.3626.18 Safari/537.36", "Accept-Charset": "ISO-8859-1,utf-8;q=0.7,*;q=0.7", "Accept": "text/html,application/xhtml+xml,application/xml;q=0.9,*/*;q=0.8", "Accept-Encoding": "gzip, deflate", "Accept-Language": "en-us,en;q=0.5"}}