{"id": "_8v0MFBZoco", "uploader": "Francesco Parrino", "uploader_id": "FrancescoParrino", "uploader_url": "http://www.youtube.com/user/FrancescoParrino", "channel_id": "UCQ8THdZnqPVoLN9zuT-pjBg", "channel_url": "http://www.youtube.com/channel/UCQ8THdZnqPVoLN9zuT-pjBg", "upload_date": "20200807", "license": null, "creator": null, "title": "Elvis Presley - A Little Less Conversation | Piano Cover + Sheet Music", "alt_title": null, "thumbnails": [{"url": "https://i.ytimg.com/vi/_8v0MFBZoco/hqdefault.jpg?sqp=-oaymwEYCKgBEF5IVfKriqkDCwgBFQAAiEIYAXAB&rs=AOn4CLCyERFQrf6Sn1RJ2Fqn7LfFMWqJ4g", "width": 168, "height": 94, "resolution": "168x94", "id": "0"}, {"url": "https://i.ytimg.com/vi/_8v0MFBZoco/hqdefault.jpg?sqp=-oaymwEYCMQBEG5IVfKriqkDCwgBFQAAiEIYAXAB&rs=AOn4CLB1dBylseqIRa0vXwLRVhKJtTi9Gw", "width": 196, "height": 110, "resolution": "196x110", "id": "1"}, {"url": "https://i.ytimg.com/vi/_8v0MFBZoco/hqdefault.jpg?sqp=-oaymwEZCPYBEIoBSFXyq4qpAwsIARUAAIhCGAFwAQ==&rs=AOn4CLDA7lCXT87njVT6shGRqdoaqMcrmQ", "width": 246, "height": 138, "resolution": "246x138", "id": "2"}, {"url": "https://i.ytimg.com/vi/_8v0MFBZoco/hqdefault.jpg?sqp=-oaymwEZCNACELwBSFXyq4qpAwsIARUAAIhCGAFwAQ==&rs=AOn4CLBO8dgIYhk3m37SE3VIT7_EKb3e5w", "width": 336, "height": 188, "resolution": "336x188", "id": "3"}, {"url": "https://i.ytimg.com/vi/_8v0MFBZoco/maxresdefault.jpg", "width": 1920, "height": 1080, "resolution": "1920x1080", "id": "4"}], "description": "\u266b SHEET MUSIC is Available Here: https://bit.ly/FPM_ALLC\n\ud83d\udc4d Thumbs up, SUBSCRIBE and click the \ud83d\udd14 for more contents: https://bit.ly/FPSubscribe\n\ud83c\udfb9 Want to learn the piano? This is the app for you! https://bit.ly/FPM_Skoove\n\nA Steinway & Sons brand new piano. Not any Steinway & Sons, this is a Spirio | r, check here for more details https://bit.ly/FPM_MyPiano \nSince it's now time to get serious with music, I felt this cover would have been perfect! Elvis Presley's 1968 hit regained popularity when it was used in the 2001 movie Ocean's Eleven. It was then remixed by Junkie XL in another famous version... but my arrangement refers to the original by Elvis.\n\n\u25cf Check my TUTORIAL of this arrangement here: https://youtu.be/A_4kIcZvLlA\n\nFind me on:\n\ud83c\udfa7 Spotify: https://bit.ly/FPM_Spotify \n\ud83c\udfa7 iTunes: https://bit.ly/FPM_iTunes\n\ud83c\udfa7 Deezer: https://bit.ly/FPM_Deezer\n\ud83c\udfa7 Youtube Music: http://bit.ly/FPM_YoutubeMusic\n\n\u25cf TUTORIALS, Extras, Bloopers, Live: https://bit.ly/FPM_TutorialsExtras\n\u25cf All my SCORES: https://bit.ly/FPM_SheetMusic\n\u25cf Full Discography: https://bit.ly/FPM_Discography\n\u25cf Website: https://bit.ly/FrancescoParrinoMusic\n\u25cf MIDI files: https://bit.ly/FPM_Media\n\u25cf My Piano and tech setup: https://bit.ly/FPM_MyPiano\n\u25cf Check my new Classical Channel: https://bit.ly/FPM_ClassicalSub\n\n\u25cf Let's connect on Facebook: http://bit.ly/FPM-Facebook\n\u25cf Or Instagram: http://bit.ly/FPM-Instagram\n\n#ElvisPresley #ALittleLessConversation #SheetMusic", "categories": ["Music"], "tags": ["Elvis Presley", "A Little Less Conversation", "Piano", "Cover", "Francesco Parrino", "Instrumental", "Arrangement", "Sheet Music", "Score", "MIDI", "Ocean's Eleven", "Soundtrack", "Steinway", "Sons", "Spirio"], "subtitles": {}, "automatic_captions": {}, "duration": 184, "age_limit": 0, "annotations": null, "chapters": null, "webpage_url": "https://www.youtube.com/watch?v=_8v0MFBZoco", "view_count": 65888, "like_count": 2168, "dislike_count": 24, "average_rating": 4.9562044, "formats": [{"format_id": "249", "url": "https://r1---sn-5njj-u2xe.googlevideo.com/videoplayback?expire=1612167702&ei=tmUXYLDRGoa0qQGtoalA&ip=140.109.135.76&id=o-AObnmBw2fgP9SK-eRRHU7MnvlynZUov4VDpdRKktLrKl&itag=249&source=youtube&requiressl=yes&mh=KO&mm=31%2C29&mn=sn-5njj-u2xe%2Csn-un57en7s&ms=au%2Crdu&mv=m&mvi=1&pl=16&initcwndbps=337500&vprv=1&mime=audio%2Fwebm&ns=JDnn1DZ5iqEj0UCd4fpgdcEF&gir=yes&clen=1268377&dur=183.981&lmt=1596799341166730&mt=1612145803&fvip=1&keepalive=yes&c=WEB&txp=5431432&n=xncTthCnNxig-wIAT&sparams=expire%2Cei%2Cip%2Cid%2Citag%2Csource%2Crequiressl%2Cvprv%2Cmime%2Cns%2Cgir%2Cclen%2Cdur%2Clmt&lsparams=mh%2Cmm%2Cmn%2Cms%2Cmv%2Cmvi%2Cpl%2Cinitcwndbps&lsig=AG3C_xAwRQIgPrnlPHGgkk8KYjG4e2E0PiArhRmUocgFpjPhn9kae1YCIQDj6EI3vubc-t-ZFu5OgdyVgZu7BtPEkVftDC_lnf7Aeg%3D%3D&sig=AOq0QJ8wRgIhAPU4IoQqdikMA7NYnY8a8colzn6acjpuZcJY5Pf2FIVZAiEAyN8P3hNgakA_IsMogOqD3Ap2va1L2p4Ry2pwVv_yVJU=&ratebypass=yes", "player_url": "/s/player/7bc032d0/player_ias.vflset/en_US/base.js", "ext": "webm", "format_note": "tiny", "acodec": "opus", "abr": 50, "asr": 48000, "filesize": 1268377, "fps": null, "height": null, "tbr": 58.961, "width": null, "vcodec": "none", "downloader_options": {"http_chunk_size": 10485760}, "format": "249 - audio only (tiny)", "protocol": "https", "http_headers": {"User-Agent": "Mozilla/5.0 (Windows NT 10.0; Win64; x64) AppleWebKit/537.36 (KHTML, like Gecko) Chrome/70.0.3538.79 Safari/537.36", "Accept-Charset": "ISO-8859-1,utf-8;q=0.7,*;q=0.7", "Accept": "text/html,application/xhtml+xml,application/xml;q=0.9,*/*;q=0.8", "Accept-Encoding": "gzip, deflate", "Accept-Language": "en-us,en;q=0.5"}}, {"format_id": "250", "url": "https://r1---sn-5njj-u2xe.googlevideo.com/videoplayback?expire=1612167702&ei=tmUXYLDRGoa0qQGtoalA&ip=140.109.135.76&id=o-AObnmBw2fgP9SK-eRRHU7MnvlynZUov4VDpdRKktLrKl&itag=250&source=youtube&requiressl=yes&mh=KO&mm=31%2C29&mn=sn-5njj-u2xe%2Csn-un57en7s&ms=au%2Crdu&mv=m&mvi=1&pl=16&initcwndbps=337500&vprv=1&mime=audio%2Fwebm&ns=JDnn1DZ5iqEj0UCd4fpgdcEF&gir=yes&clen=1679847&dur=183.981&lmt=1596799341361072&mt=1612145803&fvip=1&keepalive=yes&c=WEB&txp=5431432&n=xncTthCnNxig-wIAT&sparams=expire%2Cei%2Cip%2Cid%2Citag%2Csource%2Crequiressl%2Cvprv%2Cmime%2Cns%2Cgir%2Cclen%2Cdur%2Clmt&lsparams=mh%2Cmm%2Cmn%2Cms%2Cmv%2Cmvi%2Cpl%2Cinitcwndbps&lsig=AG3C_xAwRgIhAKr5BF0ELLt9gKyhgkAl1XYnaSUjZGYLAujdZzw3Mg8pAiEAwCYbITVQ0rEq-vxCqBH2C-5siJh1UcT4UKxW4p_4cqg%3D&sig=AOq0QJ8wRQIgIB_CPU-8sKcewbrLA9ayJpI3RqMBdWVMmvlMm_zc6U0CIQCqtie4sJSPDeemN2xJ0gkwgI2Ai-kacj3gANYPbOGxgQ==&ratebypass=yes", "player_url": "/s/player/7bc032d0/player_ias.vflset/en_US/base.js", "ext": "webm", "format_note": "tiny", "acodec": "opus", "abr": 70, "asr": 48000, "filesize": 1679847, "fps": null, "height": null, "tbr": 77.756, "width": null, "vcodec": "none", "downloader_options": {"http_chunk_size": 10485760}, "format": "250 - audio only (tiny)", "protocol": "https", "http_headers": {"User-Agent": "Mozilla/5.0 (Windows NT 10.0; Win64; x64) AppleWebKit/537.36 (KHTML, like Gecko) Chrome/70.0.3538.79 Safari/537.36", "Accept-Charset": "ISO-8859-1,utf-8;q=0.7,*;q=0.7", "Accept": "text/html,application/xhtml+xml,application/xml;q=0.9,*/*;q=0.8", "Accept-Encoding": "gzip, deflate", "Accept-Language": "en-us,en;q=0.5"}}, {"format_id": "140", "url": "https://r1---sn-5njj-u2xe.googlevideo.com/videoplayback?expire=1612167702&ei=tmUXYLDRGoa0qQGtoalA&ip=140.109.135.76&id=o-AObnmBw2fgP9SK-eRRHU7MnvlynZUov4VDpdRKktLrKl&itag=140&source=youtube&requiressl=yes&mh=KO&mm=31%2C29&mn=sn-5njj-u2xe%2Csn-un57en7s&ms=au%2Crdu&mv=m&mvi=1&pl=16&initcwndbps=337500&vprv=1&mime=audio%2Fmp4&ns=JDnn1DZ5iqEj0UCd4fpgdcEF&gir=yes&clen=2979180&dur=184.018&lmt=1596799342756415&mt=1612145803&fvip=1&keepalive=yes&c=WEB&txp=5431432&n=xncTthCnNxig-wIAT&sparams=expire%2Cei%2Cip%2Cid%2Citag%2Csource%2Crequiressl%2Cvprv%2Cmime%2Cns%2Cgir%2Cclen%2Cdur%2Clmt&lsparams=mh%2Cmm%2Cmn%2Cms%2Cmv%2Cmvi%2Cpl%2Cinitcwndbps&lsig=AG3C_xAwRQIgZIoZ_lasf9D8PmO0WbKfXpap5zcfpAzqvMK1f1ipb58CIQC01aXDQ5A6Q5RmF2-l1p3u65JSwHM85pvWO6oO6AB5JA%3D%3D&sig=AOq0QJ8wRQIgE1AKtlPgyT-ua2jjIi6hKJJtr-FF6M9kpIJ1vLMz_1sCIQCthGaRrmjTrAkQBsmkToBc8MMmxC8fKbI56U2cJVYwjA==&ratebypass=yes", "player_url": "/s/player/7bc032d0/player_ias.vflset/en_US/base.js", "ext": "m4a", "format_note": "tiny", "acodec": "mp4a.40.2", "abr": 128, "container": "m4a_dash", "asr": 44100, "filesize": 2979180, "fps": null, "height": null, "tbr": 130.402, "width": null, "vcodec": "none", "downloader_options": {"http_chunk_size": 10485760}, "format": "140 - audio only (tiny)", "protocol": "https", "http_headers": {"User-Agent": "Mozilla/5.0 (Windows NT 10.0; Win64; x64) AppleWebKit/537.36 (KHTML, like Gecko) Chrome/70.0.3538.79 Safari/537.36", "Accept-Charset": "ISO-8859-1,utf-8;q=0.7,*;q=0.7", "Accept": "text/html,application/xhtml+xml,application/xml;q=0.9,*/*;q=0.8", "Accept-Encoding": "gzip, deflate", "Accept-Language": "en-us,en;q=0.5"}}, {"format_id": "251", "url": "https://r1---sn-5njj-u2xe.googlevideo.com/videoplayback?expire=1612167702&ei=tmUXYLDRGoa0qQGtoalA&ip=140.109.135.76&id=o-AObnmBw2fgP9SK-eRRHU7MnvlynZUov4VDpdRKktLrKl&itag=251&source=youtube&requiressl=yes&mh=KO&mm=31%2C29&mn=sn-5njj-u2xe%2Csn-un57en7s&ms=au%2Crdu&mv=m&mvi=1&pl=16&initcwndbps=337500&vprv=1&mime=audio%2Fwebm&ns=JDnn1DZ5iqEj0UCd4fpgdcEF&gir=yes&clen=3286370&dur=183.981&lmt=1596799342159355&mt=1612145803&fvip=1&keepalive=yes&c=WEB&txp=5431432&n=xncTthCnNxig-wIAT&sparams=expire%2Cei%2Cip%2Cid%2Citag%2Csource%2Crequiressl%2Cvprv%2Cmime%2Cns%2Cgir%2Cclen%2Cdur%2Clmt&lsparams=mh%2Cmm%2Cmn%2Cms%2Cmv%2Cmvi%2Cpl%2Cinitcwndbps&lsig=AG3C_xAwRAIgDtlNaIu_tFjP7v0zNueTYxPdxc6E2-lphG3iZvJx5EACIFHBNFCdAskWXiaByWdB7HIWmrXtoz10PUSqx5WtZIhl&sig=AOq0QJ8wRQIgaLl-EbykvR2zF-iA_Cr68ylWspi5yqujO01YVR1LoGUCIQCJRTEXCkrCWLulYRo3YY4aRIaoq_I0omKGIhjSE2wI_g==&ratebypass=yes", "player_url": "/s/player/7bc032d0/player_ias.vflset/en_US/base.js", "ext": "webm", "format_note": "tiny", "acodec": "opus", "abr": 160, "asr": 48000, "filesize": 3286370, "fps": null, "height": null, "tbr": 151.594, "width": null, "vcodec": "none", "downloader_options": {"http_chunk_size": 10485760}, "format": "251 - audio only (tiny)", "protocol": "https", "http_headers": {"User-Agent": "Mozilla/5.0 (Windows NT 10.0; Win64; x64) AppleWebKit/537.36 (KHTML, like Gecko) Chrome/70.0.3538.79 Safari/537.36", "Accept-Charset": "ISO-8859-1,utf-8;q=0.7,*;q=0.7", "Accept": "text/html,application/xhtml+xml,application/xml;q=0.9,*/*;q=0.8", "Accept-Encoding": "gzip, deflate", "Accept-Language": "en-us,en;q=0.5"}}, {"format_id": "278", "url": "https://r1---sn-5njj-u2xe.googlevideo.com/videoplayback?expire=1612167702&ei=tmUXYLDRGoa0qQGtoalA&ip=140.109.135.76&id=o-AObnmBw2fgP9SK-eRRHU7MnvlynZUov4VDpdRKktLrKl&itag=278&aitags=133%2C134%2C135%2C136%2C137%2C160%2C242%2C243%2C244%2C247%2C248%2C278&source=youtube&requiressl=yes&mh=KO&mm=31%2C29&mn=sn-5njj-u2xe%2Csn-un57en7s&ms=au%2Crdu&mv=m&mvi=1&pl=16&initcwndbps=337500&vprv=1&mime=video%2Fwebm&ns=JDnn1DZ5iqEj0UCd4fpgdcEF&gir=yes&clen=1840126&dur=183.960&lmt=1596799796857587&mt=1612145803&fvip=1&keepalive=yes&c=WEB&txp=5432432&n=xncTthCnNxig-wIAT&sparams=expire%2Cei%2Cip%2Cid%2Caitags%2Csource%2Crequiressl%2Cvprv%2Cmime%2Cns%2Cgir%2Cclen%2Cdur%2Clmt&lsparams=mh%2Cmm%2Cmn%2Cms%2Cmv%2Cmvi%2Cpl%2Cinitcwndbps&lsig=AG3C_xAwRQIgMfnn1y_NwaNFdJgEldGB50hUqQ5__t28hUunfHFhkPICIQCw7gF8dOKYulZlrV3VIi-YfY1YMJgDCNg1fjjBlh5R-A%3D%3D&sig=AOq0QJ8wRAIgAXoF78l9C8hB9bV_46VQ1IZ2y0hzh0HrACTSKzha31cCIDiE7Rt_T5srapKKB4pVkBtHzGPYmukGSs5ro7T4L6Pp&ratebypass=yes", "player_url": "/s/player/7bc032d0/player_ias.vflset/en_US/base.js", "ext": "webm", "height": 144, "format_note": "144p", "container": "webm", "vcodec": "vp9", "asr": null, "filesize": 1840126, "fps": 25, "tbr": 86.92, "width": 256, "acodec": "none", "downloader_options": {"http_chunk_size": 10485760}, "format": "278 - 256x144 (144p)", "protocol": "https", "http_headers": {"User-Agent": "Mozilla/5.0 (Windows NT 10.0; Win64; x64) AppleWebKit/537.36 (KHTML, like Gecko) Chrome/70.0.3538.79 Safari/537.36", "Accept-Charset": "ISO-8859-1,utf-8;q=0.7,*;q=0.7", "Accept": "text/html,application/xhtml+xml,application/xml;q=0.9,*/*;q=0.8", "Accept-Encoding": "gzip, deflate", "Accept-Language": "en-us,en;q=0.5"}}, {"format_id": "160", "url": "https://r1---sn-5njj-u2xe.googlevideo.com/videoplayback?expire=1612167702&ei=tmUXYLDRGoa0qQGtoalA&ip=140.109.135.76&id=o-AObnmBw2fgP9SK-eRRHU7MnvlynZUov4VDpdRKktLrKl&itag=160&aitags=133%2C134%2C135%2C136%2C137%2C160%2C242%2C243%2C244%2C247%2C248%2C278&source=youtube&requiressl=yes&mh=KO&mm=31%2C29&mn=sn-5njj-u2xe%2Csn-un57en7s&ms=au%2Crdu&mv=m&mvi=1&pl=16&initcwndbps=337500&vprv=1&mime=video%2Fmp4&ns=JDnn1DZ5iqEj0UCd4fpgdcEF&gir=yes&clen=1938878&dur=183.960&lmt=1596799394137758&mt=1612145803&fvip=1&keepalive=yes&c=WEB&txp=5432432&n=xncTthCnNxig-wIAT&sparams=expire%2Cei%2Cip%2Cid%2Caitags%2Csource%2Crequiressl%2Cvprv%2Cmime%2Cns%2Cgir%2Cclen%2Cdur%2Clmt&lsparams=mh%2Cmm%2Cmn%2Cms%2Cmv%2Cmvi%2Cpl%2Cinitcwndbps&lsig=AG3C_xAwRQIgE52IFb4k8t9YRMbkdoZgrLh47Pzv_tw1YHMyqNS3F3wCIQDcsqyXSoDN_x4Z9sUw95TxJ7QFpM8oLB6hInFJOqwsIQ%3D%3D&sig=AOq0QJ8wRgIhAMcr-xlrrtk6_dohcuW1X13YGzvs7HhAnyyH7FAC3NmNAiEA-VKjV3TIegA6GGrnQN-Msq4_zh60Ud76LyZ2X-cJF_M=&ratebypass=yes", "player_url": "/s/player/7bc032d0/player_ias.vflset/en_US/base.js", "ext": "mp4", "height": 144, "format_note": "144p", "vcodec": "avc1.4d400c", "asr": null, "filesize": 1938878, "fps": 25, "tbr": 103.289, "width": 256, "acodec": "none", "downloader_options": {"http_chunk_size": 10485760}, "format": "160 - 256x144 (144p)", "protocol": "https", "http_headers": {"User-Agent": "Mozilla/5.0 (Windows NT 10.0; Win64; x64) AppleWebKit/537.36 (KHTML, like Gecko) Chrome/70.0.3538.79 Safari/537.36", "Accept-Charset": "ISO-8859-1,utf-8;q=0.7,*;q=0.7", "Accept": "text/html,application/xhtml+xml,application/xml;q=0.9,*/*;q=0.8", "Accept-Encoding": "gzip, deflate", "Accept-Language": "en-us,en;q=0.5"}}, {"format_id": "242", "url": "https://r1---sn-5njj-u2xe.googlevideo.com/videoplayback?expire=1612167702&ei=tmUXYLDRGoa0qQGtoalA&ip=140.109.135.76&id=o-AObnmBw2fgP9SK-eRRHU7MnvlynZUov4VDpdRKktLrKl&itag=242&aitags=133%2C134%2C135%2C136%2C137%2C160%2C242%2C243%2C244%2C247%2C248%2C278&source=youtube&requiressl=yes&mh=KO&mm=31%2C29&mn=sn-5njj-u2xe%2Csn-un57en7s&ms=au%2Crdu&mv=m&mvi=1&pl=16&initcwndbps=337500&vprv=1&mime=video%2Fwebm&ns=JDnn1DZ5iqEj0UCd4fpgdcEF&gir=yes&clen=4224765&dur=183.960&lmt=1596799796859507&mt=1612145803&fvip=1&keepalive=yes&c=WEB&txp=5432432&n=xncTthCnNxig-wIAT&sparams=expire%2Cei%2Cip%2Cid%2Caitags%2Csource%2Crequiressl%2Cvprv%2Cmime%2Cns%2Cgir%2Cclen%2Cdur%2Clmt&lsparams=mh%2Cmm%2Cmn%2Cms%2Cmv%2Cmvi%2Cpl%2Cinitcwndbps&lsig=AG3C_xAwRgIhAJjGUm2v13N48BOeDtDpOhiPouwtNpUOCip9oMvBTb0bAiEA2lt7c9X8Zy858Ki2avzazvFfP-SiR7nKRS-foZam30Y%3D&sig=AOq0QJ8wRgIhAPX-hUOPfZL_PypwGC5-Vei89vKKHKv25ExN7mkA_Rm4AiEAiNLbIKyCJlb8QAo0LpdWHg4Vt3Z-yEgzLHQX0jTIH3A=&ratebypass=yes", "player_url": "/s/player/7bc032d0/player_ias.vflset/en_US/base.js", "ext": "webm", "height": 240, "format_note": "240p", "vcodec": "vp9", "asr": null, "filesize": 4224765, "fps": 25, "tbr": 191.232, "width": 426, "acodec": "none", "downloader_options": {"http_chunk_size": 10485760}, "format": "242 - 426x240 (240p)", "protocol": "https", "http_headers": {"User-Agent": "Mozilla/5.0 (Windows NT 10.0; Win64; x64) AppleWebKit/537.36 (KHTML, like Gecko) Chrome/70.0.3538.79 Safari/537.36", "Accept-Charset": "ISO-8859-1,utf-8;q=0.7,*;q=0.7", "Accept": "text/html,application/xhtml+xml,application/xml;q=0.9,*/*;q=0.8", "Accept-Encoding": "gzip, deflate", "Accept-Language": "en-us,en;q=0.5"}}, {"format_id": "133", "url": "https://r1---sn-5njj-u2xe.googlevideo.com/videoplayback?expire=1612167702&ei=tmUXYLDRGoa0qQGtoalA&ip=140.109.135.76&id=o-AObnmBw2fgP9SK-eRRHU7MnvlynZUov4VDpdRKktLrKl&itag=133&aitags=133%2C134%2C135%2C136%2C137%2C160%2C242%2C243%2C244%2C247%2C248%2C278&source=youtube&requiressl=yes&mh=KO&mm=31%2C29&mn=sn-5njj-u2xe%2Csn-un57en7s&ms=au%2Crdu&mv=m&mvi=1&pl=16&initcwndbps=337500&vprv=1&mime=video%2Fmp4&ns=JDnn1DZ5iqEj0UCd4fpgdcEF&gir=yes&clen=4368447&dur=183.960&lmt=1596799394135901&mt=1612145803&fvip=1&keepalive=yes&c=WEB&txp=5432432&n=xncTthCnNxig-wIAT&sparams=expire%2Cei%2Cip%2Cid%2Caitags%2Csource%2Crequiressl%2Cvprv%2Cmime%2Cns%2Cgir%2Cclen%2Cdur%2Clmt&lsparams=mh%2Cmm%2Cmn%2Cms%2Cmv%2Cmvi%2Cpl%2Cinitcwndbps&lsig=AG3C_xAwRQIgNdjim95b-F6OquydWcsvpPFr8FSVZIwdV5MGPm18qjMCIQDRwidg8XcCx1YJEaU5D7mLBYEe-0QUX7Mi5ndteH3XQA%3D%3D&sig=AOq0QJ8wRQIhAOTAfrlSPpYDEV_GQ1uCofLoITjGzKG7C6tLkoqA74COAiB6d5BGBU6S9abdfT0F8Wm3UQxvCHGFW9af8YC4k-wtZA==&ratebypass=yes", "player_url": "/s/player/7bc032d0/player_ias.vflset/en_US/base.js", "ext": "mp4", "height": 240, "format_note": "240p", "vcodec": "avc1.4d4015", "asr": null, "filesize": 4368447, "fps": 25, "tbr": 236.305, "width": 426, "acodec": "none", "downloader_options": {"http_chunk_size": 10485760}, "format": "133 - 426x240 (240p)", "protocol": "https", "http_headers": {"User-Agent": "Mozilla/5.0 (Windows NT 10.0; Win64; x64) AppleWebKit/537.36 (KHTML, like Gecko) Chrome/70.0.3538.79 Safari/537.36", "Accept-Charset": "ISO-8859-1,utf-8;q=0.7,*;q=0.7", "Accept": "text/html,application/xhtml+xml,application/xml;q=0.9,*/*;q=0.8", "Accept-Encoding": "gzip, deflate", "Accept-Language": "en-us,en;q=0.5"}}, {"format_id": "243", "url": "https://r1---sn-5njj-u2xe.googlevideo.com/videoplayback?expire=1612167702&ei=tmUXYLDRGoa0qQGtoalA&ip=140.109.135.76&id=o-AObnmBw2fgP9SK-eRRHU7MnvlynZUov4VDpdRKktLrKl&itag=243&aitags=133%2C134%2C135%2C136%2C137%2C160%2C242%2C243%2C244%2C247%2C248%2C278&source=youtube&requiressl=yes&mh=KO&mm=31%2C29&mn=sn-5njj-u2xe%2Csn-un57en7s&ms=au%2Crdu&mv=m&mvi=1&pl=16&initcwndbps=337500&vprv=1&mime=video%2Fwebm&ns=JDnn1DZ5iqEj0UCd4fpgdcEF&gir=yes&clen=8688991&dur=183.960&lmt=1596799796860976&mt=1612145803&fvip=1&keepalive=yes&c=WEB&txp=5432432&n=xncTthCnNxig-wIAT&sparams=expire%2Cei%2Cip%2Cid%2Caitags%2Csource%2Crequiressl%2Cvprv%2Cmime%2Cns%2Cgir%2Cclen%2Cdur%2Clmt&lsparams=mh%2Cmm%2Cmn%2Cms%2Cmv%2Cmvi%2Cpl%2Cinitcwndbps&lsig=AG3C_xAwRgIhAIH7z5Gf2HKTC1IgRWSpneGNzK8ne1v5kdTIkYvYQtB2AiEAnFw-ANe2QtSuct3fbs99iw7nJLctL_zanFxCnnMxNww%3D&sig=AOq0QJ8wRgIhANzgaOOJCKwn5hSvmY_Y9bGfvNqeHKu2PuQqVvh2onlnAiEAw5BnbdZruQpYz7uf8xvYhx1ehQc7MgSoyUX1gDJM71s=&ratebypass=yes", "player_url": "/s/player/7bc032d0/player_ias.vflset/en_US/base.js", "ext": "webm", "height": 360, "format_note": "360p", "vcodec": "vp9", "asr": null, "filesize": 8688991, "fps": 25, "tbr": 407.74, "width": 640, "acodec": "none", "downloader_options": {"http_chunk_size": 10485760}, "format": "243 - 640x360 (360p)", "protocol": "https", "http_headers": {"User-Agent": "Mozilla/5.0 (Windows NT 10.0; Win64; x64) AppleWebKit/537.36 (KHTML, like Gecko) Chrome/70.0.3538.79 Safari/537.36", "Accept-Charset": "ISO-8859-1,utf-8;q=0.7,*;q=0.7", "Accept": "text/html,application/xhtml+xml,application/xml;q=0.9,*/*;q=0.8", "Accept-Encoding": "gzip, deflate", "Accept-Language": "en-us,en;q=0.5"}}, {"format_id": "134", "url": "https://r1---sn-5njj-u2xe.googlevideo.com/videoplayback?expire=1612167702&ei=tmUXYLDRGoa0qQGtoalA&ip=140.109.135.76&id=o-AObnmBw2fgP9SK-eRRHU7MnvlynZUov4VDpdRKktLrKl&itag=134&aitags=133%2C134%2C135%2C136%2C137%2C160%2C242%2C243%2C244%2C247%2C248%2C278&source=youtube&requiressl=yes&mh=KO&mm=31%2C29&mn=sn-5njj-u2xe%2Csn-un57en7s&ms=au%2Crdu&mv=m&mvi=1&pl=16&initcwndbps=337500&vprv=1&mime=video%2Fmp4&ns=JDnn1DZ5iqEj0UCd4fpgdcEF&gir=yes&clen=8010428&dur=183.960&lmt=1596799394135557&mt=1612145803&fvip=1&keepalive=yes&c=WEB&txp=5432432&n=xncTthCnNxig-wIAT&sparams=expire%2Cei%2Cip%2Cid%2Caitags%2Csource%2Crequiressl%2Cvprv%2Cmime%2Cns%2Cgir%2Cclen%2Cdur%2Clmt&lsparams=mh%2Cmm%2Cmn%2Cms%2Cmv%2Cmvi%2Cpl%2Cinitcwndbps&lsig=AG3C_xAwRgIhAMy6usBd584CapXUEAeAmXlwpZR9TIh2XB12HzVrae63AiEAxNkO7tvqjX-RUECd4ysH5ye-CZ_uBEVrm9kgBLTxUfU%3D&sig=AOq0QJ8wRgIhAO6ubrfmyWEV04PBTz1pYFRwY65frN48ktbvFEdUlGXPAiEAgPhfTyJvDgTKApVkh7C-C-31p-_VBcJki4GgRSoeQk0=&ratebypass=yes", "player_url": "/s/player/7bc032d0/player_ias.vflset/en_US/base.js", "ext": "mp4", "height": 360, "format_note": "360p", "vcodec": "avc1.4d401e", "asr": null, "filesize": 8010428, "fps": 25, "tbr": 443.956, "width": 640, "acodec": "none", "downloader_options": {"http_chunk_size": 10485760}, "format": "134 - 640x360 (360p)", "protocol": "https", "http_headers": {"User-Agent": "Mozilla/5.0 (Windows NT 10.0; Win64; x64) AppleWebKit/537.36 (KHTML, like Gecko) Chrome/70.0.3538.79 Safari/537.36", "Accept-Charset": "ISO-8859-1,utf-8;q=0.7,*;q=0.7", "Accept": "text/html,application/xhtml+xml,application/xml;q=0.9,*/*;q=0.8", "Accept-Encoding": "gzip, deflate", "Accept-Language": "en-us,en;q=0.5"}}, {"format_id": "135", "url": "https://r1---sn-5njj-u2xe.googlevideo.com/videoplayback?expire=1612167702&ei=tmUXYLDRGoa0qQGtoalA&ip=140.109.135.76&id=o-AObnmBw2fgP9SK-eRRHU7MnvlynZUov4VDpdRKktLrKl&itag=135&aitags=133%2C134%2C135%2C136%2C137%2C160%2C242%2C243%2C244%2C247%2C248%2C278&source=youtube&requiressl=yes&mh=KO&mm=31%2C29&mn=sn-5njj-u2xe%2Csn-un57en7s&ms=au%2Crdu&mv=m&mvi=1&pl=16&initcwndbps=337500&vprv=1&mime=video%2Fmp4&ns=JDnn1DZ5iqEj0UCd4fpgdcEF&gir=yes&clen=12288849&dur=183.960&lmt=1596799394137080&mt=1612145803&fvip=1&keepalive=yes&c=WEB&txp=5432432&n=xncTthCnNxig-wIAT&sparams=expire%2Cei%2Cip%2Cid%2Caitags%2Csource%2Crequiressl%2Cvprv%2Cmime%2Cns%2Cgir%2Cclen%2Cdur%2Clmt&lsparams=mh%2Cmm%2Cmn%2Cms%2Cmv%2Cmvi%2Cpl%2Cinitcwndbps&lsig=AG3C_xAwRQIhAL3L2TK6suZo4FTOhqB_hWyJSu22331bpVzCKQ61_3uYAiBJPIiJDKuzEnl3ZnDkkF45yXw6ehUN44-84OdD8xuxow%3D%3D&sig=AOq0QJ8wRAIgOI_tbULt52nnGhjXEG3g1bOPdxZV0eFJTxgSjX2JrfQCIA2fS8mwURHQJXpxQ5RM6pnusDzPAyac7305pOnLwX-C&ratebypass=yes", "player_url": "/s/player/7bc032d0/player_ias.vflset/en_US/base.js", "ext": "mp4", "height": 480, "format_note": "480p", "vcodec": "avc1.4d401e", "asr": null, "filesize": 12288849, "fps": 25, "tbr": 666.675, "width": 854, "acodec": "none", "downloader_options": {"http_chunk_size": 10485760}, "format": "135 - 854x480 (480p)", "protocol": "https", "http_headers": {"User-Agent": "Mozilla/5.0 (Windows NT 10.0; Win64; x64) AppleWebKit/537.36 (KHTML, like Gecko) Chrome/70.0.3538.79 Safari/537.36", "Accept-Charset": "ISO-8859-1,utf-8;q=0.7,*;q=0.7", "Accept": "text/html,application/xhtml+xml,application/xml;q=0.9,*/*;q=0.8", "Accept-Encoding": "gzip, deflate", "Accept-Language": "en-us,en;q=0.5"}}, {"format_id": "244", "url": "https://r1---sn-5njj-u2xe.googlevideo.com/videoplayback?expire=1612167702&ei=tmUXYLDRGoa0qQGtoalA&ip=140.109.135.76&id=o-AObnmBw2fgP9SK-eRRHU7MnvlynZUov4VDpdRKktLrKl&itag=244&aitags=133%2C134%2C135%2C136%2C137%2C160%2C242%2C243%2C244%2C247%2C248%2C278&source=youtube&requiressl=yes&mh=KO&mm=31%2C29&mn=sn-5njj-u2xe%2Csn-un57en7s&ms=au%2Crdu&mv=m&mvi=1&pl=16&initcwndbps=337500&vprv=1&mime=video%2Fwebm&ns=JDnn1DZ5iqEj0UCd4fpgdcEF&gir=yes&clen=15744208&dur=183.960&lmt=1596799796862904&mt=1612145803&fvip=1&keepalive=yes&c=WEB&txp=5432432&n=xncTthCnNxig-wIAT&sparams=expire%2Cei%2Cip%2Cid%2Caitags%2Csource%2Crequiressl%2Cvprv%2Cmime%2Cns%2Cgir%2Cclen%2Cdur%2Clmt&lsparams=mh%2Cmm%2Cmn%2Cms%2Cmv%2Cmvi%2Cpl%2Cinitcwndbps&lsig=AG3C_xAwRQIgZL8YXdsnonuTLaZ2ksyG5kL9UIGThKzmCYBNvuYtiEQCIQC_htenSiJ4vPG4GFAAFAlapEJAXgLMA4Ut98bWfdqMtQ%3D%3D&sig=AOq0QJ8wRQIgag2SYxF_mObs-8kraoD7qTVVri3tRjlLJtR3pLlc244CIQDExf3ozBNl5tFsX3HUWkKQ4QNAU7qGk-277fDeb_fdDw==&ratebypass=yes", "player_url": "/s/player/7bc032d0/player_ias.vflset/en_US/base.js", "ext": "webm", "height": 480, "format_note": "480p", "vcodec": "vp9", "asr": null, "filesize": 15744208, "fps": 25, "tbr": 740.524, "width": 854, "acodec": "none", "downloader_options": {"http_chunk_size": 10485760}, "format": "244 - 854x480 (480p)", "protocol": "https", "http_headers": {"User-Agent": "Mozilla/5.0 (Windows NT 10.0; Win64; x64) AppleWebKit/537.36 (KHTML, like Gecko) Chrome/70.0.3538.79 Safari/537.36", "Accept-Charset": "ISO-8859-1,utf-8;q=0.7,*;q=0.7", "Accept": "text/html,application/xhtml+xml,application/xml;q=0.9,*/*;q=0.8", "Accept-Encoding": "gzip, deflate", "Accept-Language": "en-us,en;q=0.5"}}, {"format_id": "136", "url": "https://r1---sn-5njj-u2xe.googlevideo.com/videoplayback?expire=1612167702&ei=tmUXYLDRGoa0qQGtoalA&ip=140.109.135.76&id=o-AObnmBw2fgP9SK-eRRHU7MnvlynZUov4VDpdRKktLrKl&itag=136&aitags=133%2C134%2C135%2C136%2C137%2C160%2C242%2C243%2C244%2C247%2C248%2C278&source=youtube&requiressl=yes&mh=KO&mm=31%2C29&mn=sn-5njj-u2xe%2Csn-un57en7s&ms=au%2Crdu&mv=m&mvi=1&pl=16&initcwndbps=337500&vprv=1&mime=video%2Fmp4&ns=JDnn1DZ5iqEj0UCd4fpgdcEF&gir=yes&clen=23153880&dur=183.960&lmt=1596799394136466&mt=1612145803&fvip=1&keepalive=yes&c=WEB&txp=5432432&n=xncTthCnNxig-wIAT&sparams=expire%2Cei%2Cip%2Cid%2Caitags%2Csource%2Crequiressl%2Cvprv%2Cmime%2Cns%2Cgir%2Cclen%2Cdur%2Clmt&lsparams=mh%2Cmm%2Cmn%2Cms%2Cmv%2Cmvi%2Cpl%2Cinitcwndbps&lsig=AG3C_xAwRAIgAuqWbmcH0O5QvuKIQXKYjCASl3gihl4e2d5s0snkAhYCIAsKowtvWPHu_bTFe2gabWLZo7RM2Mf1Um232_Ui4xuH&sig=AOq0QJ8wRgIhAMhTMbZshFqBoJn4zkTbX4ri1JqZVWUyAl_uaAp2509RAiEA5G8L38MtvLKV4ei3MO0bpglIjYkDoltTcY_e-QLCGKE=&ratebypass=yes", "player_url": "/s/player/7bc032d0/player_ias.vflset/en_US/base.js", "ext": "mp4", "height": 720, "format_note": "720p", "vcodec": "avc1.4d401f", "asr": null, "filesize": 23153880, "fps": 25, "tbr": 1040.876, "width": 1280, "acodec": "none", "downloader_options": {"http_chunk_size": 10485760}, "format": "136 - 1280x720 (720p)", "protocol": "https", "http_headers": {"User-Agent": "Mozilla/5.0 (Windows NT 10.0; Win64; x64) AppleWebKit/537.36 (KHTML, like Gecko) Chrome/70.0.3538.79 Safari/537.36", "Accept-Charset": "ISO-8859-1,utf-8;q=0.7,*;q=0.7", "Accept": "text/html,application/xhtml+xml,application/xml;q=0.9,*/*;q=0.8", "Accept-Encoding": "gzip, deflate", "Accept-Language": "en-us,en;q=0.5"}}, {"format_id": "247", "url": "https://r1---sn-5njj-u2xe.googlevideo.com/videoplayback?expire=1612167702&ei=tmUXYLDRGoa0qQGtoalA&ip=140.109.135.76&id=o-AObnmBw2fgP9SK-eRRHU7MnvlynZUov4VDpdRKktLrKl&itag=247&aitags=133%2C134%2C135%2C136%2C137%2C160%2C242%2C243%2C244%2C247%2C248%2C278&source=youtube&requiressl=yes&mh=KO&mm=31%2C29&mn=sn-5njj-u2xe%2Csn-un57en7s&ms=au%2Crdu&mv=m&mvi=1&pl=16&initcwndbps=337500&vprv=1&mime=video%2Fwebm&ns=JDnn1DZ5iqEj0UCd4fpgdcEF&gir=yes&clen=31654592&dur=183.960&lmt=1596799796867867&mt=1612145803&fvip=1&keepalive=yes&c=WEB&txp=5432432&n=xncTthCnNxig-wIAT&sparams=expire%2Cei%2Cip%2Cid%2Caitags%2Csource%2Crequiressl%2Cvprv%2Cmime%2Cns%2Cgir%2Cclen%2Cdur%2Clmt&lsparams=mh%2Cmm%2Cmn%2Cms%2Cmv%2Cmvi%2Cpl%2Cinitcwndbps&lsig=AG3C_xAwRQIhAOBHalVMac91hymDnvhO4cWbLLwKpv14UID4ghLY1t2MAiBzyELaxstG3cyZR68jszjy1tcxXmbX7RP89yucTxqBxA%3D%3D&sig=AOq0QJ8wRAIgUwB043iutZufJyq9e7n0YZeC3F0J-cTGrEvnnvYg68UCIDJTPjBiNWyp3eVRW_UoT_z4DCEy6V3xMRAP7Mv5KgKb&ratebypass=yes", "player_url": "/s/player/7bc032d0/player_ias.vflset/en_US/base.js", "ext": "webm", "height": 720, "format_note": "720p", "vcodec": "vp9", "asr": null, "filesize": 31654592, "fps": 25, "tbr": 1506.995, "width": 1280, "acodec": "none", "downloader_options": {"http_chunk_size": 10485760}, "format": "247 - 1280x720 (720p)", "protocol": "https", "http_headers": {"User-Agent": "Mozilla/5.0 (Windows NT 10.0; Win64; x64) AppleWebKit/537.36 (KHTML, like Gecko) Chrome/70.0.3538.79 Safari/537.36", "Accept-Charset": "ISO-8859-1,utf-8;q=0.7,*;q=0.7", "Accept": "text/html,application/xhtml+xml,application/xml;q=0.9,*/*;q=0.8", "Accept-Encoding": "gzip, deflate", "Accept-Language": "en-us,en;q=0.5"}}, {"format_id": "248", "url": "https://r1---sn-5njj-u2xe.googlevideo.com/videoplayback?expire=1612167702&ei=tmUXYLDRGoa0qQGtoalA&ip=140.109.135.76&id=o-AObnmBw2fgP9SK-eRRHU7MnvlynZUov4VDpdRKktLrKl&itag=248&aitags=133%2C134%2C135%2C136%2C137%2C160%2C242%2C243%2C244%2C247%2C248%2C278&source=youtube&requiressl=yes&mh=KO&mm=31%2C29&mn=sn-5njj-u2xe%2Csn-un57en7s&ms=au%2Crdu&mv=m&mvi=1&pl=16&initcwndbps=337500&vprv=1&mime=video%2Fwebm&ns=JDnn1DZ5iqEj0UCd4fpgdcEF&gir=yes&clen=59131097&dur=183.960&lmt=1596799518559327&mt=1612145803&fvip=1&keepalive=yes&c=WEB&txp=5432432&n=xncTthCnNxig-wIAT&sparams=expire%2Cei%2Cip%2Cid%2Caitags%2Csource%2Crequiressl%2Cvprv%2Cmime%2Cns%2Cgir%2Cclen%2Cdur%2Clmt&lsparams=mh%2Cmm%2Cmn%2Cms%2Cmv%2Cmvi%2Cpl%2Cinitcwndbps&lsig=AG3C_xAwRQIhAJefjRCyNrcbm8MBj6-MFF0L31VLBXNVgnhRv0bHk2IsAiB_Ly7aYmTpjOcTgP8dvRUC4p8ACYjjhvB6lsW5K1iCJQ%3D%3D&sig=AOq0QJ8wRQIgKuN_oVYd8dORDipene1GQd7zhA1EhbaG5BUh2QlcdisCIQC46zHfG7VyP4GQXnORZjfLEQZJg4C9_Ppuhc1LszHx1g==&ratebypass=yes", "player_url": "/s/player/7bc032d0/player_ias.vflset/en_US/base.js", "ext": "webm", "height": 1080, "format_note": "1080p", "vcodec": "vp9", "asr": null, "filesize": 59131097, "fps": 25, "tbr": 2659.292, "width": 1920, "acodec": "none", "downloader_options": {"http_chunk_size": 10485760}, "format": "248 - 1920x1080 (1080p)", "protocol": "https", "http_headers": {"User-Agent": "Mozilla/5.0 (Windows NT 10.0; Win64; x64) AppleWebKit/537.36 (KHTML, like Gecko) Chrome/70.0.3538.79 Safari/537.36", "Accept-Charset": "ISO-8859-1,utf-8;q=0.7,*;q=0.7", "Accept": "text/html,application/xhtml+xml,application/xml;q=0.9,*/*;q=0.8", "Accept-Encoding": "gzip, deflate", "Accept-Language": "en-us,en;q=0.5"}}, {"format_id": "137", "url": "https://r1---sn-5njj-u2xe.googlevideo.com/videoplayback?expire=1612167702&ei=tmUXYLDRGoa0qQGtoalA&ip=140.109.135.76&id=o-AObnmBw2fgP9SK-eRRHU7MnvlynZUov4VDpdRKktLrKl&itag=137&aitags=133%2C134%2C135%2C136%2C137%2C160%2C242%2C243%2C244%2C247%2C248%2C278&source=youtube&requiressl=yes&mh=KO&mm=31%2C29&mn=sn-5njj-u2xe%2Csn-un57en7s&ms=au%2Crdu&mv=m&mvi=1&pl=16&initcwndbps=337500&vprv=1&mime=video%2Fmp4&ns=JDnn1DZ5iqEj0UCd4fpgdcEF&gir=yes&clen=66912532&dur=183.960&lmt=1596799454451959&mt=1612145803&fvip=1&keepalive=yes&c=WEB&txp=5432432&n=xncTthCnNxig-wIAT&sparams=expire%2Cei%2Cip%2Cid%2Caitags%2Csource%2Crequiressl%2Cvprv%2Cmime%2Cns%2Cgir%2Cclen%2Cdur%2Clmt&lsparams=mh%2Cmm%2Cmn%2Cms%2Cmv%2Cmvi%2Cpl%2Cinitcwndbps&lsig=AG3C_xAwRgIhAIs-19RcP3iSJgmTlv3iz0ec3KjpoJZ4HBZ5wtRdrcNeAiEAm2yzV9KqhzAIrIu9H4BdnZ4hkoNucW4FaLlDZhSPCaE%3D&sig=AOq0QJ8wRQIhAKeNdTTq_w9HvfTmTXRWK2envxGEQ556x9dlsklackevAiAJBXInMr0sk4Kk5bZtGfUBohT-h-BAfmJVCIeRav_1ww==&ratebypass=yes", "player_url": "/s/player/7bc032d0/player_ias.vflset/en_US/base.js", "ext": "mp4", "height": 1080, "format_note": "1080p", "vcodec": "avc1.640028", "asr": null, "filesize": 66912532, "fps": 25, "tbr": 3567.846, "width": 1920, "acodec": "none", "downloader_options": {"http_chunk_size": 10485760}, "format": "137 - 1920x1080 (1080p)", "protocol": "https", "http_headers": {"User-Agent": "Mozilla/5.0 (Windows NT 10.0; Win64; x64) AppleWebKit/537.36 (KHTML, like Gecko) Chrome/70.0.3538.79 Safari/537.36", "Accept-Charset": "ISO-8859-1,utf-8;q=0.7,*;q=0.7", "Accept": "text/html,application/xhtml+xml,application/xml;q=0.9,*/*;q=0.8", "Accept-Encoding": "gzip, deflate", "Accept-Language": "en-us,en;q=0.5"}}, {"format_id": "18", "url": "https://r1---sn-5njj-u2xe.googlevideo.com/videoplayback?expire=1612167702&ei=tmUXYLDRGoa0qQGtoalA&ip=140.109.135.76&id=o-AObnmBw2fgP9SK-eRRHU7MnvlynZUov4VDpdRKktLrKl&itag=18&source=youtube&requiressl=yes&mh=KO&mm=31%2C29&mn=sn-5njj-u2xe%2Csn-un57en7s&ms=au%2Crdu&mv=m&mvi=1&pl=16&initcwndbps=337500&vprv=1&mime=video%2Fmp4&ns=KX6uZBi-LcuoTasUi8SUVF0F&gir=yes&clen=16999449&ratebypass=yes&dur=184.018&lmt=1596799352970528&mt=1612145803&fvip=1&c=WEB&txp=5431432&n=OnrcijKtErzXnaCw-&sparams=expire%2Cei%2Cip%2Cid%2Citag%2Csource%2Crequiressl%2Cvprv%2Cmime%2Cns%2Cgir%2Cclen%2Cratebypass%2Cdur%2Clmt&lsparams=mh%2Cmm%2Cmn%2Cms%2Cmv%2Cmvi%2Cpl%2Cinitcwndbps&lsig=AG3C_xAwRQIhAKV2dAnRi8b1GufaqE1p16x63rohLsQ4rRZaIR5Jr6J_AiBSGzee6jVseT9oSEoS0Iquid1wjOIXiotUafC9VQt4kA%3D%3D&sig=AOq0QJ8wRQIgOro1NNuhPBTTuy1uESXqiODQnsmqLjfOZH_Al_X-QKwCIQD5Knh68lE4bj6i3ZaKiMdEmPF4GtyYWCFIC0T_KtvOGQ==", "player_url": "/s/player/7bc032d0/player_ias.vflset/en_US/base.js", "ext": "mp4", "width": 640, "height": 360, "acodec": "mp4a.40.2", "abr": 96, "vcodec": "avc1.42001E", "asr": 44100, "filesize": 16999449, "format_note": "360p", "fps": 25, "tbr": 739.267, "format": "18 - 640x360 (360p)", "protocol": "https", "http_headers": {"User-Agent": "Mozilla/5.0 (Windows NT 10.0; Win64; x64) AppleWebKit/537.36 (KHTML, like Gecko) Chrome/70.0.3538.79 Safari/537.36", "Accept-Charset": "ISO-8859-1,utf-8;q=0.7,*;q=0.7", "Accept": "text/html,application/xhtml+xml,application/xml;q=0.9,*/*;q=0.8", "Accept-Encoding": "gzip, deflate", "Accept-Language": "en-us,en;q=0.5"}}], "is_live": null, "start_time": null, "end_time": null, "series": null, "season_number": null, "episode_number": null, "track": null, "artist": null, "album": null, "release_date": null, "release_year": null, "extractor": "youtube", "webpage_url_basename": "watch", "extractor_key": "Youtube", "playlist": null, "playlist_index": null, "thumbnail": "https://i.ytimg.com/vi/_8v0MFBZoco/maxresdefault.jpg", "display_id": "_8v0MFBZoco", "requested_subtitles": null, "format_id": "251", "url": "https://r1---sn-5njj-u2xe.googlevideo.com/videoplayback?expire=1612167702&ei=tmUXYLDRGoa0qQGtoalA&ip=140.109.135.76&id=o-AObnmBw2fgP9SK-eRRHU7MnvlynZUov4VDpdRKktLrKl&itag=251&source=youtube&requiressl=yes&mh=KO&mm=31%2C29&mn=sn-5njj-u2xe%2Csn-un57en7s&ms=au%2Crdu&mv=m&mvi=1&pl=16&initcwndbps=337500&vprv=1&mime=audio%2Fwebm&ns=JDnn1DZ5iqEj0UCd4fpgdcEF&gir=yes&clen=3286370&dur=183.981&lmt=1596799342159355&mt=1612145803&fvip=1&keepalive=yes&c=WEB&txp=5431432&n=xncTthCnNxig-wIAT&sparams=expire%2Cei%2Cip%2Cid%2Citag%2Csource%2Crequiressl%2Cvprv%2Cmime%2Cns%2Cgir%2Cclen%2Cdur%2Clmt&lsparams=mh%2Cmm%2Cmn%2Cms%2Cmv%2Cmvi%2Cpl%2Cinitcwndbps&lsig=AG3C_xAwRAIgDtlNaIu_tFjP7v0zNueTYxPdxc6E2-lphG3iZvJx5EACIFHBNFCdAskWXiaByWdB7HIWmrXtoz10PUSqx5WtZIhl&sig=AOq0QJ8wRQIgaLl-EbykvR2zF-iA_Cr68ylWspi5yqujO01YVR1LoGUCIQCJRTEXCkrCWLulYRo3YY4aRIaoq_I0omKGIhjSE2wI_g==&ratebypass=yes", "player_url": "/s/player/7bc032d0/player_ias.vflset/en_US/base.js", "ext": "webm", "format_note": "tiny", "acodec": "opus", "abr": 160, "asr": 48000, "filesize": 3286370, "fps": null, "height": null, "tbr": 151.594, "width": null, "vcodec": "none", "downloader_options": {"http_chunk_size": 10485760}, "format": "251 - audio only (tiny)", "protocol": "https", "http_headers": {"User-Agent": "Mozilla/5.0 (Windows NT 10.0; Win64; x64) AppleWebKit/537.36 (KHTML, like Gecko) Chrome/70.0.3538.79 Safari/537.36", "Accept-Charset": "ISO-8859-1,utf-8;q=0.7,*;q=0.7", "Accept": "text/html,application/xhtml+xml,application/xml;q=0.9,*/*;q=0.8", "Accept-Encoding": "gzip, deflate", "Accept-Language": "en-us,en;q=0.5"}}