{"id": "bIx4DwkZxFY", "uploader": "Shin Giwon Piano", "uploader_id": "giwonpiano", "uploader_url": "http://www.youtube.com/user/giwonpiano", "channel_id": "UCg0dBwIU6VK_ukXzCM_-V-g", "channel_url": "http://www.youtube.com/channel/UCg0dBwIU6VK_ukXzCM_-V-g", "upload_date": "20190302", "license": null, "creator": null, "title": "\ubd04\uc5d0 \ub4e3\uae30 \uc88b\uc740 \uac00\uc694 \ud53c\uc544\ub178 \ucee4\ubc84 \ubaa8\uc74c | Sweet & Happy Spring Kpop Piano", "alt_title": null, "thumbnails": [{"url": "https://i.ytimg.com/vi/bIx4DwkZxFY/hqdefault.jpg?sqp=-oaymwEbCKgBEF5IVfKriqkDDggBFQAAiEIYAXABwAEG&rs=AOn4CLB_X1Y1GkwjgCV1UI5QPVlMmsKaOw", "width": 168, "height": 94, "resolution": "168x94", "id": "0"}, {"url": "https://i.ytimg.com/vi/bIx4DwkZxFY/hqdefault.jpg?sqp=-oaymwEbCMQBEG5IVfKriqkDDggBFQAAiEIYAXABwAEG&rs=AOn4CLBCxiCJmgK3jB5aD9KpW801OCxrvQ", "width": 196, "height": 110, "resolution": "196x110", "id": "1"}, {"url": "https://i.ytimg.com/vi/bIx4DwkZxFY/hqdefault.jpg?sqp=-oaymwEcCPYBEIoBSFXyq4qpAw4IARUAAIhCGAFwAcABBg==&rs=AOn4CLCjEzLy8N8Jlgrb-KW2sGtgflLIIQ", "width": 246, "height": 138, "resolution": "246x138", "id": "2"}, {"url": "https://i.ytimg.com/vi/bIx4DwkZxFY/hqdefault.jpg?sqp=-oaymwEcCNACELwBSFXyq4qpAw4IARUAAIhCGAFwAcABBg==&rs=AOn4CLDfe3grzeNIWqDkeAPAWsduW1loQA", "width": 336, "height": 188, "resolution": "336x188", "id": "3"}, {"url": "https://i.ytimg.com/vi_webp/bIx4DwkZxFY/maxresdefault.webp", "width": 1920, "height": 1080, "resolution": "1920x1080", "id": "4"}], "description": "Insta \u261e https://www.instagram.com/sgw0925\non Spotify \u261e https://spoti.fi/2oSSygu\non Apple Music \u261e https://apple.co/30GDvqM\nK-pop first Channel \u261e https://bit.ly/2JURsK3\nK-pop second Channel \u261e https://bit.ly/2WLj22M\nJazz Piano Music Channel \u261e https://bit.ly/2HRDiaD\n\nCover by Shin Giwon Piano\n\n\ubd04\uc5d0 \ub4e3\uae30 \uc88b\uc740 \uac00\uc694 \ud53c\uc544\ub178 \ucee4\ubc84 \ubaa8\uc74c | Sweet & Happy Spring Kpop Piano Music | Cafe BGM | Relaxing/Study/Work Piano | ShinGiWon Piano Cover\n\n#SpringPiano #HappyPiano #CafeBGM #JazzPiano #HappyJazz #StudyPiano #WorkPiano #KpopPiano #Acoustic #Jazz #kpop #MR\n\nThanks for watching! Please LIKE and SHARE this video guys, and don't forget to SUBSCRIBE my channel :)\n\nSpring Piano / Study Piano / Sleep Piano / Calm Piano / Happy Piano\n1 hour/2 hour Relaxing Piano Music\nPiano Instrumental Music / Happy K-POP\nSmooth Jazz / Jazz Pop / Best Piano\n\n*****\n\ubaa8\ub4e0 \uc74c\uc6d0\uc740 \uc81c\uac00 \uc9c1\uc811 \uc5f0\uc8fc\ud55c \uace1\uc785\ub2c8\ub2e4.\nMusic Copyright \u24d2 ShinGiWon All Rights Reserved.\n\n*****\n\uc601\uc0c1\uc5d0 \uc0ac\uc6a9\ub41c \uc774\ubbf8\uc9c0\ub294 \ubb34\ub8cc \uc774\ubbf8\uc9c0 or \ub77c\uc774\uc13c\uc2a4 \uad6c\uc785 \ud6c4 \uc0ac\uc6a9\ud55c \uc774\ubbf8\uc9c0 \uc785\ub2c8\ub2e4.\nThe image used in the video is a free image or an image used after the license purchase.", "categories": ["Entertainment"], "tags": null, "subtitles": {}, "automatic_captions": {}, "duration": 6961, "age_limit": 0, "annotations": null, "chapters": null, "webpage_url": "https://www.youtube.com/watch?v=bIx4DwkZxFY", "view_count": 1108067, "like_count": 15319, "dislike_count": 182, "average_rating": 4.9530354, "formats": [{"format_id": "249", "url": "https://r7---sn-ipoxu-u2xd.googlevideo.com/videoplayback?expire=1613157120&ei=oH4mYILfMa2Fs8IPqd2FqAs&ip=61.230.12.35&id=o-APY5u0wTB1CRnz6Nfe2bPbuG7Jdfc9pjD2GS5ZKUfW-i&itag=249&source=youtube&requiressl=yes&mh=CU&mm=31%2C29&mn=sn-ipoxu-u2xd%2Csn-un57sn7z&ms=au%2Crdu&mv=m&mvi=7&pl=21&initcwndbps=1000000&vprv=1&mime=audio%2Fwebm&ns=GHcreIHEYKHnui9zoWUcjdIF&gir=yes&clen=53126873&dur=6960.541&lmt=1613033865616696&mt=1613135326&fvip=6&keepalive=yes&c=WEB&txp=1432434&n=nSQhbm61dQRrZt5lUa&sparams=expire%2Cei%2Cip%2Cid%2Citag%2Csource%2Crequiressl%2Cvprv%2Cmime%2Cns%2Cgir%2Cclen%2Cdur%2Clmt&lsparams=mh%2Cmm%2Cmn%2Cms%2Cmv%2Cmvi%2Cpl%2Cinitcwndbps&lsig=AG3C_xAwRQIgLb0G5-vSKYU4xMY-hKJ7bheeDapoZHYnWCCrpHkHyEoCIQCYLKR5esuo3qNRSQJnd4xNXZBtSO_FtvgJR9qJVGL-Mg%3D%3D&sig=AOq0QJ8wRgIhAPvuSFMvPfiHvt3v70GIvhdso9oH8sHBV6sCvOrnhRnVAiEAuBNDCR3YV52aMMcrCNoMNfqBGKOscbM7vEozrob1ps8=&ratebypass=yes", "player_url": "/s/player/490079fb/player_ias.vflset/en_US/base.js", "ext": "webm", "format_note": "tiny", "acodec": "opus", "abr": 50, "asr": 48000, "filesize": 53126873, "fps": null, "height": null, "tbr": 77.612, "width": null, "vcodec": "none", "downloader_options": {"http_chunk_size": 10485760}, "format": "249 - audio only (tiny)", "protocol": "https", "http_headers": {"User-Agent": "Mozilla/5.0 (Windows NT 10.0; Win64; x64) AppleWebKit/537.36 (KHTML, like Gecko) Chrome/74.0.3729.96 Safari/537.36", "Accept-Charset": "ISO-8859-1,utf-8;q=0.7,*;q=0.7", "Accept": "text/html,application/xhtml+xml,application/xml;q=0.9,*/*;q=0.8", "Accept-Encoding": "gzip, deflate", "Accept-Language": "en-us,en;q=0.5"}}, {"format_id": "250", "url": "https://r7---sn-ipoxu-u2xd.googlevideo.com/videoplayback?expire=1613157120&ei=oH4mYILfMa2Fs8IPqd2FqAs&ip=61.230.12.35&id=o-APY5u0wTB1CRnz6Nfe2bPbuG7Jdfc9pjD2GS5ZKUfW-i&itag=250&source=youtube&requiressl=yes&mh=CU&mm=31%2C29&mn=sn-ipoxu-u2xd%2Csn-un57sn7z&ms=au%2Crdu&mv=m&mvi=7&pl=21&initcwndbps=1000000&vprv=1&mime=audio%2Fwebm&ns=GHcreIHEYKHnui9zoWUcjdIF&gir=yes&clen=69625218&dur=6960.541&lmt=1613033677910582&mt=1613135326&fvip=6&keepalive=yes&c=WEB&txp=1432434&n=nSQhbm61dQRrZt5lUa&sparams=expire%2Cei%2Cip%2Cid%2Citag%2Csource%2Crequiressl%2Cvprv%2Cmime%2Cns%2Cgir%2Cclen%2Cdur%2Clmt&lsparams=mh%2Cmm%2Cmn%2Cms%2Cmv%2Cmvi%2Cpl%2Cinitcwndbps&lsig=AG3C_xAwRAIgNxxPhIGaghx4F_HNmsxYb2RYWJKhU8Z9DN3TiLHLp5MCIDIiZlk8bzn0g_P4OpBR5hTIjgI1pa4Nj0s3aKRqAIY8&sig=AOq0QJ8wRQIhAPCvIsLSh8Eq9V4RCcrc3g2oyX77WF13CfWjRwdHKJFLAiBrzQ9lEAcdBEguV3OBHbJZEy9IjPZejlhQcQbRf6KDXQ==&ratebypass=yes", "player_url": "/s/player/490079fb/player_ias.vflset/en_US/base.js", "ext": "webm", "format_note": "tiny", "acodec": "opus", "abr": 70, "asr": 48000, "filesize": 69625218, "fps": null, "height": null, "tbr": 97.385, "width": null, "vcodec": "none", "downloader_options": {"http_chunk_size": 10485760}, "format": "250 - audio only (tiny)", "protocol": "https", "http_headers": {"User-Agent": "Mozilla/5.0 (Windows NT 10.0; Win64; x64) AppleWebKit/537.36 (KHTML, like Gecko) Chrome/74.0.3729.96 Safari/537.36", "Accept-Charset": "ISO-8859-1,utf-8;q=0.7,*;q=0.7", "Accept": "text/html,application/xhtml+xml,application/xml;q=0.9,*/*;q=0.8", "Accept-Encoding": "gzip, deflate", "Accept-Language": "en-us,en;q=0.5"}}, {"format_id": "140", "url": "https://r7---sn-ipoxu-u2xd.googlevideo.com/videoplayback?expire=1613157120&ei=oH4mYILfMa2Fs8IPqd2FqAs&ip=61.230.12.35&id=o-APY5u0wTB1CRnz6Nfe2bPbuG7Jdfc9pjD2GS5ZKUfW-i&itag=140&source=youtube&requiressl=yes&mh=CU&mm=31%2C29&mn=sn-ipoxu-u2xd%2Csn-un57sn7z&ms=au%2Crdu&mv=m&mvi=7&pl=21&initcwndbps=1000000&vprv=1&mime=audio%2Fmp4&ns=GHcreIHEYKHnui9zoWUcjdIF&gir=yes&clen=112649918&dur=6960.575&lmt=1613034473879688&mt=1613135326&fvip=6&keepalive=yes&c=WEB&txp=1432434&n=nSQhbm61dQRrZt5lUa&sparams=expire%2Cei%2Cip%2Cid%2Citag%2Csource%2Crequiressl%2Cvprv%2Cmime%2Cns%2Cgir%2Cclen%2Cdur%2Clmt&lsparams=mh%2Cmm%2Cmn%2Cms%2Cmv%2Cmvi%2Cpl%2Cinitcwndbps&lsig=AG3C_xAwRAIgbZLOo_JbeHCr1A1oGBCCYSmbWlUgqyWnBPFpY0TvVhsCIH_rqRWyDVG_BLjOOT-o8vID-NSUL1N7lmLD6gtckv4v&sig=AOq0QJ8wRgIhANRKu5cY78JiI5MyQHbgrihR6a1K9oYetK8KhrEpcuNFAiEAqxhzJcBq3iRif3Vq4NWtLF6yv5e_ZLSnA-bUk31PDn8=&ratebypass=yes", "player_url": "/s/player/490079fb/player_ias.vflset/en_US/base.js", "ext": "m4a", "format_note": "tiny", "acodec": "mp4a.40.2", "abr": 128, "container": "m4a_dash", "asr": 44100, "filesize": 112649918, "fps": null, "height": null, "tbr": 137.003, "width": null, "vcodec": "none", "downloader_options": {"http_chunk_size": 10485760}, "format": "140 - audio only (tiny)", "protocol": "https", "http_headers": {"User-Agent": "Mozilla/5.0 (Windows NT 10.0; Win64; x64) AppleWebKit/537.36 (KHTML, like Gecko) Chrome/74.0.3729.96 Safari/537.36", "Accept-Charset": "ISO-8859-1,utf-8;q=0.7,*;q=0.7", "Accept": "text/html,application/xhtml+xml,application/xml;q=0.9,*/*;q=0.8", "Accept-Encoding": "gzip, deflate", "Accept-Language": "en-us,en;q=0.5"}}, {"format_id": "251", "url": "https://r7---sn-ipoxu-u2xd.googlevideo.com/videoplayback?expire=1613157120&ei=oH4mYILfMa2Fs8IPqd2FqAs&ip=61.230.12.35&id=o-APY5u0wTB1CRnz6Nfe2bPbuG7Jdfc9pjD2GS5ZKUfW-i&itag=251&source=youtube&requiressl=yes&mh=CU&mm=31%2C29&mn=sn-ipoxu-u2xd%2Csn-un57sn7z&ms=au%2Crdu&mv=m&mvi=7&pl=21&initcwndbps=1000000&vprv=1&mime=audio%2Fwebm&ns=GHcreIHEYKHnui9zoWUcjdIF&gir=yes&clen=136308633&dur=6960.541&lmt=1613033463635953&mt=1613135326&fvip=6&keepalive=yes&c=WEB&txp=1432434&n=nSQhbm61dQRrZt5lUa&sparams=expire%2Cei%2Cip%2Cid%2Citag%2Csource%2Crequiressl%2Cvprv%2Cmime%2Cns%2Cgir%2Cclen%2Cdur%2Clmt&lsparams=mh%2Cmm%2Cmn%2Cms%2Cmv%2Cmvi%2Cpl%2Cinitcwndbps&lsig=AG3C_xAwRAIgYSqO6yNlATn-Wyq1cEKT41kS6RjAZ9z8xVkBZtpDcqECIAsO5oYuwi_pSz6Fpa_nrqzjk1V2HbvL8-aWQkhpXonh&sig=AOq0QJ8wRAIgdRz8yNcY6CNXAvO_r9aZH_1jhrFmeTrAjyvUB9vKMKwCIE5sCf3PWgQbkT3k0Illj_b8e-4wyBTysgqJGL5Kbebs&ratebypass=yes", "player_url": "/s/player/490079fb/player_ias.vflset/en_US/base.js", "ext": "webm", "format_note": "tiny", "acodec": "opus", "abr": 160, "asr": 48000, "filesize": 136308633, "fps": null, "height": null, "tbr": 173.838, "width": null, "vcodec": "none", "downloader_options": {"http_chunk_size": 10485760}, "format": "251 - audio only (tiny)", "protocol": "https", "http_headers": {"User-Agent": "Mozilla/5.0 (Windows NT 10.0; Win64; x64) AppleWebKit/537.36 (KHTML, like Gecko) Chrome/74.0.3729.96 Safari/537.36", "Accept-Charset": "ISO-8859-1,utf-8;q=0.7,*;q=0.7", "Accept": "text/html,application/xhtml+xml,application/xml;q=0.9,*/*;q=0.8", "Accept-Encoding": "gzip, deflate", "Accept-Language": "en-us,en;q=0.5"}}, {"format_id": "160", "url": "https://r7---sn-ipoxu-u2xd.googlevideo.com/videoplayback?expire=1613157120&ei=oH4mYILfMa2Fs8IPqd2FqAs&ip=61.230.12.35&id=o-APY5u0wTB1CRnz6Nfe2bPbuG7Jdfc9pjD2GS5ZKUfW-i&itag=160&aitags=133%2C134%2C135%2C136%2C137%2C160%2C242%2C243%2C244%2C247%2C248%2C278%2C394%2C395%2C396%2C397&source=youtube&requiressl=yes&mh=CU&mm=31%2C29&mn=sn-ipoxu-u2xd%2Csn-un57sn7z&ms=au%2Crdu&mv=m&mvi=7&pl=21&initcwndbps=1000000&vprv=1&mime=video%2Fmp4&ns=GHcreIHEYKHnui9zoWUcjdIF&gir=yes&clen=8056481&dur=6960.520&lmt=1613037763778524&mt=1613135326&fvip=6&keepalive=yes&c=WEB&txp=1432434&n=nSQhbm61dQRrZt5lUa&sparams=expire%2Cei%2Cip%2Cid%2Caitags%2Csource%2Crequiressl%2Cvprv%2Cmime%2Cns%2Cgir%2Cclen%2Cdur%2Clmt&lsparams=mh%2Cmm%2Cmn%2Cms%2Cmv%2Cmvi%2Cpl%2Cinitcwndbps&lsig=AG3C_xAwRQIgciPrqEoFoEKPTjhAo5RNVRbNafX2hnkU93dPxzhlzi8CIQCwksbSBNJQ1JTUyLouufA5kUjVCWu2tgeejB-RVSLYRw%3D%3D&sig=AOq0QJ8wRgIhANeX1f9sgb33FfcbpbldkFAB9-8dDNHNfcvV0pd-BdQNAiEAxqy1IzrMyFQ7G9rMQlQyadVzDI-4lGV1yYZcewiGynk=&ratebypass=yes", "player_url": "/s/player/490079fb/player_ias.vflset/en_US/base.js", "ext": "mp4", "height": 144, "format_note": "144p", "vcodec": "avc1.4d400c", "asr": null, "filesize": 8056481, "fps": 30, "tbr": 36.961, "width": 256, "acodec": "none", "downloader_options": {"http_chunk_size": 10485760}, "format": "160 - 256x144 (144p)", "protocol": "https", "http_headers": {"User-Agent": "Mozilla/5.0 (Windows NT 10.0; Win64; x64) AppleWebKit/537.36 (KHTML, like Gecko) Chrome/74.0.3729.96 Safari/537.36", "Accept-Charset": "ISO-8859-1,utf-8;q=0.7,*;q=0.7", "Accept": "text/html,application/xhtml+xml,application/xml;q=0.9,*/*;q=0.8", "Accept-Encoding": "gzip, deflate", "Accept-Language": "en-us,en;q=0.5"}}, {"format_id": "133", "url": "https://r7---sn-ipoxu-u2xd.googlevideo.com/videoplayback?expire=1613157120&ei=oH4mYILfMa2Fs8IPqd2FqAs&ip=61.230.12.35&id=o-APY5u0wTB1CRnz6Nfe2bPbuG7Jdfc9pjD2GS5ZKUfW-i&itag=133&aitags=133%2C134%2C135%2C136%2C137%2C160%2C242%2C243%2C244%2C247%2C248%2C278%2C394%2C395%2C396%2C397&source=youtube&requiressl=yes&mh=CU&mm=31%2C29&mn=sn-ipoxu-u2xd%2Csn-un57sn7z&ms=au%2Crdu&mv=m&mvi=7&pl=21&initcwndbps=1000000&vprv=1&mime=video%2Fmp4&ns=GHcreIHEYKHnui9zoWUcjdIF&gir=yes&clen=11937084&dur=6960.520&lmt=1613037695482291&mt=1613135326&fvip=6&keepalive=yes&c=WEB&txp=1432434&n=nSQhbm61dQRrZt5lUa&sparams=expire%2Cei%2Cip%2Cid%2Caitags%2Csource%2Crequiressl%2Cvprv%2Cmime%2Cns%2Cgir%2Cclen%2Cdur%2Clmt&lsparams=mh%2Cmm%2Cmn%2Cms%2Cmv%2Cmvi%2Cpl%2Cinitcwndbps&lsig=AG3C_xAwRgIhAJgWWzeXlkgT5M6VHrZTb-GslQR1-o1bq6f0znydS3CfAiEA-KaQd4F8a6jAK3VgvQSdybIhU8KgaPLe9AIeNNUurG8%3D&sig=AOq0QJ8wRQIhAIaOrDmVK5ZATu1zlRxeFhESf4XQ-dMhoMY0XxfhLAxJAiBRTFSUMZhvNWWD_h0Z7yB-W-MMr3oc7IXIozHaPOyFyA==&ratebypass=yes", "player_url": "/s/player/490079fb/player_ias.vflset/en_US/base.js", "ext": "mp4", "height": 240, "format_note": "240p", "vcodec": "avc1.4d4015", "asr": null, "filesize": 11937084, "fps": 30, "tbr": 40.896, "width": 426, "acodec": "none", "downloader_options": {"http_chunk_size": 10485760}, "format": "133 - 426x240 (240p)", "protocol": "https", "http_headers": {"User-Agent": "Mozilla/5.0 (Windows NT 10.0; Win64; x64) AppleWebKit/537.36 (KHTML, like Gecko) Chrome/74.0.3729.96 Safari/537.36", "Accept-Charset": "ISO-8859-1,utf-8;q=0.7,*;q=0.7", "Accept": "text/html,application/xhtml+xml,application/xml;q=0.9,*/*;q=0.8", "Accept-Encoding": "gzip, deflate", "Accept-Language": "en-us,en;q=0.5"}}, {"format_id": "395", "url": "https://r7---sn-ipoxu-u2xd.googlevideo.com/videoplayback?expire=1613157120&ei=oH4mYILfMa2Fs8IPqd2FqAs&ip=61.230.12.35&id=o-APY5u0wTB1CRnz6Nfe2bPbuG7Jdfc9pjD2GS5ZKUfW-i&itag=395&aitags=133%2C134%2C135%2C136%2C137%2C160%2C242%2C243%2C244%2C247%2C248%2C278%2C394%2C395%2C396%2C397&source=youtube&requiressl=yes&mh=CU&mm=31%2C29&mn=sn-ipoxu-u2xd%2Csn-un57sn7z&ms=au%2Crdu&mv=m&mvi=7&pl=21&initcwndbps=1000000&vprv=1&mime=video%2Fmp4&ns=GHcreIHEYKHnui9zoWUcjdIF&gir=yes&clen=20381954&dur=6960.519&lmt=1551682462877638&mt=1613135326&fvip=6&keepalive=yes&c=WEB&txp=5531432&n=nSQhbm61dQRrZt5lUa&sparams=expire%2Cei%2Cip%2Cid%2Caitags%2Csource%2Crequiressl%2Cvprv%2Cmime%2Cns%2Cgir%2Cclen%2Cdur%2Clmt&lsparams=mh%2Cmm%2Cmn%2Cms%2Cmv%2Cmvi%2Cpl%2Cinitcwndbps&lsig=AG3C_xAwRAIgfIOiYBBqlYj8CaDLdoUNZ1HB-aaBBoQ2ELAIx-1gqOYCIAfjofVGAk4jjGsFkwpko-zhCg02tuuURtpZMNpOzZEp&sig=AOq0QJ8wRgIhAOtljmVf_gjfUzYOSimLBDv3z6gb8F003sVLF0AhHkmUAiEA2BRS0f-CEdRn4X78EaAo5gpYLGm64caWMJ8P9bd6_K8=&ratebypass=yes", "player_url": "/s/player/490079fb/player_ias.vflset/en_US/base.js", "acodec": "none", "vcodec": "av01.0.00M.08", "asr": null, "filesize": 20381954, "format_note": "240p", "fps": 30, "height": 240, "tbr": 45.903, "width": 426, "ext": "mp4", "downloader_options": {"http_chunk_size": 10485760}, "format": "395 - 426x240 (240p)", "protocol": "https", "http_headers": {"User-Agent": "Mozilla/5.0 (Windows NT 10.0; Win64; x64) AppleWebKit/537.36 (KHTML, like Gecko) Chrome/74.0.3729.96 Safari/537.36", "Accept-Charset": "ISO-8859-1,utf-8;q=0.7,*;q=0.7", "Accept": "text/html,application/xhtml+xml,application/xml;q=0.9,*/*;q=0.8", "Accept-Encoding": "gzip, deflate", "Accept-Language": "en-us,en;q=0.5"}}, {"format_id": "394", "url": "https://r7---sn-ipoxu-u2xd.googlevideo.com/videoplayback?expire=1613157120&ei=oH4mYILfMa2Fs8IPqd2FqAs&ip=61.230.12.35&id=o-APY5u0wTB1CRnz6Nfe2bPbuG7Jdfc9pjD2GS5ZKUfW-i&itag=394&aitags=133%2C134%2C135%2C136%2C137%2C160%2C242%2C243%2C244%2C247%2C248%2C278%2C394%2C395%2C396%2C397&source=youtube&requiressl=yes&mh=CU&mm=31%2C29&mn=sn-ipoxu-u2xd%2Csn-un57sn7z&ms=au%2Crdu&mv=m&mvi=7&pl=21&initcwndbps=1000000&vprv=1&mime=video%2Fmp4&ns=GHcreIHEYKHnui9zoWUcjdIF&gir=yes&clen=20524675&dur=6960.519&lmt=1551681911350355&mt=1613135326&fvip=6&keepalive=yes&c=WEB&txp=5531432&n=nSQhbm61dQRrZt5lUa&sparams=expire%2Cei%2Cip%2Cid%2Caitags%2Csource%2Crequiressl%2Cvprv%2Cmime%2Cns%2Cgir%2Cclen%2Cdur%2Clmt&lsparams=mh%2Cmm%2Cmn%2Cms%2Cmv%2Cmvi%2Cpl%2Cinitcwndbps&lsig=AG3C_xAwRQIhANPz9JB8Q1n0Ft8vttlsjJI-ny6FxgRfQojGI1Wd8Uo1AiBScwFTN2eizT8nH8wxgVQ9Hx94mIbdchVCzQCEmLmseA%3D%3D&sig=AOq0QJ8wRgIhAO4Po7gLZj5On4PX4TeqyHXr7DIE_UZJ1mZfIhATScxtAiEAqfXGzJW5ZU1CUABDGMAwtbN4iqRbWqF4CPfDNL_V9zA=&ratebypass=yes", "player_url": "/s/player/490079fb/player_ias.vflset/en_US/base.js", "acodec": "none", "vcodec": "av01.0.00M.08", "asr": null, "filesize": 20524675, "format_note": "144p", "fps": 30, "height": 144, "tbr": 46.927, "width": 256, "ext": "mp4", "downloader_options": {"http_chunk_size": 10485760}, "format": "394 - 256x144 (144p)", "protocol": "https", "http_headers": {"User-Agent": "Mozilla/5.0 (Windows NT 10.0; Win64; x64) AppleWebKit/537.36 (KHTML, like Gecko) Chrome/74.0.3729.96 Safari/537.36", "Accept-Charset": "ISO-8859-1,utf-8;q=0.7,*;q=0.7", "Accept": "text/html,application/xhtml+xml,application/xml;q=0.9,*/*;q=0.8", "Accept-Encoding": "gzip, deflate", "Accept-Language": "en-us,en;q=0.5"}}, {"format_id": "134", "url": "https://r7---sn-ipoxu-u2xd.googlevideo.com/videoplayback?expire=1613157120&ei=oH4mYILfMa2Fs8IPqd2FqAs&ip=61.230.12.35&id=o-APY5u0wTB1CRnz6Nfe2bPbuG7Jdfc9pjD2GS5ZKUfW-i&itag=134&aitags=133%2C134%2C135%2C136%2C137%2C160%2C242%2C243%2C244%2C247%2C248%2C278%2C394%2C395%2C396%2C397&source=youtube&requiressl=yes&mh=CU&mm=31%2C29&mn=sn-ipoxu-u2xd%2Csn-un57sn7z&ms=au%2Crdu&mv=m&mvi=7&pl=21&initcwndbps=1000000&vprv=1&mime=video%2Fmp4&ns=GHcreIHEYKHnui9zoWUcjdIF&gir=yes&clen=17243193&dur=6960.520&lmt=1613037770320683&mt=1613135326&fvip=6&keepalive=yes&c=WEB&txp=1432434&n=nSQhbm61dQRrZt5lUa&sparams=expire%2Cei%2Cip%2Cid%2Caitags%2Csource%2Crequiressl%2Cvprv%2Cmime%2Cns%2Cgir%2Cclen%2Cdur%2Clmt&lsparams=mh%2Cmm%2Cmn%2Cms%2Cmv%2Cmvi%2Cpl%2Cinitcwndbps&lsig=AG3C_xAwRgIhAOsHgmjuu8G9Kt9aCqJmULz0FPdUYStwxSxGOk19V9S8AiEAutHZSH1N--8PcrjJ-9FK_HneAxntj9HR7OscUfSCxcA%3D&sig=AOq0QJ8wRgIhAI6fakNAbyRB30PAhN59-tOZPgHQ5suVwXoqJfNLw1vJAiEAq1yhpsXDDuSmyqp32DXrPHeNZRPQEgLvheWD3YTvdCE=&ratebypass=yes", "player_url": "/s/player/490079fb/player_ias.vflset/en_US/base.js", "ext": "mp4", "height": 360, "format_note": "360p", "vcodec": "avc1.4d401e", "asr": null, "filesize": 17243193, "fps": 30, "tbr": 47.186, "width": 640, "acodec": "none", "downloader_options": {"http_chunk_size": 10485760}, "format": "134 - 640x360 (360p)", "protocol": "https", "http_headers": {"User-Agent": "Mozilla/5.0 (Windows NT 10.0; Win64; x64) AppleWebKit/537.36 (KHTML, like Gecko) Chrome/74.0.3729.96 Safari/537.36", "Accept-Charset": "ISO-8859-1,utf-8;q=0.7,*;q=0.7", "Accept": "text/html,application/xhtml+xml,application/xml;q=0.9,*/*;q=0.8", "Accept-Encoding": "gzip, deflate", "Accept-Language": "en-us,en;q=0.5"}}, {"format_id": "278", "url": "https://r7---sn-ipoxu-u2xd.googlevideo.com/videoplayback?expire=1613157120&ei=oH4mYILfMa2Fs8IPqd2FqAs&ip=61.230.12.35&id=o-APY5u0wTB1CRnz6Nfe2bPbuG7Jdfc9pjD2GS5ZKUfW-i&itag=278&aitags=133%2C134%2C135%2C136%2C137%2C160%2C242%2C243%2C244%2C247%2C248%2C278%2C394%2C395%2C396%2C397&source=youtube&requiressl=yes&mh=CU&mm=31%2C29&mn=sn-ipoxu-u2xd%2Csn-un57sn7z&ms=au%2Crdu&mv=m&mvi=7&pl=21&initcwndbps=1000000&vprv=1&mime=video%2Fwebm&ns=GHcreIHEYKHnui9zoWUcjdIF&gir=yes&clen=19758701&dur=6960.520&lmt=1613040639018322&mt=1613135326&fvip=6&keepalive=yes&c=WEB&txp=1432434&n=nSQhbm61dQRrZt5lUa&sparams=expire%2Cei%2Cip%2Cid%2Caitags%2Csource%2Crequiressl%2Cvprv%2Cmime%2Cns%2Cgir%2Cclen%2Cdur%2Clmt&lsparams=mh%2Cmm%2Cmn%2Cms%2Cmv%2Cmvi%2Cpl%2Cinitcwndbps&lsig=AG3C_xAwRAIgEH5ABwyGr9X2Vpt_Spw1ylc8lGHx4mjzZdTW_L73W4kCIGFcOUbXcRhWnFuinRlCe4R1V6NLLbWXqInyVj2YbCf8&sig=AOq0QJ8wRgIhAKIsWNBOV0vl0MkxrJLGe53zwL4KpT02pABQXSajO-H5AiEA3a7rCez25LS1BNrLB-hexcUAPqmBUpqbb8pv8OXT8Yg=&ratebypass=yes", "player_url": "/s/player/490079fb/player_ias.vflset/en_US/base.js", "ext": "webm", "height": 144, "format_note": "144p", "container": "webm", "vcodec": "vp9", "asr": null, "filesize": 19758701, "fps": 30, "tbr": 53.717, "width": 256, "acodec": "none", "downloader_options": {"http_chunk_size": 10485760}, "format": "278 - 256x144 (144p)", "protocol": "https", "http_headers": {"User-Agent": "Mozilla/5.0 (Windows NT 10.0; Win64; x64) AppleWebKit/537.36 (KHTML, like Gecko) Chrome/74.0.3729.96 Safari/537.36", "Accept-Charset": "ISO-8859-1,utf-8;q=0.7,*;q=0.7", "Accept": "text/html,application/xhtml+xml,application/xml;q=0.9,*/*;q=0.8", "Accept-Encoding": "gzip, deflate", "Accept-Language": "en-us,en;q=0.5"}}, {"format_id": "135", "url": "https://r7---sn-ipoxu-u2xd.googlevideo.com/videoplayback?expire=1613157120&ei=oH4mYILfMa2Fs8IPqd2FqAs&ip=61.230.12.35&id=o-APY5u0wTB1CRnz6Nfe2bPbuG7Jdfc9pjD2GS5ZKUfW-i&itag=135&aitags=133%2C134%2C135%2C136%2C137%2C160%2C242%2C243%2C244%2C247%2C248%2C278%2C394%2C395%2C396%2C397&source=youtube&requiressl=yes&mh=CU&mm=31%2C29&mn=sn-ipoxu-u2xd%2Csn-un57sn7z&ms=au%2Crdu&mv=m&mvi=7&pl=21&initcwndbps=1000000&vprv=1&mime=video%2Fmp4&ns=GHcreIHEYKHnui9zoWUcjdIF&gir=yes&clen=23754694&dur=6960.520&lmt=1613038268884767&mt=1613135326&fvip=6&keepalive=yes&c=WEB&txp=1432434&n=nSQhbm61dQRrZt5lUa&sparams=expire%2Cei%2Cip%2Cid%2Caitags%2Csource%2Crequiressl%2Cvprv%2Cmime%2Cns%2Cgir%2Cclen%2Cdur%2Clmt&lsparams=mh%2Cmm%2Cmn%2Cms%2Cmv%2Cmvi%2Cpl%2Cinitcwndbps&lsig=AG3C_xAwRAIgVuQdjBRI8jriDKlGufxE-QOD56iFcPWX2p88aawaWv4CIDrrUL7CcIgF9OZziC4BzOOasWLo9sInWRrQxv3zrYx9&sig=AOq0QJ8wRQIgUsLQDronozr1akFpASiuvV2K_bP0OPVrO7LtPP4Bv9UCIQCmXps-McR9DkF9IJEBPWsEQpkx1NfGLIZdRNalrFEkdg==&ratebypass=yes", "player_url": "/s/player/490079fb/player_ias.vflset/en_US/base.js", "ext": "mp4", "height": 480, "format_note": "480p", "vcodec": "avc1.4d401f", "asr": null, "filesize": 23754694, "fps": 30, "tbr": 55.344, "width": 854, "acodec": "none", "downloader_options": {"http_chunk_size": 10485760}, "format": "135 - 854x480 (480p)", "protocol": "https", "http_headers": {"User-Agent": "Mozilla/5.0 (Windows NT 10.0; Win64; x64) AppleWebKit/537.36 (KHTML, like Gecko) Chrome/74.0.3729.96 Safari/537.36", "Accept-Charset": "ISO-8859-1,utf-8;q=0.7,*;q=0.7", "Accept": "text/html,application/xhtml+xml,application/xml;q=0.9,*/*;q=0.8", "Accept-Encoding": "gzip, deflate", "Accept-Language": "en-us,en;q=0.5"}}, {"format_id": "396", "url": "https://r7---sn-ipoxu-u2xd.googlevideo.com/videoplayback?expire=1613157120&ei=oH4mYILfMa2Fs8IPqd2FqAs&ip=61.230.12.35&id=o-APY5u0wTB1CRnz6Nfe2bPbuG7Jdfc9pjD2GS5ZKUfW-i&itag=396&aitags=133%2C134%2C135%2C136%2C137%2C160%2C242%2C243%2C244%2C247%2C248%2C278%2C394%2C395%2C396%2C397&source=youtube&requiressl=yes&mh=CU&mm=31%2C29&mn=sn-ipoxu-u2xd%2Csn-un57sn7z&ms=au%2Crdu&mv=m&mvi=7&pl=21&initcwndbps=1000000&vprv=1&mime=video%2Fmp4&ns=GHcreIHEYKHnui9zoWUcjdIF&gir=yes&clen=35320723&dur=6960.519&lmt=1551683324866824&mt=1613135326&fvip=6&keepalive=yes&c=WEB&txp=5531432&n=nSQhbm61dQRrZt5lUa&sparams=expire%2Cei%2Cip%2Cid%2Caitags%2Csource%2Crequiressl%2Cvprv%2Cmime%2Cns%2Cgir%2Cclen%2Cdur%2Clmt&lsparams=mh%2Cmm%2Cmn%2Cms%2Cmv%2Cmvi%2Cpl%2Cinitcwndbps&lsig=AG3C_xAwRAIgIB1iZAOEIPtdKzmseTXQde6Ig41LqJ8wt0g04URfr64CIF8FYY1oTweIRX9AuZk_zj0l6x4XkAsWPEeNLn9eXwF8&sig=AOq0QJ8wRAIgSYb7egPydDM4ZhCA3bT4AIMkl7OxSPXxPQR7s_yXZrUCIFx5yoAtGSbyyNOqwr4zJcq6Bpa8IS_OenMy6kHGKZTJ&ratebypass=yes", "player_url": "/s/player/490079fb/player_ias.vflset/en_US/base.js", "acodec": "none", "vcodec": "av01.0.01M.08", "asr": null, "filesize": 35320723, "format_note": "360p", "fps": 30, "height": 360, "tbr": 61.845, "width": 640, "ext": "mp4", "downloader_options": {"http_chunk_size": 10485760}, "format": "396 - 640x360 (360p)", "protocol": "https", "http_headers": {"User-Agent": "Mozilla/5.0 (Windows NT 10.0; Win64; x64) AppleWebKit/537.36 (KHTML, like Gecko) Chrome/74.0.3729.96 Safari/537.36", "Accept-Charset": "ISO-8859-1,utf-8;q=0.7,*;q=0.7", "Accept": "text/html,application/xhtml+xml,application/xml;q=0.9,*/*;q=0.8", "Accept-Encoding": "gzip, deflate", "Accept-Language": "en-us,en;q=0.5"}}, {"format_id": "242", "url": "https://r7---sn-ipoxu-u2xd.googlevideo.com/videoplayback?expire=1613157120&ei=oH4mYILfMa2Fs8IPqd2FqAs&ip=61.230.12.35&id=o-APY5u0wTB1CRnz6Nfe2bPbuG7Jdfc9pjD2GS5ZKUfW-i&itag=242&aitags=133%2C134%2C135%2C136%2C137%2C160%2C242%2C243%2C244%2C247%2C248%2C278%2C394%2C395%2C396%2C397&source=youtube&requiressl=yes&mh=CU&mm=31%2C29&mn=sn-ipoxu-u2xd%2Csn-un57sn7z&ms=au%2Crdu&mv=m&mvi=7&pl=21&initcwndbps=1000000&vprv=1&mime=video%2Fwebm&ns=GHcreIHEYKHnui9zoWUcjdIF&gir=yes&clen=24197284&dur=6960.520&lmt=1613040803519486&mt=1613135326&fvip=6&keepalive=yes&c=WEB&txp=1432434&n=nSQhbm61dQRrZt5lUa&sparams=expire%2Cei%2Cip%2Cid%2Caitags%2Csource%2Crequiressl%2Cvprv%2Cmime%2Cns%2Cgir%2Cclen%2Cdur%2Clmt&lsparams=mh%2Cmm%2Cmn%2Cms%2Cmv%2Cmvi%2Cpl%2Cinitcwndbps&lsig=AG3C_xAwRQIhANJHWIFVJBaTevnz-QuUGqRXGArJNIwO9Ifx5CVDr77JAiAys-0TPtJiM06JHpshMqJ5q9lhpxJkhHqOpn1yFF8J3w%3D%3D&sig=AOq0QJ8wRQIhAM7XxblxGgsDpQkQkZ0tMBq3PwXjkz7lo7bxSFlflgqdAiAV9uSSKLeItwPWxUVyGF-hGd9nI2_VdWCYCdqJ_KaSSw==&ratebypass=yes", "player_url": "/s/player/490079fb/player_ias.vflset/en_US/base.js", "ext": "webm", "height": 240, "format_note": "240p", "vcodec": "vp9", "asr": null, "filesize": 24197284, "fps": 30, "tbr": 64.535, "width": 426, "acodec": "none", "downloader_options": {"http_chunk_size": 10485760}, "format": "242 - 426x240 (240p)", "protocol": "https", "http_headers": {"User-Agent": "Mozilla/5.0 (Windows NT 10.0; Win64; x64) AppleWebKit/537.36 (KHTML, like Gecko) Chrome/74.0.3729.96 Safari/537.36", "Accept-Charset": "ISO-8859-1,utf-8;q=0.7,*;q=0.7", "Accept": "text/html,application/xhtml+xml,application/xml;q=0.9,*/*;q=0.8", "Accept-Encoding": "gzip, deflate", "Accept-Language": "en-us,en;q=0.5"}}, {"format_id": "136", "url": "https://r7---sn-ipoxu-u2xd.googlevideo.com/videoplayback?expire=1613157120&ei=oH4mYILfMa2Fs8IPqd2FqAs&ip=61.230.12.35&id=o-APY5u0wTB1CRnz6Nfe2bPbuG7Jdfc9pjD2GS5ZKUfW-i&itag=136&aitags=133%2C134%2C135%2C136%2C137%2C160%2C242%2C243%2C244%2C247%2C248%2C278%2C394%2C395%2C396%2C397&source=youtube&requiressl=yes&mh=CU&mm=31%2C29&mn=sn-ipoxu-u2xd%2Csn-un57sn7z&ms=au%2Crdu&mv=m&mvi=7&pl=21&initcwndbps=1000000&vprv=1&mime=video%2Fmp4&ns=GHcreIHEYKHnui9zoWUcjdIF&gir=yes&clen=31632468&dur=6960.520&lmt=1613037832514952&mt=1613135326&fvip=6&keepalive=yes&c=WEB&txp=1432434&n=nSQhbm61dQRrZt5lUa&sparams=expire%2Cei%2Cip%2Cid%2Caitags%2Csource%2Crequiressl%2Cvprv%2Cmime%2Cns%2Cgir%2Cclen%2Cdur%2Clmt&lsparams=mh%2Cmm%2Cmn%2Cms%2Cmv%2Cmvi%2Cpl%2Cinitcwndbps&lsig=AG3C_xAwRQIhANjIigoXvsU1iDzTYbze8Jgsh5FMeLgAt-2Y_QoNyAL7AiB2MLEkN2qWM53aVnJym-SSKprn89b_mJGufbDb9Wo-Ag%3D%3D&sig=AOq0QJ8wRAIgWu2ie5h-iP19UE-JiVcI5PeRhOM6BVUjXP_0DUXKxvcCIFUtf8Poq611KLfJqFTr3tA1entjYfSihnDnxVtjVfon&ratebypass=yes", "player_url": "/s/player/490079fb/player_ias.vflset/en_US/base.js", "ext": "mp4", "height": 720, "format_note": "720p", "vcodec": "avc1.4d401f", "asr": null, "filesize": 31632468, "fps": 30, "tbr": 65.238, "width": 1280, "acodec": "none", "downloader_options": {"http_chunk_size": 10485760}, "format": "136 - 1280x720 (720p)", "protocol": "https", "http_headers": {"User-Agent": "Mozilla/5.0 (Windows NT 10.0; Win64; x64) AppleWebKit/537.36 (KHTML, like Gecko) Chrome/74.0.3729.96 Safari/537.36", "Accept-Charset": "ISO-8859-1,utf-8;q=0.7,*;q=0.7", "Accept": "text/html,application/xhtml+xml,application/xml;q=0.9,*/*;q=0.8", "Accept-Encoding": "gzip, deflate", "Accept-Language": "en-us,en;q=0.5"}}, {"format_id": "397", "url": "https://r7---sn-ipoxu-u2xd.googlevideo.com/videoplayback?expire=1613157120&ei=oH4mYILfMa2Fs8IPqd2FqAs&ip=61.230.12.35&id=o-APY5u0wTB1CRnz6Nfe2bPbuG7Jdfc9pjD2GS5ZKUfW-i&itag=397&aitags=133%2C134%2C135%2C136%2C137%2C160%2C242%2C243%2C244%2C247%2C248%2C278%2C394%2C395%2C396%2C397&source=youtube&requiressl=yes&mh=CU&mm=31%2C29&mn=sn-ipoxu-u2xd%2Csn-un57sn7z&ms=au%2Crdu&mv=m&mvi=7&pl=21&initcwndbps=1000000&vprv=1&mime=video%2Fmp4&ns=GHcreIHEYKHnui9zoWUcjdIF&gir=yes&clen=58468404&dur=6960.519&lmt=1551684480445186&mt=1613135326&fvip=6&keepalive=yes&c=WEB&txp=5531432&n=nSQhbm61dQRrZt5lUa&sparams=expire%2Cei%2Cip%2Cid%2Caitags%2Csource%2Crequiressl%2Cvprv%2Cmime%2Cns%2Cgir%2Cclen%2Cdur%2Clmt&lsparams=mh%2Cmm%2Cmn%2Cms%2Cmv%2Cmvi%2Cpl%2Cinitcwndbps&lsig=AG3C_xAwRQIgWJd7nlggaOa0J-NcgaNVLUJNisEGPrTI4mg5Rq95lewCIQDiYI0ah-OnL1vcmRiVXfDYmq2w4Thdd_6upTdPHBcvlg%3D%3D&sig=AOq0QJ8wRAIgISHFJjq7nSPUSXFLZLyIMhNgl3TeB5bgt2zj_vwXAGUCIFdI6c0xBDJFi2_G0pu4IL8HPlV04IMC6G3mQYBWu6A0&ratebypass=yes", "player_url": "/s/player/490079fb/player_ias.vflset/en_US/base.js", "acodec": "none", "vcodec": "av01.0.04M.08", "asr": null, "filesize": 58468404, "format_note": "480p", "fps": 30, "height": 480, "tbr": 86.916, "width": 854, "ext": "mp4", "downloader_options": {"http_chunk_size": 10485760}, "format": "397 - 854x480 (480p)", "protocol": "https", "http_headers": {"User-Agent": "Mozilla/5.0 (Windows NT 10.0; Win64; x64) AppleWebKit/537.36 (KHTML, like Gecko) Chrome/74.0.3729.96 Safari/537.36", "Accept-Charset": "ISO-8859-1,utf-8;q=0.7,*;q=0.7", "Accept": "text/html,application/xhtml+xml,application/xml;q=0.9,*/*;q=0.8", "Accept-Encoding": "gzip, deflate", "Accept-Language": "en-us,en;q=0.5"}}, {"format_id": "243", "url": "https://r7---sn-ipoxu-u2xd.googlevideo.com/videoplayback?expire=1613157120&ei=oH4mYILfMa2Fs8IPqd2FqAs&ip=61.230.12.35&id=o-APY5u0wTB1CRnz6Nfe2bPbuG7Jdfc9pjD2GS5ZKUfW-i&itag=243&aitags=133%2C134%2C135%2C136%2C137%2C160%2C242%2C243%2C244%2C247%2C248%2C278%2C394%2C395%2C396%2C397&source=youtube&requiressl=yes&mh=CU&mm=31%2C29&mn=sn-ipoxu-u2xd%2Csn-un57sn7z&ms=au%2Crdu&mv=m&mvi=7&pl=21&initcwndbps=1000000&vprv=1&mime=video%2Fwebm&ns=GHcreIHEYKHnui9zoWUcjdIF&gir=yes&clen=45243635&dur=6960.520&lmt=1613040814229293&mt=1613135326&fvip=6&keepalive=yes&c=WEB&txp=1432434&n=nSQhbm61dQRrZt5lUa&sparams=expire%2Cei%2Cip%2Cid%2Caitags%2Csource%2Crequiressl%2Cvprv%2Cmime%2Cns%2Cgir%2Cclen%2Cdur%2Clmt&lsparams=mh%2Cmm%2Cmn%2Cms%2Cmv%2Cmvi%2Cpl%2Cinitcwndbps&lsig=AG3C_xAwRAIgKon3SmlUsI4ET7pCz8Ls160tMxe-aZltTdOYaonDVlcCIAFeRdktl3Am9mX56sKn3Q8DRQlnmuicmgAbUYC4OVyL&sig=AOq0QJ8wRQIgUsQf3RIeRvnA9HK5UNFUL_K5XZxofBPwaebPBqQnExgCIQCN6kW5ddXpKNWmSjJNLGHxPu8VuA98V0UYBAysV2M72Q==&ratebypass=yes", "player_url": "/s/player/490079fb/player_ias.vflset/en_US/base.js", "ext": "webm", "height": 360, "format_note": "360p", "vcodec": "vp9", "asr": null, "filesize": 45243635, "fps": 30, "tbr": 87.232, "width": 640, "acodec": "none", "downloader_options": {"http_chunk_size": 10485760}, "format": "243 - 640x360 (360p)", "protocol": "https", "http_headers": {"User-Agent": "Mozilla/5.0 (Windows NT 10.0; Win64; x64) AppleWebKit/537.36 (KHTML, like Gecko) Chrome/74.0.3729.96 Safari/537.36", "Accept-Charset": "ISO-8859-1,utf-8;q=0.7,*;q=0.7", "Accept": "text/html,application/xhtml+xml,application/xml;q=0.9,*/*;q=0.8", "Accept-Encoding": "gzip, deflate", "Accept-Language": "en-us,en;q=0.5"}}, {"format_id": "244", "url": "https://r7---sn-ipoxu-u2xd.googlevideo.com/videoplayback?expire=1613157120&ei=oH4mYILfMa2Fs8IPqd2FqAs&ip=61.230.12.35&id=o-APY5u0wTB1CRnz6Nfe2bPbuG7Jdfc9pjD2GS5ZKUfW-i&itag=244&aitags=133%2C134%2C135%2C136%2C137%2C160%2C242%2C243%2C244%2C247%2C248%2C278%2C394%2C395%2C396%2C397&source=youtube&requiressl=yes&mh=CU&mm=31%2C29&mn=sn-ipoxu-u2xd%2Csn-un57sn7z&ms=au%2Crdu&mv=m&mvi=7&pl=21&initcwndbps=1000000&vprv=1&mime=video%2Fwebm&ns=GHcreIHEYKHnui9zoWUcjdIF&gir=yes&clen=71200549&dur=6960.520&lmt=1613058715112317&mt=1613135326&fvip=6&keepalive=yes&c=WEB&txp=1432434&n=nSQhbm61dQRrZt5lUa&sparams=expire%2Cei%2Cip%2Cid%2Caitags%2Csource%2Crequiressl%2Cvprv%2Cmime%2Cns%2Cgir%2Cclen%2Cdur%2Clmt&lsparams=mh%2Cmm%2Cmn%2Cms%2Cmv%2Cmvi%2Cpl%2Cinitcwndbps&lsig=AG3C_xAwRAIgem46bqh4-r2Mqray_NCuGoAzANYo0D5WLmVPNBSH4eACIDWcFZpVS1_uqalAhVMHJepvwsvDkl6WcV2SnaMOOcTj&sig=AOq0QJ8wRQIhAIZ0nMYBE0k14WBvHbLQ4AlWeZvbodsoqI9c0MmW9u59AiBkJFE6C_EY7a8qw-_nisA7RKlfyypSvWIUMmUx3SfCMw==&ratebypass=yes", "player_url": "/s/player/490079fb/player_ias.vflset/en_US/base.js", "ext": "webm", "height": 480, "format_note": "480p", "vcodec": "vp9", "asr": null, "filesize": 71200549, "fps": 30, "tbr": 115.407, "width": 854, "acodec": "none", "downloader_options": {"http_chunk_size": 10485760}, "format": "244 - 854x480 (480p)", "protocol": "https", "http_headers": {"User-Agent": "Mozilla/5.0 (Windows NT 10.0; Win64; x64) AppleWebKit/537.36 (KHTML, like Gecko) Chrome/74.0.3729.96 Safari/537.36", "Accept-Charset": "ISO-8859-1,utf-8;q=0.7,*;q=0.7", "Accept": "text/html,application/xhtml+xml,application/xml;q=0.9,*/*;q=0.8", "Accept-Encoding": "gzip, deflate", "Accept-Language": "en-us,en;q=0.5"}}, {"format_id": "137", "url": "https://r7---sn-ipoxu-u2xd.googlevideo.com/videoplayback?expire=1613157120&ei=oH4mYILfMa2Fs8IPqd2FqAs&ip=61.230.12.35&id=o-APY5u0wTB1CRnz6Nfe2bPbuG7Jdfc9pjD2GS5ZKUfW-i&itag=137&aitags=133%2C134%2C135%2C136%2C137%2C160%2C242%2C243%2C244%2C247%2C248%2C278%2C394%2C395%2C396%2C397&source=youtube&requiressl=yes&mh=CU&mm=31%2C29&mn=sn-ipoxu-u2xd%2Csn-un57sn7z&ms=au%2Crdu&mv=m&mvi=7&pl=21&initcwndbps=1000000&vprv=1&mime=video%2Fmp4&ns=GHcreIHEYKHnui9zoWUcjdIF&gir=yes&clen=83883044&dur=6960.520&lmt=1613037851675240&mt=1613135326&fvip=6&keepalive=yes&c=WEB&txp=1432434&n=nSQhbm61dQRrZt5lUa&sparams=expire%2Cei%2Cip%2Cid%2Caitags%2Csource%2Crequiressl%2Cvprv%2Cmime%2Cns%2Cgir%2Cclen%2Cdur%2Clmt&lsparams=mh%2Cmm%2Cmn%2Cms%2Cmv%2Cmvi%2Cpl%2Cinitcwndbps&lsig=AG3C_xAwRAIgQfPOY4ig53HQ95w35BpavjLByXz_nCOGM9vN_j-ZJNoCIAXTfLqhvESt-yfS-gYpPqGVAyTXnZX3fN-VuamvCTp5&sig=AOq0QJ8wRgIhAMtJX6LwtT45LxbaV75cLwEuAoKGsQrNhYXPaduDJ_GJAiEAylc5vYYqwZEDn75ZiYRhFT5C0evRU1aYU_Y1W3AT2B8=&ratebypass=yes", "player_url": "/s/player/490079fb/player_ias.vflset/en_US/base.js", "ext": "mp4", "height": 1080, "format_note": "1080p", "vcodec": "avc1.640028", "asr": null, "filesize": 83883044, "fps": 30, "tbr": 144.784, "width": 1920, "acodec": "none", "downloader_options": {"http_chunk_size": 10485760}, "format": "137 - 1920x1080 (1080p)", "protocol": "https", "http_headers": {"User-Agent": "Mozilla/5.0 (Windows NT 10.0; Win64; x64) AppleWebKit/537.36 (KHTML, like Gecko) Chrome/74.0.3729.96 Safari/537.36", "Accept-Charset": "ISO-8859-1,utf-8;q=0.7,*;q=0.7", "Accept": "text/html,application/xhtml+xml,application/xml;q=0.9,*/*;q=0.8", "Accept-Encoding": "gzip, deflate", "Accept-Language": "en-us,en;q=0.5"}}, {"format_id": "247", "url": "https://r7---sn-ipoxu-u2xd.googlevideo.com/videoplayback?expire=1613157120&ei=oH4mYILfMa2Fs8IPqd2FqAs&ip=61.230.12.35&id=o-APY5u0wTB1CRnz6Nfe2bPbuG7Jdfc9pjD2GS5ZKUfW-i&itag=247&aitags=133%2C134%2C135%2C136%2C137%2C160%2C242%2C243%2C244%2C247%2C248%2C278%2C394%2C395%2C396%2C397&source=youtube&requiressl=yes&mh=CU&mm=31%2C29&mn=sn-ipoxu-u2xd%2Csn-un57sn7z&ms=au%2Crdu&mv=m&mvi=7&pl=21&initcwndbps=1000000&vprv=1&mime=video%2Fwebm&ns=GHcreIHEYKHnui9zoWUcjdIF&gir=yes&clen=131175978&dur=6960.520&lmt=1613040910036139&mt=1613135326&fvip=6&keepalive=yes&c=WEB&txp=1432434&n=nSQhbm61dQRrZt5lUa&sparams=expire%2Cei%2Cip%2Cid%2Caitags%2Csource%2Crequiressl%2Cvprv%2Cmime%2Cns%2Cgir%2Cclen%2Cdur%2Clmt&lsparams=mh%2Cmm%2Cmn%2Cms%2Cmv%2Cmvi%2Cpl%2Cinitcwndbps&lsig=AG3C_xAwRgIhAK3FgzJzGlFRrv8M2olGvOXpnz3YrfLeqJy0hD7YGjIHAiEAvyVibYgEhnrX-keilR6pxqzJyC67xPEG8_LveCzMn9U%3D&sig=AOq0QJ8wRQIhAMFZSnb2yAiedfG-zmB1QcSokicLWi0U-XwNkVeX0ELoAiBhFbkMPUQBXMpuPCk3BRAeRR8HbBsnDMEG2ychvUsytg==&ratebypass=yes", "player_url": "/s/player/490079fb/player_ias.vflset/en_US/base.js", "ext": "webm", "height": 720, "format_note": "720p", "vcodec": "vp9", "asr": null, "filesize": 131175978, "fps": 30, "tbr": 181.711, "width": 1280, "acodec": "none", "downloader_options": {"http_chunk_size": 10485760}, "format": "247 - 1280x720 (720p)", "protocol": "https", "http_headers": {"User-Agent": "Mozilla/5.0 (Windows NT 10.0; Win64; x64) AppleWebKit/537.36 (KHTML, like Gecko) Chrome/74.0.3729.96 Safari/537.36", "Accept-Charset": "ISO-8859-1,utf-8;q=0.7,*;q=0.7", "Accept": "text/html,application/xhtml+xml,application/xml;q=0.9,*/*;q=0.8", "Accept-Encoding": "gzip, deflate", "Accept-Language": "en-us,en;q=0.5"}}, {"format_id": "248", "url": "https://r7---sn-ipoxu-u2xd.googlevideo.com/videoplayback?expire=1613157120&ei=oH4mYILfMa2Fs8IPqd2FqAs&ip=61.230.12.35&id=o-APY5u0wTB1CRnz6Nfe2bPbuG7Jdfc9pjD2GS5ZKUfW-i&itag=248&aitags=133%2C134%2C135%2C136%2C137%2C160%2C242%2C243%2C244%2C247%2C248%2C278%2C394%2C395%2C396%2C397&source=youtube&requiressl=yes&mh=CU&mm=31%2C29&mn=sn-ipoxu-u2xd%2Csn-un57sn7z&ms=au%2Crdu&mv=m&mvi=7&pl=21&initcwndbps=1000000&vprv=1&mime=video%2Fwebm&ns=GHcreIHEYKHnui9zoWUcjdIF&gir=yes&clen=224719622&dur=6960.520&lmt=1613038321225806&mt=1613135326&fvip=6&keepalive=yes&c=WEB&txp=1432434&n=nSQhbm61dQRrZt5lUa&sparams=expire%2Cei%2Cip%2Cid%2Caitags%2Csource%2Crequiressl%2Cvprv%2Cmime%2Cns%2Cgir%2Cclen%2Cdur%2Clmt&lsparams=mh%2Cmm%2Cmn%2Cms%2Cmv%2Cmvi%2Cpl%2Cinitcwndbps&lsig=AG3C_xAwRQIhAM8UN0xG7IskMFYxj5j5RHcgGRqiaix6vfXZ-fDAdKaqAiBFvhyb1iO3dOPDwPsBx6VoXMOeZzkO_0xTA1GKoEVgJw%3D%3D&sig=AOq0QJ8wRgIhANwJyvsD3DGE0HObAE2paecX8frR803Ya_OF1_17XeakAiEAy_Gi1vWtYNZo7iGZtqh8604qjLsd8FFPkxu-zAFdwgY=&ratebypass=yes", "player_url": "/s/player/490079fb/player_ias.vflset/en_US/base.js", "ext": "webm", "height": 1080, "format_note": "1080p", "vcodec": "vp9", "asr": null, "filesize": 224719622, "fps": 30, "tbr": 305.221, "width": 1920, "acodec": "none", "downloader_options": {"http_chunk_size": 10485760}, "format": "248 - 1920x1080 (1080p)", "protocol": "https", "http_headers": {"User-Agent": "Mozilla/5.0 (Windows NT 10.0; Win64; x64) AppleWebKit/537.36 (KHTML, like Gecko) Chrome/74.0.3729.96 Safari/537.36", "Accept-Charset": "ISO-8859-1,utf-8;q=0.7,*;q=0.7", "Accept": "text/html,application/xhtml+xml,application/xml;q=0.9,*/*;q=0.8", "Accept-Encoding": "gzip, deflate", "Accept-Language": "en-us,en;q=0.5"}}, {"format_id": "18", "url": "https://r7---sn-ipoxu-u2xd.googlevideo.com/videoplayback?expire=1613157120&ei=oH4mYILfMa2Fs8IPqd2FqAs&ip=61.230.12.35&id=o-APY5u0wTB1CRnz6Nfe2bPbuG7Jdfc9pjD2GS5ZKUfW-i&itag=18&source=youtube&requiressl=yes&mh=CU&mm=31%2C29&mn=sn-ipoxu-u2xd%2Csn-un57sn7z&ms=au%2Crdu&mv=m&mvi=7&pl=21&initcwndbps=1000000&vprv=1&mime=video%2Fmp4&ns=wxJZ1pqNNargPfnZC4gKD2oF&gir=yes&clen=141954094&ratebypass=yes&dur=6960.576&lmt=1613037641088158&mt=1613135326&fvip=6&c=WEB&txp=1430434&n=nZSJ6a5DosGq98wLZ5&sparams=expire%2Cei%2Cip%2Cid%2Citag%2Csource%2Crequiressl%2Cvprv%2Cmime%2Cns%2Cgir%2Cclen%2Cratebypass%2Cdur%2Clmt&lsparams=mh%2Cmm%2Cmn%2Cms%2Cmv%2Cmvi%2Cpl%2Cinitcwndbps&lsig=AG3C_xAwRQIhAOEL1Ad5kVQ4PHvFh2i4697ueN9Rjh9IeLcZOeHM-3-wAiBnTntjl12k6jpdHx-mqOe4V8EbDzuLCUJGzi2Omq0Wpg%3D%3D&sig=AOq0QJ8wRAIgecidW1w2PcPNxU-diJ9ur-Tw42-c6Xc8jd7M67AHHAQCIBLtoUiS1fTbs4EEwd8VbY-s2at3Qo2P3DeUfHzFURsv", "player_url": "/s/player/490079fb/player_ias.vflset/en_US/base.js", "ext": "mp4", "width": 640, "height": 360, "acodec": "mp4a.40.2", "abr": 96, "vcodec": "avc1.42001E", "asr": 44100, "filesize": 141954094, "format_note": "360p", "fps": 30, "tbr": 163.153, "format": "18 - 640x360 (360p)", "protocol": "https", "http_headers": {"User-Agent": "Mozilla/5.0 (Windows NT 10.0; Win64; x64) AppleWebKit/537.36 (KHTML, like Gecko) Chrome/74.0.3729.96 Safari/537.36", "Accept-Charset": "ISO-8859-1,utf-8;q=0.7,*;q=0.7", "Accept": "text/html,application/xhtml+xml,application/xml;q=0.9,*/*;q=0.8", "Accept-Encoding": "gzip, deflate", "Accept-Language": "en-us,en;q=0.5"}}], "is_live": null, "start_time": null, "end_time": null, "series": null, "season_number": null, "episode_number": null, "track": null, "artist": null, "album": null, "release_date": null, "release_year": null, "extractor": "youtube", "webpage_url_basename": "watch", "extractor_key": "Youtube", "playlist": null, "playlist_index": null, "thumbnail": "https://i.ytimg.com/vi_webp/bIx4DwkZxFY/maxresdefault.webp", "display_id": "bIx4DwkZxFY", "requested_subtitles": null, "format_id": "251", "url": "https://r7---sn-ipoxu-u2xd.googlevideo.com/videoplayback?expire=1613157120&ei=oH4mYILfMa2Fs8IPqd2FqAs&ip=61.230.12.35&id=o-APY5u0wTB1CRnz6Nfe2bPbuG7Jdfc9pjD2GS5ZKUfW-i&itag=251&source=youtube&requiressl=yes&mh=CU&mm=31%2C29&mn=sn-ipoxu-u2xd%2Csn-un57sn7z&ms=au%2Crdu&mv=m&mvi=7&pl=21&initcwndbps=1000000&vprv=1&mime=audio%2Fwebm&ns=GHcreIHEYKHnui9zoWUcjdIF&gir=yes&clen=136308633&dur=6960.541&lmt=1613033463635953&mt=1613135326&fvip=6&keepalive=yes&c=WEB&txp=1432434&n=nSQhbm61dQRrZt5lUa&sparams=expire%2Cei%2Cip%2Cid%2Citag%2Csource%2Crequiressl%2Cvprv%2Cmime%2Cns%2Cgir%2Cclen%2Cdur%2Clmt&lsparams=mh%2Cmm%2Cmn%2Cms%2Cmv%2Cmvi%2Cpl%2Cinitcwndbps&lsig=AG3C_xAwRAIgYSqO6yNlATn-Wyq1cEKT41kS6RjAZ9z8xVkBZtpDcqECIAsO5oYuwi_pSz6Fpa_nrqzjk1V2HbvL8-aWQkhpXonh&sig=AOq0QJ8wRAIgdRz8yNcY6CNXAvO_r9aZH_1jhrFmeTrAjyvUB9vKMKwCIE5sCf3PWgQbkT3k0Illj_b8e-4wyBTysgqJGL5Kbebs&ratebypass=yes", "player_url": "/s/player/490079fb/player_ias.vflset/en_US/base.js", "ext": "webm", "format_note": "tiny", "acodec": "opus", "abr": 160, "asr": 48000, "filesize": 136308633, "fps": null, "height": null, "tbr": 173.838, "width": null, "vcodec": "none", "downloader_options": {"http_chunk_size": 10485760}, "format": "251 - audio only (tiny)", "protocol": "https", "http_headers": {"User-Agent": "Mozilla/5.0 (Windows NT 10.0; Win64; x64) AppleWebKit/537.36 (KHTML, like Gecko) Chrome/74.0.3729.96 Safari/537.36", "Accept-Charset": "ISO-8859-1,utf-8;q=0.7,*;q=0.7", "Accept": "text/html,application/xhtml+xml,application/xml;q=0.9,*/*;q=0.8", "Accept-Encoding": "gzip, deflate", "Accept-Language": "en-us,en;q=0.5"}}