{"id": "BI88BeH7J98", "uploader": "Funguypiano", "uploader_id": "Funguypiano", "uploader_url": "http://www.youtube.com/user/Funguypiano", "channel_id": "UCBlkpX--7ZD73URbSC1oWRw", "channel_url": "http://www.youtube.com/channel/UCBlkpX--7ZD73URbSC1oWRw", "upload_date": "20201027", "license": null, "creator": "Funguypiano", "title": "BTS \ubc29\ud0c4\uc18c\ub144\ub2e8\u300cDynamite\u300d Piano Cover", "alt_title": "BTS - Dynamite", "thumbnails": [{"url": "https://i.ytimg.com/vi/BI88BeH7J98/hqdefault.jpg?sqp=-oaymwEYCKgBEF5IVfKriqkDCwgBFQAAiEIYAXAB&rs=AOn4CLBlGqbZlhB7VTj5VQFjOg8HWal-1Q", "width": 168, "height": 94, "resolution": "168x94", "id": "0"}, {"url": "https://i.ytimg.com/vi/BI88BeH7J98/hqdefault.jpg?sqp=-oaymwEYCMQBEG5IVfKriqkDCwgBFQAAiEIYAXAB&rs=AOn4CLCq4AniofF3dazdl6MS98gz11uIyw", "width": 196, "height": 110, "resolution": "196x110", "id": "1"}, {"url": "https://i.ytimg.com/vi/BI88BeH7J98/hqdefault.jpg?sqp=-oaymwEZCPYBEIoBSFXyq4qpAwsIARUAAIhCGAFwAQ==&rs=AOn4CLC2DU-LnPFJQvmr14gpCm0Ww9QAvQ", "width": 246, "height": 138, "resolution": "246x138", "id": "2"}, {"url": "https://i.ytimg.com/vi/BI88BeH7J98/hqdefault.jpg?sqp=-oaymwEZCNACELwBSFXyq4qpAwsIARUAAIhCGAFwAQ==&rs=AOn4CLAz7-li83LD3Lubw0moY1eJ-Ar_VQ", "width": 336, "height": 188, "resolution": "336x188", "id": "3"}, {"url": "https://i.ytimg.com/vi_webp/BI88BeH7J98/maxresdefault.webp", "width": 1920, "height": 1080, "resolution": "1920x1080", "id": "4"}], "description": "Another arrangement I did a while ago - BTS's Dynamite! Enjoy! \u3065\uffe3 \u00b3\uffe3)\u3065 \n\n\u2022\u2022 \u2501\u2501\u2501\u2501\u2501 \u0669(\u0e51\u00f2\u03c9\u00f3\u0e51)\u06f6\u2501\u2501\u2501\u2501\u2501 \u2022\u2022\n\u266a Sheet Music & Midi: https://funguypiano.com/\n\u266a Spotify: https://spoti.fi/2w3rfR6\n\u266a iTunes / Apple Music: https://apple.co/2BE74yB\n\u266a Piano Tutorial Channel: https://bit.ly/2Thi8Yr\n\u266a Patreon: https://patreon.com/funguypiano\n\u266a Learn Piano: https://tinyurl.com/funguy-flowkey\n\u266a Instagram: https://www.instagram.com/funguypiano/\n\u266a About Me / Set-up / FAQ: https://linktr.ee/funguypiano\n\n#BTS #Dynamite #Piano", "categories": ["Music"], "tags": null, "subtitles": {}, "automatic_captions": {}, "duration": 309, "age_limit": 0, "annotations": null, "chapters": null, "webpage_url": "https://www.youtube.com/watch?v=BI88BeH7J98", "view_count": 64376, "like_count": 4209, "dislike_count": 18, "average_rating": 4.9829664, "formats": [{"format_id": "249", "url": "https://r5---sn-5njj-u2xl.googlevideo.com/videoplayback?expire=1611763266&ei=4jkRYKupKP6A1d8Pq8awyAw&ip=140.109.135.76&id=o-AONHkl7hEoxymyoRbXz6HitBbFTDR2nBEwhz0p4OmlOz&itag=249&source=youtube&requiressl=yes&mh=ug&mm=31%2C29&mn=sn-5njj-u2xl%2Csn-un57sn7s&ms=au%2Crdu&mv=m&mvi=5&pl=16&initcwndbps=730000&vprv=1&mime=audio%2Fwebm&ns=fn4fhANVx1ZnWuyZqWsv6EMF&gir=yes&clen=2187477&dur=309.141&lmt=1603804566923967&mt=1611740913&fvip=5&keepalive=yes&c=WEB&txp=5432434&n=_6irVO-NTphJJd6fxHE1&sparams=expire%2Cei%2Cip%2Cid%2Citag%2Csource%2Crequiressl%2Cvprv%2Cmime%2Cns%2Cgir%2Cclen%2Cdur%2Clmt&lsparams=mh%2Cmm%2Cmn%2Cms%2Cmv%2Cmvi%2Cpl%2Cinitcwndbps&lsig=AG3C_xAwRAIgNLEPyBDmEy8Okdg_QXnHuVo8qtXx4SoDa4hu6TQlkEICIGjxC2xJGUIqsbXVsgUo5MnvHOayqWQjMc3t8jet40mw&sig=AOq0QJ8wRgIhALQitpNxk7Y862EoU9WrG1MT8fRhFIjIy1N4l-tjxuosAiEA-0AlcRBBtS16tdtdNiMBKW0Iaocl58_xux-d15xI33M=&ratebypass=yes", "player_url": "/s/player/c6df6ed7/player_ias.vflset/en_US/base.js", "ext": "webm", "format_note": "tiny", "acodec": "opus", "abr": 50, "asr": 48000, "filesize": 2187477, "fps": null, "height": null, "tbr": 65.17, "width": null, "vcodec": "none", "downloader_options": {"http_chunk_size": 10485760}, "format": "249 - audio only (tiny)", "protocol": "https", "http_headers": {"User-Agent": "Mozilla/5.0 (Windows NT 10.0; Win64; x64) AppleWebKit/537.36 (KHTML, like Gecko) Chrome/72.0.3626.85 Safari/537.36", "Accept-Charset": "ISO-8859-1,utf-8;q=0.7,*;q=0.7", "Accept": "text/html,application/xhtml+xml,application/xml;q=0.9,*/*;q=0.8", "Accept-Encoding": "gzip, deflate", "Accept-Language": "en-us,en;q=0.5"}}, {"format_id": "250", "url": "https://r5---sn-5njj-u2xl.googlevideo.com/videoplayback?expire=1611763266&ei=4jkRYKupKP6A1d8Pq8awyAw&ip=140.109.135.76&id=o-AONHkl7hEoxymyoRbXz6HitBbFTDR2nBEwhz0p4OmlOz&itag=250&source=youtube&requiressl=yes&mh=ug&mm=31%2C29&mn=sn-5njj-u2xl%2Csn-un57sn7s&ms=au%2Crdu&mv=m&mvi=5&pl=16&initcwndbps=730000&vprv=1&mime=audio%2Fwebm&ns=fn4fhANVx1ZnWuyZqWsv6EMF&gir=yes&clen=2869653&dur=309.141&lmt=1603804584586928&mt=1611740913&fvip=5&keepalive=yes&c=WEB&txp=5432434&n=_6irVO-NTphJJd6fxHE1&sparams=expire%2Cei%2Cip%2Cid%2Citag%2Csource%2Crequiressl%2Cvprv%2Cmime%2Cns%2Cgir%2Cclen%2Cdur%2Clmt&lsparams=mh%2Cmm%2Cmn%2Cms%2Cmv%2Cmvi%2Cpl%2Cinitcwndbps&lsig=AG3C_xAwRQIgDUlToH0C6dwrY7K-NFgqr8G0DaTtrkA0k8-UnQXQ83gCIQC8YhHw1D5rH-ghCuGdsMMwFtjoLSL10FP0WXYkKwF5Cw%3D%3D&sig=AOq0QJ8wRAIgOZiFMaWEc-swcW1M18sA7_UkdPO0e11BG5Qd9yaVs9YCICrokkK-o7C7GYh-ZYwskQDrO781M_IA2A34PEFsqxvD&ratebypass=yes", "player_url": "/s/player/c6df6ed7/player_ias.vflset/en_US/base.js", "ext": "webm", "format_note": "tiny", "acodec": "opus", "abr": 70, "asr": 48000, "filesize": 2869653, "fps": null, "height": null, "tbr": 83.65, "width": null, "vcodec": "none", "downloader_options": {"http_chunk_size": 10485760}, "format": "250 - audio only (tiny)", "protocol": "https", "http_headers": {"User-Agent": "Mozilla/5.0 (Windows NT 10.0; Win64; x64) AppleWebKit/537.36 (KHTML, like Gecko) Chrome/72.0.3626.85 Safari/537.36", "Accept-Charset": "ISO-8859-1,utf-8;q=0.7,*;q=0.7", "Accept": "text/html,application/xhtml+xml,application/xml;q=0.9,*/*;q=0.8", "Accept-Encoding": "gzip, deflate", "Accept-Language": "en-us,en;q=0.5"}}, {"format_id": "140", "url": "https://r5---sn-5njj-u2xl.googlevideo.com/videoplayback?expire=1611763266&ei=4jkRYKupKP6A1d8Pq8awyAw&ip=140.109.135.76&id=o-AONHkl7hEoxymyoRbXz6HitBbFTDR2nBEwhz0p4OmlOz&itag=140&source=youtube&requiressl=yes&mh=ug&mm=31%2C29&mn=sn-5njj-u2xl%2Csn-un57sn7s&ms=au%2Crdu&mv=m&mvi=5&pl=16&initcwndbps=730000&vprv=1&mime=audio%2Fmp4&ns=fn4fhANVx1ZnWuyZqWsv6EMF&gir=yes&clen=5004656&dur=309.173&lmt=1603804733021286&mt=1611740913&fvip=5&keepalive=yes&c=WEB&txp=5432434&n=_6irVO-NTphJJd6fxHE1&sparams=expire%2Cei%2Cip%2Cid%2Citag%2Csource%2Crequiressl%2Cvprv%2Cmime%2Cns%2Cgir%2Cclen%2Cdur%2Clmt&lsparams=mh%2Cmm%2Cmn%2Cms%2Cmv%2Cmvi%2Cpl%2Cinitcwndbps&lsig=AG3C_xAwRQIgc9ASND_1T0BWAUF2MjRL_zNn6QcQ9pSHLGMyQq5V6esCIQCqIAwyN49X6-TFmshJCXJ9tS0fOIhxLAM5bIzKROHJSw%3D%3D&sig=AOq0QJ8wRQIhAIBFvnXWvPRVHpXM-fRmDeAdQ9fKFPF00-q4AgWsnwhYAiABNuFwRv-jZBx6frY9hXY6T13pQNG5QJCpQd5JwtOZCg==&ratebypass=yes", "player_url": "/s/player/c6df6ed7/player_ias.vflset/en_US/base.js", "ext": "m4a", "format_note": "tiny", "acodec": "mp4a.40.2", "abr": 128, "container": "m4a_dash", "asr": 44100, "filesize": 5004656, "fps": null, "height": null, "tbr": 130.561, "width": null, "vcodec": "none", "downloader_options": {"http_chunk_size": 10485760}, "format": "140 - audio only (tiny)", "protocol": "https", "http_headers": {"User-Agent": "Mozilla/5.0 (Windows NT 10.0; Win64; x64) AppleWebKit/537.36 (KHTML, like Gecko) Chrome/72.0.3626.85 Safari/537.36", "Accept-Charset": "ISO-8859-1,utf-8;q=0.7,*;q=0.7", "Accept": "text/html,application/xhtml+xml,application/xml;q=0.9,*/*;q=0.8", "Accept-Encoding": "gzip, deflate", "Accept-Language": "en-us,en;q=0.5"}}, {"format_id": "251", "url": "https://r5---sn-5njj-u2xl.googlevideo.com/videoplayback?expire=1611763266&ei=4jkRYKupKP6A1d8Pq8awyAw&ip=140.109.135.76&id=o-AONHkl7hEoxymyoRbXz6HitBbFTDR2nBEwhz0p4OmlOz&itag=251&source=youtube&requiressl=yes&mh=ug&mm=31%2C29&mn=sn-5njj-u2xl%2Csn-un57sn7s&ms=au%2Crdu&mv=m&mvi=5&pl=16&initcwndbps=730000&vprv=1&mime=audio%2Fwebm&ns=fn4fhANVx1ZnWuyZqWsv6EMF&gir=yes&clen=5706610&dur=309.141&lmt=1603804638495007&mt=1611740913&fvip=5&keepalive=yes&c=WEB&txp=5432434&n=_6irVO-NTphJJd6fxHE1&sparams=expire%2Cei%2Cip%2Cid%2Citag%2Csource%2Crequiressl%2Cvprv%2Cmime%2Cns%2Cgir%2Cclen%2Cdur%2Clmt&lsparams=mh%2Cmm%2Cmn%2Cms%2Cmv%2Cmvi%2Cpl%2Cinitcwndbps&lsig=AG3C_xAwRgIhAIDJyGf8WI7djUXIDMhbBInQ3jDAmq0NHEMstQqzDHMeAiEAwdB0DIAco8q_ZMjOcmi6JDlzUjm8yoCRpCd_-bk1nCk%3D&sig=AOq0QJ8wRQIhAPEek5RSY32f7xUqRwggw4QbA0b7J8gArlu7yrLYwvoDAiBN_Y60u5hbIJSVvJ9H0Vak4Qy6Xy5-arbIKuBLjzdi9g==&ratebypass=yes", "player_url": "/s/player/c6df6ed7/player_ias.vflset/en_US/base.js", "ext": "webm", "format_note": "tiny", "acodec": "opus", "abr": 160, "asr": 48000, "filesize": 5706610, "fps": null, "height": null, "tbr": 159.532, "width": null, "vcodec": "none", "downloader_options": {"http_chunk_size": 10485760}, "format": "251 - audio only (tiny)", "protocol": "https", "http_headers": {"User-Agent": "Mozilla/5.0 (Windows NT 10.0; Win64; x64) AppleWebKit/537.36 (KHTML, like Gecko) Chrome/72.0.3626.85 Safari/537.36", "Accept-Charset": "ISO-8859-1,utf-8;q=0.7,*;q=0.7", "Accept": "text/html,application/xhtml+xml,application/xml;q=0.9,*/*;q=0.8", "Accept-Encoding": "gzip, deflate", "Accept-Language": "en-us,en;q=0.5"}}, {"format_id": "160", "url": "https://r5---sn-5njj-u2xl.googlevideo.com/videoplayback?expire=1611763266&ei=4jkRYKupKP6A1d8Pq8awyAw&ip=140.109.135.76&id=o-AONHkl7hEoxymyoRbXz6HitBbFTDR2nBEwhz0p4OmlOz&itag=160&aitags=133%2C134%2C135%2C136%2C137%2C160%2C242%2C243%2C244%2C247%2C248%2C278&source=youtube&requiressl=yes&mh=ug&mm=31%2C29&mn=sn-5njj-u2xl%2Csn-un57sn7s&ms=au%2Crdu&mv=m&mvi=5&pl=16&initcwndbps=730000&vprv=1&mime=video%2Fmp4&ns=fn4fhANVx1ZnWuyZqWsv6EMF&gir=yes&clen=1696537&dur=309.100&lmt=1603814023340865&mt=1611740913&fvip=5&keepalive=yes&c=WEB&txp=5432434&n=_6irVO-NTphJJd6fxHE1&sparams=expire%2Cei%2Cip%2Cid%2Caitags%2Csource%2Crequiressl%2Cvprv%2Cmime%2Cns%2Cgir%2Cclen%2Cdur%2Clmt&lsparams=mh%2Cmm%2Cmn%2Cms%2Cmv%2Cmvi%2Cpl%2Cinitcwndbps&lsig=AG3C_xAwRQIgY6b98rytRPhs2FBV_0Ymu2-2qvn_raX1Cdj33DshV5sCIQDmKkF2hNJbQ3CPM9chKJgEAKqs8WXTSddK_ugAB0Pl7A%3D%3D&sig=AOq0QJ8wRQIhAMHXW0r6OFGi04iKrgN4osALgFli3eJPhRvrASKkveEsAiBNCc3ycQPWqNS5wEBsLfLCzN7lFfGMU8ATzXFIuPkvVA==&ratebypass=yes", "player_url": "/s/player/c6df6ed7/player_ias.vflset/en_US/base.js", "ext": "mp4", "height": 144, "format_note": "144p", "vcodec": "avc1.4d400c", "asr": null, "filesize": 1696537, "fps": 30, "tbr": 55.243, "width": 256, "acodec": "none", "downloader_options": {"http_chunk_size": 10485760}, "format": "160 - 256x144 (144p)", "protocol": "https", "http_headers": {"User-Agent": "Mozilla/5.0 (Windows NT 10.0; Win64; x64) AppleWebKit/537.36 (KHTML, like Gecko) Chrome/72.0.3626.85 Safari/537.36", "Accept-Charset": "ISO-8859-1,utf-8;q=0.7,*;q=0.7", "Accept": "text/html,application/xhtml+xml,application/xml;q=0.9,*/*;q=0.8", "Accept-Encoding": "gzip, deflate", "Accept-Language": "en-us,en;q=0.5"}}, {"format_id": "278", "url": "https://r5---sn-5njj-u2xl.googlevideo.com/videoplayback?expire=1611763266&ei=4jkRYKupKP6A1d8Pq8awyAw&ip=140.109.135.76&id=o-AONHkl7hEoxymyoRbXz6HitBbFTDR2nBEwhz0p4OmlOz&itag=278&aitags=133%2C134%2C135%2C136%2C137%2C160%2C242%2C243%2C244%2C247%2C248%2C278&source=youtube&requiressl=yes&mh=ug&mm=31%2C29&mn=sn-5njj-u2xl%2Csn-un57sn7s&ms=au%2Crdu&mv=m&mvi=5&pl=16&initcwndbps=730000&vprv=1&mime=video%2Fwebm&ns=fn4fhANVx1ZnWuyZqWsv6EMF&gir=yes&clen=2760300&dur=309.100&lmt=1603825689317065&mt=1611740913&fvip=5&keepalive=yes&c=WEB&txp=5432434&n=_6irVO-NTphJJd6fxHE1&sparams=expire%2Cei%2Cip%2Cid%2Caitags%2Csource%2Crequiressl%2Cvprv%2Cmime%2Cns%2Cgir%2Cclen%2Cdur%2Clmt&lsparams=mh%2Cmm%2Cmn%2Cms%2Cmv%2Cmvi%2Cpl%2Cinitcwndbps&lsig=AG3C_xAwRAIgH68qCiiaR9zD3r12_c0XsuokmMjZNRE-QnW8qM8pASsCIAe-pg3tAXpBDlMqjlquZooF21aT0JGIwaFCpzoQX456&sig=AOq0QJ8wRAIgB4WeXwaPIfjegbLpF3UrEZsrUu7pzS_BiR6z_7j-_scCIFT1xmXbNQaFAEP_PXi6tT4ygN3UO8ALRFWkWDaIg6Y4&ratebypass=yes", "player_url": "/s/player/c6df6ed7/player_ias.vflset/en_US/base.js", "ext": "webm", "height": 144, "format_note": "144p", "container": "webm", "vcodec": "vp9", "asr": null, "filesize": 2760300, "fps": 30, "tbr": 85.828, "width": 256, "acodec": "none", "downloader_options": {"http_chunk_size": 10485760}, "format": "278 - 256x144 (144p)", "protocol": "https", "http_headers": {"User-Agent": "Mozilla/5.0 (Windows NT 10.0; Win64; x64) AppleWebKit/537.36 (KHTML, like Gecko) Chrome/72.0.3626.85 Safari/537.36", "Accept-Charset": "ISO-8859-1,utf-8;q=0.7,*;q=0.7", "Accept": "text/html,application/xhtml+xml,application/xml;q=0.9,*/*;q=0.8", "Accept-Encoding": "gzip, deflate", "Accept-Language": "en-us,en;q=0.5"}}, {"format_id": "133", "url": "https://r5---sn-5njj-u2xl.googlevideo.com/videoplayback?expire=1611763266&ei=4jkRYKupKP6A1d8Pq8awyAw&ip=140.109.135.76&id=o-AONHkl7hEoxymyoRbXz6HitBbFTDR2nBEwhz0p4OmlOz&itag=133&aitags=133%2C134%2C135%2C136%2C137%2C160%2C242%2C243%2C244%2C247%2C248%2C278&source=youtube&requiressl=yes&mh=ug&mm=31%2C29&mn=sn-5njj-u2xl%2Csn-un57sn7s&ms=au%2Crdu&mv=m&mvi=5&pl=16&initcwndbps=730000&vprv=1&mime=video%2Fmp4&ns=fn4fhANVx1ZnWuyZqWsv6EMF&gir=yes&clen=3482547&dur=309.100&lmt=1603814026086222&mt=1611740913&fvip=5&keepalive=yes&c=WEB&txp=5432434&n=_6irVO-NTphJJd6fxHE1&sparams=expire%2Cei%2Cip%2Cid%2Caitags%2Csource%2Crequiressl%2Cvprv%2Cmime%2Cns%2Cgir%2Cclen%2Cdur%2Clmt&lsparams=mh%2Cmm%2Cmn%2Cms%2Cmv%2Cmvi%2Cpl%2Cinitcwndbps&lsig=AG3C_xAwRQIgGIXzHDWc7IOV9EIinQTnNsFPSCG-UElJxFFQhwHqFdgCIQD6ykhtK8qsl8bDtilOC5aJqmv3_E_Fhjww1cinFo2vgg%3D%3D&sig=AOq0QJ8wRQIgCV-85IWk1G7VYjcL_L1qq4ryTymqRDJVKo9I-zPmimECIQCk9uoJNtp7gNL94v2h7VMEuGjdG1WeCeJcEstIrrSKAg==&ratebypass=yes", "player_url": "/s/player/c6df6ed7/player_ias.vflset/en_US/base.js", "ext": "mp4", "height": 240, "format_note": "240p", "vcodec": "avc1.4d4015", "asr": null, "filesize": 3482547, "fps": 30, "tbr": 112.945, "width": 426, "acodec": "none", "downloader_options": {"http_chunk_size": 10485760}, "format": "133 - 426x240 (240p)", "protocol": "https", "http_headers": {"User-Agent": "Mozilla/5.0 (Windows NT 10.0; Win64; x64) AppleWebKit/537.36 (KHTML, like Gecko) Chrome/72.0.3626.85 Safari/537.36", "Accept-Charset": "ISO-8859-1,utf-8;q=0.7,*;q=0.7", "Accept": "text/html,application/xhtml+xml,application/xml;q=0.9,*/*;q=0.8", "Accept-Encoding": "gzip, deflate", "Accept-Language": "en-us,en;q=0.5"}}, {"format_id": "242", "url": "https://r5---sn-5njj-u2xl.googlevideo.com/videoplayback?expire=1611763266&ei=4jkRYKupKP6A1d8Pq8awyAw&ip=140.109.135.76&id=o-AONHkl7hEoxymyoRbXz6HitBbFTDR2nBEwhz0p4OmlOz&itag=242&aitags=133%2C134%2C135%2C136%2C137%2C160%2C242%2C243%2C244%2C247%2C248%2C278&source=youtube&requiressl=yes&mh=ug&mm=31%2C29&mn=sn-5njj-u2xl%2Csn-un57sn7s&ms=au%2Crdu&mv=m&mvi=5&pl=16&initcwndbps=730000&vprv=1&mime=video%2Fwebm&ns=fn4fhANVx1ZnWuyZqWsv6EMF&gir=yes&clen=5538301&dur=309.100&lmt=1603825689317008&mt=1611740913&fvip=5&keepalive=yes&c=WEB&txp=5432434&n=_6irVO-NTphJJd6fxHE1&sparams=expire%2Cei%2Cip%2Cid%2Caitags%2Csource%2Crequiressl%2Cvprv%2Cmime%2Cns%2Cgir%2Cclen%2Cdur%2Clmt&lsparams=mh%2Cmm%2Cmn%2Cms%2Cmv%2Cmvi%2Cpl%2Cinitcwndbps&lsig=AG3C_xAwRAIgM2gzIboDL-O87gnRcXMFbfR68htjVy6SKELSjjdAH-QCIBMvxHfSSejG0biKnNWDkMiturt69nCeLJADIaMTHmJy&sig=AOq0QJ8wRAIgDtQ4uG79O5BeP5PzxvmcXKO3JlGP1m950RSE2Y6if6ACIGKfYFAzjUNB5un3wYTt6raxq7Z4Tpt7ytNedZccyHH5&ratebypass=yes", "player_url": "/s/player/c6df6ed7/player_ias.vflset/en_US/base.js", "ext": "webm", "height": 240, "format_note": "240p", "vcodec": "vp9", "asr": null, "filesize": 5538301, "fps": 30, "tbr": 168.356, "width": 426, "acodec": "none", "downloader_options": {"http_chunk_size": 10485760}, "format": "242 - 426x240 (240p)", "protocol": "https", "http_headers": {"User-Agent": "Mozilla/5.0 (Windows NT 10.0; Win64; x64) AppleWebKit/537.36 (KHTML, like Gecko) Chrome/72.0.3626.85 Safari/537.36", "Accept-Charset": "ISO-8859-1,utf-8;q=0.7,*;q=0.7", "Accept": "text/html,application/xhtml+xml,application/xml;q=0.9,*/*;q=0.8", "Accept-Encoding": "gzip, deflate", "Accept-Language": "en-us,en;q=0.5"}}, {"format_id": "134", "url": "https://r5---sn-5njj-u2xl.googlevideo.com/videoplayback?expire=1611763266&ei=4jkRYKupKP6A1d8Pq8awyAw&ip=140.109.135.76&id=o-AONHkl7hEoxymyoRbXz6HitBbFTDR2nBEwhz0p4OmlOz&itag=134&aitags=133%2C134%2C135%2C136%2C137%2C160%2C242%2C243%2C244%2C247%2C248%2C278&source=youtube&requiressl=yes&mh=ug&mm=31%2C29&mn=sn-5njj-u2xl%2Csn-un57sn7s&ms=au%2Crdu&mv=m&mvi=5&pl=16&initcwndbps=730000&vprv=1&mime=video%2Fmp4&ns=fn4fhANVx1ZnWuyZqWsv6EMF&gir=yes&clen=6470508&dur=309.100&lmt=1603814028042823&mt=1611740913&fvip=5&keepalive=yes&c=WEB&txp=5432434&n=_6irVO-NTphJJd6fxHE1&sparams=expire%2Cei%2Cip%2Cid%2Caitags%2Csource%2Crequiressl%2Cvprv%2Cmime%2Cns%2Cgir%2Cclen%2Cdur%2Clmt&lsparams=mh%2Cmm%2Cmn%2Cms%2Cmv%2Cmvi%2Cpl%2Cinitcwndbps&lsig=AG3C_xAwRAIgBhTs7FKAWFQt0WCGx8vNaP1wrR-OJ4fLNFTu1kiEPNACIE_UAxBNsmelXpeiZ7KGQqv1xYyIVxkaYt2o_qlZ8b5O&sig=AOq0QJ8wRQIgK3Qu77aTeFoWAr2hnni_qwFy7FU7PeldIebanzaXs6ECIQDAja4pTH0vpJuZQQ2HHE55E9cqfnA7njGY1Lcs9KvcQA==&ratebypass=yes", "player_url": "/s/player/c6df6ed7/player_ias.vflset/en_US/base.js", "ext": "mp4", "height": 360, "format_note": "360p", "vcodec": "avc1.4d401e", "asr": null, "filesize": 6470508, "fps": 30, "tbr": 209.79, "width": 640, "acodec": "none", "downloader_options": {"http_chunk_size": 10485760}, "format": "134 - 640x360 (360p)", "protocol": "https", "http_headers": {"User-Agent": "Mozilla/5.0 (Windows NT 10.0; Win64; x64) AppleWebKit/537.36 (KHTML, like Gecko) Chrome/72.0.3626.85 Safari/537.36", "Accept-Charset": "ISO-8859-1,utf-8;q=0.7,*;q=0.7", "Accept": "text/html,application/xhtml+xml,application/xml;q=0.9,*/*;q=0.8", "Accept-Encoding": "gzip, deflate", "Accept-Language": "en-us,en;q=0.5"}}, {"format_id": "135", "url": "https://r5---sn-5njj-u2xl.googlevideo.com/videoplayback?expire=1611763266&ei=4jkRYKupKP6A1d8Pq8awyAw&ip=140.109.135.76&id=o-AONHkl7hEoxymyoRbXz6HitBbFTDR2nBEwhz0p4OmlOz&itag=135&aitags=133%2C134%2C135%2C136%2C137%2C160%2C242%2C243%2C244%2C247%2C248%2C278&source=youtube&requiressl=yes&mh=ug&mm=31%2C29&mn=sn-5njj-u2xl%2Csn-un57sn7s&ms=au%2Crdu&mv=m&mvi=5&pl=16&initcwndbps=730000&vprv=1&mime=video%2Fmp4&ns=fn4fhANVx1ZnWuyZqWsv6EMF&gir=yes&clen=9848382&dur=309.100&lmt=1603814028019144&mt=1611740913&fvip=5&keepalive=yes&c=WEB&txp=5432434&n=_6irVO-NTphJJd6fxHE1&sparams=expire%2Cei%2Cip%2Cid%2Caitags%2Csource%2Crequiressl%2Cvprv%2Cmime%2Cns%2Cgir%2Cclen%2Cdur%2Clmt&lsparams=mh%2Cmm%2Cmn%2Cms%2Cmv%2Cmvi%2Cpl%2Cinitcwndbps&lsig=AG3C_xAwRQIgJ5KVuZJ8I6LWjjAxVT-FypdJ4PyTMeoDlYRp7bIY3WICIQCYCcqjb64HjJfwgJ2jYLad4fYG81dZI-EzZKT1a_jPxg%3D%3D&sig=AOq0QJ8wRQIhAPzmpzEr2CF_94o-J56basf9FTNCdfMrFFUKSicZ7UctAiALRN8XkdHiCZH4iNNu-ZCGGgVfMrAP1Lv0ViBPcjuXUw==&ratebypass=yes", "player_url": "/s/player/c6df6ed7/player_ias.vflset/en_US/base.js", "ext": "mp4", "height": 480, "format_note": "480p", "vcodec": "avc1.4d401f", "asr": null, "filesize": 9848382, "fps": 30, "tbr": 317.896, "width": 854, "acodec": "none", "downloader_options": {"http_chunk_size": 10485760}, "format": "135 - 854x480 (480p)", "protocol": "https", "http_headers": {"User-Agent": "Mozilla/5.0 (Windows NT 10.0; Win64; x64) AppleWebKit/537.36 (KHTML, like Gecko) Chrome/72.0.3626.85 Safari/537.36", "Accept-Charset": "ISO-8859-1,utf-8;q=0.7,*;q=0.7", "Accept": "text/html,application/xhtml+xml,application/xml;q=0.9,*/*;q=0.8", "Accept-Encoding": "gzip, deflate", "Accept-Language": "en-us,en;q=0.5"}}, {"format_id": "243", "url": "https://r5---sn-5njj-u2xl.googlevideo.com/videoplayback?expire=1611763266&ei=4jkRYKupKP6A1d8Pq8awyAw&ip=140.109.135.76&id=o-AONHkl7hEoxymyoRbXz6HitBbFTDR2nBEwhz0p4OmlOz&itag=243&aitags=133%2C134%2C135%2C136%2C137%2C160%2C242%2C243%2C244%2C247%2C248%2C278&source=youtube&requiressl=yes&mh=ug&mm=31%2C29&mn=sn-5njj-u2xl%2Csn-un57sn7s&ms=au%2Crdu&mv=m&mvi=5&pl=16&initcwndbps=730000&vprv=1&mime=video%2Fwebm&ns=fn4fhANVx1ZnWuyZqWsv6EMF&gir=yes&clen=11655691&dur=309.100&lmt=1603826251732409&mt=1611740913&fvip=5&keepalive=yes&c=WEB&txp=5432434&n=_6irVO-NTphJJd6fxHE1&sparams=expire%2Cei%2Cip%2Cid%2Caitags%2Csource%2Crequiressl%2Cvprv%2Cmime%2Cns%2Cgir%2Cclen%2Cdur%2Clmt&lsparams=mh%2Cmm%2Cmn%2Cms%2Cmv%2Cmvi%2Cpl%2Cinitcwndbps&lsig=AG3C_xAwRQIgYgUti3jFmR6kyBPULaQNy8potRZ4nRfYMTxOZsoV5tsCIQD25XZa3u6FVJMqzQUkMZ8pYTA-zmOONN0GuxjS1gqpgA%3D%3D&sig=AOq0QJ8wRAIgEodGGamduL6vk3iMVlpupwJpKJzuLSU1To2LD2SjJ3oCICtNaPTgT_68iJr0lvBloGYzzvURA-S0YTqIJLG25tu8&ratebypass=yes", "player_url": "/s/player/c6df6ed7/player_ias.vflset/en_US/base.js", "ext": "webm", "height": 360, "format_note": "360p", "vcodec": "vp9", "asr": null, "filesize": 11655691, "fps": 30, "tbr": 355.7, "width": 640, "acodec": "none", "downloader_options": {"http_chunk_size": 10485760}, "format": "243 - 640x360 (360p)", "protocol": "https", "http_headers": {"User-Agent": "Mozilla/5.0 (Windows NT 10.0; Win64; x64) AppleWebKit/537.36 (KHTML, like Gecko) Chrome/72.0.3626.85 Safari/537.36", "Accept-Charset": "ISO-8859-1,utf-8;q=0.7,*;q=0.7", "Accept": "text/html,application/xhtml+xml,application/xml;q=0.9,*/*;q=0.8", "Accept-Encoding": "gzip, deflate", "Accept-Language": "en-us,en;q=0.5"}}, {"format_id": "136", "url": "https://r5---sn-5njj-u2xl.googlevideo.com/videoplayback?expire=1611763266&ei=4jkRYKupKP6A1d8Pq8awyAw&ip=140.109.135.76&id=o-AONHkl7hEoxymyoRbXz6HitBbFTDR2nBEwhz0p4OmlOz&itag=136&aitags=133%2C134%2C135%2C136%2C137%2C160%2C242%2C243%2C244%2C247%2C248%2C278&source=youtube&requiressl=yes&mh=ug&mm=31%2C29&mn=sn-5njj-u2xl%2Csn-un57sn7s&ms=au%2Crdu&mv=m&mvi=5&pl=16&initcwndbps=730000&vprv=1&mime=video%2Fmp4&ns=fn4fhANVx1ZnWuyZqWsv6EMF&gir=yes&clen=14886236&dur=309.100&lmt=1603814032682698&mt=1611740913&fvip=5&keepalive=yes&c=WEB&txp=5432434&n=_6irVO-NTphJJd6fxHE1&sparams=expire%2Cei%2Cip%2Cid%2Caitags%2Csource%2Crequiressl%2Cvprv%2Cmime%2Cns%2Cgir%2Cclen%2Cdur%2Clmt&lsparams=mh%2Cmm%2Cmn%2Cms%2Cmv%2Cmvi%2Cpl%2Cinitcwndbps&lsig=AG3C_xAwRgIhANbY6u1zXW3BSOidMdLofGORV5WpyRwgoKgIDjA6AbXZAiEAkTOu2K5IeXl2s74IpYOMTOPGA6roLLR5mNn9SFfUJvQ%3D&sig=AOq0QJ8wRQIgNMgmvdCGg4kVv7oPtFG9DfYOjNaB9pWpT22N1e-7-fQCIQD19fYbFsVIzc8HItXzA7OMdPa-6S4O6xDUwRe51q1gyA==&ratebypass=yes", "player_url": "/s/player/c6df6ed7/player_ias.vflset/en_US/base.js", "ext": "mp4", "height": 720, "format_note": "720p", "vcodec": "avc1.4d401f", "asr": null, "filesize": 14886236, "fps": 30, "tbr": 480.979, "width": 1280, "acodec": "none", "downloader_options": {"http_chunk_size": 10485760}, "format": "136 - 1280x720 (720p)", "protocol": "https", "http_headers": {"User-Agent": "Mozilla/5.0 (Windows NT 10.0; Win64; x64) AppleWebKit/537.36 (KHTML, like Gecko) Chrome/72.0.3626.85 Safari/537.36", "Accept-Charset": "ISO-8859-1,utf-8;q=0.7,*;q=0.7", "Accept": "text/html,application/xhtml+xml,application/xml;q=0.9,*/*;q=0.8", "Accept-Encoding": "gzip, deflate", "Accept-Language": "en-us,en;q=0.5"}}, {"format_id": "244", "url": "https://r5---sn-5njj-u2xl.googlevideo.com/videoplayback?expire=1611763266&ei=4jkRYKupKP6A1d8Pq8awyAw&ip=140.109.135.76&id=o-AONHkl7hEoxymyoRbXz6HitBbFTDR2nBEwhz0p4OmlOz&itag=244&aitags=133%2C134%2C135%2C136%2C137%2C160%2C242%2C243%2C244%2C247%2C248%2C278&source=youtube&requiressl=yes&mh=ug&mm=31%2C29&mn=sn-5njj-u2xl%2Csn-un57sn7s&ms=au%2Crdu&mv=m&mvi=5&pl=16&initcwndbps=730000&vprv=1&mime=video%2Fwebm&ns=fn4fhANVx1ZnWuyZqWsv6EMF&gir=yes&clen=20821762&dur=309.100&lmt=1603825689316976&mt=1611740913&fvip=5&keepalive=yes&c=WEB&txp=5432434&n=_6irVO-NTphJJd6fxHE1&sparams=expire%2Cei%2Cip%2Cid%2Caitags%2Csource%2Crequiressl%2Cvprv%2Cmime%2Cns%2Cgir%2Cclen%2Cdur%2Clmt&lsparams=mh%2Cmm%2Cmn%2Cms%2Cmv%2Cmvi%2Cpl%2Cinitcwndbps&lsig=AG3C_xAwRQIhALpJ8xRutYeD60g27yVY4aVmUQ84SLapU78tyzfknL2TAiBtRqi1ZXRNMEr3wUF1pCobInr5D1MFFylOe6ELB5yNmw%3D%3D&sig=AOq0QJ8wRQIhAOCoRG7-OnIfR-lKodjtNPPcK4xbbf--YuOtW2kLuDa0AiAVHL0ktzPMlnWWTYjJ2vvBRkpT-qGtQ60rk5yRs5skkg==&ratebypass=yes", "player_url": "/s/player/c6df6ed7/player_ias.vflset/en_US/base.js", "ext": "webm", "height": 480, "format_note": "480p", "vcodec": "vp9", "asr": null, "filesize": 20821762, "fps": 30, "tbr": 641.308, "width": 854, "acodec": "none", "downloader_options": {"http_chunk_size": 10485760}, "format": "244 - 854x480 (480p)", "protocol": "https", "http_headers": {"User-Agent": "Mozilla/5.0 (Windows NT 10.0; Win64; x64) AppleWebKit/537.36 (KHTML, like Gecko) Chrome/72.0.3626.85 Safari/537.36", "Accept-Charset": "ISO-8859-1,utf-8;q=0.7,*;q=0.7", "Accept": "text/html,application/xhtml+xml,application/xml;q=0.9,*/*;q=0.8", "Accept-Encoding": "gzip, deflate", "Accept-Language": "en-us,en;q=0.5"}}, {"format_id": "247", "url": "https://r5---sn-5njj-u2xl.googlevideo.com/videoplayback?expire=1611763266&ei=4jkRYKupKP6A1d8Pq8awyAw&ip=140.109.135.76&id=o-AONHkl7hEoxymyoRbXz6HitBbFTDR2nBEwhz0p4OmlOz&itag=247&aitags=133%2C134%2C135%2C136%2C137%2C160%2C242%2C243%2C244%2C247%2C248%2C278&source=youtube&requiressl=yes&mh=ug&mm=31%2C29&mn=sn-5njj-u2xl%2Csn-un57sn7s&ms=au%2Crdu&mv=m&mvi=5&pl=16&initcwndbps=730000&vprv=1&mime=video%2Fwebm&ns=fn4fhANVx1ZnWuyZqWsv6EMF&gir=yes&clen=44714199&dur=309.100&lmt=1603825405590828&mt=1611740913&fvip=5&keepalive=yes&c=WEB&txp=5432434&n=_6irVO-NTphJJd6fxHE1&sparams=expire%2Cei%2Cip%2Cid%2Caitags%2Csource%2Crequiressl%2Cvprv%2Cmime%2Cns%2Cgir%2Cclen%2Cdur%2Clmt&lsparams=mh%2Cmm%2Cmn%2Cms%2Cmv%2Cmvi%2Cpl%2Cinitcwndbps&lsig=AG3C_xAwRQIgPW83qgLV2as0R_RUGJSjg6w_BQFq9ClzuCvLWq9hsl4CIQCKP8eNIMBi97eH19a6CZIdTaNPHF-ouiuMdtqS2KsUxQ%3D%3D&sig=AOq0QJ8wRAIgSMjdSSuM2EXSBLBdhSlbEbSbgvyjhGQEsUmTtDSG-ZsCICHouRBs-PjQ-RG68AqdtrJSaflvzhrra-gbP4MPNZ8g&ratebypass=yes", "player_url": "/s/player/c6df6ed7/player_ias.vflset/en_US/base.js", "ext": "webm", "height": 720, "format_note": "720p", "vcodec": "vp9", "asr": null, "filesize": 44714199, "fps": 30, "tbr": 1360.987, "width": 1280, "acodec": "none", "downloader_options": {"http_chunk_size": 10485760}, "format": "247 - 1280x720 (720p)", "protocol": "https", "http_headers": {"User-Agent": "Mozilla/5.0 (Windows NT 10.0; Win64; x64) AppleWebKit/537.36 (KHTML, like Gecko) Chrome/72.0.3626.85 Safari/537.36", "Accept-Charset": "ISO-8859-1,utf-8;q=0.7,*;q=0.7", "Accept": "text/html,application/xhtml+xml,application/xml;q=0.9,*/*;q=0.8", "Accept-Encoding": "gzip, deflate", "Accept-Language": "en-us,en;q=0.5"}}, {"format_id": "137", "url": "https://r5---sn-5njj-u2xl.googlevideo.com/videoplayback?expire=1611763266&ei=4jkRYKupKP6A1d8Pq8awyAw&ip=140.109.135.76&id=o-AONHkl7hEoxymyoRbXz6HitBbFTDR2nBEwhz0p4OmlOz&itag=137&aitags=133%2C134%2C135%2C136%2C137%2C160%2C242%2C243%2C244%2C247%2C248%2C278&source=youtube&requiressl=yes&mh=ug&mm=31%2C29&mn=sn-5njj-u2xl%2Csn-un57sn7s&ms=au%2Crdu&mv=m&mvi=5&pl=16&initcwndbps=730000&vprv=1&mime=video%2Fmp4&ns=fn4fhANVx1ZnWuyZqWsv6EMF&gir=yes&clen=64479225&dur=309.100&lmt=1603818457356292&mt=1611740913&fvip=5&keepalive=yes&c=WEB&txp=5432434&n=_6irVO-NTphJJd6fxHE1&sparams=expire%2Cei%2Cip%2Cid%2Caitags%2Csource%2Crequiressl%2Cvprv%2Cmime%2Cns%2Cgir%2Cclen%2Cdur%2Clmt&lsparams=mh%2Cmm%2Cmn%2Cms%2Cmv%2Cmvi%2Cpl%2Cinitcwndbps&lsig=AG3C_xAwRQIhALMdNErJ-d2-x3rt9Se1jQCZ1k4GSUhfXU4sT83hmaPjAiBHOHcsBxp02Ccr4G4l5AkHSsXMhexe2Ac6Ro_tPDM7yQ%3D%3D&sig=AOq0QJ8wRQIhAL6d5Gwjbq-c6h-n02oj3M6yENfeTL0tdlbr9elxm1iRAiByeMTkJ6T7nvZyykUq9YGOd6S9NCG4kR6a2bShIYzq_g==&ratebypass=yes", "player_url": "/s/player/c6df6ed7/player_ias.vflset/en_US/base.js", "ext": "mp4", "height": 1080, "format_note": "1080p", "vcodec": "avc1.640028", "asr": null, "filesize": 64479225, "fps": 30, "tbr": 2065.683, "width": 1920, "acodec": "none", "downloader_options": {"http_chunk_size": 10485760}, "format": "137 - 1920x1080 (1080p)", "protocol": "https", "http_headers": {"User-Agent": "Mozilla/5.0 (Windows NT 10.0; Win64; x64) AppleWebKit/537.36 (KHTML, like Gecko) Chrome/72.0.3626.85 Safari/537.36", "Accept-Charset": "ISO-8859-1,utf-8;q=0.7,*;q=0.7", "Accept": "text/html,application/xhtml+xml,application/xml;q=0.9,*/*;q=0.8", "Accept-Encoding": "gzip, deflate", "Accept-Language": "en-us,en;q=0.5"}}, {"format_id": "248", "url": "https://r5---sn-5njj-u2xl.googlevideo.com/videoplayback?expire=1611763266&ei=4jkRYKupKP6A1d8Pq8awyAw&ip=140.109.135.76&id=o-AONHkl7hEoxymyoRbXz6HitBbFTDR2nBEwhz0p4OmlOz&itag=248&aitags=133%2C134%2C135%2C136%2C137%2C160%2C242%2C243%2C244%2C247%2C248%2C278&source=youtube&requiressl=yes&mh=ug&mm=31%2C29&mn=sn-5njj-u2xl%2Csn-un57sn7s&ms=au%2Crdu&mv=m&mvi=5&pl=16&initcwndbps=730000&vprv=1&mime=video%2Fwebm&ns=fn4fhANVx1ZnWuyZqWsv6EMF&gir=yes&clen=90625375&dur=309.100&lmt=1603819247190427&mt=1611740913&fvip=5&keepalive=yes&c=WEB&txp=5432434&n=_6irVO-NTphJJd6fxHE1&sparams=expire%2Cei%2Cip%2Cid%2Caitags%2Csource%2Crequiressl%2Cvprv%2Cmime%2Cns%2Cgir%2Cclen%2Cdur%2Clmt&lsparams=mh%2Cmm%2Cmn%2Cms%2Cmv%2Cmvi%2Cpl%2Cinitcwndbps&lsig=AG3C_xAwRQIgFBkcKNMXg-qmcULIT9BTNDnEO8u6klkJTXahiUZPA7ECIQDNDt9nvci3w1muyWTj42RbA1Y1B8COrsNHiv2igQWb4Q%3D%3D&sig=AOq0QJ8wRQIhAJVNeOJrSdwlG61KaFMgOv6nEl1yM9N2GINuFhPIuSKtAiBI2wYMM9_7CwWyIt7p3DPJJ58kav4t8PTwfoLjM2XFaw==&ratebypass=yes", "player_url": "/s/player/c6df6ed7/player_ias.vflset/en_US/base.js", "ext": "webm", "height": 1080, "format_note": "1080p", "vcodec": "vp9", "asr": null, "filesize": 90625375, "fps": 30, "tbr": 2612.1, "width": 1920, "acodec": "none", "downloader_options": {"http_chunk_size": 10485760}, "format": "248 - 1920x1080 (1080p)", "protocol": "https", "http_headers": {"User-Agent": "Mozilla/5.0 (Windows NT 10.0; Win64; x64) AppleWebKit/537.36 (KHTML, like Gecko) Chrome/72.0.3626.85 Safari/537.36", "Accept-Charset": "ISO-8859-1,utf-8;q=0.7,*;q=0.7", "Accept": "text/html,application/xhtml+xml,application/xml;q=0.9,*/*;q=0.8", "Accept-Encoding": "gzip, deflate", "Accept-Language": "en-us,en;q=0.5"}}, {"format_id": "18", "url": "https://r5---sn-5njj-u2xl.googlevideo.com/videoplayback?expire=1611763266&ei=4jkRYKupKP6A1d8Pq8awyAw&ip=140.109.135.76&id=o-AONHkl7hEoxymyoRbXz6HitBbFTDR2nBEwhz0p4OmlOz&itag=18&source=youtube&requiressl=yes&mh=ug&mm=31%2C29&mn=sn-5njj-u2xl%2Csn-un57sn7s&ms=au%2Crdu&mv=m&mvi=5&pl=16&initcwndbps=730000&vprv=1&mime=video%2Fmp4&ns=E6_eH4dew8ytTRdKYpY9j_QF&gir=yes&clen=18933921&ratebypass=yes&dur=309.173&lmt=1603813661702031&mt=1611740913&fvip=5&c=WEB&txp=5430434&n=DnyRXcfuWEY-0tty3LD9&sparams=expire%2Cei%2Cip%2Cid%2Citag%2Csource%2Crequiressl%2Cvprv%2Cmime%2Cns%2Cgir%2Cclen%2Cratebypass%2Cdur%2Clmt&lsparams=mh%2Cmm%2Cmn%2Cms%2Cmv%2Cmvi%2Cpl%2Cinitcwndbps&lsig=AG3C_xAwRgIhAPFSZqIdFPeqUkgX1CWsoTfm32JWJDtSJC6nMVgO-5IXAiEArVGGtWGS01VkpwBvdeHr9e1VSx5DUcUf2ipp8n3NfrY%3D&sig=AOq0QJ8wRQIgJofiQPNZnP1rjA2cxyEteCmkj0hST6C2cTRfvainltwCIQDZKirCuRxKqTREgjpXvzOjta4b6z1l8cxpn9gYtmX8Bg==", "player_url": "/s/player/c6df6ed7/player_ias.vflset/en_US/base.js", "ext": "mp4", "width": 640, "height": 360, "acodec": "mp4a.40.2", "abr": 96, "vcodec": "avc1.42001E", "asr": 44100, "filesize": 18933921, "format_note": "360p", "fps": 30, "tbr": 490.04, "format": "18 - 640x360 (360p)", "protocol": "https", "http_headers": {"User-Agent": "Mozilla/5.0 (Windows NT 10.0; Win64; x64) AppleWebKit/537.36 (KHTML, like Gecko) Chrome/72.0.3626.85 Safari/537.36", "Accept-Charset": "ISO-8859-1,utf-8;q=0.7,*;q=0.7", "Accept": "text/html,application/xhtml+xml,application/xml;q=0.9,*/*;q=0.8", "Accept-Encoding": "gzip, deflate", "Accept-Language": "en-us,en;q=0.5"}}], "is_live": null, "start_time": null, "end_time": null, "series": null, "season_number": null, "episode_number": null, "track": "BTS - Dynamite", "artist": "Funguypiano", "album": "BTS - Dynamite", "release_date": null, "release_year": null, "extractor": "youtube", "webpage_url_basename": "watch", "extractor_key": "Youtube", "playlist": null, "playlist_index": null, "thumbnail": "https://i.ytimg.com/vi_webp/BI88BeH7J98/maxresdefault.webp", "display_id": "BI88BeH7J98", "requested_subtitles": null, "format_id": "251", "url": "https://r5---sn-5njj-u2xl.googlevideo.com/videoplayback?expire=1611763266&ei=4jkRYKupKP6A1d8Pq8awyAw&ip=140.109.135.76&id=o-AONHkl7hEoxymyoRbXz6HitBbFTDR2nBEwhz0p4OmlOz&itag=251&source=youtube&requiressl=yes&mh=ug&mm=31%2C29&mn=sn-5njj-u2xl%2Csn-un57sn7s&ms=au%2Crdu&mv=m&mvi=5&pl=16&initcwndbps=730000&vprv=1&mime=audio%2Fwebm&ns=fn4fhANVx1ZnWuyZqWsv6EMF&gir=yes&clen=5706610&dur=309.141&lmt=1603804638495007&mt=1611740913&fvip=5&keepalive=yes&c=WEB&txp=5432434&n=_6irVO-NTphJJd6fxHE1&sparams=expire%2Cei%2Cip%2Cid%2Citag%2Csource%2Crequiressl%2Cvprv%2Cmime%2Cns%2Cgir%2Cclen%2Cdur%2Clmt&lsparams=mh%2Cmm%2Cmn%2Cms%2Cmv%2Cmvi%2Cpl%2Cinitcwndbps&lsig=AG3C_xAwRgIhAIDJyGf8WI7djUXIDMhbBInQ3jDAmq0NHEMstQqzDHMeAiEAwdB0DIAco8q_ZMjOcmi6JDlzUjm8yoCRpCd_-bk1nCk%3D&sig=AOq0QJ8wRQIhAPEek5RSY32f7xUqRwggw4QbA0b7J8gArlu7yrLYwvoDAiBN_Y60u5hbIJSVvJ9H0Vak4Qy6Xy5-arbIKuBLjzdi9g==&ratebypass=yes", "player_url": "/s/player/c6df6ed7/player_ias.vflset/en_US/base.js", "ext": "webm", "format_note": "tiny", "acodec": "opus", "abr": 160, "asr": 48000, "filesize": 5706610, "fps": null, "height": null, "tbr": 159.532, "width": null, "vcodec": "none", "downloader_options": {"http_chunk_size": 10485760}, "format": "251 - audio only (tiny)", "protocol": "https", "http_headers": {"User-Agent": "Mozilla/5.0 (Windows NT 10.0; Win64; x64) AppleWebKit/537.36 (KHTML, like Gecko) Chrome/72.0.3626.85 Safari/537.36", "Accept-Charset": "ISO-8859-1,utf-8;q=0.7,*;q=0.7", "Accept": "text/html,application/xhtml+xml,application/xml;q=0.9,*/*;q=0.8", "Accept-Encoding": "gzip, deflate", "Accept-Language": "en-us,en;q=0.5"}}