{"id": "fShAWhXIits", "uploader": "William Haviland Piano", "uploader_id": "williamhaviland", "uploader_url": "http://www.youtube.com/user/williamhaviland", "channel_id": "UCHnxslJoQkRKl5WxkDgBE4w", "channel_url": "http://www.youtube.com/channel/UCHnxslJoQkRKl5WxkDgBE4w", "upload_date": "20180527", "license": null, "creator": null, "title": "Carole King: It's Too Late [piano solo]", "alt_title": null, "thumbnails": [{"url": "https://i.ytimg.com/vi/fShAWhXIits/hqdefault.jpg?sqp=-oaymwEYCKgBEF5IVfKriqkDCwgBFQAAiEIYAXAB&rs=AOn4CLB0Z5-sbxbkfnzbSmutYkWUDJGwTA", "width": 168, "height": 94, "resolution": "168x94", "id": "0"}, {"url": "https://i.ytimg.com/vi/fShAWhXIits/hqdefault.jpg?sqp=-oaymwEYCMQBEG5IVfKriqkDCwgBFQAAiEIYAXAB&rs=AOn4CLBBPX69kfanjqFosYhGUPMKk-mvdg", "width": 196, "height": 110, "resolution": "196x110", "id": "1"}, {"url": "https://i.ytimg.com/vi/fShAWhXIits/hqdefault.jpg?sqp=-oaymwEZCPYBEIoBSFXyq4qpAwsIARUAAIhCGAFwAQ==&rs=AOn4CLB6-Gn3fZKbS7hXqSSeAnAfoei7pg", "width": 246, "height": 138, "resolution": "246x138", "id": "2"}, {"url": "https://i.ytimg.com/vi/fShAWhXIits/hqdefault.jpg?sqp=-oaymwEZCNACELwBSFXyq4qpAwsIARUAAIhCGAFwAQ==&rs=AOn4CLBr5yFJ74o8B5ldWToCfNnw6-od7w", "width": 336, "height": 188, "resolution": "336x188", "id": "3"}, {"url": "https://i.ytimg.com/vi_webp/fShAWhXIits/maxresdefault.webp", "width": 1920, "height": 1080, "resolution": "1920x1080", "id": "4"}], "description": "\ud83c\udfb9\ud83d\udc99 Learn piano with flowkey: https://go.flowkey.com/williamhaviland\n\u2615\ufe0f\ud83d\udcfb Listen on Spotify: https://open.spotify.com/artist/3hTvTteCZAUu0MombXHD97?si=z1rFtyFMRo2N7LB6pydSIg\n\ud83d\udcdc\u2712\ufe0f Sheet music: https://www.musicnotes.com/sheet-music/artist/william-haviland\n\ud83c\udfb6\ud83d\udcac Find out more: https://www.whaviland.com\n--------------------------------------------------------------------------------\n\nLong overdue cover of this classic pop record by Carole King. I must apologize for the bizarre filter on the video - problem is there is almost no natural light in my room, and thus the video often comes out in really grainy quality. The filter seems to improve the quality of the visual.\n\n---\n\nWebsite - https://www.whaviland.com\nMusicnotes sheet music - https://www.musicnotes.com/sheet-music/artist/william-haviland\nMusic Store - https://www.whaviland.com/store-1\nSpotify - https://open.spotify.com/artist/3hTvTteCZAUu0MombXHD97?si=nPk_YAeeQw6KggKssZB1tw\niTunes - https://music.apple.com/gb/artist/william-haviland/400707486\nInstagram - https://www.instagram.com/williamhavilandpiano\nFacebook - https://www.facebook.com/williamhavilandpiano\nTwitter - https://www.twitter.com/willhaviland\n\nThank you for listening \ud83d\ude1a\ud83c\udfb9", "categories": ["Music"], "tags": ["carole king", "it's too late", "pop", "USA", "tapestry", "1971", "grammy", "piano", "solo", "instrumental", "cover", "keyboard"], "subtitles": {}, "automatic_captions": {}, "duration": 133, "age_limit": 0, "annotations": null, "chapters": null, "webpage_url": "https://www.youtube.com/watch?v=fShAWhXIits", "view_count": 5559, "like_count": 108, "dislike_count": 2, "average_rating": 4.9272728, "formats": [{"format_id": "249", "url": "https://r7---sn-5njj-u2xl.googlevideo.com/videoplayback?expire=1609068860&ei=3BzoX4TxEcTuqAHF4JCYCA&ip=140.109.135.76&id=o-AAFtVCGsew788VycvJoRgblnxawC1-UAvNFDLYZtFUVi&itag=249&source=youtube&requiressl=yes&mh=h9&mm=31%2C29&mn=sn-5njj-u2xl%2Csn-un57sn7s&ms=au%2Crdu&mv=m&mvi=7&pl=16&initcwndbps=640000&vprv=1&mime=audio%2Fwebm&ns=hETVjIEiUoz9XVKPvNXcINgF&gir=yes&clen=931737&dur=132.921&lmt=1527423555951242&mt=1609046913&fvip=6&keepalive=yes&beids=23886218&c=WEB&n=JvndUzGPHNOtjJX2&sparams=expire%2Cei%2Cip%2Cid%2Citag%2Csource%2Crequiressl%2Cvprv%2Cmime%2Cns%2Cgir%2Cclen%2Cdur%2Clmt&sig=AOq0QJ8wRgIhALm0cx3DpKqhUde5A6sCICcQ0cqh_ag88boFaO_BfikyAiEAiRKGwTJy-pietoCZrkDuRj_vVTfHSNm3VCQlv7TGX28%3D&lsparams=mh%2Cmm%2Cmn%2Cms%2Cmv%2Cmvi%2Cpl%2Cinitcwndbps&lsig=AG3C_xAwRAIgWnMyq3PUTL0lsP8R0gv-_vcM-90ZW4dXNu1npCDD4AACIDLNihAjiGJGNOzpPC04FNQtIzMy-ZwTmp3ro4tBEC2n&ratebypass=yes", "player_url": null, "ext": "webm", "format_note": "tiny", "acodec": "opus", "abr": 50, "asr": 48000, "filesize": 931737, "fps": null, "height": null, "tbr": 62.815, "width": null, "vcodec": "none", "downloader_options": {"http_chunk_size": 10485760}, "format": "249 - audio only (tiny)", "protocol": "https", "http_headers": {"User-Agent": "Mozilla/5.0 (Windows NT 10.0; Win64; x64) AppleWebKit/537.36 (KHTML, like Gecko) Chrome/74.0.3729.16 Safari/537.36", "Accept-Charset": "ISO-8859-1,utf-8;q=0.7,*;q=0.7", "Accept": "text/html,application/xhtml+xml,application/xml;q=0.9,*/*;q=0.8", "Accept-Encoding": "gzip, deflate", "Accept-Language": "en-us,en;q=0.5"}}, {"format_id": "250", "url": "https://r7---sn-5njj-u2xl.googlevideo.com/videoplayback?expire=1609068860&ei=3BzoX4TxEcTuqAHF4JCYCA&ip=140.109.135.76&id=o-AAFtVCGsew788VycvJoRgblnxawC1-UAvNFDLYZtFUVi&itag=250&source=youtube&requiressl=yes&mh=h9&mm=31%2C29&mn=sn-5njj-u2xl%2Csn-un57sn7s&ms=au%2Crdu&mv=m&mvi=7&pl=16&initcwndbps=640000&vprv=1&mime=audio%2Fwebm&ns=hETVjIEiUoz9XVKPvNXcINgF&gir=yes&clen=1249060&dur=132.921&lmt=1527423556554058&mt=1609046913&fvip=6&keepalive=yes&beids=23886218&c=WEB&n=JvndUzGPHNOtjJX2&sparams=expire%2Cei%2Cip%2Cid%2Citag%2Csource%2Crequiressl%2Cvprv%2Cmime%2Cns%2Cgir%2Cclen%2Cdur%2Clmt&sig=AOq0QJ8wRQIhALAlWpdKX_N5n9LLUyzB1XJU6EtSs-b-oVrMANiwv9nTAiARMTFGv0snrPgRsmsHRFa4Y8T72DFBPOQ37Sp8Qf2zmg%3D%3D&lsparams=mh%2Cmm%2Cmn%2Cms%2Cmv%2Cmvi%2Cpl%2Cinitcwndbps&lsig=AG3C_xAwRAIgWnMyq3PUTL0lsP8R0gv-_vcM-90ZW4dXNu1npCDD4AACIDLNihAjiGJGNOzpPC04FNQtIzMy-ZwTmp3ro4tBEC2n&ratebypass=yes", "player_url": null, "ext": "webm", "format_note": "tiny", "acodec": "opus", "abr": 70, "asr": 48000, "filesize": 1249060, "fps": null, "height": null, "tbr": 83.883, "width": null, "vcodec": "none", "downloader_options": {"http_chunk_size": 10485760}, "format": "250 - audio only (tiny)", "protocol": "https", "http_headers": {"User-Agent": "Mozilla/5.0 (Windows NT 10.0; Win64; x64) AppleWebKit/537.36 (KHTML, like Gecko) Chrome/74.0.3729.16 Safari/537.36", "Accept-Charset": "ISO-8859-1,utf-8;q=0.7,*;q=0.7", "Accept": "text/html,application/xhtml+xml,application/xml;q=0.9,*/*;q=0.8", "Accept-Encoding": "gzip, deflate", "Accept-Language": "en-us,en;q=0.5"}}, {"format_id": "140", "url": "https://r7---sn-5njj-u2xl.googlevideo.com/videoplayback?expire=1609068860&ei=3BzoX4TxEcTuqAHF4JCYCA&ip=140.109.135.76&id=o-AAFtVCGsew788VycvJoRgblnxawC1-UAvNFDLYZtFUVi&itag=140&source=youtube&requiressl=yes&mh=h9&mm=31%2C29&mn=sn-5njj-u2xl%2Csn-un57sn7s&ms=au%2Crdu&mv=m&mvi=7&pl=16&initcwndbps=640000&vprv=1&mime=audio%2Fmp4&ns=hETVjIEiUoz9XVKPvNXcINgF&gir=yes&clen=2112389&dur=132.957&lmt=1527422155287709&mt=1609046913&fvip=6&keepalive=yes&beids=23886218&c=WEB&n=JvndUzGPHNOtjJX2&sparams=expire%2Cei%2Cip%2Cid%2Citag%2Csource%2Crequiressl%2Cvprv%2Cmime%2Cns%2Cgir%2Cclen%2Cdur%2Clmt&sig=AOq0QJ8wRQIhAI0dRGYp7cyTDceQCl-J2f-iSji0aPmxTy9mgyj3ZT92AiBh8Sg6OH_HYdheb01G0-Bc_u9cdtaC6n2zbrP0BKmXdw%3D%3D&lsparams=mh%2Cmm%2Cmn%2Cms%2Cmv%2Cmvi%2Cpl%2Cinitcwndbps&lsig=AG3C_xAwRAIgWnMyq3PUTL0lsP8R0gv-_vcM-90ZW4dXNu1npCDD4AACIDLNihAjiGJGNOzpPC04FNQtIzMy-ZwTmp3ro4tBEC2n&ratebypass=yes", "player_url": null, "ext": "m4a", "format_note": "tiny", "acodec": "mp4a.40.2", "abr": 128, "container": "m4a_dash", "asr": 44100, "filesize": 2112389, "fps": null, "height": null, "tbr": 127.818, "width": null, "vcodec": "none", "downloader_options": {"http_chunk_size": 10485760}, "format": "140 - audio only (tiny)", "protocol": "https", "http_headers": {"User-Agent": "Mozilla/5.0 (Windows NT 10.0; Win64; x64) AppleWebKit/537.36 (KHTML, like Gecko) Chrome/74.0.3729.16 Safari/537.36", "Accept-Charset": "ISO-8859-1,utf-8;q=0.7,*;q=0.7", "Accept": "text/html,application/xhtml+xml,application/xml;q=0.9,*/*;q=0.8", "Accept-Encoding": "gzip, deflate", "Accept-Language": "en-us,en;q=0.5"}}, {"format_id": "251", "url": "https://r7---sn-5njj-u2xl.googlevideo.com/videoplayback?expire=1609068860&ei=3BzoX4TxEcTuqAHF4JCYCA&ip=140.109.135.76&id=o-AAFtVCGsew788VycvJoRgblnxawC1-UAvNFDLYZtFUVi&itag=251&source=youtube&requiressl=yes&mh=h9&mm=31%2C29&mn=sn-5njj-u2xl%2Csn-un57sn7s&ms=au%2Crdu&mv=m&mvi=7&pl=16&initcwndbps=640000&vprv=1&mime=audio%2Fwebm&ns=hETVjIEiUoz9XVKPvNXcINgF&gir=yes&clen=2388217&dur=132.921&lmt=1527423555554726&mt=1609046913&fvip=6&keepalive=yes&beids=23886218&c=WEB&n=JvndUzGPHNOtjJX2&sparams=expire%2Cei%2Cip%2Cid%2Citag%2Csource%2Crequiressl%2Cvprv%2Cmime%2Cns%2Cgir%2Cclen%2Cdur%2Clmt&sig=AOq0QJ8wRgIhAMCMZJdvg7DbhKhPs58m-zTmR2AYy8McxZODnDekoTOlAiEAsgn7JEZASu8WhCN0LS9YbWp18phHEPv39OctGmXzLoo%3D&lsparams=mh%2Cmm%2Cmn%2Cms%2Cmv%2Cmvi%2Cpl%2Cinitcwndbps&lsig=AG3C_xAwRAIgWnMyq3PUTL0lsP8R0gv-_vcM-90ZW4dXNu1npCDD4AACIDLNihAjiGJGNOzpPC04FNQtIzMy-ZwTmp3ro4tBEC2n&ratebypass=yes", "player_url": null, "ext": "webm", "format_note": "tiny", "acodec": "opus", "abr": 160, "asr": 48000, "filesize": 2388217, "fps": null, "height": null, "tbr": 159.222, "width": null, "vcodec": "none", "downloader_options": {"http_chunk_size": 10485760}, "format": "251 - audio only (tiny)", "protocol": "https", "http_headers": {"User-Agent": "Mozilla/5.0 (Windows NT 10.0; Win64; x64) AppleWebKit/537.36 (KHTML, like Gecko) Chrome/74.0.3729.16 Safari/537.36", "Accept-Charset": "ISO-8859-1,utf-8;q=0.7,*;q=0.7", "Accept": "text/html,application/xhtml+xml,application/xml;q=0.9,*/*;q=0.8", "Accept-Encoding": "gzip, deflate", "Accept-Language": "en-us,en;q=0.5"}}, {"format_id": "278", "url": "https://r7---sn-5njj-u2xl.googlevideo.com/videoplayback?expire=1609068860&ei=3BzoX4TxEcTuqAHF4JCYCA&ip=140.109.135.76&id=o-AAFtVCGsew788VycvJoRgblnxawC1-UAvNFDLYZtFUVi&itag=278&aitags=133%2C134%2C135%2C136%2C137%2C160%2C242%2C243%2C244%2C247%2C248%2C278&source=youtube&requiressl=yes&mh=h9&mm=31%2C29&mn=sn-5njj-u2xl%2Csn-un57sn7s&ms=au%2Crdu&mv=m&mvi=7&pl=16&initcwndbps=640000&vprv=1&mime=video%2Fwebm&ns=hETVjIEiUoz9XVKPvNXcINgF&gir=yes&clen=1420783&dur=132.899&lmt=1527424046803719&mt=1609046913&fvip=6&keepalive=yes&beids=23886218&c=WEB&n=JvndUzGPHNOtjJX2&sparams=expire%2Cei%2Cip%2Cid%2Caitags%2Csource%2Crequiressl%2Cvprv%2Cmime%2Cns%2Cgir%2Cclen%2Cdur%2Clmt&sig=AOq0QJ8wRAIgY2Uf7SSsa90fu8iGXmZtBfyq7nYZKFdJ6Ld2hAnRZr8CICEUuEr7Jn-6uSHOPB0NGE5OoKF1q_43G5f8XVCy7cgH&lsparams=mh%2Cmm%2Cmn%2Cms%2Cmv%2Cmvi%2Cpl%2Cinitcwndbps&lsig=AG3C_xAwRAIgWnMyq3PUTL0lsP8R0gv-_vcM-90ZW4dXNu1npCDD4AACIDLNihAjiGJGNOzpPC04FNQtIzMy-ZwTmp3ro4tBEC2n&ratebypass=yes", "player_url": null, "ext": "webm", "height": 144, "format_note": "144p", "container": "webm", "vcodec": "vp9", "asr": null, "filesize": 1420783, "fps": 30, "tbr": 93.699, "width": 256, "acodec": "none", "downloader_options": {"http_chunk_size": 10485760}, "format": "278 - 256x144 (144p)", "protocol": "https", "http_headers": {"User-Agent": "Mozilla/5.0 (Windows NT 10.0; Win64; x64) AppleWebKit/537.36 (KHTML, like Gecko) Chrome/74.0.3729.16 Safari/537.36", "Accept-Charset": "ISO-8859-1,utf-8;q=0.7,*;q=0.7", "Accept": "text/html,application/xhtml+xml,application/xml;q=0.9,*/*;q=0.8", "Accept-Encoding": "gzip, deflate", "Accept-Language": "en-us,en;q=0.5"}}, {"format_id": "160", "url": "https://r7---sn-5njj-u2xl.googlevideo.com/videoplayback?expire=1609068860&ei=3BzoX4TxEcTuqAHF4JCYCA&ip=140.109.135.76&id=o-AAFtVCGsew788VycvJoRgblnxawC1-UAvNFDLYZtFUVi&itag=160&aitags=133%2C134%2C135%2C136%2C137%2C160%2C242%2C243%2C244%2C247%2C248%2C278&source=youtube&requiressl=yes&mh=h9&mm=31%2C29&mn=sn-5njj-u2xl%2Csn-un57sn7s&ms=au%2Crdu&mv=m&mvi=7&pl=16&initcwndbps=640000&vprv=1&mime=video%2Fmp4&ns=hETVjIEiUoz9XVKPvNXcINgF&gir=yes&clen=1130580&dur=132.899&lmt=1527422139826854&mt=1609046913&fvip=6&keepalive=yes&beids=23886218&c=WEB&n=JvndUzGPHNOtjJX2&sparams=expire%2Cei%2Cip%2Cid%2Caitags%2Csource%2Crequiressl%2Cvprv%2Cmime%2Cns%2Cgir%2Cclen%2Cdur%2Clmt&sig=AOq0QJ8wRgIhAOulW9R9fcs1wJzGbtl9IHxLFb1JLR5SO6OTe-TfFlTcAiEAuizWcAH_vbojgWlDh7u38d19rBQyooUJkv0b2AiWTtE%3D&lsparams=mh%2Cmm%2Cmn%2Cms%2Cmv%2Cmvi%2Cpl%2Cinitcwndbps&lsig=AG3C_xAwRAIgWnMyq3PUTL0lsP8R0gv-_vcM-90ZW4dXNu1npCDD4AACIDLNihAjiGJGNOzpPC04FNQtIzMy-ZwTmp3ro4tBEC2n&ratebypass=yes", "player_url": null, "ext": "mp4", "height": 144, "format_note": "144p", "vcodec": "avc1.4d400c", "asr": null, "filesize": 1130580, "fps": 30, "tbr": 108.245, "width": 256, "acodec": "none", "downloader_options": {"http_chunk_size": 10485760}, "format": "160 - 256x144 (144p)", "protocol": "https", "http_headers": {"User-Agent": "Mozilla/5.0 (Windows NT 10.0; Win64; x64) AppleWebKit/537.36 (KHTML, like Gecko) Chrome/74.0.3729.16 Safari/537.36", "Accept-Charset": "ISO-8859-1,utf-8;q=0.7,*;q=0.7", "Accept": "text/html,application/xhtml+xml,application/xml;q=0.9,*/*;q=0.8", "Accept-Encoding": "gzip, deflate", "Accept-Language": "en-us,en;q=0.5"}}, {"format_id": "242", "url": "https://r7---sn-5njj-u2xl.googlevideo.com/videoplayback?expire=1609068860&ei=3BzoX4TxEcTuqAHF4JCYCA&ip=140.109.135.76&id=o-AAFtVCGsew788VycvJoRgblnxawC1-UAvNFDLYZtFUVi&itag=242&aitags=133%2C134%2C135%2C136%2C137%2C160%2C242%2C243%2C244%2C247%2C248%2C278&source=youtube&requiressl=yes&mh=h9&mm=31%2C29&mn=sn-5njj-u2xl%2Csn-un57sn7s&ms=au%2Crdu&mv=m&mvi=7&pl=16&initcwndbps=640000&vprv=1&mime=video%2Fwebm&ns=hETVjIEiUoz9XVKPvNXcINgF&gir=yes&clen=2532556&dur=132.899&lmt=1527424046808406&mt=1609046913&fvip=6&keepalive=yes&beids=23886218&c=WEB&n=JvndUzGPHNOtjJX2&sparams=expire%2Cei%2Cip%2Cid%2Caitags%2Csource%2Crequiressl%2Cvprv%2Cmime%2Cns%2Cgir%2Cclen%2Cdur%2Clmt&sig=AOq0QJ8wRgIhALhhjK7umEnhJ0-dtDelq75gQauXk6Y7PFYBgw5Q740wAiEA2LzsSO8QbKqz-200T0wGCV22wYbh3OK0M6_K_uRGos8%3D&lsparams=mh%2Cmm%2Cmn%2Cms%2Cmv%2Cmvi%2Cpl%2Cinitcwndbps&lsig=AG3C_xAwRAIgWnMyq3PUTL0lsP8R0gv-_vcM-90ZW4dXNu1npCDD4AACIDLNihAjiGJGNOzpPC04FNQtIzMy-ZwTmp3ro4tBEC2n&ratebypass=yes", "player_url": null, "ext": "webm", "height": 240, "format_note": "240p", "vcodec": "vp9", "asr": null, "filesize": 2532556, "fps": 30, "tbr": 206.663, "width": 426, "acodec": "none", "downloader_options": {"http_chunk_size": 10485760}, "format": "242 - 426x240 (240p)", "protocol": "https", "http_headers": {"User-Agent": "Mozilla/5.0 (Windows NT 10.0; Win64; x64) AppleWebKit/537.36 (KHTML, like Gecko) Chrome/74.0.3729.16 Safari/537.36", "Accept-Charset": "ISO-8859-1,utf-8;q=0.7,*;q=0.7", "Accept": "text/html,application/xhtml+xml,application/xml;q=0.9,*/*;q=0.8", "Accept-Encoding": "gzip, deflate", "Accept-Language": "en-us,en;q=0.5"}}, {"format_id": "133", "url": "https://r7---sn-5njj-u2xl.googlevideo.com/videoplayback?expire=1609068860&ei=3BzoX4TxEcTuqAHF4JCYCA&ip=140.109.135.76&id=o-AAFtVCGsew788VycvJoRgblnxawC1-UAvNFDLYZtFUVi&itag=133&aitags=133%2C134%2C135%2C136%2C137%2C160%2C242%2C243%2C244%2C247%2C248%2C278&source=youtube&requiressl=yes&mh=h9&mm=31%2C29&mn=sn-5njj-u2xl%2Csn-un57sn7s&ms=au%2Crdu&mv=m&mvi=7&pl=16&initcwndbps=640000&vprv=1&mime=video%2Fmp4&ns=hETVjIEiUoz9XVKPvNXcINgF&gir=yes&clen=2293263&dur=132.899&lmt=1527422139838820&mt=1609046913&fvip=6&keepalive=yes&beids=23886218&c=WEB&n=JvndUzGPHNOtjJX2&sparams=expire%2Cei%2Cip%2Cid%2Caitags%2Csource%2Crequiressl%2Cvprv%2Cmime%2Cns%2Cgir%2Cclen%2Cdur%2Clmt&sig=AOq0QJ8wRgIhAOQzxRD3JeFEPpn8bixoeyJasBqyPw_MMKQlYybD5WOjAiEA1X_KBgKmQWubswG_fLus4RAO24cK5C_DYFrVF9Z_Juk%3D&lsparams=mh%2Cmm%2Cmn%2Cms%2Cmv%2Cmvi%2Cpl%2Cinitcwndbps&lsig=AG3C_xAwRAIgWnMyq3PUTL0lsP8R0gv-_vcM-90ZW4dXNu1npCDD4AACIDLNihAjiGJGNOzpPC04FNQtIzMy-ZwTmp3ro4tBEC2n&ratebypass=yes", "player_url": null, "ext": "mp4", "height": 240, "format_note": "240p", "vcodec": "avc1.4d4015", "asr": null, "filesize": 2293263, "fps": 30, "tbr": 231.537, "width": 426, "acodec": "none", "downloader_options": {"http_chunk_size": 10485760}, "format": "133 - 426x240 (240p)", "protocol": "https", "http_headers": {"User-Agent": "Mozilla/5.0 (Windows NT 10.0; Win64; x64) AppleWebKit/537.36 (KHTML, like Gecko) Chrome/74.0.3729.16 Safari/537.36", "Accept-Charset": "ISO-8859-1,utf-8;q=0.7,*;q=0.7", "Accept": "text/html,application/xhtml+xml,application/xml;q=0.9,*/*;q=0.8", "Accept-Encoding": "gzip, deflate", "Accept-Language": "en-us,en;q=0.5"}}, {"format_id": "243", "url": "https://r7---sn-5njj-u2xl.googlevideo.com/videoplayback?expire=1609068860&ei=3BzoX4TxEcTuqAHF4JCYCA&ip=140.109.135.76&id=o-AAFtVCGsew788VycvJoRgblnxawC1-UAvNFDLYZtFUVi&itag=243&aitags=133%2C134%2C135%2C136%2C137%2C160%2C242%2C243%2C244%2C247%2C248%2C278&source=youtube&requiressl=yes&mh=h9&mm=31%2C29&mn=sn-5njj-u2xl%2Csn-un57sn7s&ms=au%2Crdu&mv=m&mvi=7&pl=16&initcwndbps=640000&vprv=1&mime=video%2Fwebm&ns=hETVjIEiUoz9XVKPvNXcINgF&gir=yes&clen=4523394&dur=132.899&lmt=1527424046813696&mt=1609046913&fvip=6&keepalive=yes&beids=23886218&c=WEB&n=JvndUzGPHNOtjJX2&sparams=expire%2Cei%2Cip%2Cid%2Caitags%2Csource%2Crequiressl%2Cvprv%2Cmime%2Cns%2Cgir%2Cclen%2Cdur%2Clmt&sig=AOq0QJ8wRgIhAIfDsSKyIF4nAga1l7Q-XzKQqDlr1AOHbp1JYiLaZa0sAiEAlTCkysvPrgkPS8iDuQdttlJiocJ5tqakpoZKZ0ccwJk%3D&lsparams=mh%2Cmm%2Cmn%2Cms%2Cmv%2Cmvi%2Cpl%2Cinitcwndbps&lsig=AG3C_xAwRAIgWnMyq3PUTL0lsP8R0gv-_vcM-90ZW4dXNu1npCDD4AACIDLNihAjiGJGNOzpPC04FNQtIzMy-ZwTmp3ro4tBEC2n&ratebypass=yes", "player_url": null, "ext": "webm", "height": 360, "format_note": "360p", "vcodec": "vp9", "asr": null, "filesize": 4523394, "fps": 30, "tbr": 354.776, "width": 640, "acodec": "none", "downloader_options": {"http_chunk_size": 10485760}, "format": "243 - 640x360 (360p)", "protocol": "https", "http_headers": {"User-Agent": "Mozilla/5.0 (Windows NT 10.0; Win64; x64) AppleWebKit/537.36 (KHTML, like Gecko) Chrome/74.0.3729.16 Safari/537.36", "Accept-Charset": "ISO-8859-1,utf-8;q=0.7,*;q=0.7", "Accept": "text/html,application/xhtml+xml,application/xml;q=0.9,*/*;q=0.8", "Accept-Encoding": "gzip, deflate", "Accept-Language": "en-us,en;q=0.5"}}, {"format_id": "134", "url": "https://r7---sn-5njj-u2xl.googlevideo.com/videoplayback?expire=1609068860&ei=3BzoX4TxEcTuqAHF4JCYCA&ip=140.109.135.76&id=o-AAFtVCGsew788VycvJoRgblnxawC1-UAvNFDLYZtFUVi&itag=134&aitags=133%2C134%2C135%2C136%2C137%2C160%2C242%2C243%2C244%2C247%2C248%2C278&source=youtube&requiressl=yes&mh=h9&mm=31%2C29&mn=sn-5njj-u2xl%2Csn-un57sn7s&ms=au%2Crdu&mv=m&mvi=7&pl=16&initcwndbps=640000&vprv=1&mime=video%2Fmp4&ns=hETVjIEiUoz9XVKPvNXcINgF&gir=yes&clen=3347432&dur=132.899&lmt=1527422139838302&mt=1609046913&fvip=6&keepalive=yes&beids=23886218&c=WEB&n=JvndUzGPHNOtjJX2&sparams=expire%2Cei%2Cip%2Cid%2Caitags%2Csource%2Crequiressl%2Cvprv%2Cmime%2Cns%2Cgir%2Cclen%2Cdur%2Clmt&sig=AOq0QJ8wRQIgWtJf_f-zi_gZhcFTYTl5UIOI4tFue4g3PJbi688hxUsCIQD98ARCuVayDpqmT9Htz5GPVRyvT0gJmWLn7LZMYACqfg%3D%3D&lsparams=mh%2Cmm%2Cmn%2Cms%2Cmv%2Cmvi%2Cpl%2Cinitcwndbps&lsig=AG3C_xAwRAIgWnMyq3PUTL0lsP8R0gv-_vcM-90ZW4dXNu1npCDD4AACIDLNihAjiGJGNOzpPC04FNQtIzMy-ZwTmp3ro4tBEC2n&ratebypass=yes", "player_url": null, "ext": "mp4", "height": 360, "format_note": "360p", "vcodec": "avc1.4d401e", "asr": null, "filesize": 3347432, "fps": 30, "tbr": 357.109, "width": 640, "acodec": "none", "downloader_options": {"http_chunk_size": 10485760}, "format": "134 - 640x360 (360p)", "protocol": "https", "http_headers": {"User-Agent": "Mozilla/5.0 (Windows NT 10.0; Win64; x64) AppleWebKit/537.36 (KHTML, like Gecko) Chrome/74.0.3729.16 Safari/537.36", "Accept-Charset": "ISO-8859-1,utf-8;q=0.7,*;q=0.7", "Accept": "text/html,application/xhtml+xml,application/xml;q=0.9,*/*;q=0.8", "Accept-Encoding": "gzip, deflate", "Accept-Language": "en-us,en;q=0.5"}}, {"format_id": "244", "url": "https://r7---sn-5njj-u2xl.googlevideo.com/videoplayback?expire=1609068860&ei=3BzoX4TxEcTuqAHF4JCYCA&ip=140.109.135.76&id=o-AAFtVCGsew788VycvJoRgblnxawC1-UAvNFDLYZtFUVi&itag=244&aitags=133%2C134%2C135%2C136%2C137%2C160%2C242%2C243%2C244%2C247%2C248%2C278&source=youtube&requiressl=yes&mh=h9&mm=31%2C29&mn=sn-5njj-u2xl%2Csn-un57sn7s&ms=au%2Crdu&mv=m&mvi=7&pl=16&initcwndbps=640000&vprv=1&mime=video%2Fwebm&ns=hETVjIEiUoz9XVKPvNXcINgF&gir=yes&clen=7454634&dur=132.899&lmt=1527424046898210&mt=1609046913&fvip=6&keepalive=yes&beids=23886218&c=WEB&n=JvndUzGPHNOtjJX2&sparams=expire%2Cei%2Cip%2Cid%2Caitags%2Csource%2Crequiressl%2Cvprv%2Cmime%2Cns%2Cgir%2Cclen%2Cdur%2Clmt&sig=AOq0QJ8wRAIgWPzCn5Xj6ZemxEBVXsy3loUMYUHjL6-evZIx4VY7_M0CIDjh_qdeCWalZNBqtH8uV5QmySnE8z9wXRIpAWeMmTYq&lsparams=mh%2Cmm%2Cmn%2Cms%2Cmv%2Cmvi%2Cpl%2Cinitcwndbps&lsig=AG3C_xAwRAIgWnMyq3PUTL0lsP8R0gv-_vcM-90ZW4dXNu1npCDD4AACIDLNihAjiGJGNOzpPC04FNQtIzMy-ZwTmp3ro4tBEC2n&ratebypass=yes", "player_url": null, "ext": "webm", "height": 480, "format_note": "480p", "vcodec": "vp9", "asr": null, "filesize": 7454634, "fps": 30, "tbr": 573.436, "width": 854, "acodec": "none", "downloader_options": {"http_chunk_size": 10485760}, "format": "244 - 854x480 (480p)", "protocol": "https", "http_headers": {"User-Agent": "Mozilla/5.0 (Windows NT 10.0; Win64; x64) AppleWebKit/537.36 (KHTML, like Gecko) Chrome/74.0.3729.16 Safari/537.36", "Accept-Charset": "ISO-8859-1,utf-8;q=0.7,*;q=0.7", "Accept": "text/html,application/xhtml+xml,application/xml;q=0.9,*/*;q=0.8", "Accept-Encoding": "gzip, deflate", "Accept-Language": "en-us,en;q=0.5"}}, {"format_id": "135", "url": "https://r7---sn-5njj-u2xl.googlevideo.com/videoplayback?expire=1609068860&ei=3BzoX4TxEcTuqAHF4JCYCA&ip=140.109.135.76&id=o-AAFtVCGsew788VycvJoRgblnxawC1-UAvNFDLYZtFUVi&itag=135&aitags=133%2C134%2C135%2C136%2C137%2C160%2C242%2C243%2C244%2C247%2C248%2C278&source=youtube&requiressl=yes&mh=h9&mm=31%2C29&mn=sn-5njj-u2xl%2Csn-un57sn7s&ms=au%2Crdu&mv=m&mvi=7&pl=16&initcwndbps=640000&vprv=1&mime=video%2Fmp4&ns=hETVjIEiUoz9XVKPvNXcINgF&gir=yes&clen=6977730&dur=132.899&lmt=1527422139924981&mt=1609046913&fvip=6&keepalive=yes&beids=23886218&c=WEB&n=JvndUzGPHNOtjJX2&sparams=expire%2Cei%2Cip%2Cid%2Caitags%2Csource%2Crequiressl%2Cvprv%2Cmime%2Cns%2Cgir%2Cclen%2Cdur%2Clmt&sig=AOq0QJ8wRQIhAN1Q_L0z_TPPw0Y66HBq_rbetBJrPcA-rN4Se8NOPAkiAiBw0RWGpygj1c79I8QgGSaSvVGTwXgEMVT3KeTIy3puKg%3D%3D&lsparams=mh%2Cmm%2Cmn%2Cms%2Cmv%2Cmvi%2Cpl%2Cinitcwndbps&lsig=AG3C_xAwRAIgWnMyq3PUTL0lsP8R0gv-_vcM-90ZW4dXNu1npCDD4AACIDLNihAjiGJGNOzpPC04FNQtIzMy-ZwTmp3ro4tBEC2n&ratebypass=yes", "player_url": null, "ext": "mp4", "height": 480, "format_note": "480p", "vcodec": "avc1.4d401f", "asr": null, "filesize": 6977730, "fps": 30, "tbr": 719.869, "width": 854, "acodec": "none", "downloader_options": {"http_chunk_size": 10485760}, "format": "135 - 854x480 (480p)", "protocol": "https", "http_headers": {"User-Agent": "Mozilla/5.0 (Windows NT 10.0; Win64; x64) AppleWebKit/537.36 (KHTML, like Gecko) Chrome/74.0.3729.16 Safari/537.36", "Accept-Charset": "ISO-8859-1,utf-8;q=0.7,*;q=0.7", "Accept": "text/html,application/xhtml+xml,application/xml;q=0.9,*/*;q=0.8", "Accept-Encoding": "gzip, deflate", "Accept-Language": "en-us,en;q=0.5"}}, {"format_id": "247", "url": "https://r7---sn-5njj-u2xl.googlevideo.com/videoplayback?expire=1609068860&ei=3BzoX4TxEcTuqAHF4JCYCA&ip=140.109.135.76&id=o-AAFtVCGsew788VycvJoRgblnxawC1-UAvNFDLYZtFUVi&itag=247&aitags=133%2C134%2C135%2C136%2C137%2C160%2C242%2C243%2C244%2C247%2C248%2C278&source=youtube&requiressl=yes&mh=h9&mm=31%2C29&mn=sn-5njj-u2xl%2Csn-un57sn7s&ms=au%2Crdu&mv=m&mvi=7&pl=16&initcwndbps=640000&vprv=1&mime=video%2Fwebm&ns=hETVjIEiUoz9XVKPvNXcINgF&gir=yes&clen=16495508&dur=132.899&lmt=1527424046841689&mt=1609046913&fvip=6&keepalive=yes&beids=23886218&c=WEB&n=JvndUzGPHNOtjJX2&sparams=expire%2Cei%2Cip%2Cid%2Caitags%2Csource%2Crequiressl%2Cvprv%2Cmime%2Cns%2Cgir%2Cclen%2Cdur%2Clmt&sig=AOq0QJ8wRQIhAOkrget0bUZTYKbdJFu7a73c7Xhjud-6fT66Yy_a-I93AiBvl05cGw2b2hPdygj23F-qxFQ0gxtvBhqx0RaSNOipSw%3D%3D&lsparams=mh%2Cmm%2Cmn%2Cms%2Cmv%2Cmvi%2Cpl%2Cinitcwndbps&lsig=AG3C_xAwRAIgWnMyq3PUTL0lsP8R0gv-_vcM-90ZW4dXNu1npCDD4AACIDLNihAjiGJGNOzpPC04FNQtIzMy-ZwTmp3ro4tBEC2n&ratebypass=yes", "player_url": null, "ext": "webm", "height": 720, "format_note": "720p", "vcodec": "vp9", "asr": null, "filesize": 16495508, "fps": 30, "tbr": 1138.075, "width": 1280, "acodec": "none", "downloader_options": {"http_chunk_size": 10485760}, "format": "247 - 1280x720 (720p)", "protocol": "https", "http_headers": {"User-Agent": "Mozilla/5.0 (Windows NT 10.0; Win64; x64) AppleWebKit/537.36 (KHTML, like Gecko) Chrome/74.0.3729.16 Safari/537.36", "Accept-Charset": "ISO-8859-1,utf-8;q=0.7,*;q=0.7", "Accept": "text/html,application/xhtml+xml,application/xml;q=0.9,*/*;q=0.8", "Accept-Encoding": "gzip, deflate", "Accept-Language": "en-us,en;q=0.5"}}, {"format_id": "136", "url": "https://r7---sn-5njj-u2xl.googlevideo.com/videoplayback?expire=1609068860&ei=3BzoX4TxEcTuqAHF4JCYCA&ip=140.109.135.76&id=o-AAFtVCGsew788VycvJoRgblnxawC1-UAvNFDLYZtFUVi&itag=136&aitags=133%2C134%2C135%2C136%2C137%2C160%2C242%2C243%2C244%2C247%2C248%2C278&source=youtube&requiressl=yes&mh=h9&mm=31%2C29&mn=sn-5njj-u2xl%2Csn-un57sn7s&ms=au%2Crdu&mv=m&mvi=7&pl=16&initcwndbps=640000&vprv=1&mime=video%2Fmp4&ns=hETVjIEiUoz9XVKPvNXcINgF&gir=yes&clen=15135009&dur=132.899&lmt=1527422139924355&mt=1609046913&fvip=6&keepalive=yes&beids=23886218&c=WEB&n=JvndUzGPHNOtjJX2&sparams=expire%2Cei%2Cip%2Cid%2Caitags%2Csource%2Crequiressl%2Cvprv%2Cmime%2Cns%2Cgir%2Cclen%2Cdur%2Clmt&sig=AOq0QJ8wRQIgRFrizmW3FEVRiAPFfx2Bl5YivztyV1klalJJUcxi1ZsCIQDIjPp6MmG193UaouGOnkhmR1BvGempfOxpMoXzmGuF0Q%3D%3D&lsparams=mh%2Cmm%2Cmn%2Cms%2Cmv%2Cmvi%2Cpl%2Cinitcwndbps&lsig=AG3C_xAwRAIgWnMyq3PUTL0lsP8R0gv-_vcM-90ZW4dXNu1npCDD4AACIDLNihAjiGJGNOzpPC04FNQtIzMy-ZwTmp3ro4tBEC2n&ratebypass=yes", "player_url": null, "ext": "mp4", "height": 720, "format_note": "720p", "vcodec": "avc1.4d401f", "asr": null, "filesize": 15135009, "fps": 30, "tbr": 1393.921, "width": 1280, "acodec": "none", "downloader_options": {"http_chunk_size": 10485760}, "format": "136 - 1280x720 (720p)", "protocol": "https", "http_headers": {"User-Agent": "Mozilla/5.0 (Windows NT 10.0; Win64; x64) AppleWebKit/537.36 (KHTML, like Gecko) Chrome/74.0.3729.16 Safari/537.36", "Accept-Charset": "ISO-8859-1,utf-8;q=0.7,*;q=0.7", "Accept": "text/html,application/xhtml+xml,application/xml;q=0.9,*/*;q=0.8", "Accept-Encoding": "gzip, deflate", "Accept-Language": "en-us,en;q=0.5"}}, {"format_id": "248", "url": "https://r7---sn-5njj-u2xl.googlevideo.com/videoplayback?expire=1609068860&ei=3BzoX4TxEcTuqAHF4JCYCA&ip=140.109.135.76&id=o-AAFtVCGsew788VycvJoRgblnxawC1-UAvNFDLYZtFUVi&itag=248&aitags=133%2C134%2C135%2C136%2C137%2C160%2C242%2C243%2C244%2C247%2C248%2C278&source=youtube&requiressl=yes&mh=h9&mm=31%2C29&mn=sn-5njj-u2xl%2Csn-un57sn7s&ms=au%2Crdu&mv=m&mvi=7&pl=16&initcwndbps=640000&vprv=1&mime=video%2Fwebm&ns=hETVjIEiUoz9XVKPvNXcINgF&gir=yes&clen=36941560&dur=132.899&lmt=1527424131875705&mt=1609046913&fvip=6&keepalive=yes&beids=23886218&c=WEB&n=JvndUzGPHNOtjJX2&sparams=expire%2Cei%2Cip%2Cid%2Caitags%2Csource%2Crequiressl%2Cvprv%2Cmime%2Cns%2Cgir%2Cclen%2Cdur%2Clmt&sig=AOq0QJ8wRQIgEOXyh2E4qIN_pq_q6BQoS2Gq2cV99vx7E1gie8f-TigCIQD7QXUQbiuM2tWCgiFj__XLjKJHqRy2nuus-l19AX5j4A%3D%3D&lsparams=mh%2Cmm%2Cmn%2Cms%2Cmv%2Cmvi%2Cpl%2Cinitcwndbps&lsig=AG3C_xAwRAIgWnMyq3PUTL0lsP8R0gv-_vcM-90ZW4dXNu1npCDD4AACIDLNihAjiGJGNOzpPC04FNQtIzMy-ZwTmp3ro4tBEC2n&ratebypass=yes", "player_url": null, "ext": "webm", "height": 1080, "format_note": "1080p", "vcodec": "vp9", "asr": null, "filesize": 36941560, "fps": 30, "tbr": 2427.485, "width": 1920, "acodec": "none", "downloader_options": {"http_chunk_size": 10485760}, "format": "248 - 1920x1080 (1080p)", "protocol": "https", "http_headers": {"User-Agent": "Mozilla/5.0 (Windows NT 10.0; Win64; x64) AppleWebKit/537.36 (KHTML, like Gecko) Chrome/74.0.3729.16 Safari/537.36", "Accept-Charset": "ISO-8859-1,utf-8;q=0.7,*;q=0.7", "Accept": "text/html,application/xhtml+xml,application/xml;q=0.9,*/*;q=0.8", "Accept-Encoding": "gzip, deflate", "Accept-Language": "en-us,en;q=0.5"}}, {"format_id": "137", "url": "https://r7---sn-5njj-u2xl.googlevideo.com/videoplayback?expire=1609068860&ei=3BzoX4TxEcTuqAHF4JCYCA&ip=140.109.135.76&id=o-AAFtVCGsew788VycvJoRgblnxawC1-UAvNFDLYZtFUVi&itag=137&aitags=133%2C134%2C135%2C136%2C137%2C160%2C242%2C243%2C244%2C247%2C248%2C278&source=youtube&requiressl=yes&mh=h9&mm=31%2C29&mn=sn-5njj-u2xl%2Csn-un57sn7s&ms=au%2Crdu&mv=m&mvi=7&pl=16&initcwndbps=640000&vprv=1&mime=video%2Fmp4&ns=hETVjIEiUoz9XVKPvNXcINgF&gir=yes&clen=42898818&dur=132.899&lmt=1527422131721147&mt=1609046913&fvip=6&keepalive=yes&beids=23886218&c=WEB&n=JvndUzGPHNOtjJX2&sparams=expire%2Cei%2Cip%2Cid%2Caitags%2Csource%2Crequiressl%2Cvprv%2Cmime%2Cns%2Cgir%2Cclen%2Cdur%2Clmt&sig=AOq0QJ8wRQIgI33MGmXUOSEEzIxSGAU-jhl9BMD6oKdESv9UXzFE03QCIQCIN_E-e28_ha02HOPFuyBtcA6X6BwVGw4a2LrIT6uwBw%3D%3D&lsparams=mh%2Cmm%2Cmn%2Cms%2Cmv%2Cmvi%2Cpl%2Cinitcwndbps&lsig=AG3C_xAwRAIgWnMyq3PUTL0lsP8R0gv-_vcM-90ZW4dXNu1npCDD4AACIDLNihAjiGJGNOzpPC04FNQtIzMy-ZwTmp3ro4tBEC2n&ratebypass=yes", "player_url": null, "ext": "mp4", "height": 1080, "format_note": "1080p", "vcodec": "avc1.640028", "asr": null, "filesize": 42898818, "fps": 30, "tbr": 3081.864, "width": 1920, "acodec": "none", "downloader_options": {"http_chunk_size": 10485760}, "format": "137 - 1920x1080 (1080p)", "protocol": "https", "http_headers": {"User-Agent": "Mozilla/5.0 (Windows NT 10.0; Win64; x64) AppleWebKit/537.36 (KHTML, like Gecko) Chrome/74.0.3729.16 Safari/537.36", "Accept-Charset": "ISO-8859-1,utf-8;q=0.7,*;q=0.7", "Accept": "text/html,application/xhtml+xml,application/xml;q=0.9,*/*;q=0.8", "Accept-Encoding": "gzip, deflate", "Accept-Language": "en-us,en;q=0.5"}}, {"format_id": "18", "url": "https://r7---sn-5njj-u2xl.googlevideo.com/videoplayback?expire=1609068860&ei=3BzoX4TxEcTuqAHF4JCYCA&ip=140.109.135.76&id=o-AAFtVCGsew788VycvJoRgblnxawC1-UAvNFDLYZtFUVi&itag=18&source=youtube&requiressl=yes&mh=h9&mm=31%2C29&mn=sn-5njj-u2xl%2Csn-un57sn7s&ms=au%2Crdu&mv=m&mvi=7&pl=16&initcwndbps=640000&vprv=1&mime=video%2Fmp4&ns=uZKg78e-jynznh4UKYvYubUF&gir=yes&clen=7007829&ratebypass=yes&dur=132.957&lmt=1527422118747864&mt=1609046913&fvip=6&beids=23886218&c=WEB&n=ixydrBLbOYHx0uNe&sparams=expire%2Cei%2Cip%2Cid%2Citag%2Csource%2Crequiressl%2Cvprv%2Cmime%2Cns%2Cgir%2Cclen%2Cratebypass%2Cdur%2Clmt&sig=AOq0QJ8wRQIgaQBYLQd7zMMIUu8Z505M-5ov1LIgTC8fZOknPgbJTEACIQCN3sgsNfYQPh0otxu34nfdQ8mG-FMT4mtJcn5mXUGc5g%3D%3D&lsparams=mh%2Cmm%2Cmn%2Cms%2Cmv%2Cmvi%2Cpl%2Cinitcwndbps&lsig=AG3C_xAwRAIgWnMyq3PUTL0lsP8R0gv-_vcM-90ZW4dXNu1npCDD4AACIDLNihAjiGJGNOzpPC04FNQtIzMy-ZwTmp3ro4tBEC2n", "player_url": null, "ext": "mp4", "width": 640, "height": 360, "acodec": "mp4a.40.2", "abr": 96, "vcodec": "avc1.42001E", "asr": 44100, "filesize": 7007829, "format_note": "360p", "fps": 30, "tbr": 421.847, "format": "18 - 640x360 (360p)", "protocol": "https", "http_headers": {"User-Agent": "Mozilla/5.0 (Windows NT 10.0; Win64; x64) AppleWebKit/537.36 (KHTML, like Gecko) Chrome/74.0.3729.16 Safari/537.36", "Accept-Charset": "ISO-8859-1,utf-8;q=0.7,*;q=0.7", "Accept": "text/html,application/xhtml+xml,application/xml;q=0.9,*/*;q=0.8", "Accept-Encoding": "gzip, deflate", "Accept-Language": "en-us,en;q=0.5"}}], "is_live": null, "start_time": null, "end_time": null, "series": null, "season_number": null, "episode_number": null, "track": null, "artist": null, "album": null, "release_date": null, "release_year": null, "extractor": "youtube", "webpage_url_basename": "watch", "extractor_key": "Youtube", "playlist": null, "playlist_index": null, "thumbnail": "https://i.ytimg.com/vi_webp/fShAWhXIits/maxresdefault.webp", "display_id": "fShAWhXIits", "requested_subtitles": null, "format_id": "251", "url": "https://r7---sn-5njj-u2xl.googlevideo.com/videoplayback?expire=1609068860&ei=3BzoX4TxEcTuqAHF4JCYCA&ip=140.109.135.76&id=o-AAFtVCGsew788VycvJoRgblnxawC1-UAvNFDLYZtFUVi&itag=251&source=youtube&requiressl=yes&mh=h9&mm=31%2C29&mn=sn-5njj-u2xl%2Csn-un57sn7s&ms=au%2Crdu&mv=m&mvi=7&pl=16&initcwndbps=640000&vprv=1&mime=audio%2Fwebm&ns=hETVjIEiUoz9XVKPvNXcINgF&gir=yes&clen=2388217&dur=132.921&lmt=1527423555554726&mt=1609046913&fvip=6&keepalive=yes&beids=23886218&c=WEB&n=JvndUzGPHNOtjJX2&sparams=expire%2Cei%2Cip%2Cid%2Citag%2Csource%2Crequiressl%2Cvprv%2Cmime%2Cns%2Cgir%2Cclen%2Cdur%2Clmt&sig=AOq0QJ8wRgIhAMCMZJdvg7DbhKhPs58m-zTmR2AYy8McxZODnDekoTOlAiEAsgn7JEZASu8WhCN0LS9YbWp18phHEPv39OctGmXzLoo%3D&lsparams=mh%2Cmm%2Cmn%2Cms%2Cmv%2Cmvi%2Cpl%2Cinitcwndbps&lsig=AG3C_xAwRAIgWnMyq3PUTL0lsP8R0gv-_vcM-90ZW4dXNu1npCDD4AACIDLNihAjiGJGNOzpPC04FNQtIzMy-ZwTmp3ro4tBEC2n&ratebypass=yes", "player_url": null, "ext": "webm", "format_note": "tiny", "acodec": "opus", "abr": 160, "asr": 48000, "filesize": 2388217, "fps": null, "height": null, "tbr": 159.222, "width": null, "vcodec": "none", "downloader_options": {"http_chunk_size": 10485760}, "format": "251 - audio only (tiny)", "protocol": "https", "http_headers": {"User-Agent": "Mozilla/5.0 (Windows NT 10.0; Win64; x64) AppleWebKit/537.36 (KHTML, like Gecko) Chrome/74.0.3729.16 Safari/537.36", "Accept-Charset": "ISO-8859-1,utf-8;q=0.7,*;q=0.7", "Accept": "text/html,application/xhtml+xml,application/xml;q=0.9,*/*;q=0.8", "Accept-Encoding": "gzip, deflate", "Accept-Language": "en-us,en;q=0.5"}}