{"id": "GvlktPwuBGs", "uploader": "Pianoheart", "uploader_id": "ThePianoheart", "uploader_url": "http://www.youtube.com/user/ThePianoheart", "channel_id": "UCyeyPb7Tq6olpumJAsw0Xow", "channel_url": "http://www.youtube.com/channel/UCyeyPb7Tq6olpumJAsw0Xow", "upload_date": "20190415", "license": null, "creator": null, "title": "\ubc29\ud0c4\uc18c\ub144\ub2e8(BTS) - \uc791\uc740 \uac83\ub4e4\uc744 \uc704\ud55c \uc2dc(Boy With Luv) \ud53c\uc544\ub178 \uc5f0\uc8fc\uc640 \uc545\ubcf4 (piano cover and sheet)", "alt_title": null, "thumbnails": [{"url": "https://i.ytimg.com/vi/GvlktPwuBGs/hqdefault.jpg?sqp=-oaymwEbCKgBEF5IVfKriqkDDggBFQAAiEIYAXABwAEG&rs=AOn4CLASK7TK2qN_uhe3vpqTCPaZDnQIpg", "width": 168, "height": 94, "resolution": "168x94", "id": "0"}, {"url": "https://i.ytimg.com/vi/GvlktPwuBGs/hqdefault.jpg?sqp=-oaymwEbCMQBEG5IVfKriqkDDggBFQAAiEIYAXABwAEG&rs=AOn4CLCQPkfEFxQX_xNvubUjfrVirdn1iw", "width": 196, "height": 110, "resolution": "196x110", "id": "1"}, {"url": "https://i.ytimg.com/vi/GvlktPwuBGs/hqdefault.jpg?sqp=-oaymwEcCPYBEIoBSFXyq4qpAw4IARUAAIhCGAFwAcABBg==&rs=AOn4CLDaHA3gPl6rdCTdXG7wCSpY5A6MxQ", "width": 246, "height": 138, "resolution": "246x138", "id": "2"}, {"url": "https://i.ytimg.com/vi/GvlktPwuBGs/hqdefault.jpg?sqp=-oaymwEcCNACELwBSFXyq4qpAw4IARUAAIhCGAFwAcABBg==&rs=AOn4CLCeoO7LXw0aiHrFV2XMZcnriwOhXg", "width": 336, "height": 188, "resolution": "336x188", "id": "3"}], "description": "*. \ud53c\uc544\ub178 \uc5f0\uc8fc \uc804\ubb38 \ucc44\ub110 '\ud53c\uc544\ub178\ud558\ud2b8'\uc5d0\uc11c \n   2019\ub144 4\uc6d4 15\uc77c\uc5d0 \uc5f0\uc8fc\ud55c \uace1\uc740 \ubc29\ud0c4\uc18c\ub144\ub2e8\uc758 '\uc791\uc740 \uac83\ub4e4\uc744 \uc704\ud55c \uc2dc (Feat. Halsey)'\uc785\ub2c8\ub2e4.\n*. \uc545\ubcf4\ub97c \uc6d0\ud558\uc2dc\ub294 \ubd84\uc740 \ud53c\uc544\ub178 \uc545\ubcf4 \uc804\ubb38 \uc0ac\uc774\ud2b8 '\ud53c\uc544\ub178\ud558\ud2b8' http://www.pianoheart.co.kr \ub85c \uc624\uc138\uc694.\n\n*. Song Title : BTS - Boy With Luv\n*. Download the sheet music@ http://www.pianoheart.co.kr\n*. If you don't know Korean Language, please read English Guide.\n  at  http://www.pianoheart.co.kr/E_Guide.pdf\n\n*.\ud53c\uc544\ub178\ud558\ud2b8 \uc720\ud29c\ube0c\ucc44\ub110\uc744 \uad6c\ub3c5\ud558\uc2dc\uac70\ub098,\n  \ud398\uc774\uc2a4\ubd81 https://www.facebook.com/pianoheart0902 \uc5d0\uc11c\n '\uc88b\uc544\uc694'\ub97c \ub204\ub974\uc2dc\uba74, \n  \ud53c\uc544\ub178\ud558\ud2b8\uc758 \uc545\ubcf4 \uc5c5\ub370\uc774\ud2b8 \uc18c\uc2dd\uc744 \n  \uac00\uc7a5 \uba3c\uc800 \uc811\ud558\uc2e4 \uc218 \uc788\uc2b5\ub2c8\ub2e4.^^\n\n*. \uc774 \uc5f0\uc8fc\ub97c BGM \uc774\ub098 \ubc18\uc8fc\ub85c \uc4f0\uace0 \uc2f6\uc73c\uc2e0 \ubd84\ub4e4\uc740 \uc4f0\uc154\ub3c4 \ub429\ub2c8\ub2e4. \n\uc81c\uac00 \ub313\uae00\uc744 \ub2a6\uac8c \ubd10\uc11c \ub2f5\ubcc0\uc774 \ub354\ub354\uc6b1 \ub2a6\uc5b4\uc9c0\uac70\ub098, \ub2f5\ubcc0\uc744 \ubabb\ub4dc\ub9ac\ub294 \uacbd\uc6b0\ub3c4 \uc788\uc73c\ub2c8, \n\ub313\uae00\ub85c \uc0ac\uc6a9 \ubb38\uc758\ub97c \ud558\uc154\uc11c \uc624\ub798\uae30\ub2e4\ub9ac\uc9c0\ub9c8\uc2dc\uace0 , \ub2e4 \ub9cc\ub4e4\uc5b4\uc9c4 \uc601\uc0c1\uc744 \uc81c\uac8c\ub3c4 \uc54c\ub824\uc8fc\uc2dc\uba74 \uac10\uc0ac\ud558\uaca0\uc2b5\ub2c8\ub2e4. \n\ub2e8, \ucd9c\ucc98 \ud45c\uae30\ub294 \uaf2d \ud574\uc8fc\uc2dc\uae30 \ubc14\ub78d\ub2c8\ub2e4. \uc81c\uac00 \uad8c\uc7a5\ud558\ub294 \ud45c\uae30\ub294 ' www.pianoheart.co.kr ' \ub610\ub294 '\ud53c\uc544\ub178\ud558\ud2b8'\uc785\ub2c8\ub2e4. \n\n*. \uc2e0\uccad\uace1\uc740 \ud53c\uc544\ub178\ud558\ud2b8 \uc2e0\uccad\uace1 \uac8c\uc2dc\ud310\uc744 \uc774\uc6a9\ud574\uc8fc\uc138\uc694. \n   www.pianoheart.co.kr\n\n#\ud53c\uc544\ub178\ud558\ud2b8, #\uc6d0\uace1\ub290\ub08c\ud53c\uc544\ub178\ucee4\ubc84", "categories": ["Music"], "tags": ["\uc791\uc740 \uac83\ub4e4\uc744 \uc704\ud55c \uc2dc \uc545\ubcf4", "boy with luv sheet", "\uc791\uc740 \uac83\ub4e4\uc744 \uc704\ud55c \uc2dc \ud53c\uc544\ub178 \ucee4\ubc84", "\uc791\uc740 \uac83\ub4e4\uc744 \uc704\ud55c \uc2dc \ud53c\uc544\ub178 \uc5f0\uc8fc", "boy with luv piano cover", "boy with luv piano sheet", "\ubc29\ud0c4\uc18c\ub144\ub2e8 \uc791\uc740 \uac83\ub4e4\uc744 \uc704\ud55c \uc2dc \uc545\ubcf4", "\ubc29\ud0c4\uc18c\ub144\ub2e8 \uc791\uc740 \uac83\ub4e4\uc744 \uc704\ud55c \uc2dc \ud53c\uc544\ub178 \uc545\ubcf4", "\ub290\ub08c\ud45c", "\ud53c\uc544\ub178\ud558\ud2b8", "\uc694\uc998\uc778\uae30 \uc788\ub294 \uace1", "\uac00\uc694 \uc545\ubcf4"], "subtitles": {}, "automatic_captions": {}, "duration": 241, "age_limit": 0, "annotations": null, "chapters": null, "webpage_url": "https://www.youtube.com/watch?v=GvlktPwuBGs", "view_count": 29540, "like_count": 867, "dislike_count": 10, "average_rating": 4.95439, "formats": [{"format_id": "249", "url": "https://r1---sn-5njj-u2xe.googlevideo.com/videoplayback?expire=1611763406&ei=bjoRYO76F4KTgQObgYKICA&ip=140.109.135.76&id=o-ANhCs-MmHTDKCobiLuEBiLzaSnaB-_iFCrRGwWJJMuiT&itag=249&source=youtube&requiressl=yes&mh=Gq&mm=31%2C29&mn=sn-5njj-u2xe%2Csn-un57en7e&ms=au%2Crdu&mv=m&mvi=1&pcm2cms=yes&pl=16&initcwndbps=540000&vprv=1&mime=audio%2Fwebm&ns=Gz1yVKurANMGFx1n5lLYGPcF&gir=yes&clen=1603868&dur=240.841&lmt=1555340013008774&mt=1611740913&fvip=1&keepalive=yes&c=WEB&txp=5431432&n=25VH_o2k1gMFz2vTaOei&sparams=expire%2Cei%2Cip%2Cid%2Citag%2Csource%2Crequiressl%2Cvprv%2Cmime%2Cns%2Cgir%2Cclen%2Cdur%2Clmt&lsparams=mh%2Cmm%2Cmn%2Cms%2Cmv%2Cmvi%2Cpcm2cms%2Cpl%2Cinitcwndbps&lsig=AG3C_xAwRQIhAKyL-2s4LuEe5mVz04LnpKuK-4nTygBnwkxgsSM89N6iAiAjibLlsr8c-YWiJAf-EwECFtHDvuwCBwprX3KB-vJd6Q%3D%3D&sig=AOq0QJ8wRQIgJrf7X1QfIerjcfcKI0J8PbACfOFkRcI2QgSWrSt-_gYCIQDbwkMtDILjEovO4zDYdsCMOBCaygzdKlHeBhwdL-T-UA==&ratebypass=yes", "player_url": "/s/player/c6df6ed7/player_ias.vflset/en_US/base.js", "ext": "webm", "format_note": "tiny", "acodec": "opus", "abr": 50, "asr": 48000, "filesize": 1603868, "fps": null, "height": null, "tbr": 58.367, "width": null, "vcodec": "none", "downloader_options": {"http_chunk_size": 10485760}, "format": "249 - audio only (tiny)", "protocol": "https", "http_headers": {"User-Agent": "Mozilla/5.0 (Windows NT 10.0; Win64; x64) AppleWebKit/537.36 (KHTML, like Gecko) Chrome/72.0.3626.85 Safari/537.36", "Accept-Charset": "ISO-8859-1,utf-8;q=0.7,*;q=0.7", "Accept": "text/html,application/xhtml+xml,application/xml;q=0.9,*/*;q=0.8", "Accept-Encoding": "gzip, deflate", "Accept-Language": "en-us,en;q=0.5"}}, {"format_id": "250", "url": "https://r1---sn-5njj-u2xe.googlevideo.com/videoplayback?expire=1611763406&ei=bjoRYO76F4KTgQObgYKICA&ip=140.109.135.76&id=o-ANhCs-MmHTDKCobiLuEBiLzaSnaB-_iFCrRGwWJJMuiT&itag=250&source=youtube&requiressl=yes&mh=Gq&mm=31%2C29&mn=sn-5njj-u2xe%2Csn-un57en7e&ms=au%2Crdu&mv=m&mvi=1&pcm2cms=yes&pl=16&initcwndbps=540000&vprv=1&mime=audio%2Fwebm&ns=Gz1yVKurANMGFx1n5lLYGPcF&gir=yes&clen=2160485&dur=240.841&lmt=1555340013597643&mt=1611740913&fvip=1&keepalive=yes&c=WEB&txp=5431432&n=25VH_o2k1gMFz2vTaOei&sparams=expire%2Cei%2Cip%2Cid%2Citag%2Csource%2Crequiressl%2Cvprv%2Cmime%2Cns%2Cgir%2Cclen%2Cdur%2Clmt&lsparams=mh%2Cmm%2Cmn%2Cms%2Cmv%2Cmvi%2Cpcm2cms%2Cpl%2Cinitcwndbps&lsig=AG3C_xAwRQIgLiJ_z4JU33OGZSyjPhE7SvnW6tpZLphGgfB3eN17Y8ECIQCwWk-ytglMcTX2ODVoXCJpZEJQxL_3zqvslujY1mt6OQ%3D%3D&sig=AOq0QJ8wRQIhAOIyVO8yAaQ5978C0rDiiRBd3fICHn_UcEiAULP--5vRAiAI6AlX4pZ9oEFgOn0VZFnA41MLxm5KSyVm5ia_AuPqtA==&ratebypass=yes", "player_url": "/s/player/c6df6ed7/player_ias.vflset/en_US/base.js", "ext": "webm", "format_note": "tiny", "acodec": "opus", "abr": 70, "asr": 48000, "filesize": 2160485, "fps": null, "height": null, "tbr": 78.856, "width": null, "vcodec": "none", "downloader_options": {"http_chunk_size": 10485760}, "format": "250 - audio only (tiny)", "protocol": "https", "http_headers": {"User-Agent": "Mozilla/5.0 (Windows NT 10.0; Win64; x64) AppleWebKit/537.36 (KHTML, like Gecko) Chrome/72.0.3626.85 Safari/537.36", "Accept-Charset": "ISO-8859-1,utf-8;q=0.7,*;q=0.7", "Accept": "text/html,application/xhtml+xml,application/xml;q=0.9,*/*;q=0.8", "Accept-Encoding": "gzip, deflate", "Accept-Language": "en-us,en;q=0.5"}}, {"format_id": "140", "url": "https://r1---sn-5njj-u2xe.googlevideo.com/videoplayback?expire=1611763406&ei=bjoRYO76F4KTgQObgYKICA&ip=140.109.135.76&id=o-ANhCs-MmHTDKCobiLuEBiLzaSnaB-_iFCrRGwWJJMuiT&itag=140&source=youtube&requiressl=yes&mh=Gq&mm=31%2C29&mn=sn-5njj-u2xe%2Csn-un57en7e&ms=au%2Crdu&mv=m&mvi=1&pcm2cms=yes&pl=16&initcwndbps=540000&vprv=1&mime=audio%2Fmp4&ns=Gz1yVKurANMGFx1n5lLYGPcF&gir=yes&clen=3898849&dur=240.860&lmt=1555340013294567&mt=1611740913&fvip=1&keepalive=yes&c=WEB&txp=5431432&n=25VH_o2k1gMFz2vTaOei&sparams=expire%2Cei%2Cip%2Cid%2Citag%2Csource%2Crequiressl%2Cvprv%2Cmime%2Cns%2Cgir%2Cclen%2Cdur%2Clmt&lsparams=mh%2Cmm%2Cmn%2Cms%2Cmv%2Cmvi%2Cpcm2cms%2Cpl%2Cinitcwndbps&lsig=AG3C_xAwRQIhAK2hBc9U2Gu7UtToIYKFYz2zVBV3Ug1-om-EXsgLKFx_AiBGgLFEcabR0ZlueNMFQWHiNOOdZklkSG2Mm6nxAyG1cg%3D%3D&sig=AOq0QJ8wRQIhAIqslEQiDgZXtZrDwiPl0sOKkaldpO2o2uOmuLpdXWxIAiBaFR6TUTAJxuniZbMXZnSrVYcUgfMP4LclDtxP2D2Ahw==&ratebypass=yes", "player_url": "/s/player/c6df6ed7/player_ias.vflset/en_US/base.js", "ext": "m4a", "format_note": "tiny", "acodec": "mp4a.40.2", "abr": 128, "container": "m4a_dash", "asr": 44100, "filesize": 3898849, "fps": null, "height": null, "tbr": 130.453, "width": null, "vcodec": "none", "downloader_options": {"http_chunk_size": 10485760}, "format": "140 - audio only (tiny)", "protocol": "https", "http_headers": {"User-Agent": "Mozilla/5.0 (Windows NT 10.0; Win64; x64) AppleWebKit/537.36 (KHTML, like Gecko) Chrome/72.0.3626.85 Safari/537.36", "Accept-Charset": "ISO-8859-1,utf-8;q=0.7,*;q=0.7", "Accept": "text/html,application/xhtml+xml,application/xml;q=0.9,*/*;q=0.8", "Accept-Encoding": "gzip, deflate", "Accept-Language": "en-us,en;q=0.5"}}, {"format_id": "251", "url": "https://r1---sn-5njj-u2xe.googlevideo.com/videoplayback?expire=1611763406&ei=bjoRYO76F4KTgQObgYKICA&ip=140.109.135.76&id=o-ANhCs-MmHTDKCobiLuEBiLzaSnaB-_iFCrRGwWJJMuiT&itag=251&source=youtube&requiressl=yes&mh=Gq&mm=31%2C29&mn=sn-5njj-u2xe%2Csn-un57en7e&ms=au%2Crdu&mv=m&mvi=1&pcm2cms=yes&pl=16&initcwndbps=540000&vprv=1&mime=audio%2Fwebm&ns=Gz1yVKurANMGFx1n5lLYGPcF&gir=yes&clen=4178365&dur=240.841&lmt=1555340016295355&mt=1611740913&fvip=1&keepalive=yes&c=WEB&txp=5431432&n=25VH_o2k1gMFz2vTaOei&sparams=expire%2Cei%2Cip%2Cid%2Citag%2Csource%2Crequiressl%2Cvprv%2Cmime%2Cns%2Cgir%2Cclen%2Cdur%2Clmt&lsparams=mh%2Cmm%2Cmn%2Cms%2Cmv%2Cmvi%2Cpcm2cms%2Cpl%2Cinitcwndbps&lsig=AG3C_xAwRQIhAPeTurc6yEUmPssFEKqOb83bKUuCrkMk7XI3V0NkUxP8AiAQBNvN357CUizdzo1Oq93SjvmgcgQkQ8_1TY-6VXxvgQ%3D%3D&sig=AOq0QJ8wRAIgVz7ngGC0hseIVNCVxvoPD-wPg8fgF98Vo5iSQnNxQR4CIBIc2b-mNhk4cVeMXy99fn9Pii0H7oiFUrNKJq9PK6NU&ratebypass=yes", "player_url": "/s/player/c6df6ed7/player_ias.vflset/en_US/base.js", "ext": "webm", "format_note": "tiny", "acodec": "opus", "abr": 160, "asr": 48000, "filesize": 4178365, "fps": null, "height": null, "tbr": 152.694, "width": null, "vcodec": "none", "downloader_options": {"http_chunk_size": 10485760}, "format": "251 - audio only (tiny)", "protocol": "https", "http_headers": {"User-Agent": "Mozilla/5.0 (Windows NT 10.0; Win64; x64) AppleWebKit/537.36 (KHTML, like Gecko) Chrome/72.0.3626.85 Safari/537.36", "Accept-Charset": "ISO-8859-1,utf-8;q=0.7,*;q=0.7", "Accept": "text/html,application/xhtml+xml,application/xml;q=0.9,*/*;q=0.8", "Accept-Encoding": "gzip, deflate", "Accept-Language": "en-us,en;q=0.5"}}, {"format_id": "160", "url": "https://r1---sn-5njj-u2xe.googlevideo.com/videoplayback?expire=1611763406&ei=bjoRYO76F4KTgQObgYKICA&ip=140.109.135.76&id=o-ANhCs-MmHTDKCobiLuEBiLzaSnaB-_iFCrRGwWJJMuiT&itag=160&aitags=133%2C134%2C135%2C136%2C137%2C160%2C242%2C243%2C244%2C247%2C248%2C271%2C278%2C313&source=youtube&requiressl=yes&mh=Gq&mm=31%2C29&mn=sn-5njj-u2xe%2Csn-un57en7e&ms=au%2Crdu&mv=m&mvi=1&pcm2cms=yes&pl=16&initcwndbps=540000&vprv=1&mime=video%2Fmp4&ns=Gz1yVKurANMGFx1n5lLYGPcF&gir=yes&clen=1804952&dur=240.807&lmt=1555340178752938&mt=1611740913&fvip=1&keepalive=yes&c=WEB&txp=5432432&n=25VH_o2k1gMFz2vTaOei&sparams=expire%2Cei%2Cip%2Cid%2Caitags%2Csource%2Crequiressl%2Cvprv%2Cmime%2Cns%2Cgir%2Cclen%2Cdur%2Clmt&lsparams=mh%2Cmm%2Cmn%2Cms%2Cmv%2Cmvi%2Cpcm2cms%2Cpl%2Cinitcwndbps&lsig=AG3C_xAwRAIgR9M05wtv9jlHEVOPItbHx2DDfW1JPTgbaGnrd8ow4-4CIHB4OIVkwi2A0048jywg8Bb5HzACv7-tePwryuZGAP0y&sig=AOq0QJ8wRQIhALGEOyFUu7VkN99yrAhLQRk--iqnCTcqNPSCLsKJSJ1yAiBOyHSPohEzid9z409Vfl8WyEcvLPF4NtD2Vdr-qsr5zw==&ratebypass=yes", "player_url": "/s/player/c6df6ed7/player_ias.vflset/en_US/base.js", "ext": "mp4", "height": 144, "format_note": "144p", "vcodec": "avc1.4d400c", "asr": null, "filesize": 1804952, "fps": 30, "tbr": 75.216, "width": 256, "acodec": "none", "downloader_options": {"http_chunk_size": 10485760}, "format": "160 - 256x144 (144p)", "protocol": "https", "http_headers": {"User-Agent": "Mozilla/5.0 (Windows NT 10.0; Win64; x64) AppleWebKit/537.36 (KHTML, like Gecko) Chrome/72.0.3626.85 Safari/537.36", "Accept-Charset": "ISO-8859-1,utf-8;q=0.7,*;q=0.7", "Accept": "text/html,application/xhtml+xml,application/xml;q=0.9,*/*;q=0.8", "Accept-Encoding": "gzip, deflate", "Accept-Language": "en-us,en;q=0.5"}}, {"format_id": "278", "url": "https://r1---sn-5njj-u2xe.googlevideo.com/videoplayback?expire=1611763406&ei=bjoRYO76F4KTgQObgYKICA&ip=140.109.135.76&id=o-ANhCs-MmHTDKCobiLuEBiLzaSnaB-_iFCrRGwWJJMuiT&itag=278&aitags=133%2C134%2C135%2C136%2C137%2C160%2C242%2C243%2C244%2C247%2C248%2C271%2C278%2C313&source=youtube&requiressl=yes&mh=Gq&mm=31%2C29&mn=sn-5njj-u2xe%2Csn-un57en7e&ms=au%2Crdu&mv=m&mvi=1&pcm2cms=yes&pl=16&initcwndbps=540000&vprv=1&mime=video%2Fwebm&ns=Gz1yVKurANMGFx1n5lLYGPcF&gir=yes&clen=2538201&dur=240.806&lmt=1555340430589202&mt=1611740913&fvip=1&keepalive=yes&c=WEB&txp=5431432&n=25VH_o2k1gMFz2vTaOei&sparams=expire%2Cei%2Cip%2Cid%2Caitags%2Csource%2Crequiressl%2Cvprv%2Cmime%2Cns%2Cgir%2Cclen%2Cdur%2Clmt&lsparams=mh%2Cmm%2Cmn%2Cms%2Cmv%2Cmvi%2Cpcm2cms%2Cpl%2Cinitcwndbps&lsig=AG3C_xAwRgIhAL3cfRvCpm8FB58tKTwJ_X-OFq1XRLSP9ZTbNw5qlJGnAiEAw7yMfnojPXl_sJh7sQykDgtncVsdoILP6F0Ryamp_u8%3D&sig=AOq0QJ8wRQIhAJhfz6ed2YWE_X3n9Dc6oD16RQ9DexfmbxHaeJamlomXAiB2JcfnAnAUPi0sYl8E296QKW6WgVl0DBoliYozZFZAXw==&ratebypass=yes", "player_url": "/s/player/c6df6ed7/player_ias.vflset/en_US/base.js", "ext": "webm", "height": 144, "format_note": "144p", "container": "webm", "vcodec": "vp9", "asr": null, "filesize": 2538201, "fps": 30, "tbr": 96.993, "width": 256, "acodec": "none", "downloader_options": {"http_chunk_size": 10485760}, "format": "278 - 256x144 (144p)", "protocol": "https", "http_headers": {"User-Agent": "Mozilla/5.0 (Windows NT 10.0; Win64; x64) AppleWebKit/537.36 (KHTML, like Gecko) Chrome/72.0.3626.85 Safari/537.36", "Accept-Charset": "ISO-8859-1,utf-8;q=0.7,*;q=0.7", "Accept": "text/html,application/xhtml+xml,application/xml;q=0.9,*/*;q=0.8", "Accept-Encoding": "gzip, deflate", "Accept-Language": "en-us,en;q=0.5"}}, {"format_id": "133", "url": "https://r1---sn-5njj-u2xe.googlevideo.com/videoplayback?expire=1611763406&ei=bjoRYO76F4KTgQObgYKICA&ip=140.109.135.76&id=o-ANhCs-MmHTDKCobiLuEBiLzaSnaB-_iFCrRGwWJJMuiT&itag=133&aitags=133%2C134%2C135%2C136%2C137%2C160%2C242%2C243%2C244%2C247%2C248%2C271%2C278%2C313&source=youtube&requiressl=yes&mh=Gq&mm=31%2C29&mn=sn-5njj-u2xe%2Csn-un57en7e&ms=au%2Crdu&mv=m&mvi=1&pcm2cms=yes&pl=16&initcwndbps=540000&vprv=1&mime=video%2Fmp4&ns=Gz1yVKurANMGFx1n5lLYGPcF&gir=yes&clen=3173054&dur=240.807&lmt=1555340178751900&mt=1611740913&fvip=1&keepalive=yes&c=WEB&txp=5432432&n=25VH_o2k1gMFz2vTaOei&sparams=expire%2Cei%2Cip%2Cid%2Caitags%2Csource%2Crequiressl%2Cvprv%2Cmime%2Cns%2Cgir%2Cclen%2Cdur%2Clmt&lsparams=mh%2Cmm%2Cmn%2Cms%2Cmv%2Cmvi%2Cpcm2cms%2Cpl%2Cinitcwndbps&lsig=AG3C_xAwRQIhAMvnnt_-O51E7UjSL7FCX0GtJblZS7pKlzIYfUB0NvWwAiB2Q2A2cJZXs2l36xRUY5mFpE-dSFPGmXy2bK4JaTFJwA%3D%3D&sig=AOq0QJ8wRgIhAKYf1jJ--rcrweDwQf_Y65DhoHHyzRAILJZcR2qFICn3AiEA3TTxTbPbrv-0XtBr_SrlYt2OweYZV6YvXu8Jc7OI2oM=&ratebypass=yes", "player_url": "/s/player/c6df6ed7/player_ias.vflset/en_US/base.js", "ext": "mp4", "height": 240, "format_note": "240p", "vcodec": "avc1.4d4015", "asr": null, "filesize": 3173054, "fps": 30, "tbr": 133.118, "width": 426, "acodec": "none", "downloader_options": {"http_chunk_size": 10485760}, "format": "133 - 426x240 (240p)", "protocol": "https", "http_headers": {"User-Agent": "Mozilla/5.0 (Windows NT 10.0; Win64; x64) AppleWebKit/537.36 (KHTML, like Gecko) Chrome/72.0.3626.85 Safari/537.36", "Accept-Charset": "ISO-8859-1,utf-8;q=0.7,*;q=0.7", "Accept": "text/html,application/xhtml+xml,application/xml;q=0.9,*/*;q=0.8", "Accept-Encoding": "gzip, deflate", "Accept-Language": "en-us,en;q=0.5"}}, {"format_id": "242", "url": "https://r1---sn-5njj-u2xe.googlevideo.com/videoplayback?expire=1611763406&ei=bjoRYO76F4KTgQObgYKICA&ip=140.109.135.76&id=o-ANhCs-MmHTDKCobiLuEBiLzaSnaB-_iFCrRGwWJJMuiT&itag=242&aitags=133%2C134%2C135%2C136%2C137%2C160%2C242%2C243%2C244%2C247%2C248%2C271%2C278%2C313&source=youtube&requiressl=yes&mh=Gq&mm=31%2C29&mn=sn-5njj-u2xe%2Csn-un57en7e&ms=au%2Crdu&mv=m&mvi=1&pcm2cms=yes&pl=16&initcwndbps=540000&vprv=1&mime=video%2Fwebm&ns=Gz1yVKurANMGFx1n5lLYGPcF&gir=yes&clen=5080889&dur=240.806&lmt=1555340430589477&mt=1611740913&fvip=1&keepalive=yes&c=WEB&txp=5431432&n=25VH_o2k1gMFz2vTaOei&sparams=expire%2Cei%2Cip%2Cid%2Caitags%2Csource%2Crequiressl%2Cvprv%2Cmime%2Cns%2Cgir%2Cclen%2Cdur%2Clmt&lsparams=mh%2Cmm%2Cmn%2Cms%2Cmv%2Cmvi%2Cpcm2cms%2Cpl%2Cinitcwndbps&lsig=AG3C_xAwRQIhAJ9WmT9bhaOHy-JzT7fRaBEtLZG2Fu5xZhPq3vQFun3GAiBzAODP6mtRsOffM-lBxG1pDHkFFaS_SM9QrPCU_VpwSw%3D%3D&sig=AOq0QJ8wRAIgXCLVhTVnR8xsQ9_Ba6gNtBdyZKlmbWp4COQCTxEexr0CIDy70i7M2qxx8dQUrxmGN19Tlc4DW6WrCWbxOneYo7cx&ratebypass=yes", "player_url": "/s/player/c6df6ed7/player_ias.vflset/en_US/base.js", "ext": "webm", "height": 240, "format_note": "240p", "vcodec": "vp9", "asr": null, "filesize": 5080889, "fps": 30, "tbr": 191.678, "width": 426, "acodec": "none", "downloader_options": {"http_chunk_size": 10485760}, "format": "242 - 426x240 (240p)", "protocol": "https", "http_headers": {"User-Agent": "Mozilla/5.0 (Windows NT 10.0; Win64; x64) AppleWebKit/537.36 (KHTML, like Gecko) Chrome/72.0.3626.85 Safari/537.36", "Accept-Charset": "ISO-8859-1,utf-8;q=0.7,*;q=0.7", "Accept": "text/html,application/xhtml+xml,application/xml;q=0.9,*/*;q=0.8", "Accept-Encoding": "gzip, deflate", "Accept-Language": "en-us,en;q=0.5"}}, {"format_id": "134", "url": "https://r1---sn-5njj-u2xe.googlevideo.com/videoplayback?expire=1611763406&ei=bjoRYO76F4KTgQObgYKICA&ip=140.109.135.76&id=o-ANhCs-MmHTDKCobiLuEBiLzaSnaB-_iFCrRGwWJJMuiT&itag=134&aitags=133%2C134%2C135%2C136%2C137%2C160%2C242%2C243%2C244%2C247%2C248%2C271%2C278%2C313&source=youtube&requiressl=yes&mh=Gq&mm=31%2C29&mn=sn-5njj-u2xe%2Csn-un57en7e&ms=au%2Crdu&mv=m&mvi=1&pcm2cms=yes&pl=16&initcwndbps=540000&vprv=1&mime=video%2Fmp4&ns=Gz1yVKurANMGFx1n5lLYGPcF&gir=yes&clen=7252248&dur=240.807&lmt=1555340178755137&mt=1611740913&fvip=1&keepalive=yes&c=WEB&txp=5432432&n=25VH_o2k1gMFz2vTaOei&sparams=expire%2Cei%2Cip%2Cid%2Caitags%2Csource%2Crequiressl%2Cvprv%2Cmime%2Cns%2Cgir%2Cclen%2Cdur%2Clmt&lsparams=mh%2Cmm%2Cmn%2Cms%2Cmv%2Cmvi%2Cpcm2cms%2Cpl%2Cinitcwndbps&lsig=AG3C_xAwRAIgXRNYRnRhjmxoNKQUy4rqUAnOy2iTz2RFUJWUMVbb2pICIDMaH60uCRKXE1hM3D8F0MGj1lDWEYOl1LqOJRt5IIyU&sig=AOq0QJ8wRQIgPJIF5JyV3z-g1YzUpL8KdnnQZV2usMwM8y07Vzy4htYCIQCCuqpyfiyubvpfOaev0B076YAvTMWDcDjYWPzYXzNRRQ==&ratebypass=yes", "player_url": "/s/player/c6df6ed7/player_ias.vflset/en_US/base.js", "ext": "mp4", "height": 360, "format_note": "360p", "vcodec": "avc1.4d401e", "asr": null, "filesize": 7252248, "fps": 30, "tbr": 307.832, "width": 640, "acodec": "none", "downloader_options": {"http_chunk_size": 10485760}, "format": "134 - 640x360 (360p)", "protocol": "https", "http_headers": {"User-Agent": "Mozilla/5.0 (Windows NT 10.0; Win64; x64) AppleWebKit/537.36 (KHTML, like Gecko) Chrome/72.0.3626.85 Safari/537.36", "Accept-Charset": "ISO-8859-1,utf-8;q=0.7,*;q=0.7", "Accept": "text/html,application/xhtml+xml,application/xml;q=0.9,*/*;q=0.8", "Accept-Encoding": "gzip, deflate", "Accept-Language": "en-us,en;q=0.5"}}, {"format_id": "243", "url": "https://r1---sn-5njj-u2xe.googlevideo.com/videoplayback?expire=1611763406&ei=bjoRYO76F4KTgQObgYKICA&ip=140.109.135.76&id=o-ANhCs-MmHTDKCobiLuEBiLzaSnaB-_iFCrRGwWJJMuiT&itag=243&aitags=133%2C134%2C135%2C136%2C137%2C160%2C242%2C243%2C244%2C247%2C248%2C271%2C278%2C313&source=youtube&requiressl=yes&mh=Gq&mm=31%2C29&mn=sn-5njj-u2xe%2Csn-un57en7e&ms=au%2Crdu&mv=m&mvi=1&pcm2cms=yes&pl=16&initcwndbps=540000&vprv=1&mime=video%2Fwebm&ns=Gz1yVKurANMGFx1n5lLYGPcF&gir=yes&clen=8994674&dur=240.806&lmt=1555340430588340&mt=1611740913&fvip=1&keepalive=yes&c=WEB&txp=5431432&n=25VH_o2k1gMFz2vTaOei&sparams=expire%2Cei%2Cip%2Cid%2Caitags%2Csource%2Crequiressl%2Cvprv%2Cmime%2Cns%2Cgir%2Cclen%2Cdur%2Clmt&lsparams=mh%2Cmm%2Cmn%2Cms%2Cmv%2Cmvi%2Cpcm2cms%2Cpl%2Cinitcwndbps&lsig=AG3C_xAwRgIhALaXV4hsOyNjFHX-A3vrCi-4cUorc-_es7Og8B94gJlQAiEA6JWgrplUqiS45a0gU6n775etDFYZuEknaRo7e56gR6g%3D&sig=AOq0QJ8wRgIhAOKr1uzjlu8ilBgcahqxrMIKSD8loz3pA3OUZ5vXLgewAiEAgerKP6HPRQ614zgStQqyQDbEzY3zG5TfXncuxMsCQdk=&ratebypass=yes", "player_url": "/s/player/c6df6ed7/player_ias.vflset/en_US/base.js", "ext": "webm", "height": 360, "format_note": "360p", "vcodec": "vp9", "asr": null, "filesize": 8994674, "fps": 30, "tbr": 338.09, "width": 640, "acodec": "none", "downloader_options": {"http_chunk_size": 10485760}, "format": "243 - 640x360 (360p)", "protocol": "https", "http_headers": {"User-Agent": "Mozilla/5.0 (Windows NT 10.0; Win64; x64) AppleWebKit/537.36 (KHTML, like Gecko) Chrome/72.0.3626.85 Safari/537.36", "Accept-Charset": "ISO-8859-1,utf-8;q=0.7,*;q=0.7", "Accept": "text/html,application/xhtml+xml,application/xml;q=0.9,*/*;q=0.8", "Accept-Encoding": "gzip, deflate", "Accept-Language": "en-us,en;q=0.5"}}, {"format_id": "135", "url": "https://r1---sn-5njj-u2xe.googlevideo.com/videoplayback?expire=1611763406&ei=bjoRYO76F4KTgQObgYKICA&ip=140.109.135.76&id=o-ANhCs-MmHTDKCobiLuEBiLzaSnaB-_iFCrRGwWJJMuiT&itag=135&aitags=133%2C134%2C135%2C136%2C137%2C160%2C242%2C243%2C244%2C247%2C248%2C271%2C278%2C313&source=youtube&requiressl=yes&mh=Gq&mm=31%2C29&mn=sn-5njj-u2xe%2Csn-un57en7e&ms=au%2Crdu&mv=m&mvi=1&pcm2cms=yes&pl=16&initcwndbps=540000&vprv=1&mime=video%2Fmp4&ns=Gz1yVKurANMGFx1n5lLYGPcF&gir=yes&clen=13529771&dur=240.807&lmt=1555340178752989&mt=1611740913&fvip=1&keepalive=yes&c=WEB&txp=5432432&n=25VH_o2k1gMFz2vTaOei&sparams=expire%2Cei%2Cip%2Cid%2Caitags%2Csource%2Crequiressl%2Cvprv%2Cmime%2Cns%2Cgir%2Cclen%2Cdur%2Clmt&lsparams=mh%2Cmm%2Cmn%2Cms%2Cmv%2Cmvi%2Cpcm2cms%2Cpl%2Cinitcwndbps&lsig=AG3C_xAwRQIgHeUrMZtj6uDajPVJRaiXrSbVZummBOQnysiLJ3_npggCIQClETbpV1Tt_mlJbyGQZUL9_n6_gDM_pPJP0qHUC1BpsA%3D%3D&sig=AOq0QJ8wRQIhAMA7cLnYkMIlD4ktTO6Ra5MBw_B8p5scRoMC64sgJTrSAiB_gDDejaxo2p83xxVPWVG2CcM3ODQPQgsNYrLGWs5fyw==&ratebypass=yes", "player_url": "/s/player/c6df6ed7/player_ias.vflset/en_US/base.js", "ext": "mp4", "height": 480, "format_note": "480p", "vcodec": "avc1.4d401f", "asr": null, "filesize": 13529771, "fps": 30, "tbr": 572.365, "width": 854, "acodec": "none", "downloader_options": {"http_chunk_size": 10485760}, "format": "135 - 854x480 (480p)", "protocol": "https", "http_headers": {"User-Agent": "Mozilla/5.0 (Windows NT 10.0; Win64; x64) AppleWebKit/537.36 (KHTML, like Gecko) Chrome/72.0.3626.85 Safari/537.36", "Accept-Charset": "ISO-8859-1,utf-8;q=0.7,*;q=0.7", "Accept": "text/html,application/xhtml+xml,application/xml;q=0.9,*/*;q=0.8", "Accept-Encoding": "gzip, deflate", "Accept-Language": "en-us,en;q=0.5"}}, {"format_id": "244", "url": "https://r1---sn-5njj-u2xe.googlevideo.com/videoplayback?expire=1611763406&ei=bjoRYO76F4KTgQObgYKICA&ip=140.109.135.76&id=o-ANhCs-MmHTDKCobiLuEBiLzaSnaB-_iFCrRGwWJJMuiT&itag=244&aitags=133%2C134%2C135%2C136%2C137%2C160%2C242%2C243%2C244%2C247%2C248%2C271%2C278%2C313&source=youtube&requiressl=yes&mh=Gq&mm=31%2C29&mn=sn-5njj-u2xe%2Csn-un57en7e&ms=au%2Crdu&mv=m&mvi=1&pcm2cms=yes&pl=16&initcwndbps=540000&vprv=1&mime=video%2Fwebm&ns=Gz1yVKurANMGFx1n5lLYGPcF&gir=yes&clen=15046619&dur=240.806&lmt=1555340430572433&mt=1611740913&fvip=1&keepalive=yes&c=WEB&txp=5431432&n=25VH_o2k1gMFz2vTaOei&sparams=expire%2Cei%2Cip%2Cid%2Caitags%2Csource%2Crequiressl%2Cvprv%2Cmime%2Cns%2Cgir%2Cclen%2Cdur%2Clmt&lsparams=mh%2Cmm%2Cmn%2Cms%2Cmv%2Cmvi%2Cpcm2cms%2Cpl%2Cinitcwndbps&lsig=AG3C_xAwRAIgKenFL6CRlzztz5uiQoS9eYr4BCClSAUogJRzj3nttRcCIC0h6h_ZYUNmLhGcGKY0F0IUjLKdwyWAUit50KNRYSHy&sig=AOq0QJ8wRAIgJB8KteFdpj8CtU1wrDlV-hWkYIHA0w4zyAGBcrxg-QACIAq9KjUDjrPHcdQC3BxWfJW86wYW6b4FOGgKpHTJGrrj&ratebypass=yes", "player_url": "/s/player/c6df6ed7/player_ias.vflset/en_US/base.js", "ext": "webm", "height": 480, "format_note": "480p", "vcodec": "vp9", "asr": null, "filesize": 15046619, "fps": 30, "tbr": 577.414, "width": 854, "acodec": "none", "downloader_options": {"http_chunk_size": 10485760}, "format": "244 - 854x480 (480p)", "protocol": "https", "http_headers": {"User-Agent": "Mozilla/5.0 (Windows NT 10.0; Win64; x64) AppleWebKit/537.36 (KHTML, like Gecko) Chrome/72.0.3626.85 Safari/537.36", "Accept-Charset": "ISO-8859-1,utf-8;q=0.7,*;q=0.7", "Accept": "text/html,application/xhtml+xml,application/xml;q=0.9,*/*;q=0.8", "Accept-Encoding": "gzip, deflate", "Accept-Language": "en-us,en;q=0.5"}}, {"format_id": "136", "url": "https://r1---sn-5njj-u2xe.googlevideo.com/videoplayback?expire=1611763406&ei=bjoRYO76F4KTgQObgYKICA&ip=140.109.135.76&id=o-ANhCs-MmHTDKCobiLuEBiLzaSnaB-_iFCrRGwWJJMuiT&itag=136&aitags=133%2C134%2C135%2C136%2C137%2C160%2C242%2C243%2C244%2C247%2C248%2C271%2C278%2C313&source=youtube&requiressl=yes&mh=Gq&mm=31%2C29&mn=sn-5njj-u2xe%2Csn-un57en7e&ms=au%2Crdu&mv=m&mvi=1&pcm2cms=yes&pl=16&initcwndbps=540000&vprv=1&mime=video%2Fmp4&ns=Gz1yVKurANMGFx1n5lLYGPcF&gir=yes&clen=24302532&dur=240.807&lmt=1555340178750098&mt=1611740913&fvip=1&keepalive=yes&c=WEB&txp=5432432&n=25VH_o2k1gMFz2vTaOei&sparams=expire%2Cei%2Cip%2Cid%2Caitags%2Csource%2Crequiressl%2Cvprv%2Cmime%2Cns%2Cgir%2Cclen%2Cdur%2Clmt&lsparams=mh%2Cmm%2Cmn%2Cms%2Cmv%2Cmvi%2Cpcm2cms%2Cpl%2Cinitcwndbps&lsig=AG3C_xAwRQIhAO4dCxwQ9Oj0zCY1zEakEC5YrA2t_SxF99tYpti0eM4UAiBO-Mokc_FfsNjdSEUyZe9gvxjrStGsad2F2DuIkbE7EQ%3D%3D&sig=AOq0QJ8wRgIhANcA-Hoj_AVk6trYatuY0BkYFWIu9FfpmNOYm2IRABpbAiEApoi4cCbHC70xwV1c8oOWOseXSG006lqecIcUXa1PTTs=&ratebypass=yes", "player_url": "/s/player/c6df6ed7/player_ias.vflset/en_US/base.js", "ext": "mp4", "height": 720, "format_note": "720p", "vcodec": "avc1.4d401f", "asr": null, "filesize": 24302532, "fps": 30, "tbr": 1013.68, "width": 1280, "acodec": "none", "downloader_options": {"http_chunk_size": 10485760}, "format": "136 - 1280x720 (720p)", "protocol": "https", "http_headers": {"User-Agent": "Mozilla/5.0 (Windows NT 10.0; Win64; x64) AppleWebKit/537.36 (KHTML, like Gecko) Chrome/72.0.3626.85 Safari/537.36", "Accept-Charset": "ISO-8859-1,utf-8;q=0.7,*;q=0.7", "Accept": "text/html,application/xhtml+xml,application/xml;q=0.9,*/*;q=0.8", "Accept-Encoding": "gzip, deflate", "Accept-Language": "en-us,en;q=0.5"}}, {"format_id": "247", "url": "https://r1---sn-5njj-u2xe.googlevideo.com/videoplayback?expire=1611763406&ei=bjoRYO76F4KTgQObgYKICA&ip=140.109.135.76&id=o-ANhCs-MmHTDKCobiLuEBiLzaSnaB-_iFCrRGwWJJMuiT&itag=247&aitags=133%2C134%2C135%2C136%2C137%2C160%2C242%2C243%2C244%2C247%2C248%2C271%2C278%2C313&source=youtube&requiressl=yes&mh=Gq&mm=31%2C29&mn=sn-5njj-u2xe%2Csn-un57en7e&ms=au%2Crdu&mv=m&mvi=1&pcm2cms=yes&pl=16&initcwndbps=540000&vprv=1&mime=video%2Fwebm&ns=Gz1yVKurANMGFx1n5lLYGPcF&gir=yes&clen=30750334&dur=240.806&lmt=1555340430584145&mt=1611740913&fvip=1&keepalive=yes&c=WEB&txp=5431432&n=25VH_o2k1gMFz2vTaOei&sparams=expire%2Cei%2Cip%2Cid%2Caitags%2Csource%2Crequiressl%2Cvprv%2Cmime%2Cns%2Cgir%2Cclen%2Cdur%2Clmt&lsparams=mh%2Cmm%2Cmn%2Cms%2Cmv%2Cmvi%2Cpcm2cms%2Cpl%2Cinitcwndbps&lsig=AG3C_xAwRAIgHQWkMnpUmqX5B4Fj83KUq_6G_z9UlcsOAPvHrEh-QgsCIELMhJZQ4z4pWYTkF7CgSSrGCtNZ5vPqn0PDoVaGMMq6&sig=AOq0QJ8wRgIhAP5wTr30Y_n4pQpg5fJKt0dWbl5Z8c6YrLmZ9UMfsEKtAiEA-kiHZbjVOBvyI-qIkHE-243OSW2jfefl0Bany5HofI4=&ratebypass=yes", "player_url": "/s/player/c6df6ed7/player_ias.vflset/en_US/base.js", "ext": "webm", "height": 720, "format_note": "720p", "vcodec": "vp9", "asr": null, "filesize": 30750334, "fps": 30, "tbr": 1220.582, "width": 1280, "acodec": "none", "downloader_options": {"http_chunk_size": 10485760}, "format": "247 - 1280x720 (720p)", "protocol": "https", "http_headers": {"User-Agent": "Mozilla/5.0 (Windows NT 10.0; Win64; x64) AppleWebKit/537.36 (KHTML, like Gecko) Chrome/72.0.3626.85 Safari/537.36", "Accept-Charset": "ISO-8859-1,utf-8;q=0.7,*;q=0.7", "Accept": "text/html,application/xhtml+xml,application/xml;q=0.9,*/*;q=0.8", "Accept-Encoding": "gzip, deflate", "Accept-Language": "en-us,en;q=0.5"}}, {"format_id": "137", "url": "https://r1---sn-5njj-u2xe.googlevideo.com/videoplayback?expire=1611763406&ei=bjoRYO76F4KTgQObgYKICA&ip=140.109.135.76&id=o-ANhCs-MmHTDKCobiLuEBiLzaSnaB-_iFCrRGwWJJMuiT&itag=137&aitags=133%2C134%2C135%2C136%2C137%2C160%2C242%2C243%2C244%2C247%2C248%2C271%2C278%2C313&source=youtube&requiressl=yes&mh=Gq&mm=31%2C29&mn=sn-5njj-u2xe%2Csn-un57en7e&ms=au%2Crdu&mv=m&mvi=1&pcm2cms=yes&pl=16&initcwndbps=540000&vprv=1&mime=video%2Fmp4&ns=Gz1yVKurANMGFx1n5lLYGPcF&gir=yes&clen=42115021&dur=240.807&lmt=1555340111085045&mt=1611740913&fvip=1&keepalive=yes&c=WEB&txp=5432432&n=25VH_o2k1gMFz2vTaOei&sparams=expire%2Cei%2Cip%2Cid%2Caitags%2Csource%2Crequiressl%2Cvprv%2Cmime%2Cns%2Cgir%2Cclen%2Cdur%2Clmt&lsparams=mh%2Cmm%2Cmn%2Cms%2Cmv%2Cmvi%2Cpcm2cms%2Cpl%2Cinitcwndbps&lsig=AG3C_xAwRAIgfGd0cTsQEnlCWuS1MhdbcpDticSsTCAjeStmuy1erNUCIBGo__seTN3-XQoin65fC1sfjf-sk3ViSioEHAvUc1Ek&sig=AOq0QJ8wRQIhAP8cNxMlrs8BGMIJObdKVwUux2lwAZeinAejoFgNrKY5AiBjiBjnw_KsbWsH79cosQhBzxavYv12cTpCWnDjwHvcng==&ratebypass=yes", "player_url": "/s/player/c6df6ed7/player_ias.vflset/en_US/base.js", "ext": "mp4", "height": 1080, "format_note": "1080p", "vcodec": "avc1.640028", "asr": null, "filesize": 42115021, "fps": 30, "tbr": 1858.562, "width": 1920, "acodec": "none", "downloader_options": {"http_chunk_size": 10485760}, "format": "137 - 1920x1080 (1080p)", "protocol": "https", "http_headers": {"User-Agent": "Mozilla/5.0 (Windows NT 10.0; Win64; x64) AppleWebKit/537.36 (KHTML, like Gecko) Chrome/72.0.3626.85 Safari/537.36", "Accept-Charset": "ISO-8859-1,utf-8;q=0.7,*;q=0.7", "Accept": "text/html,application/xhtml+xml,application/xml;q=0.9,*/*;q=0.8", "Accept-Encoding": "gzip, deflate", "Accept-Language": "en-us,en;q=0.5"}}, {"format_id": "248", "url": "https://r1---sn-5njj-u2xe.googlevideo.com/videoplayback?expire=1611763406&ei=bjoRYO76F4KTgQObgYKICA&ip=140.109.135.76&id=o-ANhCs-MmHTDKCobiLuEBiLzaSnaB-_iFCrRGwWJJMuiT&itag=248&aitags=133%2C134%2C135%2C136%2C137%2C160%2C242%2C243%2C244%2C247%2C248%2C271%2C278%2C313&source=youtube&requiressl=yes&mh=Gq&mm=31%2C29&mn=sn-5njj-u2xe%2Csn-un57en7e&ms=au%2Crdu&mv=m&mvi=1&pcm2cms=yes&pl=16&initcwndbps=540000&vprv=1&mime=video%2Fwebm&ns=Gz1yVKurANMGFx1n5lLYGPcF&gir=yes&clen=55609175&dur=240.806&lmt=1555340273832511&mt=1611740913&fvip=1&keepalive=yes&c=WEB&txp=5431432&n=25VH_o2k1gMFz2vTaOei&sparams=expire%2Cei%2Cip%2Cid%2Caitags%2Csource%2Crequiressl%2Cvprv%2Cmime%2Cns%2Cgir%2Cclen%2Cdur%2Clmt&lsparams=mh%2Cmm%2Cmn%2Cms%2Cmv%2Cmvi%2Cpcm2cms%2Cpl%2Cinitcwndbps&lsig=AG3C_xAwRQIgXAiYhdMQLzbFotBJYDqDtdOt2DkDBccADbu4oNxpG-UCIQD2n922cqgZtXYEezm4AnSxH8eYTUdz7VqIImSEdExqtA%3D%3D&sig=AOq0QJ8wRQIhAIDm0K7TUQuEI05DQy57Yo58AXmAU3RPmHGiM7Crow_EAiBPX1KCiSOBq_KlEn0i1L1hsSoDpUvAre6hfc7CRVdJ6Q==&ratebypass=yes", "player_url": "/s/player/c6df6ed7/player_ias.vflset/en_US/base.js", "ext": "webm", "height": 1080, "format_note": "1080p", "vcodec": "vp9", "asr": null, "filesize": 55609175, "fps": 30, "tbr": 2247.87, "width": 1920, "acodec": "none", "downloader_options": {"http_chunk_size": 10485760}, "format": "248 - 1920x1080 (1080p)", "protocol": "https", "http_headers": {"User-Agent": "Mozilla/5.0 (Windows NT 10.0; Win64; x64) AppleWebKit/537.36 (KHTML, like Gecko) Chrome/72.0.3626.85 Safari/537.36", "Accept-Charset": "ISO-8859-1,utf-8;q=0.7,*;q=0.7", "Accept": "text/html,application/xhtml+xml,application/xml;q=0.9,*/*;q=0.8", "Accept-Encoding": "gzip, deflate", "Accept-Language": "en-us,en;q=0.5"}}, {"format_id": "271", "url": "https://r1---sn-5njj-u2xe.googlevideo.com/videoplayback?expire=1611763406&ei=bjoRYO76F4KTgQObgYKICA&ip=140.109.135.76&id=o-ANhCs-MmHTDKCobiLuEBiLzaSnaB-_iFCrRGwWJJMuiT&itag=271&aitags=133%2C134%2C135%2C136%2C137%2C160%2C242%2C243%2C244%2C247%2C248%2C271%2C278%2C313&source=youtube&requiressl=yes&mh=Gq&mm=31%2C29&mn=sn-5njj-u2xe%2Csn-un57en7e&ms=au%2Crdu&mv=m&mvi=1&pcm2cms=yes&pl=16&initcwndbps=540000&vprv=1&mime=video%2Fwebm&ns=Gz1yVKurANMGFx1n5lLYGPcF&gir=yes&clen=125182705&dur=240.806&lmt=1555340360881615&mt=1611740913&fvip=1&keepalive=yes&c=WEB&txp=5431432&n=25VH_o2k1gMFz2vTaOei&sparams=expire%2Cei%2Cip%2Cid%2Caitags%2Csource%2Crequiressl%2Cvprv%2Cmime%2Cns%2Cgir%2Cclen%2Cdur%2Clmt&lsparams=mh%2Cmm%2Cmn%2Cms%2Cmv%2Cmvi%2Cpcm2cms%2Cpl%2Cinitcwndbps&lsig=AG3C_xAwRQIgWuCIvIUoJJ_PQ5SZ6gqM8kYoeHsBfD1uUQZLRnVTTNICIQDvMtLeftU0dIhCndRKF_YLdvEcP9oCez-1CaJveGjn0w%3D%3D&sig=AOq0QJ8wRQIgAUQ0ygQ0aaxmm8FO-fjaustWx1oWCgWb2L2ZewoLrm4CIQDqSHLuwCS-ffLGQOWvER3KOhzp_zJXjmTilR-gqlBwzQ==&ratebypass=yes", "player_url": "/s/player/c6df6ed7/player_ias.vflset/en_US/base.js", "ext": "webm", "height": 1440, "format_note": "1440p", "vcodec": "vp9", "asr": null, "filesize": 125182705, "fps": 30, "tbr": 5065.127, "width": 2560, "acodec": "none", "downloader_options": {"http_chunk_size": 10485760}, "format": "271 - 2560x1440 (1440p)", "protocol": "https", "http_headers": {"User-Agent": "Mozilla/5.0 (Windows NT 10.0; Win64; x64) AppleWebKit/537.36 (KHTML, like Gecko) Chrome/72.0.3626.85 Safari/537.36", "Accept-Charset": "ISO-8859-1,utf-8;q=0.7,*;q=0.7", "Accept": "text/html,application/xhtml+xml,application/xml;q=0.9,*/*;q=0.8", "Accept-Encoding": "gzip, deflate", "Accept-Language": "en-us,en;q=0.5"}}, {"format_id": "313", "url": "https://r1---sn-5njj-u2xe.googlevideo.com/videoplayback?expire=1611763406&ei=bjoRYO76F4KTgQObgYKICA&ip=140.109.135.76&id=o-ANhCs-MmHTDKCobiLuEBiLzaSnaB-_iFCrRGwWJJMuiT&itag=313&aitags=133%2C134%2C135%2C136%2C137%2C160%2C242%2C243%2C244%2C247%2C248%2C271%2C278%2C313&source=youtube&requiressl=yes&mh=Gq&mm=31%2C29&mn=sn-5njj-u2xe%2Csn-un57en7e&ms=au%2Crdu&mv=m&mvi=1&pcm2cms=yes&pl=16&initcwndbps=540000&vprv=1&mime=video%2Fwebm&ns=Gz1yVKurANMGFx1n5lLYGPcF&gir=yes&clen=393215856&dur=240.806&lmt=1555341113836173&mt=1611740913&fvip=1&keepalive=yes&c=WEB&txp=5431432&n=25VH_o2k1gMFz2vTaOei&sparams=expire%2Cei%2Cip%2Cid%2Caitags%2Csource%2Crequiressl%2Cvprv%2Cmime%2Cns%2Cgir%2Cclen%2Cdur%2Clmt&lsparams=mh%2Cmm%2Cmn%2Cms%2Cmv%2Cmvi%2Cpcm2cms%2Cpl%2Cinitcwndbps&lsig=AG3C_xAwRgIhAPUPxETY0FXRTMa0HF4-es7hI9jE-B9Ku5ZZWNgk3vEqAiEAviCK6hmoBqiVPtHR_cfUaqbusugevh0T-YD-_IwqTb8%3D&sig=AOq0QJ8wRQIhAMyRG1tNvzoX012xMQe2vW8D0cMZrTZUr2EVODOcLqvUAiA5VHoi-QgauVLF8jKO5xS_BOLxHueO4M9zpSNE2LH_yQ==&ratebypass=yes", "player_url": "/s/player/c6df6ed7/player_ias.vflset/en_US/base.js", "ext": "webm", "height": 2160, "format_note": "2160p", "vcodec": "vp9", "asr": null, "filesize": 393215856, "fps": 30, "tbr": 15422.363, "width": 3840, "acodec": "none", "downloader_options": {"http_chunk_size": 10485760}, "format": "313 - 3840x2160 (2160p)", "protocol": "https", "http_headers": {"User-Agent": "Mozilla/5.0 (Windows NT 10.0; Win64; x64) AppleWebKit/537.36 (KHTML, like Gecko) Chrome/72.0.3626.85 Safari/537.36", "Accept-Charset": "ISO-8859-1,utf-8;q=0.7,*;q=0.7", "Accept": "text/html,application/xhtml+xml,application/xml;q=0.9,*/*;q=0.8", "Accept-Encoding": "gzip, deflate", "Accept-Language": "en-us,en;q=0.5"}}, {"format_id": "18", "url": "https://r1---sn-5njj-u2xe.googlevideo.com/videoplayback?expire=1611763406&ei=bjoRYO76F4KTgQObgYKICA&ip=140.109.135.76&id=o-ANhCs-MmHTDKCobiLuEBiLzaSnaB-_iFCrRGwWJJMuiT&itag=18&source=youtube&requiressl=yes&mh=Gq&mm=31%2C29&mn=sn-5njj-u2xe%2Csn-un57en7e&ms=au%2Crdu&mv=m&mvi=1&pcm2cms=yes&pl=16&initcwndbps=540000&vprv=1&mime=video%2Fmp4&ns=8nzIN7WwtHp5haDr5uI_fEAF&gir=yes&clen=17388057&ratebypass=yes&dur=240.860&lmt=1555340037466808&mt=1611740913&fvip=1&c=WEB&txp=5431432&n=U41r4Zp6TmWwUS19s0sl&sparams=expire%2Cei%2Cip%2Cid%2Citag%2Csource%2Crequiressl%2Cvprv%2Cmime%2Cns%2Cgir%2Cclen%2Cratebypass%2Cdur%2Clmt&lsparams=mh%2Cmm%2Cmn%2Cms%2Cmv%2Cmvi%2Cpcm2cms%2Cpl%2Cinitcwndbps&lsig=AG3C_xAwRgIhAPwjKUFQoAADGFzpG7Nw5lxQ6c1N2Ym8_-8R6lWRaIH9AiEAtbL8iwa02BjWdXuO4AmC4buvmXJu4F44Br-zVVIt70M%3D&sig=AOq0QJ8wRQIgXaFgk12vFd1fFFejknJgpLOCj-e1n-WsTMVEHi19a4ECIQDDtQwrLIyDhvX0I7wa2tuYhb-BibjS-ASxb1RGcUkheA==", "player_url": "/s/player/c6df6ed7/player_ias.vflset/en_US/base.js", "ext": "mp4", "width": 640, "height": 360, "acodec": "mp4a.40.2", "abr": 96, "vcodec": "avc1.42001E", "asr": 44100, "filesize": 17388057, "format_note": "360p", "fps": 30, "tbr": 577.659, "format": "18 - 640x360 (360p)", "protocol": "https", "http_headers": {"User-Agent": "Mozilla/5.0 (Windows NT 10.0; Win64; x64) AppleWebKit/537.36 (KHTML, like Gecko) Chrome/72.0.3626.85 Safari/537.36", "Accept-Charset": "ISO-8859-1,utf-8;q=0.7,*;q=0.7", "Accept": "text/html,application/xhtml+xml,application/xml;q=0.9,*/*;q=0.8", "Accept-Encoding": "gzip, deflate", "Accept-Language": "en-us,en;q=0.5"}}, {"format_id": "22", "url": "https://r1---sn-5njj-u2xe.googlevideo.com/videoplayback?expire=1611763406&ei=bjoRYO76F4KTgQObgYKICA&ip=140.109.135.76&id=o-ANhCs-MmHTDKCobiLuEBiLzaSnaB-_iFCrRGwWJJMuiT&itag=22&source=youtube&requiressl=yes&mh=Gq&mm=31%2C29&mn=sn-5njj-u2xe%2Csn-un57en7e&ms=au%2Crdu&mv=m&mvi=1&pcm2cms=yes&pl=16&initcwndbps=540000&vprv=1&mime=video%2Fmp4&ns=8nzIN7WwtHp5haDr5uI_fEAF&cnr=14&ratebypass=yes&dur=240.860&lmt=1555340212151362&mt=1611740913&fvip=1&c=WEB&txp=5432432&n=U41r4Zp6TmWwUS19s0sl&sparams=expire%2Cei%2Cip%2Cid%2Citag%2Csource%2Crequiressl%2Cvprv%2Cmime%2Cns%2Ccnr%2Cratebypass%2Cdur%2Clmt&lsparams=mh%2Cmm%2Cmn%2Cms%2Cmv%2Cmvi%2Cpcm2cms%2Cpl%2Cinitcwndbps&lsig=AG3C_xAwRAIgMIz26chbtWY97ePD91rp98M7iJLlOVd86KEvzbtuYe0CIF4VAe0V2fxmDrSzj-XWOTfA0uCIih8T_FgEo_8pSkw3&sig=AOq0QJ8wRgIhALx1EHZUaRwnqYZQjPhWBCg7PTjLEQNcYbpplOhIP__rAiEAvaFp9rKJupf_5dn6WOVEMldXhs0pdduXjW18AFDDV28=", "player_url": "/s/player/c6df6ed7/player_ias.vflset/en_US/base.js", "ext": "mp4", "width": 1280, "height": 720, "acodec": "mp4a.40.2", "abr": 192, "vcodec": "avc1.64001F", "asr": 44100, "filesize": null, "format_note": "720p", "fps": 30, "tbr": 936.309, "format": "22 - 1280x720 (720p)", "protocol": "https", "http_headers": {"User-Agent": "Mozilla/5.0 (Windows NT 10.0; Win64; x64) AppleWebKit/537.36 (KHTML, like Gecko) Chrome/72.0.3626.85 Safari/537.36", "Accept-Charset": "ISO-8859-1,utf-8;q=0.7,*;q=0.7", "Accept": "text/html,application/xhtml+xml,application/xml;q=0.9,*/*;q=0.8", "Accept-Encoding": "gzip, deflate", "Accept-Language": "en-us,en;q=0.5"}}], "is_live": null, "start_time": null, "end_time": null, "series": null, "season_number": null, "episode_number": null, "track": null, "artist": null, "album": null, "release_date": null, "release_year": null, "extractor": "youtube", "webpage_url_basename": "watch", "extractor_key": "Youtube", "playlist": null, "playlist_index": null, "thumbnail": "https://i.ytimg.com/vi/GvlktPwuBGs/hqdefault.jpg?sqp=-oaymwEcCNACELwBSFXyq4qpAw4IARUAAIhCGAFwAcABBg==&rs=AOn4CLCeoO7LXw0aiHrFV2XMZcnriwOhXg", "display_id": "GvlktPwuBGs", "requested_subtitles": null, "format_id": "251", "url": "https://r1---sn-5njj-u2xe.googlevideo.com/videoplayback?expire=1611763406&ei=bjoRYO76F4KTgQObgYKICA&ip=140.109.135.76&id=o-ANhCs-MmHTDKCobiLuEBiLzaSnaB-_iFCrRGwWJJMuiT&itag=251&source=youtube&requiressl=yes&mh=Gq&mm=31%2C29&mn=sn-5njj-u2xe%2Csn-un57en7e&ms=au%2Crdu&mv=m&mvi=1&pcm2cms=yes&pl=16&initcwndbps=540000&vprv=1&mime=audio%2Fwebm&ns=Gz1yVKurANMGFx1n5lLYGPcF&gir=yes&clen=4178365&dur=240.841&lmt=1555340016295355&mt=1611740913&fvip=1&keepalive=yes&c=WEB&txp=5431432&n=25VH_o2k1gMFz2vTaOei&sparams=expire%2Cei%2Cip%2Cid%2Citag%2Csource%2Crequiressl%2Cvprv%2Cmime%2Cns%2Cgir%2Cclen%2Cdur%2Clmt&lsparams=mh%2Cmm%2Cmn%2Cms%2Cmv%2Cmvi%2Cpcm2cms%2Cpl%2Cinitcwndbps&lsig=AG3C_xAwRQIhAPeTurc6yEUmPssFEKqOb83bKUuCrkMk7XI3V0NkUxP8AiAQBNvN357CUizdzo1Oq93SjvmgcgQkQ8_1TY-6VXxvgQ%3D%3D&sig=AOq0QJ8wRAIgVz7ngGC0hseIVNCVxvoPD-wPg8fgF98Vo5iSQnNxQR4CIBIc2b-mNhk4cVeMXy99fn9Pii0H7oiFUrNKJq9PK6NU&ratebypass=yes", "player_url": "/s/player/c6df6ed7/player_ias.vflset/en_US/base.js", "ext": "webm", "format_note": "tiny", "acodec": "opus", "abr": 160, "asr": 48000, "filesize": 4178365, "fps": null, "height": null, "tbr": 152.694, "width": null, "vcodec": "none", "downloader_options": {"http_chunk_size": 10485760}, "format": "251 - audio only (tiny)", "protocol": "https", "http_headers": {"User-Agent": "Mozilla/5.0 (Windows NT 10.0; Win64; x64) AppleWebKit/537.36 (KHTML, like Gecko) Chrome/72.0.3626.85 Safari/537.36", "Accept-Charset": "ISO-8859-1,utf-8;q=0.7,*;q=0.7", "Accept": "text/html,application/xhtml+xml,application/xml;q=0.9,*/*;q=0.8", "Accept-Encoding": "gzip, deflate", "Accept-Language": "en-us,en;q=0.5"}}