{"id": "hLrRU30E-lc", "uploader": "Pianoholic - Topic", "uploader_id": "UCQWVGAgbxFUIh0XcaL0Q3gA", "uploader_url": "http://www.youtube.com/channel/UCQWVGAgbxFUIh0XcaL0Q3gA", "channel_id": "UCQWVGAgbxFUIh0XcaL0Q3gA", "channel_url": "http://www.youtube.com/channel/UCQWVGAgbxFUIh0XcaL0Q3gA", "upload_date": "20191022", "license": null, "creator": "Pianoholic", "title": "Set Fire to the Rain", "alt_title": "Set Fire to the Rain", "thumbnails": [{"url": "https://i.ytimg.com/vi/hLrRU30E-lc/hqdefault.jpg?sqp=-oaymwEYCKgBEF5IVfKriqkDCwgBFQAAiEIYAXAB&rs=AOn4CLBglsOG0OVEAcEUt-3ExuMP1WrFQA", "width": 168, "height": 94, "resolution": "168x94", "id": "0"}, {"url": "https://i.ytimg.com/vi/hLrRU30E-lc/hqdefault.jpg?sqp=-oaymwEYCMQBEG5IVfKriqkDCwgBFQAAiEIYAXAB&rs=AOn4CLBqMlJYhr0mw-j7qpK3CEv5QNEwwQ", "width": 196, "height": 110, "resolution": "196x110", "id": "1"}, {"url": "https://i.ytimg.com/vi/hLrRU30E-lc/hqdefault.jpg?sqp=-oaymwEZCPYBEIoBSFXyq4qpAwsIARUAAIhCGAFwAQ==&rs=AOn4CLD6BF8Wt8_cDCDfOn9PkZmT2WwARQ", "width": 246, "height": 138, "resolution": "246x138", "id": "2"}, {"url": "https://i.ytimg.com/vi/hLrRU30E-lc/hqdefault.jpg?sqp=-oaymwEZCNACELwBSFXyq4qpAwsIARUAAIhCGAFwAQ==&rs=AOn4CLDcYADpDaX65voiLPWnlTvXJD6Ntg", "width": 336, "height": 188, "resolution": "336x188", "id": "3"}, {"url": "https://i.ytimg.com/vi_webp/hLrRU30E-lc/maxresdefault.webp", "width": 1920, "height": 1080, "resolution": "1920x1080", "id": "4"}], "description": "Provided to YouTube by IIP-DDS\n\nSet Fire to the Rain \u00b7 Pianoholic\n\nPiano Essentials, Vol. 4\n\n\u2117 Pianoholic\n\nReleased on: 2019-10-23\n\nProducer: Pianoholic\nMusic  Publisher: ADELE LAURIE BLUE ADKINS\nMusic  Publisher: FRASER LANCE THORNEYCROFT SMITH\n\nAuto-generated by YouTube.", "categories": ["Music"], "tags": ["Pianoholic Piano Essentials", "Vol. 4 Set Fire to the Rain"], "subtitles": {}, "automatic_captions": {}, "duration": 148, "age_limit": 0, "annotations": null, "chapters": null, "webpage_url": "https://www.youtube.com/watch?v=hLrRU30E-lc", "view_count": 138, "like_count": 3, "dislike_count": null, "average_rating": 5.0, "formats": [{"format_id": "249", "url": "https://r5---sn-5njj-u2xl.googlevideo.com/videoplayback?expire=1611763194&ei=mjkRYMC5JcecrQSaqrv4DA&ip=140.109.135.76&id=o-ALt2iTh3-Ijbg-pOM_cOpNRKW7CpNELr-RVkBIyZ-_eu&itag=249&source=youtube&requiressl=yes&mh=la&mm=31%2C29&mn=sn-5njj-u2xl%2Csn-un57sn7s&ms=au%2Crdu&mv=m&mvi=5&pl=16&gcr=tw&initcwndbps=730000&vprv=1&mime=audio%2Fwebm&ns=bImfNxYXJY3sWfOWe2wRFHcF&gir=yes&clen=1127043&dur=148.141&lmt=1597489959568298&mt=1611740913&fvip=5&keepalive=yes&beids=9466588&c=WEB&txp=2311222&n=7WzTeBH_pxmoZdo3QEsB&sparams=expire%2Cei%2Cip%2Cid%2Citag%2Csource%2Crequiressl%2Cgcr%2Cvprv%2Cmime%2Cns%2Cgir%2Cclen%2Cdur%2Clmt&lsparams=mh%2Cmm%2Cmn%2Cms%2Cmv%2Cmvi%2Cpl%2Cinitcwndbps&lsig=AG3C_xAwRgIhAKIJYrq-IHppL1Q04wqHcBWLlbmcYT_MRafXDBKpu8olAiEAzNsFMKFgU46V5NsqqGDkZlG-hG9u7f75O0Op0rjjUVk%3D&sig=AOq0QJ8wRAIgIWgyUlM9NsiulkkgNMWu35uhtrlAQDhVomy0bLDovJYCIF7zAXIlFva_MG5XyMrqy1gUuJmINBtjohQ2inoFvcVq&ratebypass=yes", "player_url": "/s/player/c6df6ed7/player_ias.vflset/en_US/base.js", "ext": "webm", "format_note": "tiny", "acodec": "opus", "abr": 50, "asr": 48000, "filesize": 1127043, "fps": null, "height": null, "tbr": 64.481, "width": null, "vcodec": "none", "downloader_options": {"http_chunk_size": 10485760}, "format": "249 - audio only (tiny)", "protocol": "https", "http_headers": {"User-Agent": "Mozilla/5.0 (Windows NT 10.0; Win64; x64) AppleWebKit/537.36 (KHTML, like Gecko) Chrome/72.0.3626.85 Safari/537.36", "Accept-Charset": "ISO-8859-1,utf-8;q=0.7,*;q=0.7", "Accept": "text/html,application/xhtml+xml,application/xml;q=0.9,*/*;q=0.8", "Accept-Encoding": "gzip, deflate", "Accept-Language": "en-us,en;q=0.5"}}, {"format_id": "250", "url": "https://r5---sn-5njj-u2xl.googlevideo.com/videoplayback?expire=1611763194&ei=mjkRYMC5JcecrQSaqrv4DA&ip=140.109.135.76&id=o-ALt2iTh3-Ijbg-pOM_cOpNRKW7CpNELr-RVkBIyZ-_eu&itag=250&source=youtube&requiressl=yes&mh=la&mm=31%2C29&mn=sn-5njj-u2xl%2Csn-un57sn7s&ms=au%2Crdu&mv=m&mvi=5&pl=16&gcr=tw&initcwndbps=730000&vprv=1&mime=audio%2Fwebm&ns=bImfNxYXJY3sWfOWe2wRFHcF&gir=yes&clen=1477768&dur=148.141&lmt=1597489958960161&mt=1611740913&fvip=5&keepalive=yes&beids=9466588&c=WEB&txp=2311222&n=7WzTeBH_pxmoZdo3QEsB&sparams=expire%2Cei%2Cip%2Cid%2Citag%2Csource%2Crequiressl%2Cgcr%2Cvprv%2Cmime%2Cns%2Cgir%2Cclen%2Cdur%2Clmt&lsparams=mh%2Cmm%2Cmn%2Cms%2Cmv%2Cmvi%2Cpl%2Cinitcwndbps&lsig=AG3C_xAwRgIhALYuIfOSIpNPCb4TTV0wP2tDfgz2lUcyOsx2kDMKaAPkAiEA1ru_qMyuIzd9NoZMww72uEw9Q9-Fvl19iWZUTRFt0sI%3D&sig=AOq0QJ8wRQIhALM-mnrmjw2bRqLu_QkwGMKYjiM-jrBximuwh0O4rkKRAiBcaNI9__Kknc9G3m2py3e72h-96FfIBgFdEBpIskcNsQ==&ratebypass=yes", "player_url": "/s/player/c6df6ed7/player_ias.vflset/en_US/base.js", "ext": "webm", "format_note": "tiny", "acodec": "opus", "abr": 70, "asr": 48000, "filesize": 1477768, "fps": null, "height": null, "tbr": 84.811, "width": null, "vcodec": "none", "downloader_options": {"http_chunk_size": 10485760}, "format": "250 - audio only (tiny)", "protocol": "https", "http_headers": {"User-Agent": "Mozilla/5.0 (Windows NT 10.0; Win64; x64) AppleWebKit/537.36 (KHTML, like Gecko) Chrome/72.0.3626.85 Safari/537.36", "Accept-Charset": "ISO-8859-1,utf-8;q=0.7,*;q=0.7", "Accept": "text/html,application/xhtml+xml,application/xml;q=0.9,*/*;q=0.8", "Accept-Encoding": "gzip, deflate", "Accept-Language": "en-us,en;q=0.5"}}, {"format_id": "140", "url": "https://r5---sn-5njj-u2xl.googlevideo.com/videoplayback?expire=1611763194&ei=mjkRYMC5JcecrQSaqrv4DA&ip=140.109.135.76&id=o-ALt2iTh3-Ijbg-pOM_cOpNRKW7CpNELr-RVkBIyZ-_eu&itag=140&source=youtube&requiressl=yes&mh=la&mm=31%2C29&mn=sn-5njj-u2xl%2Csn-un57sn7s&ms=au%2Crdu&mv=m&mvi=5&pl=16&gcr=tw&initcwndbps=730000&vprv=1&mime=audio%2Fmp4&ns=bImfNxYXJY3sWfOWe2wRFHcF&gir=yes&clen=2400352&dur=148.114&lmt=1597489960077586&mt=1611740913&fvip=5&keepalive=yes&beids=9466588&c=WEB&txp=2311222&n=7WzTeBH_pxmoZdo3QEsB&sparams=expire%2Cei%2Cip%2Cid%2Citag%2Csource%2Crequiressl%2Cgcr%2Cvprv%2Cmime%2Cns%2Cgir%2Cclen%2Cdur%2Clmt&lsparams=mh%2Cmm%2Cmn%2Cms%2Cmv%2Cmvi%2Cpl%2Cinitcwndbps&lsig=AG3C_xAwRgIhAKX8JdUDROslbS9dyb2Eb1J1MsNIVQ6GM-nGB4po-8WkAiEAjyM7EfL2fEVNLp5yQDLeuU_PPohrjoGQWxFK4UlWwLI%3D&sig=AOq0QJ8wRQIgGLFKlB8wixoTHT7JhrE5o49l4wb0rAYm4IUF2iPsfP8CIQCa4MLcAJkLMMZ9kcpo3gBUE_TrCPX-QVzWNSshgM375A==&ratebypass=yes", "player_url": "/s/player/c6df6ed7/player_ias.vflset/en_US/base.js", "ext": "m4a", "format_note": "tiny", "acodec": "mp4a.40.2", "abr": 128, "container": "m4a_dash", "asr": 44100, "filesize": 2400352, "fps": null, "height": null, "tbr": 131.194, "width": null, "vcodec": "none", "downloader_options": {"http_chunk_size": 10485760}, "format": "140 - audio only (tiny)", "protocol": "https", "http_headers": {"User-Agent": "Mozilla/5.0 (Windows NT 10.0; Win64; x64) AppleWebKit/537.36 (KHTML, like Gecko) Chrome/72.0.3626.85 Safari/537.36", "Accept-Charset": "ISO-8859-1,utf-8;q=0.7,*;q=0.7", "Accept": "text/html,application/xhtml+xml,application/xml;q=0.9,*/*;q=0.8", "Accept-Encoding": "gzip, deflate", "Accept-Language": "en-us,en;q=0.5"}}, {"format_id": "251", "url": "https://r5---sn-5njj-u2xl.googlevideo.com/videoplayback?expire=1611763194&ei=mjkRYMC5JcecrQSaqrv4DA&ip=140.109.135.76&id=o-ALt2iTh3-Ijbg-pOM_cOpNRKW7CpNELr-RVkBIyZ-_eu&itag=251&source=youtube&requiressl=yes&mh=la&mm=31%2C29&mn=sn-5njj-u2xl%2Csn-un57sn7s&ms=au%2Crdu&mv=m&mvi=5&pl=16&gcr=tw&initcwndbps=730000&vprv=1&mime=audio%2Fwebm&ns=bImfNxYXJY3sWfOWe2wRFHcF&gir=yes&clen=2939762&dur=148.141&lmt=1597489960173517&mt=1611740913&fvip=5&keepalive=yes&beids=9466588&c=WEB&txp=2311222&n=7WzTeBH_pxmoZdo3QEsB&sparams=expire%2Cei%2Cip%2Cid%2Citag%2Csource%2Crequiressl%2Cgcr%2Cvprv%2Cmime%2Cns%2Cgir%2Cclen%2Cdur%2Clmt&lsparams=mh%2Cmm%2Cmn%2Cms%2Cmv%2Cmvi%2Cpl%2Cinitcwndbps&lsig=AG3C_xAwRQIhAIQl_vUhCAwEDOtdavmEmNJ3tlNK1jvHKCXMdIiZ43PgAiAqgwknJnA5QX-z_7DDqtWkgRhX12Va5ggPbBeFDKb_3w%3D%3D&sig=AOq0QJ8wRQIgaI8WWDiww2_EoYlSwMErqJRXVdnHc-y7CaIRBgjyAMsCIQCVVkE5m5w9g0yo1szlGGsaGz2IA3KJHgs0dWBSa05ryg==&ratebypass=yes", "player_url": "/s/player/c6df6ed7/player_ias.vflset/en_US/base.js", "ext": "webm", "format_note": "tiny", "acodec": "opus", "abr": 160, "asr": 48000, "filesize": 2939762, "fps": null, "height": null, "tbr": 167.062, "width": null, "vcodec": "none", "downloader_options": {"http_chunk_size": 10485760}, "format": "251 - audio only (tiny)", "protocol": "https", "http_headers": {"User-Agent": "Mozilla/5.0 (Windows NT 10.0; Win64; x64) AppleWebKit/537.36 (KHTML, like Gecko) Chrome/72.0.3626.85 Safari/537.36", "Accept-Charset": "ISO-8859-1,utf-8;q=0.7,*;q=0.7", "Accept": "text/html,application/xhtml+xml,application/xml;q=0.9,*/*;q=0.8", "Accept-Encoding": "gzip, deflate", "Accept-Language": "en-us,en;q=0.5"}}, {"format_id": "160", "url": "https://r5---sn-5njj-u2xl.googlevideo.com/videoplayback?expire=1611763194&ei=mjkRYMC5JcecrQSaqrv4DA&ip=140.109.135.76&id=o-ALt2iTh3-Ijbg-pOM_cOpNRKW7CpNELr-RVkBIyZ-_eu&itag=160&aitags=133%2C134%2C135%2C136%2C137%2C160%2C242%2C243%2C244%2C247%2C248%2C278&source=youtube&requiressl=yes&mh=la&mm=31%2C29&mn=sn-5njj-u2xl%2Csn-un57sn7s&ms=au%2Crdu&mv=m&mvi=5&pl=16&gcr=tw&initcwndbps=730000&vprv=1&mime=video%2Fmp4&ns=bImfNxYXJY3sWfOWe2wRFHcF&gir=yes&clen=255864&dur=148.080&lmt=1597489962482595&mt=1611740913&fvip=5&keepalive=yes&beids=9466588&c=WEB&txp=2316222&n=7WzTeBH_pxmoZdo3QEsB&sparams=expire%2Cei%2Cip%2Cid%2Caitags%2Csource%2Crequiressl%2Cgcr%2Cvprv%2Cmime%2Cns%2Cgir%2Cclen%2Cdur%2Clmt&lsparams=mh%2Cmm%2Cmn%2Cms%2Cmv%2Cmvi%2Cpl%2Cinitcwndbps&lsig=AG3C_xAwRAIgY4sR9pWLVnPB-T6eC0qhcGo0RvfTo5xB6HQGDbu-Y5ECIGWN5AvlhwjPZWfsIVigB-9vyjdCec2gQ2sDrupWbZW7&sig=AOq0QJ8wRQIhANx017lpseOTKLOv4NFkzOqVUAtdojEUfimmpUiAyCmmAiAyxF70HlGAsGzt8kklQqZnLGqRNLfSSp0m3_2pX0bD4A==&ratebypass=yes", "player_url": "/s/player/c6df6ed7/player_ias.vflset/en_US/base.js", "ext": "mp4", "height": 144, "format_note": "144p", "vcodec": "avc1.4d400b", "asr": null, "filesize": 255864, "fps": 25, "tbr": 15.492, "width": 144, "acodec": "none", "downloader_options": {"http_chunk_size": 10485760}, "format": "160 - 144x144 (144p)", "protocol": "https", "http_headers": {"User-Agent": "Mozilla/5.0 (Windows NT 10.0; Win64; x64) AppleWebKit/537.36 (KHTML, like Gecko) Chrome/72.0.3626.85 Safari/537.36", "Accept-Charset": "ISO-8859-1,utf-8;q=0.7,*;q=0.7", "Accept": "text/html,application/xhtml+xml,application/xml;q=0.9,*/*;q=0.8", "Accept-Encoding": "gzip, deflate", "Accept-Language": "en-us,en;q=0.5"}}, {"format_id": "278", "url": "https://r5---sn-5njj-u2xl.googlevideo.com/videoplayback?expire=1611763194&ei=mjkRYMC5JcecrQSaqrv4DA&ip=140.109.135.76&id=o-ALt2iTh3-Ijbg-pOM_cOpNRKW7CpNELr-RVkBIyZ-_eu&itag=278&aitags=133%2C134%2C135%2C136%2C137%2C160%2C242%2C243%2C244%2C247%2C248%2C278&source=youtube&requiressl=yes&mh=la&mm=31%2C29&mn=sn-5njj-u2xl%2Csn-un57sn7s&ms=au%2Crdu&mv=m&mvi=5&pl=16&gcr=tw&initcwndbps=730000&vprv=1&mime=video%2Fwebm&ns=bImfNxYXJY3sWfOWe2wRFHcF&gir=yes&clen=283348&dur=148.080&lmt=1597489963492448&mt=1611740913&fvip=5&keepalive=yes&beids=9466588&c=WEB&txp=2316222&n=7WzTeBH_pxmoZdo3QEsB&sparams=expire%2Cei%2Cip%2Cid%2Caitags%2Csource%2Crequiressl%2Cgcr%2Cvprv%2Cmime%2Cns%2Cgir%2Cclen%2Cdur%2Clmt&lsparams=mh%2Cmm%2Cmn%2Cms%2Cmv%2Cmvi%2Cpl%2Cinitcwndbps&lsig=AG3C_xAwRAIgTBJA-HLCqNORaVkTg6snLilVdjq52bSjchA02wLWsLoCIA2IX48ArQv1BVB0bCgQtgLO07HCc9ioXau3YyfRiWd9&sig=AOq0QJ8wRAIgCgArKhvv1Xg97D-n4WOl4Kwi_n_5yBfCc_by2WI_jUMCIGDF10Qo2dTMmsZea-fhw8wZdo9MNa7avxSOPcYccWKf&ratebypass=yes", "player_url": "/s/player/c6df6ed7/player_ias.vflset/en_US/base.js", "ext": "webm", "height": 144, "format_note": "144p", "container": "webm", "vcodec": "vp9", "asr": null, "filesize": 283348, "fps": 25, "tbr": 16.321, "width": 144, "acodec": "none", "downloader_options": {"http_chunk_size": 10485760}, "format": "278 - 144x144 (144p)", "protocol": "https", "http_headers": {"User-Agent": "Mozilla/5.0 (Windows NT 10.0; Win64; x64) AppleWebKit/537.36 (KHTML, like Gecko) Chrome/72.0.3626.85 Safari/537.36", "Accept-Charset": "ISO-8859-1,utf-8;q=0.7,*;q=0.7", "Accept": "text/html,application/xhtml+xml,application/xml;q=0.9,*/*;q=0.8", "Accept-Encoding": "gzip, deflate", "Accept-Language": "en-us,en;q=0.5"}}, {"format_id": "242", "url": "https://r5---sn-5njj-u2xl.googlevideo.com/videoplayback?expire=1611763194&ei=mjkRYMC5JcecrQSaqrv4DA&ip=140.109.135.76&id=o-ALt2iTh3-Ijbg-pOM_cOpNRKW7CpNELr-RVkBIyZ-_eu&itag=242&aitags=133%2C134%2C135%2C136%2C137%2C160%2C242%2C243%2C244%2C247%2C248%2C278&source=youtube&requiressl=yes&mh=la&mm=31%2C29&mn=sn-5njj-u2xl%2Csn-un57sn7s&ms=au%2Crdu&mv=m&mvi=5&pl=16&gcr=tw&initcwndbps=730000&vprv=1&mime=video%2Fwebm&ns=bImfNxYXJY3sWfOWe2wRFHcF&gir=yes&clen=338491&dur=148.080&lmt=1597489962980621&mt=1611740913&fvip=5&keepalive=yes&beids=9466588&c=WEB&txp=2316222&n=7WzTeBH_pxmoZdo3QEsB&sparams=expire%2Cei%2Cip%2Cid%2Caitags%2Csource%2Crequiressl%2Cgcr%2Cvprv%2Cmime%2Cns%2Cgir%2Cclen%2Cdur%2Clmt&lsparams=mh%2Cmm%2Cmn%2Cms%2Cmv%2Cmvi%2Cpl%2Cinitcwndbps&lsig=AG3C_xAwRgIhAJkytcFI59lMPE2jMEiafWE8q-yB_XAhXmWEl1H4t6SAAiEA1JAQR_GIwmPBetfnejeFEB_rDNqLvcIqJ0FHbqezijg%3D&sig=AOq0QJ8wRQIgKcoe9a-5mcXwI90MjusQdxZCEE_e6iBizN2lUf7lC7oCIQDY_kB4fsI6zHaSVUFnfGg5ho6PlBvU5T5LH1S8Vqozkw==&ratebypass=yes", "player_url": "/s/player/c6df6ed7/player_ias.vflset/en_US/base.js", "ext": "webm", "height": 240, "format_note": "240p", "vcodec": "vp9", "asr": null, "filesize": 338491, "fps": 25, "tbr": 19.293, "width": 240, "acodec": "none", "downloader_options": {"http_chunk_size": 10485760}, "format": "242 - 240x240 (240p)", "protocol": "https", "http_headers": {"User-Agent": "Mozilla/5.0 (Windows NT 10.0; Win64; x64) AppleWebKit/537.36 (KHTML, like Gecko) Chrome/72.0.3626.85 Safari/537.36", "Accept-Charset": "ISO-8859-1,utf-8;q=0.7,*;q=0.7", "Accept": "text/html,application/xhtml+xml,application/xml;q=0.9,*/*;q=0.8", "Accept-Encoding": "gzip, deflate", "Accept-Language": "en-us,en;q=0.5"}}, {"format_id": "133", "url": "https://r5---sn-5njj-u2xl.googlevideo.com/videoplayback?expire=1611763194&ei=mjkRYMC5JcecrQSaqrv4DA&ip=140.109.135.76&id=o-ALt2iTh3-Ijbg-pOM_cOpNRKW7CpNELr-RVkBIyZ-_eu&itag=133&aitags=133%2C134%2C135%2C136%2C137%2C160%2C242%2C243%2C244%2C247%2C248%2C278&source=youtube&requiressl=yes&mh=la&mm=31%2C29&mn=sn-5njj-u2xl%2Csn-un57sn7s&ms=au%2Crdu&mv=m&mvi=5&pl=16&gcr=tw&initcwndbps=730000&vprv=1&mime=video%2Fmp4&ns=bImfNxYXJY3sWfOWe2wRFHcF&gir=yes&clen=408326&dur=148.080&lmt=1597489962666369&mt=1611740913&fvip=5&keepalive=yes&beids=9466588&c=WEB&txp=2316222&n=7WzTeBH_pxmoZdo3QEsB&sparams=expire%2Cei%2Cip%2Cid%2Caitags%2Csource%2Crequiressl%2Cgcr%2Cvprv%2Cmime%2Cns%2Cgir%2Cclen%2Cdur%2Clmt&lsparams=mh%2Cmm%2Cmn%2Cms%2Cmv%2Cmvi%2Cpl%2Cinitcwndbps&lsig=AG3C_xAwRgIhANrdzmWnDruvE9ny7w0-J0gJhFeoo6_RDfJUrmJuThvOAiEAo6NHwr5aBkRyzWZ8Sa3ujO4fI71weJDcipJQjWcO-OI%3D&sig=AOq0QJ8wRAIgagy19M5ye7RdA6O450vRfYSPwzH9zqgZ15JLaTH3pM8CIEaLi_u2l-iiW8WelfPGW3zw8Agl-7cPCh-vEz0WwUO0&ratebypass=yes", "player_url": "/s/player/c6df6ed7/player_ias.vflset/en_US/base.js", "ext": "mp4", "height": 240, "format_note": "240p", "vcodec": "avc1.4d400c", "asr": null, "filesize": 408326, "fps": 25, "tbr": 23.701, "width": 240, "acodec": "none", "downloader_options": {"http_chunk_size": 10485760}, "format": "133 - 240x240 (240p)", "protocol": "https", "http_headers": {"User-Agent": "Mozilla/5.0 (Windows NT 10.0; Win64; x64) AppleWebKit/537.36 (KHTML, like Gecko) Chrome/72.0.3626.85 Safari/537.36", "Accept-Charset": "ISO-8859-1,utf-8;q=0.7,*;q=0.7", "Accept": "text/html,application/xhtml+xml,application/xml;q=0.9,*/*;q=0.8", "Accept-Encoding": "gzip, deflate", "Accept-Language": "en-us,en;q=0.5"}}, {"format_id": "243", "url": "https://r5---sn-5njj-u2xl.googlevideo.com/videoplayback?expire=1611763194&ei=mjkRYMC5JcecrQSaqrv4DA&ip=140.109.135.76&id=o-ALt2iTh3-Ijbg-pOM_cOpNRKW7CpNELr-RVkBIyZ-_eu&itag=243&aitags=133%2C134%2C135%2C136%2C137%2C160%2C242%2C243%2C244%2C247%2C248%2C278&source=youtube&requiressl=yes&mh=la&mm=31%2C29&mn=sn-5njj-u2xl%2Csn-un57sn7s&ms=au%2Crdu&mv=m&mvi=5&pl=16&gcr=tw&initcwndbps=730000&vprv=1&mime=video%2Fwebm&ns=bImfNxYXJY3sWfOWe2wRFHcF&gir=yes&clen=453059&dur=148.080&lmt=1597489962893829&mt=1611740913&fvip=5&keepalive=yes&beids=9466588&c=WEB&txp=2316222&n=7WzTeBH_pxmoZdo3QEsB&sparams=expire%2Cei%2Cip%2Cid%2Caitags%2Csource%2Crequiressl%2Cgcr%2Cvprv%2Cmime%2Cns%2Cgir%2Cclen%2Cdur%2Clmt&lsparams=mh%2Cmm%2Cmn%2Cms%2Cmv%2Cmvi%2Cpl%2Cinitcwndbps&lsig=AG3C_xAwRQIgPOyoEytX7Qgqo-BHAdcoLn9vGZamRz6kguEbaymq-DICIQCwPFsXy2jhDKmamxA30_VjvNZPbp9j9V8Ukh0qzXn5Lg%3D%3D&sig=AOq0QJ8wRQIhAMoMO9Irz9kkCn1SMoodZYgU1E-oPzoCxINa6D11xey8AiAs6bKrp_nnzH0L5zzU5PzNS67LNI-qkDWZyR-LCnUw4A==&ratebypass=yes", "player_url": "/s/player/c6df6ed7/player_ias.vflset/en_US/base.js", "ext": "webm", "height": 360, "format_note": "360p", "vcodec": "vp9", "asr": null, "filesize": 453059, "fps": 25, "tbr": 25.622, "width": 360, "acodec": "none", "downloader_options": {"http_chunk_size": 10485760}, "format": "243 - 360x360 (360p)", "protocol": "https", "http_headers": {"User-Agent": "Mozilla/5.0 (Windows NT 10.0; Win64; x64) AppleWebKit/537.36 (KHTML, like Gecko) Chrome/72.0.3626.85 Safari/537.36", "Accept-Charset": "ISO-8859-1,utf-8;q=0.7,*;q=0.7", "Accept": "text/html,application/xhtml+xml,application/xml;q=0.9,*/*;q=0.8", "Accept-Encoding": "gzip, deflate", "Accept-Language": "en-us,en;q=0.5"}}, {"format_id": "244", "url": "https://r5---sn-5njj-u2xl.googlevideo.com/videoplayback?expire=1611763194&ei=mjkRYMC5JcecrQSaqrv4DA&ip=140.109.135.76&id=o-ALt2iTh3-Ijbg-pOM_cOpNRKW7CpNELr-RVkBIyZ-_eu&itag=244&aitags=133%2C134%2C135%2C136%2C137%2C160%2C242%2C243%2C244%2C247%2C248%2C278&source=youtube&requiressl=yes&mh=la&mm=31%2C29&mn=sn-5njj-u2xl%2Csn-un57sn7s&ms=au%2Crdu&mv=m&mvi=5&pl=16&gcr=tw&initcwndbps=730000&vprv=1&mime=video%2Fwebm&ns=bImfNxYXJY3sWfOWe2wRFHcF&gir=yes&clen=476069&dur=148.080&lmt=1597489963592755&mt=1611740913&fvip=5&keepalive=yes&beids=9466588&c=WEB&txp=2316222&n=7WzTeBH_pxmoZdo3QEsB&sparams=expire%2Cei%2Cip%2Cid%2Caitags%2Csource%2Crequiressl%2Cgcr%2Cvprv%2Cmime%2Cns%2Cgir%2Cclen%2Cdur%2Clmt&lsparams=mh%2Cmm%2Cmn%2Cms%2Cmv%2Cmvi%2Cpl%2Cinitcwndbps&lsig=AG3C_xAwRAIgB1iz_tI3kj2p84qbzCpgEGFQb374eXg1A3Xal1IhxTkCIFzzWyFIiLl6hJQqIOjZVQMCMdp34eCzOzlw6avbXuPM&sig=AOq0QJ8wRQIgX4Ip0DGI0hPRgOokWWpsRdDYNHXuxf5VlssRhmvDl2sCIQCEGwv2zPAyeSVVfj5-AM5IDk81iczUHNpdC6S-J6WTfw==&ratebypass=yes", "player_url": "/s/player/c6df6ed7/player_ias.vflset/en_US/base.js", "ext": "webm", "height": 480, "format_note": "480p", "vcodec": "vp9", "asr": null, "filesize": 476069, "fps": 25, "tbr": 27.028, "width": 480, "acodec": "none", "downloader_options": {"http_chunk_size": 10485760}, "format": "244 - 480x480 (480p)", "protocol": "https", "http_headers": {"User-Agent": "Mozilla/5.0 (Windows NT 10.0; Win64; x64) AppleWebKit/537.36 (KHTML, like Gecko) Chrome/72.0.3626.85 Safari/537.36", "Accept-Charset": "ISO-8859-1,utf-8;q=0.7,*;q=0.7", "Accept": "text/html,application/xhtml+xml,application/xml;q=0.9,*/*;q=0.8", "Accept-Encoding": "gzip, deflate", "Accept-Language": "en-us,en;q=0.5"}}, {"format_id": "134", "url": "https://r5---sn-5njj-u2xl.googlevideo.com/videoplayback?expire=1611763194&ei=mjkRYMC5JcecrQSaqrv4DA&ip=140.109.135.76&id=o-ALt2iTh3-Ijbg-pOM_cOpNRKW7CpNELr-RVkBIyZ-_eu&itag=134&aitags=133%2C134%2C135%2C136%2C137%2C160%2C242%2C243%2C244%2C247%2C248%2C278&source=youtube&requiressl=yes&mh=la&mm=31%2C29&mn=sn-5njj-u2xl%2Csn-un57sn7s&ms=au%2Crdu&mv=m&mvi=5&pl=16&gcr=tw&initcwndbps=730000&vprv=1&mime=video%2Fmp4&ns=bImfNxYXJY3sWfOWe2wRFHcF&gir=yes&clen=590072&dur=148.080&lmt=1597489965884933&mt=1611740913&fvip=5&keepalive=yes&beids=9466588&c=WEB&txp=2316222&n=7WzTeBH_pxmoZdo3QEsB&sparams=expire%2Cei%2Cip%2Cid%2Caitags%2Csource%2Crequiressl%2Cgcr%2Cvprv%2Cmime%2Cns%2Cgir%2Cclen%2Cdur%2Clmt&lsparams=mh%2Cmm%2Cmn%2Cms%2Cmv%2Cmvi%2Cpl%2Cinitcwndbps&lsig=AG3C_xAwRQIgccH2WFcfJVENJ3Rzfmam1hfjvPbvH7n54eNJ35z5M6gCIQDBAgdkUDgi1lYWkPr9yQA8Xy9w4WndasszihFPQzubkA%3D%3D&sig=AOq0QJ8wRgIhAIhst8zAe_Wzzl40AE--6WbW410GeQEyxaXItyFWSoF4AiEAmAX3Y5VDJQ4ra0SLt-YmNXNz3TWv9T8ymz5PY1RQ3NA=&ratebypass=yes", "player_url": "/s/player/c6df6ed7/player_ias.vflset/en_US/base.js", "ext": "mp4", "height": 360, "format_note": "360p", "vcodec": "avc1.4d4015", "asr": null, "filesize": 590072, "fps": 25, "tbr": 33.998, "width": 360, "acodec": "none", "downloader_options": {"http_chunk_size": 10485760}, "format": "134 - 360x360 (360p)", "protocol": "https", "http_headers": {"User-Agent": "Mozilla/5.0 (Windows NT 10.0; Win64; x64) AppleWebKit/537.36 (KHTML, like Gecko) Chrome/72.0.3626.85 Safari/537.36", "Accept-Charset": "ISO-8859-1,utf-8;q=0.7,*;q=0.7", "Accept": "text/html,application/xhtml+xml,application/xml;q=0.9,*/*;q=0.8", "Accept-Encoding": "gzip, deflate", "Accept-Language": "en-us,en;q=0.5"}}, {"format_id": "247", "url": "https://r5---sn-5njj-u2xl.googlevideo.com/videoplayback?expire=1611763194&ei=mjkRYMC5JcecrQSaqrv4DA&ip=140.109.135.76&id=o-ALt2iTh3-Ijbg-pOM_cOpNRKW7CpNELr-RVkBIyZ-_eu&itag=247&aitags=133%2C134%2C135%2C136%2C137%2C160%2C242%2C243%2C244%2C247%2C248%2C278&source=youtube&requiressl=yes&mh=la&mm=31%2C29&mn=sn-5njj-u2xl%2Csn-un57sn7s&ms=au%2Crdu&mv=m&mvi=5&pl=16&gcr=tw&initcwndbps=730000&vprv=1&mime=video%2Fwebm&ns=bImfNxYXJY3sWfOWe2wRFHcF&gir=yes&clen=691813&dur=148.080&lmt=1597489962772861&mt=1611740913&fvip=5&keepalive=yes&beids=9466588&c=WEB&txp=2316222&n=7WzTeBH_pxmoZdo3QEsB&sparams=expire%2Cei%2Cip%2Cid%2Caitags%2Csource%2Crequiressl%2Cgcr%2Cvprv%2Cmime%2Cns%2Cgir%2Cclen%2Cdur%2Clmt&lsparams=mh%2Cmm%2Cmn%2Cms%2Cmv%2Cmvi%2Cpl%2Cinitcwndbps&lsig=AG3C_xAwRAIgaA4OnapRGji9k5x1FufKAA7sZpk1kzVFKDUrFg7c2MICIGAu8GlL1gt4J__N1XMPfAoIKUvdZdLRrZKlvMxdostU&sig=AOq0QJ8wRgIhAIJnH2dy84fjOowT6PbDSJmnImRkZLYb5fag7xhz5GT_AiEA2H3703WB-Ks-m8Qz6_2hf6m-3m21cxND8XHI-RHhcyE=&ratebypass=yes", "player_url": "/s/player/c6df6ed7/player_ias.vflset/en_US/base.js", "ext": "webm", "height": 720, "format_note": "720p", "vcodec": "vp9", "asr": null, "filesize": 691813, "fps": 25, "tbr": 38.786, "width": 720, "acodec": "none", "downloader_options": {"http_chunk_size": 10485760}, "format": "247 - 720x720 (720p)", "protocol": "https", "http_headers": {"User-Agent": "Mozilla/5.0 (Windows NT 10.0; Win64; x64) AppleWebKit/537.36 (KHTML, like Gecko) Chrome/72.0.3626.85 Safari/537.36", "Accept-Charset": "ISO-8859-1,utf-8;q=0.7,*;q=0.7", "Accept": "text/html,application/xhtml+xml,application/xml;q=0.9,*/*;q=0.8", "Accept-Encoding": "gzip, deflate", "Accept-Language": "en-us,en;q=0.5"}}, {"format_id": "135", "url": "https://r5---sn-5njj-u2xl.googlevideo.com/videoplayback?expire=1611763194&ei=mjkRYMC5JcecrQSaqrv4DA&ip=140.109.135.76&id=o-ALt2iTh3-Ijbg-pOM_cOpNRKW7CpNELr-RVkBIyZ-_eu&itag=135&aitags=133%2C134%2C135%2C136%2C137%2C160%2C242%2C243%2C244%2C247%2C248%2C278&source=youtube&requiressl=yes&mh=la&mm=31%2C29&mn=sn-5njj-u2xl%2Csn-un57sn7s&ms=au%2Crdu&mv=m&mvi=5&pl=16&gcr=tw&initcwndbps=730000&vprv=1&mime=video%2Fmp4&ns=bImfNxYXJY3sWfOWe2wRFHcF&gir=yes&clen=877216&dur=148.080&lmt=1597489965170879&mt=1611740913&fvip=5&keepalive=yes&beids=9466588&c=WEB&txp=2316222&n=7WzTeBH_pxmoZdo3QEsB&sparams=expire%2Cei%2Cip%2Cid%2Caitags%2Csource%2Crequiressl%2Cgcr%2Cvprv%2Cmime%2Cns%2Cgir%2Cclen%2Cdur%2Clmt&lsparams=mh%2Cmm%2Cmn%2Cms%2Cmv%2Cmvi%2Cpl%2Cinitcwndbps&lsig=AG3C_xAwRQIgf4mXW3XNVmk1vEuzSqVrjlobv4CPcgDIVMGyzbMXxjUCIQCZ1_307eV94WAYTOtcNV_cXsuYB7v7XoJBuYivpaBKyw%3D%3D&sig=AOq0QJ8wRAIgefbkMerSj5F9BFjzd83zzJMjutHBDTvH0wUpfG4pFGQCIA9sIjnDKRVOaKVKD9viMFcgClK1_mGdM4zUQjqHg9WT&ratebypass=yes", "player_url": "/s/player/c6df6ed7/player_ias.vflset/en_US/base.js", "ext": "mp4", "height": 480, "format_note": "480p", "vcodec": "avc1.4d401e", "asr": null, "filesize": 877216, "fps": 25, "tbr": 50.766, "width": 480, "acodec": "none", "downloader_options": {"http_chunk_size": 10485760}, "format": "135 - 480x480 (480p)", "protocol": "https", "http_headers": {"User-Agent": "Mozilla/5.0 (Windows NT 10.0; Win64; x64) AppleWebKit/537.36 (KHTML, like Gecko) Chrome/72.0.3626.85 Safari/537.36", "Accept-Charset": "ISO-8859-1,utf-8;q=0.7,*;q=0.7", "Accept": "text/html,application/xhtml+xml,application/xml;q=0.9,*/*;q=0.8", "Accept-Encoding": "gzip, deflate", "Accept-Language": "en-us,en;q=0.5"}}, {"format_id": "248", "url": "https://r5---sn-5njj-u2xl.googlevideo.com/videoplayback?expire=1611763194&ei=mjkRYMC5JcecrQSaqrv4DA&ip=140.109.135.76&id=o-ALt2iTh3-Ijbg-pOM_cOpNRKW7CpNELr-RVkBIyZ-_eu&itag=248&aitags=133%2C134%2C135%2C136%2C137%2C160%2C242%2C243%2C244%2C247%2C248%2C278&source=youtube&requiressl=yes&mh=la&mm=31%2C29&mn=sn-5njj-u2xl%2Csn-un57sn7s&ms=au%2Crdu&mv=m&mvi=5&pl=16&gcr=tw&initcwndbps=730000&vprv=1&mime=video%2Fwebm&ns=bImfNxYXJY3sWfOWe2wRFHcF&gir=yes&clen=971027&dur=148.080&lmt=1597489963181858&mt=1611740913&fvip=5&keepalive=yes&beids=9466588&c=WEB&txp=2316222&n=7WzTeBH_pxmoZdo3QEsB&sparams=expire%2Cei%2Cip%2Cid%2Caitags%2Csource%2Crequiressl%2Cgcr%2Cvprv%2Cmime%2Cns%2Cgir%2Cclen%2Cdur%2Clmt&lsparams=mh%2Cmm%2Cmn%2Cms%2Cmv%2Cmvi%2Cpl%2Cinitcwndbps&lsig=AG3C_xAwRQIhAM-i-yvt6kbIipXrVWBaHxssrW9wQD7IwDoSQZgzDm6RAiA6yHRpWfa1YW2DGSrhYQbyHiqnHOI9gaip0UNOKt6M7w%3D%3D&sig=AOq0QJ8wRQIhAPRPOhA9Cubry611wMPuurYRtRxOIdW4l70rVQDjasHWAiAqyTyvU4oufwEvhWtiZKBJitcYJ9gmqI6R2rQH5le5dA==&ratebypass=yes", "player_url": "/s/player/c6df6ed7/player_ias.vflset/en_US/base.js", "ext": "webm", "height": 1080, "format_note": "1080p", "vcodec": "vp9", "asr": null, "filesize": 971027, "fps": 25, "tbr": 55.713, "width": 1080, "acodec": "none", "downloader_options": {"http_chunk_size": 10485760}, "format": "248 - 1080x1080 (1080p)", "protocol": "https", "http_headers": {"User-Agent": "Mozilla/5.0 (Windows NT 10.0; Win64; x64) AppleWebKit/537.36 (KHTML, like Gecko) Chrome/72.0.3626.85 Safari/537.36", "Accept-Charset": "ISO-8859-1,utf-8;q=0.7,*;q=0.7", "Accept": "text/html,application/xhtml+xml,application/xml;q=0.9,*/*;q=0.8", "Accept-Encoding": "gzip, deflate", "Accept-Language": "en-us,en;q=0.5"}}, {"format_id": "136", "url": "https://r5---sn-5njj-u2xl.googlevideo.com/videoplayback?expire=1611763194&ei=mjkRYMC5JcecrQSaqrv4DA&ip=140.109.135.76&id=o-ALt2iTh3-Ijbg-pOM_cOpNRKW7CpNELr-RVkBIyZ-_eu&itag=136&aitags=133%2C134%2C135%2C136%2C137%2C160%2C242%2C243%2C244%2C247%2C248%2C278&source=youtube&requiressl=yes&mh=la&mm=31%2C29&mn=sn-5njj-u2xl%2Csn-un57sn7s&ms=au%2Crdu&mv=m&mvi=5&pl=16&gcr=tw&initcwndbps=730000&vprv=1&mime=video%2Fmp4&ns=bImfNxYXJY3sWfOWe2wRFHcF&gir=yes&clen=1535127&dur=148.080&lmt=1597489962468070&mt=1611740913&fvip=5&keepalive=yes&beids=9466588&c=WEB&txp=2316222&n=7WzTeBH_pxmoZdo3QEsB&sparams=expire%2Cei%2Cip%2Cid%2Caitags%2Csource%2Crequiressl%2Cgcr%2Cvprv%2Cmime%2Cns%2Cgir%2Cclen%2Cdur%2Clmt&lsparams=mh%2Cmm%2Cmn%2Cms%2Cmv%2Cmvi%2Cpl%2Cinitcwndbps&lsig=AG3C_xAwRQIgCN8Ql1V8xWrU1MCdzbm9XA13vUbNdCO_9tyuQUOzK3YCIQD0VH2CpIqCmoSl391TQzJCtladedLziMApTYVbY7jNUQ%3D%3D&sig=AOq0QJ8wRQIhANAZx8HSO8P7Q2xAyN6_zkeFrop8RtXoQ76WazMOl4IfAiAmtaLnScBp50CPy0FRFgM9qOawz8-tNN8dzsoMkG9SoA==&ratebypass=yes", "player_url": "/s/player/c6df6ed7/player_ias.vflset/en_US/base.js", "ext": "mp4", "height": 720, "format_note": "720p", "vcodec": "avc1.64001f", "asr": null, "filesize": 1535127, "fps": 25, "tbr": 89.066, "width": 720, "acodec": "none", "downloader_options": {"http_chunk_size": 10485760}, "format": "136 - 720x720 (720p)", "protocol": "https", "http_headers": {"User-Agent": "Mozilla/5.0 (Windows NT 10.0; Win64; x64) AppleWebKit/537.36 (KHTML, like Gecko) Chrome/72.0.3626.85 Safari/537.36", "Accept-Charset": "ISO-8859-1,utf-8;q=0.7,*;q=0.7", "Accept": "text/html,application/xhtml+xml,application/xml;q=0.9,*/*;q=0.8", "Accept-Encoding": "gzip, deflate", "Accept-Language": "en-us,en;q=0.5"}}, {"format_id": "137", "url": "https://r5---sn-5njj-u2xl.googlevideo.com/videoplayback?expire=1611763194&ei=mjkRYMC5JcecrQSaqrv4DA&ip=140.109.135.76&id=o-ALt2iTh3-Ijbg-pOM_cOpNRKW7CpNELr-RVkBIyZ-_eu&itag=137&aitags=133%2C134%2C135%2C136%2C137%2C160%2C242%2C243%2C244%2C247%2C248%2C278&source=youtube&requiressl=yes&mh=la&mm=31%2C29&mn=sn-5njj-u2xl%2Csn-un57sn7s&ms=au%2Crdu&mv=m&mvi=5&pl=16&gcr=tw&initcwndbps=730000&vprv=1&mime=video%2Fmp4&ns=bImfNxYXJY3sWfOWe2wRFHcF&gir=yes&clen=2747074&dur=148.080&lmt=1597489962770860&mt=1611740913&fvip=5&keepalive=yes&beids=9466588&c=WEB&txp=2316222&n=7WzTeBH_pxmoZdo3QEsB&sparams=expire%2Cei%2Cip%2Cid%2Caitags%2Csource%2Crequiressl%2Cgcr%2Cvprv%2Cmime%2Cns%2Cgir%2Cclen%2Cdur%2Clmt&lsparams=mh%2Cmm%2Cmn%2Cms%2Cmv%2Cmvi%2Cpl%2Cinitcwndbps&lsig=AG3C_xAwRAIgXPaViW5PMFaD_TPr03-2l2V7Yt36KFO3HmH-l64Hrs4CIH92ymhAqpgaIyC_mb2Y9RKMWppWzqsLEULOKjNU3D31&sig=AOq0QJ8wRAIgLV8m1JeXYZCACt87ntn_XpY1dhxI7-ZUwdcvvw5ooj8CIAoedPos0aIXZfobUFNEKjovK1pUrOM9qI8AIpa1LdgE&ratebypass=yes", "player_url": "/s/player/c6df6ed7/player_ias.vflset/en_US/base.js", "ext": "mp4", "height": 1080, "format_note": "1080p", "vcodec": "avc1.640020", "asr": null, "filesize": 2747074, "fps": 25, "tbr": 159.584, "width": 1080, "acodec": "none", "downloader_options": {"http_chunk_size": 10485760}, "format": "137 - 1080x1080 (1080p)", "protocol": "https", "http_headers": {"User-Agent": "Mozilla/5.0 (Windows NT 10.0; Win64; x64) AppleWebKit/537.36 (KHTML, like Gecko) Chrome/72.0.3626.85 Safari/537.36", "Accept-Charset": "ISO-8859-1,utf-8;q=0.7,*;q=0.7", "Accept": "text/html,application/xhtml+xml,application/xml;q=0.9,*/*;q=0.8", "Accept-Encoding": "gzip, deflate", "Accept-Language": "en-us,en;q=0.5"}}, {"format_id": "18", "url": "https://r5---sn-5njj-u2xl.googlevideo.com/videoplayback?expire=1611763194&ei=mjkRYMC5JcecrQSaqrv4DA&ip=140.109.135.76&id=o-ALt2iTh3-Ijbg-pOM_cOpNRKW7CpNELr-RVkBIyZ-_eu&itag=18&source=youtube&requiressl=yes&mh=la&mm=31%2C29&mn=sn-5njj-u2xl%2Csn-un57sn7s&ms=au%2Crdu&mv=m&mvi=5&pl=16&gcr=tw&initcwndbps=730000&vprv=1&mime=video%2Fmp4&ns=-ARnDSzrLeU2GtfHrjFWekYF&gir=yes&clen=2440718&ratebypass=yes&dur=148.166&lmt=1597489972386696&mt=1611740913&fvip=5&beids=9466588&c=WEB&txp=2316222&n=iHysX1ntmJN3EGvw9H0p&sparams=expire%2Cei%2Cip%2Cid%2Citag%2Csource%2Crequiressl%2Cgcr%2Cvprv%2Cmime%2Cns%2Cgir%2Cclen%2Cratebypass%2Cdur%2Clmt&lsparams=mh%2Cmm%2Cmn%2Cms%2Cmv%2Cmvi%2Cpl%2Cinitcwndbps&lsig=AG3C_xAwRAIgfMlUE5JDjWRACRWKLUXg3yW8SYWVL_wHNd_BwCbUYysCIGkS-GbqWYvoAJZtW-tnL8wnE5NYpWRbSZ7qKQj_g3WO&sig=AOq0QJ8wRAIgWAF2ecxRn-ESr8On20WCJBBipAlh-ZdZnPumaHxMzhsCIC-ZOi1BppGHzIjh1wjRJvy9cOEQqp9Q40TkbQKfcSPW", "player_url": "/s/player/c6df6ed7/player_ias.vflset/en_US/base.js", "ext": "mp4", "width": 360, "height": 360, "acodec": "mp4a.40.2", "abr": 96, "vcodec": "avc1.42001E", "asr": 44100, "filesize": 2440718, "format_note": "360p", "fps": 25, "tbr": 131.859, "format": "18 - 360x360 (360p)", "protocol": "https", "http_headers": {"User-Agent": "Mozilla/5.0 (Windows NT 10.0; Win64; x64) AppleWebKit/537.36 (KHTML, like Gecko) Chrome/72.0.3626.85 Safari/537.36", "Accept-Charset": "ISO-8859-1,utf-8;q=0.7,*;q=0.7", "Accept": "text/html,application/xhtml+xml,application/xml;q=0.9,*/*;q=0.8", "Accept-Encoding": "gzip, deflate", "Accept-Language": "en-us,en;q=0.5"}}], "is_live": null, "start_time": null, "end_time": null, "series": null, "season_number": null, "episode_number": null, "track": "Set Fire to the Rain", "artist": "Pianoholic", "album": "Piano Essentials, Vol. 4", "release_date": "20191023", "release_year": 2019, "extractor": "youtube", "webpage_url_basename": "watch", "extractor_key": "Youtube", "playlist": null, "playlist_index": null, "thumbnail": "https://i.ytimg.com/vi_webp/hLrRU30E-lc/maxresdefault.webp", "display_id": "hLrRU30E-lc", "requested_subtitles": null, "format_id": "251", "url": "https://r5---sn-5njj-u2xl.googlevideo.com/videoplayback?expire=1611763194&ei=mjkRYMC5JcecrQSaqrv4DA&ip=140.109.135.76&id=o-ALt2iTh3-Ijbg-pOM_cOpNRKW7CpNELr-RVkBIyZ-_eu&itag=251&source=youtube&requiressl=yes&mh=la&mm=31%2C29&mn=sn-5njj-u2xl%2Csn-un57sn7s&ms=au%2Crdu&mv=m&mvi=5&pl=16&gcr=tw&initcwndbps=730000&vprv=1&mime=audio%2Fwebm&ns=bImfNxYXJY3sWfOWe2wRFHcF&gir=yes&clen=2939762&dur=148.141&lmt=1597489960173517&mt=1611740913&fvip=5&keepalive=yes&beids=9466588&c=WEB&txp=2311222&n=7WzTeBH_pxmoZdo3QEsB&sparams=expire%2Cei%2Cip%2Cid%2Citag%2Csource%2Crequiressl%2Cgcr%2Cvprv%2Cmime%2Cns%2Cgir%2Cclen%2Cdur%2Clmt&lsparams=mh%2Cmm%2Cmn%2Cms%2Cmv%2Cmvi%2Cpl%2Cinitcwndbps&lsig=AG3C_xAwRQIhAIQl_vUhCAwEDOtdavmEmNJ3tlNK1jvHKCXMdIiZ43PgAiAqgwknJnA5QX-z_7DDqtWkgRhX12Va5ggPbBeFDKb_3w%3D%3D&sig=AOq0QJ8wRQIgaI8WWDiww2_EoYlSwMErqJRXVdnHc-y7CaIRBgjyAMsCIQCVVkE5m5w9g0yo1szlGGsaGz2IA3KJHgs0dWBSa05ryg==&ratebypass=yes", "player_url": "/s/player/c6df6ed7/player_ias.vflset/en_US/base.js", "ext": "webm", "format_note": "tiny", "acodec": "opus", "abr": 160, "asr": 48000, "filesize": 2939762, "fps": null, "height": null, "tbr": 167.062, "width": null, "vcodec": "none", "downloader_options": {"http_chunk_size": 10485760}, "format": "251 - audio only (tiny)", "protocol": "https", "http_headers": {"User-Agent": "Mozilla/5.0 (Windows NT 10.0; Win64; x64) AppleWebKit/537.36 (KHTML, like Gecko) Chrome/72.0.3626.85 Safari/537.36", "Accept-Charset": "ISO-8859-1,utf-8;q=0.7,*;q=0.7", "Accept": "text/html,application/xhtml+xml,application/xml;q=0.9,*/*;q=0.8", "Accept-Encoding": "gzip, deflate", "Accept-Language": "en-us,en;q=0.5"}}