{"id": "HvO92SzBpEc", "uploader": "Piano in U", "uploader_id": "UC65OhXlLUNeuWJ_j5jUU2tQ", "uploader_url": "http://www.youtube.com/channel/UC65OhXlLUNeuWJ_j5jUU2tQ", "channel_id": "UC65OhXlLUNeuWJ_j5jUU2tQ", "channel_url": "http://www.youtube.com/channel/UC65OhXlLUNeuWJ_j5jUU2tQ", "upload_date": "20181109", "license": null, "creator": null, "title": "TWICE (\ud2b8\uc640\uc774\uc2a4) \"YES or YES\"/Piano cover/ Sheet", "alt_title": null, "thumbnails": [{"url": "https://i.ytimg.com/vi/HvO92SzBpEc/hqdefault.jpg?sqp=-oaymwEYCKgBEF5IVfKriqkDCwgBFQAAiEIYAXAB&rs=AOn4CLDBP0rJF8mLrAmNA7qyT2eBQeOPbg", "width": 168, "height": 94, "resolution": "168x94", "id": "0"}, {"url": "https://i.ytimg.com/vi/HvO92SzBpEc/hqdefault.jpg?sqp=-oaymwEYCMQBEG5IVfKriqkDCwgBFQAAiEIYAXAB&rs=AOn4CLBGU-FD_2D06JmPOJ8Dc6AM7w_dAA", "width": 196, "height": 110, "resolution": "196x110", "id": "1"}, {"url": "https://i.ytimg.com/vi/HvO92SzBpEc/hqdefault.jpg?sqp=-oaymwEZCPYBEIoBSFXyq4qpAwsIARUAAIhCGAFwAQ==&rs=AOn4CLDkz8WC-qzCV6tLWPTKSfadSz1skA", "width": 246, "height": 138, "resolution": "246x138", "id": "2"}, {"url": "https://i.ytimg.com/vi/HvO92SzBpEc/hqdefault.jpg?sqp=-oaymwEZCNACELwBSFXyq4qpAwsIARUAAIhCGAFwAQ==&rs=AOn4CLDau9hWO_XI1iayIpDVQaVGZOlJOw", "width": 336, "height": 188, "resolution": "336x188", "id": "3"}, {"url": "https://i.ytimg.com/vi_webp/HvO92SzBpEc/maxresdefault.webp", "width": 1920, "height": 1080, "resolution": "1920x1080", "id": "4"}], "description": "\u266c\ud53c\uc544\ub178 \uc545\ubcf4\nhttps://www.mapianist.com/board/music/21185\n\u266cPiano Sheet  \nhttps://www.mymusicsheet.com/pianoinu/1202\n\u266cPiano Sheet  Easy version\nhttps://www.mymusicsheet.com/pianoinu/1203\n\u266c\ud53c\uc544\ub178 \uc26c\uc6b4\uc545\ubcf4 \nhttps://www.mapianist.com/board/music/21186\n\nThanks for Watching. \nPlease like and Subscribe\u2661", "categories": ["Music"], "tags": ["\ud2b8\uc640\uc774\uc2a4", "\ud2b8\uc640\uc774\uc2a4 \uc608\uc2a4\uc624\uc5b4\uc608\uc2a4", "\ud2b8\uc640\uc774\uc2a4 \ud53c\uc544\ub178", "\uc608\uc2a4\uc624\uc5b4\uc608\uc2a4 \ud53c\uc544\ub178", "\uc608\uc2a4\uc624\uc5b4\uc608\uc2a4 \ud53c\uc544\ub178\ucee4\ubc84", "\uc608\uc2a4\uc624\uc5b4\uc608\uc2a4 \ud53c\uc544\ub178\uc545\ubcf4", "\ud2b8\uc640\uc774\uc2a4 \uc608\uc2a4\uc624\uc5b4\uc608\uc2a4 \ud53c\uc544\ub178\uc545\ubcf4", "TWICE YES OR YES PIANO", "TWICE YES OR YES PIANOCOVER SHEET", "TWICE YES OR YES PIANOSHEET", "YES OR YES PIANO", "YES OR YES PIANOCOVER", "YES OR YES PIANOSHEET", "KPOP SHEET", "SHEET MUSIC", "PIANOSHEET", "PIANO SHEET", "KPOP PIANO SHEET", "PIANOINU", "PIANO IN U", "DOOPIANO", "SARAH K PIANO", "\ub450\ud53c\uc544\ub178", "\uc0ac\ub77c\ud53c\uc544\ub178", "\ud53c\uc544\ub178\uc778\uc720"], "subtitles": {}, "automatic_captions": {}, "duration": 244, "age_limit": 0, "annotations": null, "chapters": null, "webpage_url": "https://www.youtube.com/watch?v=HvO92SzBpEc", "view_count": 48983, "like_count": 942, "dislike_count": 11, "average_rating": 4.9538302, "formats": [{"format_id": "249", "url": "https://r7---sn-5njj-u2xl.googlevideo.com/videoplayback?expire=1611763649&ei=YTsRYJnYN6mA1d8Phviy-A8&ip=140.109.135.76&id=o-AKYmAe9f4i_3VZJ688rQmmb0w3vaPGWXchv-xCZdRQP_&itag=249&source=youtube&requiressl=yes&mh=Os&mm=31%2C29&mn=sn-5njj-u2xl%2Csn-un57sn7z&ms=au%2Crdu&mv=m&mvi=7&pl=16&initcwndbps=695000&vprv=1&mime=audio%2Fwebm&ns=moC1VmqU7kbUwQBSZENVAZ4F&gir=yes&clen=1847899&dur=244.101&lmt=1541823713176300&mt=1611741877&fvip=4&keepalive=yes&c=WEB&txp=5411222&n=oCXE1XrrmtUmq5EyheV8&sparams=expire%2Cei%2Cip%2Cid%2Citag%2Csource%2Crequiressl%2Cvprv%2Cmime%2Cns%2Cgir%2Cclen%2Cdur%2Clmt&sig=AOq0QJ8wRAIgL-YKwGHiW7HuEHzV_8BV-LJvj2YuhXNyDvGTFRaOUWcCIF1fEST5DNoIn673vZfXQUg3O1lxFjPdCo1OxvDZcnlC&lsparams=mh%2Cmm%2Cmn%2Cms%2Cmv%2Cmvi%2Cpl%2Cinitcwndbps&lsig=AG3C_xAwRQIgeTLI3WG5LqaE2NAzF9LsyaBuw9OhsamvUqC18QGCGKwCIQDjoOuB0RuEYubrrxcvEAwFNcu5tl0hhH2TXZmQ0AFP_g%3D%3D&ratebypass=yes", "player_url": null, "ext": "webm", "format_note": "tiny", "acodec": "opus", "abr": 50, "asr": 48000, "filesize": 1847899, "fps": null, "height": null, "tbr": 66.88, "width": null, "vcodec": "none", "downloader_options": {"http_chunk_size": 10485760}, "format": "249 - audio only (tiny)", "protocol": "https", "http_headers": {"User-Agent": "Mozilla/5.0 (Windows NT 10.0; Win64; x64) AppleWebKit/537.36 (KHTML, like Gecko) Chrome/72.0.3626.85 Safari/537.36", "Accept-Charset": "ISO-8859-1,utf-8;q=0.7,*;q=0.7", "Accept": "text/html,application/xhtml+xml,application/xml;q=0.9,*/*;q=0.8", "Accept-Encoding": "gzip, deflate", "Accept-Language": "en-us,en;q=0.5"}}, {"format_id": "250", "url": "https://r7---sn-5njj-u2xl.googlevideo.com/videoplayback?expire=1611763649&ei=YTsRYJnYN6mA1d8Phviy-A8&ip=140.109.135.76&id=o-AKYmAe9f4i_3VZJ688rQmmb0w3vaPGWXchv-xCZdRQP_&itag=250&source=youtube&requiressl=yes&mh=Os&mm=31%2C29&mn=sn-5njj-u2xl%2Csn-un57sn7z&ms=au%2Crdu&mv=m&mvi=7&pl=16&initcwndbps=695000&vprv=1&mime=audio%2Fwebm&ns=moC1VmqU7kbUwQBSZENVAZ4F&gir=yes&clen=2483812&dur=244.101&lmt=1541823714576602&mt=1611741877&fvip=4&keepalive=yes&c=WEB&txp=5411222&n=oCXE1XrrmtUmq5EyheV8&sparams=expire%2Cei%2Cip%2Cid%2Citag%2Csource%2Crequiressl%2Cvprv%2Cmime%2Cns%2Cgir%2Cclen%2Cdur%2Clmt&sig=AOq0QJ8wRQIgGcILFpTA6rKIYx-i0Lb7XTaKDkzPnVv4mJlq29C8iPkCIQCPJGdESmDtNUanE7VeRv5Oyy6EAKTL5Ta-Hp8Vp6eTHg%3D%3D&lsparams=mh%2Cmm%2Cmn%2Cms%2Cmv%2Cmvi%2Cpl%2Cinitcwndbps&lsig=AG3C_xAwRQIgeTLI3WG5LqaE2NAzF9LsyaBuw9OhsamvUqC18QGCGKwCIQDjoOuB0RuEYubrrxcvEAwFNcu5tl0hhH2TXZmQ0AFP_g%3D%3D&ratebypass=yes", "player_url": null, "ext": "webm", "format_note": "tiny", "acodec": "opus", "abr": 70, "asr": 48000, "filesize": 2483812, "fps": null, "height": null, "tbr": 87.979, "width": null, "vcodec": "none", "downloader_options": {"http_chunk_size": 10485760}, "format": "250 - audio only (tiny)", "protocol": "https", "http_headers": {"User-Agent": "Mozilla/5.0 (Windows NT 10.0; Win64; x64) AppleWebKit/537.36 (KHTML, like Gecko) Chrome/72.0.3626.85 Safari/537.36", "Accept-Charset": "ISO-8859-1,utf-8;q=0.7,*;q=0.7", "Accept": "text/html,application/xhtml+xml,application/xml;q=0.9,*/*;q=0.8", "Accept-Encoding": "gzip, deflate", "Accept-Language": "en-us,en;q=0.5"}}, {"format_id": "140", "url": "https://r7---sn-5njj-u2xl.googlevideo.com/videoplayback?expire=1611763649&ei=YTsRYJnYN6mA1d8Phviy-A8&ip=140.109.135.76&id=o-AKYmAe9f4i_3VZJ688rQmmb0w3vaPGWXchv-xCZdRQP_&itag=140&source=youtube&requiressl=yes&mh=Os&mm=31%2C29&mn=sn-5njj-u2xl%2Csn-un57sn7z&ms=au%2Crdu&mv=m&mvi=7&pl=16&initcwndbps=695000&vprv=1&mime=audio%2Fmp4&ns=moC1VmqU7kbUwQBSZENVAZ4F&gir=yes&clen=3951797&dur=244.134&lmt=1541821526808384&mt=1611741877&fvip=4&keepalive=yes&c=WEB&txp=5432432&n=oCXE1XrrmtUmq5EyheV8&sparams=expire%2Cei%2Cip%2Cid%2Citag%2Csource%2Crequiressl%2Cvprv%2Cmime%2Cns%2Cgir%2Cclen%2Cdur%2Clmt&sig=AOq0QJ8wRAIgXPWhZMT2r1XXSpPcBRKiD9w3TOjoA7gDSz0WZyhsVb0CIHacSrhd_TSARXaA71d4LDzKlyUI1k7IvxdGg83qHiYH&lsparams=mh%2Cmm%2Cmn%2Cms%2Cmv%2Cmvi%2Cpl%2Cinitcwndbps&lsig=AG3C_xAwRQIgeTLI3WG5LqaE2NAzF9LsyaBuw9OhsamvUqC18QGCGKwCIQDjoOuB0RuEYubrrxcvEAwFNcu5tl0hhH2TXZmQ0AFP_g%3D%3D&ratebypass=yes", "player_url": null, "ext": "m4a", "format_note": "tiny", "acodec": "mp4a.40.2", "abr": 128, "container": "m4a_dash", "asr": 44100, "filesize": 3951797, "fps": null, "height": null, "tbr": 130.476, "width": null, "vcodec": "none", "downloader_options": {"http_chunk_size": 10485760}, "format": "140 - audio only (tiny)", "protocol": "https", "http_headers": {"User-Agent": "Mozilla/5.0 (Windows NT 10.0; Win64; x64) AppleWebKit/537.36 (KHTML, like Gecko) Chrome/72.0.3626.85 Safari/537.36", "Accept-Charset": "ISO-8859-1,utf-8;q=0.7,*;q=0.7", "Accept": "text/html,application/xhtml+xml,application/xml;q=0.9,*/*;q=0.8", "Accept-Encoding": "gzip, deflate", "Accept-Language": "en-us,en;q=0.5"}}, {"format_id": "251", "url": "https://r7---sn-5njj-u2xl.googlevideo.com/videoplayback?expire=1611763649&ei=YTsRYJnYN6mA1d8Phviy-A8&ip=140.109.135.76&id=o-AKYmAe9f4i_3VZJ688rQmmb0w3vaPGWXchv-xCZdRQP_&itag=251&source=youtube&requiressl=yes&mh=Os&mm=31%2C29&mn=sn-5njj-u2xl%2Csn-un57sn7z&ms=au%2Crdu&mv=m&mvi=7&pl=16&initcwndbps=695000&vprv=1&mime=audio%2Fwebm&ns=moC1VmqU7kbUwQBSZENVAZ4F&gir=yes&clen=4753932&dur=244.101&lmt=1541823714388443&mt=1611741877&fvip=4&keepalive=yes&c=WEB&txp=5411222&n=oCXE1XrrmtUmq5EyheV8&sparams=expire%2Cei%2Cip%2Cid%2Citag%2Csource%2Crequiressl%2Cvprv%2Cmime%2Cns%2Cgir%2Cclen%2Cdur%2Clmt&sig=AOq0QJ8wRQIgIgmydAycUHQOqxLwQrqhZT7cEv956Ek3yHmYpA1EuvYCIQDN9dtCnxmrRfg7r51SLxNDUemvIF_Fl6nDiaCKBiyPxg%3D%3D&lsparams=mh%2Cmm%2Cmn%2Cms%2Cmv%2Cmvi%2Cpl%2Cinitcwndbps&lsig=AG3C_xAwRQIgeTLI3WG5LqaE2NAzF9LsyaBuw9OhsamvUqC18QGCGKwCIQDjoOuB0RuEYubrrxcvEAwFNcu5tl0hhH2TXZmQ0AFP_g%3D%3D&ratebypass=yes", "player_url": null, "ext": "webm", "format_note": "tiny", "acodec": "opus", "abr": 160, "asr": 48000, "filesize": 4753932, "fps": null, "height": null, "tbr": 164.052, "width": null, "vcodec": "none", "downloader_options": {"http_chunk_size": 10485760}, "format": "251 - audio only (tiny)", "protocol": "https", "http_headers": {"User-Agent": "Mozilla/5.0 (Windows NT 10.0; Win64; x64) AppleWebKit/537.36 (KHTML, like Gecko) Chrome/72.0.3626.85 Safari/537.36", "Accept-Charset": "ISO-8859-1,utf-8;q=0.7,*;q=0.7", "Accept": "text/html,application/xhtml+xml,application/xml;q=0.9,*/*;q=0.8", "Accept-Encoding": "gzip, deflate", "Accept-Language": "en-us,en;q=0.5"}}, {"format_id": "160", "url": "https://r7---sn-5njj-u2xl.googlevideo.com/videoplayback?expire=1611763649&ei=YTsRYJnYN6mA1d8Phviy-A8&ip=140.109.135.76&id=o-AKYmAe9f4i_3VZJ688rQmmb0w3vaPGWXchv-xCZdRQP_&itag=160&aitags=133%2C134%2C135%2C136%2C137%2C160%2C242%2C243%2C244%2C247%2C248%2C278&source=youtube&requiressl=yes&mh=Os&mm=31%2C29&mn=sn-5njj-u2xl%2Csn-un57sn7z&ms=au%2Crdu&mv=m&mvi=7&pl=16&initcwndbps=695000&vprv=1&mime=video%2Fmp4&ns=moC1VmqU7kbUwQBSZENVAZ4F&gir=yes&clen=915989&dur=244.077&lmt=1541821530004995&mt=1611741877&fvip=4&keepalive=yes&c=WEB&txp=5432432&n=oCXE1XrrmtUmq5EyheV8&sparams=expire%2Cei%2Cip%2Cid%2Caitags%2Csource%2Crequiressl%2Cvprv%2Cmime%2Cns%2Cgir%2Cclen%2Cdur%2Clmt&sig=AOq0QJ8wRQIhAN_OZJDGNkLWtK8IAyo8FR2YUPk6dvWohqFpoW-xFFaTAiAElyr5MRuEDpzQNfXf0xBHtCDDv2I-0RdSOzf-P0TxeQ%3D%3D&lsparams=mh%2Cmm%2Cmn%2Cms%2Cmv%2Cmvi%2Cpl%2Cinitcwndbps&lsig=AG3C_xAwRQIgeTLI3WG5LqaE2NAzF9LsyaBuw9OhsamvUqC18QGCGKwCIQDjoOuB0RuEYubrrxcvEAwFNcu5tl0hhH2TXZmQ0AFP_g%3D%3D&ratebypass=yes", "player_url": null, "ext": "mp4", "height": 144, "format_note": "144p", "vcodec": "avc1.4d400c", "asr": null, "filesize": 915989, "fps": 30, "tbr": 39.883, "width": 256, "acodec": "none", "downloader_options": {"http_chunk_size": 10485760}, "format": "160 - 256x144 (144p)", "protocol": "https", "http_headers": {"User-Agent": "Mozilla/5.0 (Windows NT 10.0; Win64; x64) AppleWebKit/537.36 (KHTML, like Gecko) Chrome/72.0.3626.85 Safari/537.36", "Accept-Charset": "ISO-8859-1,utf-8;q=0.7,*;q=0.7", "Accept": "text/html,application/xhtml+xml,application/xml;q=0.9,*/*;q=0.8", "Accept-Encoding": "gzip, deflate", "Accept-Language": "en-us,en;q=0.5"}}, {"format_id": "133", "url": "https://r7---sn-5njj-u2xl.googlevideo.com/videoplayback?expire=1611763649&ei=YTsRYJnYN6mA1d8Phviy-A8&ip=140.109.135.76&id=o-AKYmAe9f4i_3VZJ688rQmmb0w3vaPGWXchv-xCZdRQP_&itag=133&aitags=133%2C134%2C135%2C136%2C137%2C160%2C242%2C243%2C244%2C247%2C248%2C278&source=youtube&requiressl=yes&mh=Os&mm=31%2C29&mn=sn-5njj-u2xl%2Csn-un57sn7z&ms=au%2Crdu&mv=m&mvi=7&pl=16&initcwndbps=695000&vprv=1&mime=video%2Fmp4&ns=moC1VmqU7kbUwQBSZENVAZ4F&gir=yes&clen=1569616&dur=244.077&lmt=1541821530624479&mt=1611741877&fvip=4&keepalive=yes&c=WEB&txp=5432432&n=oCXE1XrrmtUmq5EyheV8&sparams=expire%2Cei%2Cip%2Cid%2Caitags%2Csource%2Crequiressl%2Cvprv%2Cmime%2Cns%2Cgir%2Cclen%2Cdur%2Clmt&sig=AOq0QJ8wRgIhAOCSE9rR6CYFyF0m1o9mPWv_OazGw04fezloTRNYwBwQAiEAslz95bnnXX5ljWHGgwWuBhyi8iuLFHGX50aGlgGkp4Y%3D&lsparams=mh%2Cmm%2Cmn%2Cms%2Cmv%2Cmvi%2Cpl%2Cinitcwndbps&lsig=AG3C_xAwRQIgeTLI3WG5LqaE2NAzF9LsyaBuw9OhsamvUqC18QGCGKwCIQDjoOuB0RuEYubrrxcvEAwFNcu5tl0hhH2TXZmQ0AFP_g%3D%3D&ratebypass=yes", "player_url": null, "ext": "mp4", "height": 240, "format_note": "240p", "vcodec": "avc1.4d4015", "asr": null, "filesize": 1569616, "fps": 30, "tbr": 67.133, "width": 426, "acodec": "none", "downloader_options": {"http_chunk_size": 10485760}, "format": "133 - 426x240 (240p)", "protocol": "https", "http_headers": {"User-Agent": "Mozilla/5.0 (Windows NT 10.0; Win64; x64) AppleWebKit/537.36 (KHTML, like Gecko) Chrome/72.0.3626.85 Safari/537.36", "Accept-Charset": "ISO-8859-1,utf-8;q=0.7,*;q=0.7", "Accept": "text/html,application/xhtml+xml,application/xml;q=0.9,*/*;q=0.8", "Accept-Encoding": "gzip, deflate", "Accept-Language": "en-us,en;q=0.5"}}, {"format_id": "278", "url": "https://r7---sn-5njj-u2xl.googlevideo.com/videoplayback?expire=1611763649&ei=YTsRYJnYN6mA1d8Phviy-A8&ip=140.109.135.76&id=o-AKYmAe9f4i_3VZJ688rQmmb0w3vaPGWXchv-xCZdRQP_&itag=278&aitags=133%2C134%2C135%2C136%2C137%2C160%2C242%2C243%2C244%2C247%2C248%2C278&source=youtube&requiressl=yes&mh=Os&mm=31%2C29&mn=sn-5njj-u2xl%2Csn-un57sn7z&ms=au%2Crdu&mv=m&mvi=7&pl=16&initcwndbps=695000&vprv=1&mime=video%2Fwebm&ns=moC1VmqU7kbUwQBSZENVAZ4F&gir=yes&clen=2650660&dur=244.077&lmt=1541822094322320&mt=1611741877&fvip=4&keepalive=yes&c=WEB&txp=5432432&n=oCXE1XrrmtUmq5EyheV8&sparams=expire%2Cei%2Cip%2Cid%2Caitags%2Csource%2Crequiressl%2Cvprv%2Cmime%2Cns%2Cgir%2Cclen%2Cdur%2Clmt&sig=AOq0QJ8wRAIgN1nEAm_-ynYYcEQJWyUIPwizU32EabdLn2_xqoyMEyoCIAdbrT94MxSYSf46GxsnrO9fDjO6TqClAE2KID5uEvtg&lsparams=mh%2Cmm%2Cmn%2Cms%2Cmv%2Cmvi%2Cpl%2Cinitcwndbps&lsig=AG3C_xAwRQIgeTLI3WG5LqaE2NAzF9LsyaBuw9OhsamvUqC18QGCGKwCIQDjoOuB0RuEYubrrxcvEAwFNcu5tl0hhH2TXZmQ0AFP_g%3D%3D&ratebypass=yes", "player_url": null, "ext": "webm", "height": 144, "format_note": "144p", "container": "webm", "vcodec": "vp9", "asr": null, "filesize": 2650660, "fps": 30, "tbr": 94.112, "width": 256, "acodec": "none", "downloader_options": {"http_chunk_size": 10485760}, "format": "278 - 256x144 (144p)", "protocol": "https", "http_headers": {"User-Agent": "Mozilla/5.0 (Windows NT 10.0; Win64; x64) AppleWebKit/537.36 (KHTML, like Gecko) Chrome/72.0.3626.85 Safari/537.36", "Accept-Charset": "ISO-8859-1,utf-8;q=0.7,*;q=0.7", "Accept": "text/html,application/xhtml+xml,application/xml;q=0.9,*/*;q=0.8", "Accept-Encoding": "gzip, deflate", "Accept-Language": "en-us,en;q=0.5"}}, {"format_id": "242", "url": "https://r7---sn-5njj-u2xl.googlevideo.com/videoplayback?expire=1611763649&ei=YTsRYJnYN6mA1d8Phviy-A8&ip=140.109.135.76&id=o-AKYmAe9f4i_3VZJ688rQmmb0w3vaPGWXchv-xCZdRQP_&itag=242&aitags=133%2C134%2C135%2C136%2C137%2C160%2C242%2C243%2C244%2C247%2C248%2C278&source=youtube&requiressl=yes&mh=Os&mm=31%2C29&mn=sn-5njj-u2xl%2Csn-un57sn7z&ms=au%2Crdu&mv=m&mvi=7&pl=16&initcwndbps=695000&vprv=1&mime=video%2Fwebm&ns=moC1VmqU7kbUwQBSZENVAZ4F&gir=yes&clen=3025961&dur=244.077&lmt=1541822094310034&mt=1611741877&fvip=4&keepalive=yes&c=WEB&txp=5432432&n=oCXE1XrrmtUmq5EyheV8&sparams=expire%2Cei%2Cip%2Cid%2Caitags%2Csource%2Crequiressl%2Cvprv%2Cmime%2Cns%2Cgir%2Cclen%2Cdur%2Clmt&sig=AOq0QJ8wRQIgevUOGou5e8ZFdznsl6oLhnjQfWlHbh5M5OOEJfDEXv0CIQDnTx74v6YG0L9GIlwsp2Tjb7SCXaeuQzz7S0Vq2gmhqQ%3D%3D&lsparams=mh%2Cmm%2Cmn%2Cms%2Cmv%2Cmvi%2Cpl%2Cinitcwndbps&lsig=AG3C_xAwRQIgeTLI3WG5LqaE2NAzF9LsyaBuw9OhsamvUqC18QGCGKwCIQDjoOuB0RuEYubrrxcvEAwFNcu5tl0hhH2TXZmQ0AFP_g%3D%3D&ratebypass=yes", "player_url": null, "ext": "webm", "height": 240, "format_note": "240p", "vcodec": "vp9", "asr": null, "filesize": 3025961, "fps": 30, "tbr": 143.776, "width": 426, "acodec": "none", "downloader_options": {"http_chunk_size": 10485760}, "format": "242 - 426x240 (240p)", "protocol": "https", "http_headers": {"User-Agent": "Mozilla/5.0 (Windows NT 10.0; Win64; x64) AppleWebKit/537.36 (KHTML, like Gecko) Chrome/72.0.3626.85 Safari/537.36", "Accept-Charset": "ISO-8859-1,utf-8;q=0.7,*;q=0.7", "Accept": "text/html,application/xhtml+xml,application/xml;q=0.9,*/*;q=0.8", "Accept-Encoding": "gzip, deflate", "Accept-Language": "en-us,en;q=0.5"}}, {"format_id": "134", "url": "https://r7---sn-5njj-u2xl.googlevideo.com/videoplayback?expire=1611763649&ei=YTsRYJnYN6mA1d8Phviy-A8&ip=140.109.135.76&id=o-AKYmAe9f4i_3VZJ688rQmmb0w3vaPGWXchv-xCZdRQP_&itag=134&aitags=133%2C134%2C135%2C136%2C137%2C160%2C242%2C243%2C244%2C247%2C248%2C278&source=youtube&requiressl=yes&mh=Os&mm=31%2C29&mn=sn-5njj-u2xl%2Csn-un57sn7z&ms=au%2Crdu&mv=m&mvi=7&pl=16&initcwndbps=695000&vprv=1&mime=video%2Fmp4&ns=moC1VmqU7kbUwQBSZENVAZ4F&gir=yes&clen=3618379&dur=244.077&lmt=1541821530775323&mt=1611741877&fvip=4&keepalive=yes&c=WEB&txp=5432432&n=oCXE1XrrmtUmq5EyheV8&sparams=expire%2Cei%2Cip%2Cid%2Caitags%2Csource%2Crequiressl%2Cvprv%2Cmime%2Cns%2Cgir%2Cclen%2Cdur%2Clmt&sig=AOq0QJ8wRQIgLeb-lVgxgkg4IU6Fva29a6x6Kciuy6yJCO77BHWfTmACIQDS9y-TF3gfOzE_iCCa4EDzb7DJT7FP3ffE3FYGBpIpTA%3D%3D&lsparams=mh%2Cmm%2Cmn%2Cms%2Cmv%2Cmvi%2Cpl%2Cinitcwndbps&lsig=AG3C_xAwRQIgeTLI3WG5LqaE2NAzF9LsyaBuw9OhsamvUqC18QGCGKwCIQDjoOuB0RuEYubrrxcvEAwFNcu5tl0hhH2TXZmQ0AFP_g%3D%3D&ratebypass=yes", "player_url": null, "ext": "mp4", "height": 360, "format_note": "360p", "vcodec": "avc1.4d401e", "asr": null, "filesize": 3618379, "fps": 30, "tbr": 153.953, "width": 640, "acodec": "none", "downloader_options": {"http_chunk_size": 10485760}, "format": "134 - 640x360 (360p)", "protocol": "https", "http_headers": {"User-Agent": "Mozilla/5.0 (Windows NT 10.0; Win64; x64) AppleWebKit/537.36 (KHTML, like Gecko) Chrome/72.0.3626.85 Safari/537.36", "Accept-Charset": "ISO-8859-1,utf-8;q=0.7,*;q=0.7", "Accept": "text/html,application/xhtml+xml,application/xml;q=0.9,*/*;q=0.8", "Accept-Encoding": "gzip, deflate", "Accept-Language": "en-us,en;q=0.5"}}, {"format_id": "243", "url": "https://r7---sn-5njj-u2xl.googlevideo.com/videoplayback?expire=1611763649&ei=YTsRYJnYN6mA1d8Phviy-A8&ip=140.109.135.76&id=o-AKYmAe9f4i_3VZJ688rQmmb0w3vaPGWXchv-xCZdRQP_&itag=243&aitags=133%2C134%2C135%2C136%2C137%2C160%2C242%2C243%2C244%2C247%2C248%2C278&source=youtube&requiressl=yes&mh=Os&mm=31%2C29&mn=sn-5njj-u2xl%2Csn-un57sn7z&ms=au%2Crdu&mv=m&mvi=7&pl=16&initcwndbps=695000&vprv=1&mime=video%2Fwebm&ns=moC1VmqU7kbUwQBSZENVAZ4F&gir=yes&clen=5752960&dur=244.077&lmt=1541822094334075&mt=1611741877&fvip=4&keepalive=yes&c=WEB&txp=5432432&n=oCXE1XrrmtUmq5EyheV8&sparams=expire%2Cei%2Cip%2Cid%2Caitags%2Csource%2Crequiressl%2Cvprv%2Cmime%2Cns%2Cgir%2Cclen%2Cdur%2Clmt&sig=AOq0QJ8wRAIgRTpEHTcfLOYBHdu3ywffuQxeCwYWe7wb-H0_3wKFnWsCIDII996ANC5PJ2R7S6TxG56BXf50SM02R5XTWUHK_aOq&lsparams=mh%2Cmm%2Cmn%2Cms%2Cmv%2Cmvi%2Cpl%2Cinitcwndbps&lsig=AG3C_xAwRQIgeTLI3WG5LqaE2NAzF9LsyaBuw9OhsamvUqC18QGCGKwCIQDjoOuB0RuEYubrrxcvEAwFNcu5tl0hhH2TXZmQ0AFP_g%3D%3D&ratebypass=yes", "player_url": null, "ext": "webm", "height": 360, "format_note": "360p", "vcodec": "vp9", "asr": null, "filesize": 5752960, "fps": 30, "tbr": 272.665, "width": 640, "acodec": "none", "downloader_options": {"http_chunk_size": 10485760}, "format": "243 - 640x360 (360p)", "protocol": "https", "http_headers": {"User-Agent": "Mozilla/5.0 (Windows NT 10.0; Win64; x64) AppleWebKit/537.36 (KHTML, like Gecko) Chrome/72.0.3626.85 Safari/537.36", "Accept-Charset": "ISO-8859-1,utf-8;q=0.7,*;q=0.7", "Accept": "text/html,application/xhtml+xml,application/xml;q=0.9,*/*;q=0.8", "Accept-Encoding": "gzip, deflate", "Accept-Language": "en-us,en;q=0.5"}}, {"format_id": "135", "url": "https://r7---sn-5njj-u2xl.googlevideo.com/videoplayback?expire=1611763649&ei=YTsRYJnYN6mA1d8Phviy-A8&ip=140.109.135.76&id=o-AKYmAe9f4i_3VZJ688rQmmb0w3vaPGWXchv-xCZdRQP_&itag=135&aitags=133%2C134%2C135%2C136%2C137%2C160%2C242%2C243%2C244%2C247%2C248%2C278&source=youtube&requiressl=yes&mh=Os&mm=31%2C29&mn=sn-5njj-u2xl%2Csn-un57sn7z&ms=au%2Crdu&mv=m&mvi=7&pl=16&initcwndbps=695000&vprv=1&mime=video%2Fmp4&ns=moC1VmqU7kbUwQBSZENVAZ4F&gir=yes&clen=6540001&dur=244.077&lmt=1541821531156980&mt=1611741877&fvip=4&keepalive=yes&c=WEB&txp=5432432&n=oCXE1XrrmtUmq5EyheV8&sparams=expire%2Cei%2Cip%2Cid%2Caitags%2Csource%2Crequiressl%2Cvprv%2Cmime%2Cns%2Cgir%2Cclen%2Cdur%2Clmt&sig=AOq0QJ8wRQIgYqd7a0G5aGRsmsysaejuKexdBdaOL1RRYW3tY92xxKMCIQD720MtJla3WkrJA7gKGypswD4BCFhj3XEd4M1J3OAPig%3D%3D&lsparams=mh%2Cmm%2Cmn%2Cms%2Cmv%2Cmvi%2Cpl%2Cinitcwndbps&lsig=AG3C_xAwRQIgeTLI3WG5LqaE2NAzF9LsyaBuw9OhsamvUqC18QGCGKwCIQDjoOuB0RuEYubrrxcvEAwFNcu5tl0hhH2TXZmQ0AFP_g%3D%3D&ratebypass=yes", "player_url": null, "ext": "mp4", "height": 480, "format_note": "480p", "vcodec": "avc1.4d401f", "asr": null, "filesize": 6540001, "fps": 30, "tbr": 287.812, "width": 854, "acodec": "none", "downloader_options": {"http_chunk_size": 10485760}, "format": "135 - 854x480 (480p)", "protocol": "https", "http_headers": {"User-Agent": "Mozilla/5.0 (Windows NT 10.0; Win64; x64) AppleWebKit/537.36 (KHTML, like Gecko) Chrome/72.0.3626.85 Safari/537.36", "Accept-Charset": "ISO-8859-1,utf-8;q=0.7,*;q=0.7", "Accept": "text/html,application/xhtml+xml,application/xml;q=0.9,*/*;q=0.8", "Accept-Encoding": "gzip, deflate", "Accept-Language": "en-us,en;q=0.5"}}, {"format_id": "244", "url": "https://r7---sn-5njj-u2xl.googlevideo.com/videoplayback?expire=1611763649&ei=YTsRYJnYN6mA1d8Phviy-A8&ip=140.109.135.76&id=o-AKYmAe9f4i_3VZJ688rQmmb0w3vaPGWXchv-xCZdRQP_&itag=244&aitags=133%2C134%2C135%2C136%2C137%2C160%2C242%2C243%2C244%2C247%2C248%2C278&source=youtube&requiressl=yes&mh=Os&mm=31%2C29&mn=sn-5njj-u2xl%2Csn-un57sn7z&ms=au%2Crdu&mv=m&mvi=7&pl=16&initcwndbps=695000&vprv=1&mime=video%2Fwebm&ns=moC1VmqU7kbUwQBSZENVAZ4F&gir=yes&clen=9334858&dur=244.077&lmt=1541822094303827&mt=1611741877&fvip=4&keepalive=yes&c=WEB&txp=5432432&n=oCXE1XrrmtUmq5EyheV8&sparams=expire%2Cei%2Cip%2Cid%2Caitags%2Csource%2Crequiressl%2Cvprv%2Cmime%2Cns%2Cgir%2Cclen%2Cdur%2Clmt&sig=AOq0QJ8wRgIhANR-U2Oe7ac_htGaJTnWbNp1UoHcbv_gnRZv74a1Zg52AiEA39xGLqu6ruggvyiadzgXU0ilcmJY6GVYAYX-yzcd7Hg%3D&lsparams=mh%2Cmm%2Cmn%2Cms%2Cmv%2Cmvi%2Cpl%2Cinitcwndbps&lsig=AG3C_xAwRQIgeTLI3WG5LqaE2NAzF9LsyaBuw9OhsamvUqC18QGCGKwCIQDjoOuB0RuEYubrrxcvEAwFNcu5tl0hhH2TXZmQ0AFP_g%3D%3D&ratebypass=yes", "player_url": null, "ext": "webm", "height": 480, "format_note": "480p", "vcodec": "vp9", "asr": null, "filesize": 9334858, "fps": 30, "tbr": 442.016, "width": 854, "acodec": "none", "downloader_options": {"http_chunk_size": 10485760}, "format": "244 - 854x480 (480p)", "protocol": "https", "http_headers": {"User-Agent": "Mozilla/5.0 (Windows NT 10.0; Win64; x64) AppleWebKit/537.36 (KHTML, like Gecko) Chrome/72.0.3626.85 Safari/537.36", "Accept-Charset": "ISO-8859-1,utf-8;q=0.7,*;q=0.7", "Accept": "text/html,application/xhtml+xml,application/xml;q=0.9,*/*;q=0.8", "Accept-Encoding": "gzip, deflate", "Accept-Language": "en-us,en;q=0.5"}}, {"format_id": "136", "url": "https://r7---sn-5njj-u2xl.googlevideo.com/videoplayback?expire=1611763649&ei=YTsRYJnYN6mA1d8Phviy-A8&ip=140.109.135.76&id=o-AKYmAe9f4i_3VZJ688rQmmb0w3vaPGWXchv-xCZdRQP_&itag=136&aitags=133%2C134%2C135%2C136%2C137%2C160%2C242%2C243%2C244%2C247%2C248%2C278&source=youtube&requiressl=yes&mh=Os&mm=31%2C29&mn=sn-5njj-u2xl%2Csn-un57sn7z&ms=au%2Crdu&mv=m&mvi=7&pl=16&initcwndbps=695000&vprv=1&mime=video%2Fmp4&ns=moC1VmqU7kbUwQBSZENVAZ4F&gir=yes&clen=11325306&dur=244.077&lmt=1541821688513746&mt=1611741877&fvip=4&keepalive=yes&c=WEB&txp=5432432&n=oCXE1XrrmtUmq5EyheV8&sparams=expire%2Cei%2Cip%2Cid%2Caitags%2Csource%2Crequiressl%2Cvprv%2Cmime%2Cns%2Cgir%2Cclen%2Cdur%2Clmt&sig=AOq0QJ8wRgIhAM5-O7gzOTg0Yd5WvkityPsG4UWgFjujBsXpOEl4TT0vAiEAt6kKv9tsJLJk2miDTNGup0auNdOfO5mXlxSqXbRi5O8%3D&lsparams=mh%2Cmm%2Cmn%2Cms%2Cmv%2Cmvi%2Cpl%2Cinitcwndbps&lsig=AG3C_xAwRQIgeTLI3WG5LqaE2NAzF9LsyaBuw9OhsamvUqC18QGCGKwCIQDjoOuB0RuEYubrrxcvEAwFNcu5tl0hhH2TXZmQ0AFP_g%3D%3D&ratebypass=yes", "player_url": null, "ext": "mp4", "height": 720, "format_note": "720p", "vcodec": "avc1.4d401f", "asr": null, "filesize": 11325306, "fps": 30, "tbr": 501.495, "width": 1280, "acodec": "none", "downloader_options": {"http_chunk_size": 10485760}, "format": "136 - 1280x720 (720p)", "protocol": "https", "http_headers": {"User-Agent": "Mozilla/5.0 (Windows NT 10.0; Win64; x64) AppleWebKit/537.36 (KHTML, like Gecko) Chrome/72.0.3626.85 Safari/537.36", "Accept-Charset": "ISO-8859-1,utf-8;q=0.7,*;q=0.7", "Accept": "text/html,application/xhtml+xml,application/xml;q=0.9,*/*;q=0.8", "Accept-Encoding": "gzip, deflate", "Accept-Language": "en-us,en;q=0.5"}}, {"format_id": "247", "url": "https://r7---sn-5njj-u2xl.googlevideo.com/videoplayback?expire=1611763649&ei=YTsRYJnYN6mA1d8Phviy-A8&ip=140.109.135.76&id=o-AKYmAe9f4i_3VZJ688rQmmb0w3vaPGWXchv-xCZdRQP_&itag=247&aitags=133%2C134%2C135%2C136%2C137%2C160%2C242%2C243%2C244%2C247%2C248%2C278&source=youtube&requiressl=yes&mh=Os&mm=31%2C29&mn=sn-5njj-u2xl%2Csn-un57sn7z&ms=au%2Crdu&mv=m&mvi=7&pl=16&initcwndbps=695000&vprv=1&mime=video%2Fwebm&ns=moC1VmqU7kbUwQBSZENVAZ4F&gir=yes&clen=19684200&dur=244.077&lmt=1541822094291757&mt=1611741877&fvip=4&keepalive=yes&c=WEB&txp=5432432&n=oCXE1XrrmtUmq5EyheV8&sparams=expire%2Cei%2Cip%2Cid%2Caitags%2Csource%2Crequiressl%2Cvprv%2Cmime%2Cns%2Cgir%2Cclen%2Cdur%2Clmt&sig=AOq0QJ8wRgIhAJ8Eh0kJTHlx0kMxUQode07BORs0qFJj1jBKoApxsVqrAiEAraoAO15PY_vtskvRG85D2q52dC3rMA6vn7dO18LXvw8%3D&lsparams=mh%2Cmm%2Cmn%2Cms%2Cmv%2Cmvi%2Cpl%2Cinitcwndbps&lsig=AG3C_xAwRQIgeTLI3WG5LqaE2NAzF9LsyaBuw9OhsamvUqC18QGCGKwCIQDjoOuB0RuEYubrrxcvEAwFNcu5tl0hhH2TXZmQ0AFP_g%3D%3D&ratebypass=yes", "player_url": null, "ext": "webm", "height": 720, "format_note": "720p", "vcodec": "vp9", "asr": null, "filesize": 19684200, "fps": 30, "tbr": 908.92, "width": 1280, "acodec": "none", "downloader_options": {"http_chunk_size": 10485760}, "format": "247 - 1280x720 (720p)", "protocol": "https", "http_headers": {"User-Agent": "Mozilla/5.0 (Windows NT 10.0; Win64; x64) AppleWebKit/537.36 (KHTML, like Gecko) Chrome/72.0.3626.85 Safari/537.36", "Accept-Charset": "ISO-8859-1,utf-8;q=0.7,*;q=0.7", "Accept": "text/html,application/xhtml+xml,application/xml;q=0.9,*/*;q=0.8", "Accept-Encoding": "gzip, deflate", "Accept-Language": "en-us,en;q=0.5"}}, {"format_id": "137", "url": "https://r7---sn-5njj-u2xl.googlevideo.com/videoplayback?expire=1611763649&ei=YTsRYJnYN6mA1d8Phviy-A8&ip=140.109.135.76&id=o-AKYmAe9f4i_3VZJ688rQmmb0w3vaPGWXchv-xCZdRQP_&itag=137&aitags=133%2C134%2C135%2C136%2C137%2C160%2C242%2C243%2C244%2C247%2C248%2C278&source=youtube&requiressl=yes&mh=Os&mm=31%2C29&mn=sn-5njj-u2xl%2Csn-un57sn7z&ms=au%2Crdu&mv=m&mvi=7&pl=16&initcwndbps=695000&vprv=1&mime=video%2Fmp4&ns=moC1VmqU7kbUwQBSZENVAZ4F&gir=yes&clen=22295402&dur=244.077&lmt=1541821533165204&mt=1611741877&fvip=4&keepalive=yes&c=WEB&txp=5432432&n=oCXE1XrrmtUmq5EyheV8&sparams=expire%2Cei%2Cip%2Cid%2Caitags%2Csource%2Crequiressl%2Cvprv%2Cmime%2Cns%2Cgir%2Cclen%2Cdur%2Clmt&sig=AOq0QJ8wRQIgY82D3VU8_vr3YiKaDccCxjBYNm_F2NONUL0KN1GVWB4CIQCZ3ODvHxOp3_jl23SCwKxi8_Zie7OMYAarv_PlFlyW_w%3D%3D&lsparams=mh%2Cmm%2Cmn%2Cms%2Cmv%2Cmvi%2Cpl%2Cinitcwndbps&lsig=AG3C_xAwRQIgeTLI3WG5LqaE2NAzF9LsyaBuw9OhsamvUqC18QGCGKwCIQDjoOuB0RuEYubrrxcvEAwFNcu5tl0hhH2TXZmQ0AFP_g%3D%3D&ratebypass=yes", "player_url": null, "ext": "mp4", "height": 1080, "format_note": "1080p", "vcodec": "avc1.640028", "asr": null, "filesize": 22295402, "fps": 30, "tbr": 921.319, "width": 1920, "acodec": "none", "downloader_options": {"http_chunk_size": 10485760}, "format": "137 - 1920x1080 (1080p)", "protocol": "https", "http_headers": {"User-Agent": "Mozilla/5.0 (Windows NT 10.0; Win64; x64) AppleWebKit/537.36 (KHTML, like Gecko) Chrome/72.0.3626.85 Safari/537.36", "Accept-Charset": "ISO-8859-1,utf-8;q=0.7,*;q=0.7", "Accept": "text/html,application/xhtml+xml,application/xml;q=0.9,*/*;q=0.8", "Accept-Encoding": "gzip, deflate", "Accept-Language": "en-us,en;q=0.5"}}, {"format_id": "248", "url": "https://r7---sn-5njj-u2xl.googlevideo.com/videoplayback?expire=1611763649&ei=YTsRYJnYN6mA1d8Phviy-A8&ip=140.109.135.76&id=o-AKYmAe9f4i_3VZJ688rQmmb0w3vaPGWXchv-xCZdRQP_&itag=248&aitags=133%2C134%2C135%2C136%2C137%2C160%2C242%2C243%2C244%2C247%2C248%2C278&source=youtube&requiressl=yes&mh=Os&mm=31%2C29&mn=sn-5njj-u2xl%2Csn-un57sn7z&ms=au%2Crdu&mv=m&mvi=7&pl=16&initcwndbps=695000&vprv=1&mime=video%2Fwebm&ns=moC1VmqU7kbUwQBSZENVAZ4F&gir=yes&clen=39311356&dur=244.077&lmt=1541822094290879&mt=1611741877&fvip=4&keepalive=yes&c=WEB&txp=5432432&n=oCXE1XrrmtUmq5EyheV8&sparams=expire%2Cei%2Cip%2Cid%2Caitags%2Csource%2Crequiressl%2Cvprv%2Cmime%2Cns%2Cgir%2Cclen%2Cdur%2Clmt&sig=AOq0QJ8wRgIhAKk1lK24pRR-WN1Q183tBy5qtrWwGGmvUc2NJE46spNhAiEAnQFWcCZlWyyN_PoKuHzzgHisoTzQA9RO5fOZVRgxZH0%3D&lsparams=mh%2Cmm%2Cmn%2Cms%2Cmv%2Cmvi%2Cpl%2Cinitcwndbps&lsig=AG3C_xAwRQIgeTLI3WG5LqaE2NAzF9LsyaBuw9OhsamvUqC18QGCGKwCIQDjoOuB0RuEYubrrxcvEAwFNcu5tl0hhH2TXZmQ0AFP_g%3D%3D&ratebypass=yes", "player_url": null, "ext": "webm", "height": 1080, "format_note": "1080p", "vcodec": "vp9", "asr": null, "filesize": 39311356, "fps": 30, "tbr": 1658.101, "width": 1920, "acodec": "none", "downloader_options": {"http_chunk_size": 10485760}, "format": "248 - 1920x1080 (1080p)", "protocol": "https", "http_headers": {"User-Agent": "Mozilla/5.0 (Windows NT 10.0; Win64; x64) AppleWebKit/537.36 (KHTML, like Gecko) Chrome/72.0.3626.85 Safari/537.36", "Accept-Charset": "ISO-8859-1,utf-8;q=0.7,*;q=0.7", "Accept": "text/html,application/xhtml+xml,application/xml;q=0.9,*/*;q=0.8", "Accept-Encoding": "gzip, deflate", "Accept-Language": "en-us,en;q=0.5"}}, {"format_id": "18", "url": "https://r7---sn-5njj-u2xl.googlevideo.com/videoplayback?expire=1611763649&ei=YTsRYJnYN6mA1d8Phviy-A8&ip=140.109.135.76&id=o-AKYmAe9f4i_3VZJ688rQmmb0w3vaPGWXchv-xCZdRQP_&itag=18&source=youtube&requiressl=yes&mh=Os&mm=31%2C29&mn=sn-5njj-u2xl%2Csn-un57sn7z&ms=au%2Crdu&mv=m&mvi=7&pl=16&initcwndbps=695000&vprv=1&mime=video%2Fmp4&ns=8F4-MZoG3HZ-KH9sWfNB9YwF&gir=yes&clen=11065741&ratebypass=yes&dur=244.134&lmt=1541821588711737&mt=1611741877&fvip=4&c=WEB&txp=5431432&n=nQDtTrtSHtaZMNH9EoPz&sparams=expire%2Cei%2Cip%2Cid%2Citag%2Csource%2Crequiressl%2Cvprv%2Cmime%2Cns%2Cgir%2Cclen%2Cratebypass%2Cdur%2Clmt&sig=AOq0QJ8wRQIhAL5a0o-PjSCfaCs2I8euLQS1qzTS7-W9c_07FTivPq7cAiAsEx5lRoy4q-xpNG13wHw0DkdQOcrFi52Q4ybIMxfjvg%3D%3D&lsparams=mh%2Cmm%2Cmn%2Cms%2Cmv%2Cmvi%2Cpl%2Cinitcwndbps&lsig=AG3C_xAwRQIgeTLI3WG5LqaE2NAzF9LsyaBuw9OhsamvUqC18QGCGKwCIQDjoOuB0RuEYubrrxcvEAwFNcu5tl0hhH2TXZmQ0AFP_g%3D%3D", "player_url": null, "ext": "mp4", "width": 640, "height": 360, "acodec": "mp4a.40.2", "abr": 96, "vcodec": "avc1.42001E", "asr": 44100, "filesize": 11065741, "format_note": "360p", "fps": 30, "tbr": 362.698, "format": "18 - 640x360 (360p)", "protocol": "https", "http_headers": {"User-Agent": "Mozilla/5.0 (Windows NT 10.0; Win64; x64) AppleWebKit/537.36 (KHTML, like Gecko) Chrome/72.0.3626.85 Safari/537.36", "Accept-Charset": "ISO-8859-1,utf-8;q=0.7,*;q=0.7", "Accept": "text/html,application/xhtml+xml,application/xml;q=0.9,*/*;q=0.8", "Accept-Encoding": "gzip, deflate", "Accept-Language": "en-us,en;q=0.5"}}], "is_live": null, "start_time": null, "end_time": null, "series": null, "season_number": null, "episode_number": null, "track": null, "artist": null, "album": null, "release_date": null, "release_year": null, "extractor": "youtube", "webpage_url_basename": "watch", "extractor_key": "Youtube", "playlist": null, "playlist_index": null, "thumbnail": "https://i.ytimg.com/vi_webp/HvO92SzBpEc/maxresdefault.webp", "display_id": "HvO92SzBpEc", "requested_subtitles": null, "format_id": "251", "url": "https://r7---sn-5njj-u2xl.googlevideo.com/videoplayback?expire=1611763649&ei=YTsRYJnYN6mA1d8Phviy-A8&ip=140.109.135.76&id=o-AKYmAe9f4i_3VZJ688rQmmb0w3vaPGWXchv-xCZdRQP_&itag=251&source=youtube&requiressl=yes&mh=Os&mm=31%2C29&mn=sn-5njj-u2xl%2Csn-un57sn7z&ms=au%2Crdu&mv=m&mvi=7&pl=16&initcwndbps=695000&vprv=1&mime=audio%2Fwebm&ns=moC1VmqU7kbUwQBSZENVAZ4F&gir=yes&clen=4753932&dur=244.101&lmt=1541823714388443&mt=1611741877&fvip=4&keepalive=yes&c=WEB&txp=5411222&n=oCXE1XrrmtUmq5EyheV8&sparams=expire%2Cei%2Cip%2Cid%2Citag%2Csource%2Crequiressl%2Cvprv%2Cmime%2Cns%2Cgir%2Cclen%2Cdur%2Clmt&sig=AOq0QJ8wRQIgIgmydAycUHQOqxLwQrqhZT7cEv956Ek3yHmYpA1EuvYCIQDN9dtCnxmrRfg7r51SLxNDUemvIF_Fl6nDiaCKBiyPxg%3D%3D&lsparams=mh%2Cmm%2Cmn%2Cms%2Cmv%2Cmvi%2Cpl%2Cinitcwndbps&lsig=AG3C_xAwRQIgeTLI3WG5LqaE2NAzF9LsyaBuw9OhsamvUqC18QGCGKwCIQDjoOuB0RuEYubrrxcvEAwFNcu5tl0hhH2TXZmQ0AFP_g%3D%3D&ratebypass=yes", "player_url": null, "ext": "webm", "format_note": "tiny", "acodec": "opus", "abr": 160, "asr": 48000, "filesize": 4753932, "fps": null, "height": null, "tbr": 164.052, "width": null, "vcodec": "none", "downloader_options": {"http_chunk_size": 10485760}, "format": "251 - audio only (tiny)", "protocol": "https", "http_headers": {"User-Agent": "Mozilla/5.0 (Windows NT 10.0; Win64; x64) AppleWebKit/537.36 (KHTML, like Gecko) Chrome/72.0.3626.85 Safari/537.36", "Accept-Charset": "ISO-8859-1,utf-8;q=0.7,*;q=0.7", "Accept": "text/html,application/xhtml+xml,application/xml;q=0.9,*/*;q=0.8", "Accept-Encoding": "gzip, deflate", "Accept-Language": "en-us,en;q=0.5"}}