{"id": "HMwMLcN-qSg", "uploader": "Pianoheart", "uploader_id": "ThePianoheart", "uploader_url": "http://www.youtube.com/user/ThePianoheart", "channel_id": "UCyeyPb7Tq6olpumJAsw0Xow", "channel_url": "http://www.youtube.com/channel/UCyeyPb7Tq6olpumJAsw0Xow", "upload_date": "20190109", "license": null, "creator": null, "title": "[\uc2a4\uce74\uc774\uce90\uc2acost] \ud558\uc9c4(Hajin) -  We All Lie \ud53c\uc544\ub178 \uc5f0\uc8fc\uc640 \uc545\ubcf4 (piano cover and sheet)", "alt_title": null, "thumbnails": [{"url": "https://i.ytimg.com/vi/HMwMLcN-qSg/hqdefault.jpg?sqp=-oaymwEYCKgBEF5IVfKriqkDCwgBFQAAiEIYAXAB&rs=AOn4CLBuGrmHdO_Bjm25QpP8tE2UUryGkg", "width": 168, "height": 94, "resolution": "168x94", "id": "0"}, {"url": "https://i.ytimg.com/vi/HMwMLcN-qSg/hqdefault.jpg?sqp=-oaymwEYCMQBEG5IVfKriqkDCwgBFQAAiEIYAXAB&rs=AOn4CLBaVddYKr0YwqC9gJeDmLAoOM46ww", "width": 196, "height": 110, "resolution": "196x110", "id": "1"}, {"url": "https://i.ytimg.com/vi/HMwMLcN-qSg/hqdefault.jpg?sqp=-oaymwEZCPYBEIoBSFXyq4qpAwsIARUAAIhCGAFwAQ==&rs=AOn4CLDxIueWeAfqNBkNtpxEkQsZunIQAw", "width": 246, "height": 138, "resolution": "246x138", "id": "2"}, {"url": "https://i.ytimg.com/vi/HMwMLcN-qSg/hqdefault.jpg?sqp=-oaymwEZCNACELwBSFXyq4qpAwsIARUAAIhCGAFwAQ==&rs=AOn4CLDjG1wNICMj1X5yha3-pyCLhBPXAg", "width": 336, "height": 188, "resolution": "336x188", "id": "3"}], "description": "*. \ud53c\uc544\ub178 \uc5f0\uc8fc \uc804\ubb38 \ucc44\ub110 '\ud53c\uc544\ub178\ud558\ud2b8'\uc5d0\uc11c \n   2019\ub144 1\uc6d4 9\uc77c\uc5d0 \uc5f0\uc8fc\ud55c \uace1\uc740 \uc2a4\uce74\uc774 \uce90\uc2ac ost, \ud558\uc9c4\uc758 'We All Lie'\uc785\ub2c8\ub2e4.\n*. \uc545\ubcf4\ub97c \uc6d0\ud558\uc2dc\ub294 \ubd84\uc740 \ud53c\uc544\ub178 \uc545\ubcf4 \uc804\ubb38 \uc0ac\uc774\ud2b8 '\ud53c\uc544\ub178\ud558\ud2b8' http://www.pianoheart.co.kr \ub85c \uc624\uc138\uc694.\n\n*. Song Title : Ha Jin - We All Lie (SKY Castle OST)\n*. Download the sheet music@ http://www.pianoheart.co.kr\n*. If you don't know Korean Language, please read English Guide.\n  at  http://www.pianoheart.co.kr/E_Guide.pdf\n\n*.\ud53c\uc544\ub178\ud558\ud2b8 \uc720\ud29c\ube0c\ucc44\ub110\uc744 \uad6c\ub3c5\ud558\uc2dc\uac70\ub098,\n  \ud398\uc774\uc2a4\ubd81 https://www.facebook.com/pianoheart0902 \uc5d0\uc11c\n '\uc88b\uc544\uc694'\ub97c \ub204\ub974\uc2dc\uba74, \n  \ud53c\uc544\ub178\ud558\ud2b8\uc758 \uc545\ubcf4 \uc5c5\ub370\uc774\ud2b8 \uc18c\uc2dd\uc744 \n  \uac00\uc7a5 \uba3c\uc800 \uc811\ud558\uc2e4 \uc218 \uc788\uc2b5\ub2c8\ub2e4.^^\n\n*. \uc774 \uc5f0\uc8fc\ub97c BGM \uc774\ub098 \ubc18\uc8fc\ub85c \uc4f0\uace0 \uc2f6\uc73c\uc2e0 \ubd84\ub4e4\uc740 \uc4f0\uc154\ub3c4 \ub429\ub2c8\ub2e4. \n\uc81c\uac00 \ub313\uae00\uc744 \ub2a6\uac8c \ubd10\uc11c \ub2f5\ubcc0\uc774 \ub354\ub354\uc6b1 \ub2a6\uc5b4\uc9c0\uac70\ub098, \ub2f5\ubcc0\uc744 \ubabb\ub4dc\ub9ac\ub294 \uacbd\uc6b0\ub3c4 \uc788\uc73c\ub2c8, \n\ub313\uae00\ub85c \uc0ac\uc6a9 \ubb38\uc758\ub97c \ud558\uc154\uc11c \uc624\ub798\uae30\ub2e4\ub9ac\uc9c0\ub9c8\uc2dc\uace0 , \ub2e4 \ub9cc\ub4e4\uc5b4\uc9c4 \uc601\uc0c1\uc744 \uc81c\uac8c\ub3c4 \uc54c\ub824\uc8fc\uc2dc\uba74 \uac10\uc0ac\ud558\uaca0\uc2b5\ub2c8\ub2e4. \n\ub2e8, \ucd9c\ucc98 \ud45c\uae30\ub294 \uaf2d \ud574\uc8fc\uc2dc\uae30 \ubc14\ub78d\ub2c8\ub2e4. \uc81c\uac00 \uad8c\uc7a5\ud558\ub294 \ud45c\uae30\ub294 ' www.pianoheart.co.kr ' \ub610\ub294 '\ud53c\uc544\ub178\ud558\ud2b8'\uc785\ub2c8\ub2e4. \n\n*. \uc2e0\uccad\uace1\uc740 \ud53c\uc544\ub178\ud558\ud2b8 \uc2e0\uccad\uace1 \uac8c\uc2dc\ud310\uc744 \uc774\uc6a9\ud574\uc8fc\uc138\uc694. \n   www.pianoheart.co.kr\n\n#\ud53c\uc544\ub178\ud558\ud2b8, #\uc6d0\uace1\ub290\ub08c\ud53c\uc544\ub178\ucee4\ubc84", "categories": ["Music"], "tags": ["\uc2a4\uce74\uc774 \uce90\uc2ac \ud53c\uc544\ub178", "we all lie \ud53c\uc544\ub178", "we all lie \uc545\ubcf4", "\ud558\uc9c4 we all lie \ud53c\uc544\ub178", "\ud558\uc9c4 we all lie \uc545\ubcf4", "sky \uce90\uc2ac we all lie \ud53c\uc544\ub178", "\ub290\ub08c\ud45c", "\ud53c\uc544\ub178\ud558\ud2b8"], "subtitles": {}, "automatic_captions": {}, "duration": 208, "age_limit": 0, "annotations": null, "chapters": null, "webpage_url": "https://www.youtube.com/watch?v=HMwMLcN-qSg", "view_count": 37381, "like_count": 612, "dislike_count": 6, "average_rating": 4.961165, "formats": [{"format_id": "249", "url": "https://r7---sn-5njj-u2xl.googlevideo.com/videoplayback?expire=1611763398&ei=ZjoRYOaVB5KCs8IP7aiG2Ao&ip=140.109.135.76&id=o-ABLhjjuhocljyebk3rgdd5GwPIhd-qREXxnzLKvA4aik&itag=249&source=youtube&requiressl=yes&mh=n4&mm=31%2C29&mn=sn-5njj-u2xl%2Csn-un57sn7z&ms=au%2Crdu&mv=m&mvi=7&pl=16&initcwndbps=797500&vprv=1&mime=audio%2Fwebm&ns=BV2wZbqMTEe3Zi34XgaGQhYF&gir=yes&clen=1385781&dur=207.501&lmt=1547065120128416&mt=1611741649&fvip=2&keepalive=yes&beids=9466586&c=WEB&txp=5411222&n=WrpV8OZhZs5-onsodtXL&sparams=expire%2Cei%2Cip%2Cid%2Citag%2Csource%2Crequiressl%2Cvprv%2Cmime%2Cns%2Cgir%2Cclen%2Cdur%2Clmt&sig=AOq0QJ8wRAIgOElRHTXJpzWyfs49z0z-rqh4lXoFLeXHR5HVMjZe89UCIE9QSdFl1if7st1L95g6dPkeGWs7n9fh_E7y-tTyQNXH&lsparams=mh%2Cmm%2Cmn%2Cms%2Cmv%2Cmvi%2Cpl%2Cinitcwndbps&lsig=AG3C_xAwRQIhAPoPIU39ibkqHz-lmfvJgVqI9CM419RarTbRtlztV1Z_AiAOa7TjTRzgbXfdv9r050Mq9l8QE5GzYnL7Eiq0sFaHUQ%3D%3D&ratebypass=yes", "player_url": null, "ext": "webm", "format_note": "tiny", "acodec": "opus", "abr": 50, "asr": 48000, "filesize": 1385781, "fps": null, "height": null, "tbr": 58.985, "width": null, "vcodec": "none", "downloader_options": {"http_chunk_size": 10485760}, "format": "249 - audio only (tiny)", "protocol": "https", "http_headers": {"User-Agent": "Mozilla/5.0 (Windows NT 10.0; Win64; x64) AppleWebKit/537.36 (KHTML, like Gecko) Chrome/72.0.3626.85 Safari/537.36", "Accept-Charset": "ISO-8859-1,utf-8;q=0.7,*;q=0.7", "Accept": "text/html,application/xhtml+xml,application/xml;q=0.9,*/*;q=0.8", "Accept-Encoding": "gzip, deflate", "Accept-Language": "en-us,en;q=0.5"}}, {"format_id": "250", "url": "https://r7---sn-5njj-u2xl.googlevideo.com/videoplayback?expire=1611763398&ei=ZjoRYOaVB5KCs8IP7aiG2Ao&ip=140.109.135.76&id=o-ABLhjjuhocljyebk3rgdd5GwPIhd-qREXxnzLKvA4aik&itag=250&source=youtube&requiressl=yes&mh=n4&mm=31%2C29&mn=sn-5njj-u2xl%2Csn-un57sn7z&ms=au%2Crdu&mv=m&mvi=7&pl=16&initcwndbps=797500&vprv=1&mime=audio%2Fwebm&ns=BV2wZbqMTEe3Zi34XgaGQhYF&gir=yes&clen=1867681&dur=207.501&lmt=1547065116537766&mt=1611741649&fvip=2&keepalive=yes&beids=9466586&c=WEB&txp=5411222&n=WrpV8OZhZs5-onsodtXL&sparams=expire%2Cei%2Cip%2Cid%2Citag%2Csource%2Crequiressl%2Cvprv%2Cmime%2Cns%2Cgir%2Cclen%2Cdur%2Clmt&sig=AOq0QJ8wRgIhAKPkw-MX7VLpxDpn45Q8VjalMaZJyqq8uBvGGYU27LBKAiEAzuOQItk8qGh_kCMge1rNmOzT0X4CkMX59METMbiRZFE%3D&lsparams=mh%2Cmm%2Cmn%2Cms%2Cmv%2Cmvi%2Cpl%2Cinitcwndbps&lsig=AG3C_xAwRQIhAPoPIU39ibkqHz-lmfvJgVqI9CM419RarTbRtlztV1Z_AiAOa7TjTRzgbXfdv9r050Mq9l8QE5GzYnL7Eiq0sFaHUQ%3D%3D&ratebypass=yes", "player_url": null, "ext": "webm", "format_note": "tiny", "acodec": "opus", "abr": 70, "asr": 48000, "filesize": 1867681, "fps": null, "height": null, "tbr": 79.524, "width": null, "vcodec": "none", "downloader_options": {"http_chunk_size": 10485760}, "format": "250 - audio only (tiny)", "protocol": "https", "http_headers": {"User-Agent": "Mozilla/5.0 (Windows NT 10.0; Win64; x64) AppleWebKit/537.36 (KHTML, like Gecko) Chrome/72.0.3626.85 Safari/537.36", "Accept-Charset": "ISO-8859-1,utf-8;q=0.7,*;q=0.7", "Accept": "text/html,application/xhtml+xml,application/xml;q=0.9,*/*;q=0.8", "Accept-Encoding": "gzip, deflate", "Accept-Language": "en-us,en;q=0.5"}}, {"format_id": "140", "url": "https://r7---sn-5njj-u2xl.googlevideo.com/videoplayback?expire=1611763398&ei=ZjoRYOaVB5KCs8IP7aiG2Ao&ip=140.109.135.76&id=o-ABLhjjuhocljyebk3rgdd5GwPIhd-qREXxnzLKvA4aik&itag=140&source=youtube&requiressl=yes&mh=n4&mm=31%2C29&mn=sn-5njj-u2xl%2Csn-un57sn7z&ms=au%2Crdu&mv=m&mvi=7&pl=16&initcwndbps=797500&vprv=1&mime=audio%2Fmp4&ns=BV2wZbqMTEe3Zi34XgaGQhYF&gir=yes&clen=3359515&dur=207.539&lmt=1547062204275186&mt=1611741649&fvip=2&keepalive=yes&beids=9466586&c=WEB&txp=5432432&n=WrpV8OZhZs5-onsodtXL&sparams=expire%2Cei%2Cip%2Cid%2Citag%2Csource%2Crequiressl%2Cvprv%2Cmime%2Cns%2Cgir%2Cclen%2Cdur%2Clmt&sig=AOq0QJ8wRgIhAP5p9tS8x8R8jrMDFhZgJtIOClj-gUrjKBfzUgbOBKXjAiEAg2e59mBNL2V0vBDyFDmv9b9vWfNebFY2cYSwhZFryfs%3D&lsparams=mh%2Cmm%2Cmn%2Cms%2Cmv%2Cmvi%2Cpl%2Cinitcwndbps&lsig=AG3C_xAwRQIhAPoPIU39ibkqHz-lmfvJgVqI9CM419RarTbRtlztV1Z_AiAOa7TjTRzgbXfdv9r050Mq9l8QE5GzYnL7Eiq0sFaHUQ%3D%3D&ratebypass=yes", "player_url": null, "ext": "m4a", "format_note": "tiny", "acodec": "mp4a.40.2", "abr": 128, "container": "m4a_dash", "asr": 44100, "filesize": 3359515, "fps": null, "height": null, "tbr": 130.422, "width": null, "vcodec": "none", "downloader_options": {"http_chunk_size": 10485760}, "format": "140 - audio only (tiny)", "protocol": "https", "http_headers": {"User-Agent": "Mozilla/5.0 (Windows NT 10.0; Win64; x64) AppleWebKit/537.36 (KHTML, like Gecko) Chrome/72.0.3626.85 Safari/537.36", "Accept-Charset": "ISO-8859-1,utf-8;q=0.7,*;q=0.7", "Accept": "text/html,application/xhtml+xml,application/xml;q=0.9,*/*;q=0.8", "Accept-Encoding": "gzip, deflate", "Accept-Language": "en-us,en;q=0.5"}}, {"format_id": "251", "url": "https://r7---sn-5njj-u2xl.googlevideo.com/videoplayback?expire=1611763398&ei=ZjoRYOaVB5KCs8IP7aiG2Ao&ip=140.109.135.76&id=o-ABLhjjuhocljyebk3rgdd5GwPIhd-qREXxnzLKvA4aik&itag=251&source=youtube&requiressl=yes&mh=n4&mm=31%2C29&mn=sn-5njj-u2xl%2Csn-un57sn7z&ms=au%2Crdu&mv=m&mvi=7&pl=16&initcwndbps=797500&vprv=1&mime=audio%2Fwebm&ns=BV2wZbqMTEe3Zi34XgaGQhYF&gir=yes&clen=3619734&dur=207.501&lmt=1547065118458322&mt=1611741649&fvip=2&keepalive=yes&beids=9466586&c=WEB&txp=5411222&n=WrpV8OZhZs5-onsodtXL&sparams=expire%2Cei%2Cip%2Cid%2Citag%2Csource%2Crequiressl%2Cvprv%2Cmime%2Cns%2Cgir%2Cclen%2Cdur%2Clmt&sig=AOq0QJ8wRgIhAJOFlO1jP6P9BEu75a5o5I1Y7wsVuYfhoY2YVb24mctGAiEA7jvx-sV-TIwgjCK6RCoUcs2BDEPhnrcYDCrb9_ds_Tk%3D&lsparams=mh%2Cmm%2Cmn%2Cms%2Cmv%2Cmvi%2Cpl%2Cinitcwndbps&lsig=AG3C_xAwRQIhAPoPIU39ibkqHz-lmfvJgVqI9CM419RarTbRtlztV1Z_AiAOa7TjTRzgbXfdv9r050Mq9l8QE5GzYnL7Eiq0sFaHUQ%3D%3D&ratebypass=yes", "player_url": null, "ext": "webm", "format_note": "tiny", "acodec": "opus", "abr": 160, "asr": 48000, "filesize": 3619734, "fps": null, "height": null, "tbr": 151.972, "width": null, "vcodec": "none", "downloader_options": {"http_chunk_size": 10485760}, "format": "251 - audio only (tiny)", "protocol": "https", "http_headers": {"User-Agent": "Mozilla/5.0 (Windows NT 10.0; Win64; x64) AppleWebKit/537.36 (KHTML, like Gecko) Chrome/72.0.3626.85 Safari/537.36", "Accept-Charset": "ISO-8859-1,utf-8;q=0.7,*;q=0.7", "Accept": "text/html,application/xhtml+xml,application/xml;q=0.9,*/*;q=0.8", "Accept-Encoding": "gzip, deflate", "Accept-Language": "en-us,en;q=0.5"}}, {"format_id": "160", "url": "https://r7---sn-5njj-u2xl.googlevideo.com/videoplayback?expire=1611763398&ei=ZjoRYOaVB5KCs8IP7aiG2Ao&ip=140.109.135.76&id=o-ABLhjjuhocljyebk3rgdd5GwPIhd-qREXxnzLKvA4aik&itag=160&aitags=133%2C134%2C135%2C136%2C137%2C160%2C242%2C243%2C244%2C247%2C248%2C271%2C278%2C313&source=youtube&requiressl=yes&mh=n4&mm=31%2C29&mn=sn-5njj-u2xl%2Csn-un57sn7z&ms=au%2Crdu&mv=m&mvi=7&pl=16&initcwndbps=797500&vprv=1&mime=video%2Fmp4&ns=BV2wZbqMTEe3Zi34XgaGQhYF&gir=yes&clen=1728075&dur=207.473&lmt=1547062593523670&mt=1611741649&fvip=2&keepalive=yes&beids=9466586&c=WEB&txp=5432432&n=WrpV8OZhZs5-onsodtXL&sparams=expire%2Cei%2Cip%2Cid%2Caitags%2Csource%2Crequiressl%2Cvprv%2Cmime%2Cns%2Cgir%2Cclen%2Cdur%2Clmt&sig=AOq0QJ8wRAIgSCwIcILtoo454ecrVlXd_YZsbsuuaVLsjP0Ao3qA-K4CIHRQgxDcudWZUHH7CXF9wBIzshioeTLz_nrknv7biPrR&lsparams=mh%2Cmm%2Cmn%2Cms%2Cmv%2Cmvi%2Cpl%2Cinitcwndbps&lsig=AG3C_xAwRQIhAPoPIU39ibkqHz-lmfvJgVqI9CM419RarTbRtlztV1Z_AiAOa7TjTRzgbXfdv9r050Mq9l8QE5GzYnL7Eiq0sFaHUQ%3D%3D&ratebypass=yes", "player_url": null, "ext": "mp4", "height": 144, "format_note": "144p", "vcodec": "avc1.4d400c", "asr": null, "filesize": 1728075, "fps": 30, "tbr": 86.601, "width": 256, "acodec": "none", "downloader_options": {"http_chunk_size": 10485760}, "format": "160 - 256x144 (144p)", "protocol": "https", "http_headers": {"User-Agent": "Mozilla/5.0 (Windows NT 10.0; Win64; x64) AppleWebKit/537.36 (KHTML, like Gecko) Chrome/72.0.3626.85 Safari/537.36", "Accept-Charset": "ISO-8859-1,utf-8;q=0.7,*;q=0.7", "Accept": "text/html,application/xhtml+xml,application/xml;q=0.9,*/*;q=0.8", "Accept-Encoding": "gzip, deflate", "Accept-Language": "en-us,en;q=0.5"}}, {"format_id": "278", "url": "https://r7---sn-5njj-u2xl.googlevideo.com/videoplayback?expire=1611763398&ei=ZjoRYOaVB5KCs8IP7aiG2Ao&ip=140.109.135.76&id=o-ABLhjjuhocljyebk3rgdd5GwPIhd-qREXxnzLKvA4aik&itag=278&aitags=133%2C134%2C135%2C136%2C137%2C160%2C242%2C243%2C244%2C247%2C248%2C271%2C278%2C313&source=youtube&requiressl=yes&mh=n4&mm=31%2C29&mn=sn-5njj-u2xl%2Csn-un57sn7z&ms=au%2Crdu&mv=m&mvi=7&pl=16&initcwndbps=797500&vprv=1&mime=video%2Fwebm&ns=BV2wZbqMTEe3Zi34XgaGQhYF&gir=yes&clen=2214057&dur=207.473&lmt=1547062845503754&mt=1611741649&fvip=2&keepalive=yes&beids=9466586&c=WEB&txp=5432432&n=WrpV8OZhZs5-onsodtXL&sparams=expire%2Cei%2Cip%2Cid%2Caitags%2Csource%2Crequiressl%2Cvprv%2Cmime%2Cns%2Cgir%2Cclen%2Cdur%2Clmt&sig=AOq0QJ8wRAIgXTS6GwZFW_5q-Se6xzNYHSmnBQNbzrJOBtRcSxZ8Hy0CIDzz9hg27RY3JeHGnF7zZBKaKLrJehpczT0Y43eRMPmG&lsparams=mh%2Cmm%2Cmn%2Cms%2Cmv%2Cmvi%2Cpl%2Cinitcwndbps&lsig=AG3C_xAwRQIhAPoPIU39ibkqHz-lmfvJgVqI9CM419RarTbRtlztV1Z_AiAOa7TjTRzgbXfdv9r050Mq9l8QE5GzYnL7Eiq0sFaHUQ%3D%3D&ratebypass=yes", "player_url": null, "ext": "webm", "height": 144, "format_note": "144p", "container": "webm", "vcodec": "vp9", "asr": null, "filesize": 2214057, "fps": 30, "tbr": 96.401, "width": 256, "acodec": "none", "downloader_options": {"http_chunk_size": 10485760}, "format": "278 - 256x144 (144p)", "protocol": "https", "http_headers": {"User-Agent": "Mozilla/5.0 (Windows NT 10.0; Win64; x64) AppleWebKit/537.36 (KHTML, like Gecko) Chrome/72.0.3626.85 Safari/537.36", "Accept-Charset": "ISO-8859-1,utf-8;q=0.7,*;q=0.7", "Accept": "text/html,application/xhtml+xml,application/xml;q=0.9,*/*;q=0.8", "Accept-Encoding": "gzip, deflate", "Accept-Language": "en-us,en;q=0.5"}}, {"format_id": "133", "url": "https://r7---sn-5njj-u2xl.googlevideo.com/videoplayback?expire=1611763398&ei=ZjoRYOaVB5KCs8IP7aiG2Ao&ip=140.109.135.76&id=o-ABLhjjuhocljyebk3rgdd5GwPIhd-qREXxnzLKvA4aik&itag=133&aitags=133%2C134%2C135%2C136%2C137%2C160%2C242%2C243%2C244%2C247%2C248%2C271%2C278%2C313&source=youtube&requiressl=yes&mh=n4&mm=31%2C29&mn=sn-5njj-u2xl%2Csn-un57sn7z&ms=au%2Crdu&mv=m&mvi=7&pl=16&initcwndbps=797500&vprv=1&mime=video%2Fmp4&ns=BV2wZbqMTEe3Zi34XgaGQhYF&gir=yes&clen=3009649&dur=207.473&lmt=1547062593518179&mt=1611741649&fvip=2&keepalive=yes&beids=9466586&c=WEB&txp=5432432&n=WrpV8OZhZs5-onsodtXL&sparams=expire%2Cei%2Cip%2Cid%2Caitags%2Csource%2Crequiressl%2Cvprv%2Cmime%2Cns%2Cgir%2Cclen%2Cdur%2Clmt&sig=AOq0QJ8wRgIhAK-RS7n0kjdK_08qaEZehN2SuAF0A27iji-i51ZgmWTXAiEAqcjwkCvZmNHBt29Pk1xCRTRZ9wX9q0oJuaawK8AtCEc%3D&lsparams=mh%2Cmm%2Cmn%2Cms%2Cmv%2Cmvi%2Cpl%2Cinitcwndbps&lsig=AG3C_xAwRQIhAPoPIU39ibkqHz-lmfvJgVqI9CM419RarTbRtlztV1Z_AiAOa7TjTRzgbXfdv9r050Mq9l8QE5GzYnL7Eiq0sFaHUQ%3D%3D&ratebypass=yes", "player_url": null, "ext": "mp4", "height": 240, "format_note": "240p", "vcodec": "avc1.4d4015", "asr": null, "filesize": 3009649, "fps": 30, "tbr": 151.901, "width": 426, "acodec": "none", "downloader_options": {"http_chunk_size": 10485760}, "format": "133 - 426x240 (240p)", "protocol": "https", "http_headers": {"User-Agent": "Mozilla/5.0 (Windows NT 10.0; Win64; x64) AppleWebKit/537.36 (KHTML, like Gecko) Chrome/72.0.3626.85 Safari/537.36", "Accept-Charset": "ISO-8859-1,utf-8;q=0.7,*;q=0.7", "Accept": "text/html,application/xhtml+xml,application/xml;q=0.9,*/*;q=0.8", "Accept-Encoding": "gzip, deflate", "Accept-Language": "en-us,en;q=0.5"}}, {"format_id": "242", "url": "https://r7---sn-5njj-u2xl.googlevideo.com/videoplayback?expire=1611763398&ei=ZjoRYOaVB5KCs8IP7aiG2Ao&ip=140.109.135.76&id=o-ABLhjjuhocljyebk3rgdd5GwPIhd-qREXxnzLKvA4aik&itag=242&aitags=133%2C134%2C135%2C136%2C137%2C160%2C242%2C243%2C244%2C247%2C248%2C271%2C278%2C313&source=youtube&requiressl=yes&mh=n4&mm=31%2C29&mn=sn-5njj-u2xl%2Csn-un57sn7z&ms=au%2Crdu&mv=m&mvi=7&pl=16&initcwndbps=797500&vprv=1&mime=video%2Fwebm&ns=BV2wZbqMTEe3Zi34XgaGQhYF&gir=yes&clen=4519681&dur=207.473&lmt=1547062845493640&mt=1611741649&fvip=2&keepalive=yes&beids=9466586&c=WEB&txp=5432432&n=WrpV8OZhZs5-onsodtXL&sparams=expire%2Cei%2Cip%2Cid%2Caitags%2Csource%2Crequiressl%2Cvprv%2Cmime%2Cns%2Cgir%2Cclen%2Cdur%2Clmt&sig=AOq0QJ8wRAIgEsawW3H7h9XDQTtSqDcDjCQqkbEUo0sftOuCUcpwyzoCIDdR0zcxevdWQ2J2S38Vaefv865JI4GItWQGv7_GqDK0&lsparams=mh%2Cmm%2Cmn%2Cms%2Cmv%2Cmvi%2Cpl%2Cinitcwndbps&lsig=AG3C_xAwRQIhAPoPIU39ibkqHz-lmfvJgVqI9CM419RarTbRtlztV1Z_AiAOa7TjTRzgbXfdv9r050Mq9l8QE5GzYnL7Eiq0sFaHUQ%3D%3D&ratebypass=yes", "player_url": null, "ext": "webm", "height": 240, "format_note": "240p", "vcodec": "vp9", "asr": null, "filesize": 4519681, "fps": 30, "tbr": 199.809, "width": 426, "acodec": "none", "downloader_options": {"http_chunk_size": 10485760}, "format": "242 - 426x240 (240p)", "protocol": "https", "http_headers": {"User-Agent": "Mozilla/5.0 (Windows NT 10.0; Win64; x64) AppleWebKit/537.36 (KHTML, like Gecko) Chrome/72.0.3626.85 Safari/537.36", "Accept-Charset": "ISO-8859-1,utf-8;q=0.7,*;q=0.7", "Accept": "text/html,application/xhtml+xml,application/xml;q=0.9,*/*;q=0.8", "Accept-Encoding": "gzip, deflate", "Accept-Language": "en-us,en;q=0.5"}}, {"format_id": "134", "url": "https://r7---sn-5njj-u2xl.googlevideo.com/videoplayback?expire=1611763398&ei=ZjoRYOaVB5KCs8IP7aiG2Ao&ip=140.109.135.76&id=o-ABLhjjuhocljyebk3rgdd5GwPIhd-qREXxnzLKvA4aik&itag=134&aitags=133%2C134%2C135%2C136%2C137%2C160%2C242%2C243%2C244%2C247%2C248%2C271%2C278%2C313&source=youtube&requiressl=yes&mh=n4&mm=31%2C29&mn=sn-5njj-u2xl%2Csn-un57sn7z&ms=au%2Crdu&mv=m&mvi=7&pl=16&initcwndbps=797500&vprv=1&mime=video%2Fmp4&ns=BV2wZbqMTEe3Zi34XgaGQhYF&gir=yes&clen=6630302&dur=207.473&lmt=1547062593514594&mt=1611741649&fvip=2&keepalive=yes&beids=9466586&c=WEB&txp=5432432&n=WrpV8OZhZs5-onsodtXL&sparams=expire%2Cei%2Cip%2Cid%2Caitags%2Csource%2Crequiressl%2Cvprv%2Cmime%2Cns%2Cgir%2Cclen%2Cdur%2Clmt&sig=AOq0QJ8wRgIhAPcCddscTBLzoU_rv9lATDGwHUcMtM7d7Zud1pb7n7ntAiEAsF5Gf3qpz2hqaZbHoboFRUOUs-u4QLH-uevo12_VpT4%3D&lsparams=mh%2Cmm%2Cmn%2Cms%2Cmv%2Cmvi%2Cpl%2Cinitcwndbps&lsig=AG3C_xAwRQIhAPoPIU39ibkqHz-lmfvJgVqI9CM419RarTbRtlztV1Z_AiAOa7TjTRzgbXfdv9r050Mq9l8QE5GzYnL7Eiq0sFaHUQ%3D%3D&ratebypass=yes", "player_url": null, "ext": "mp4", "height": 360, "format_note": "360p", "vcodec": "avc1.4d401e", "asr": null, "filesize": 6630302, "fps": 30, "tbr": 337.399, "width": 640, "acodec": "none", "downloader_options": {"http_chunk_size": 10485760}, "format": "134 - 640x360 (360p)", "protocol": "https", "http_headers": {"User-Agent": "Mozilla/5.0 (Windows NT 10.0; Win64; x64) AppleWebKit/537.36 (KHTML, like Gecko) Chrome/72.0.3626.85 Safari/537.36", "Accept-Charset": "ISO-8859-1,utf-8;q=0.7,*;q=0.7", "Accept": "text/html,application/xhtml+xml,application/xml;q=0.9,*/*;q=0.8", "Accept-Encoding": "gzip, deflate", "Accept-Language": "en-us,en;q=0.5"}}, {"format_id": "243", "url": "https://r7---sn-5njj-u2xl.googlevideo.com/videoplayback?expire=1611763398&ei=ZjoRYOaVB5KCs8IP7aiG2Ao&ip=140.109.135.76&id=o-ABLhjjuhocljyebk3rgdd5GwPIhd-qREXxnzLKvA4aik&itag=243&aitags=133%2C134%2C135%2C136%2C137%2C160%2C242%2C243%2C244%2C247%2C248%2C271%2C278%2C313&source=youtube&requiressl=yes&mh=n4&mm=31%2C29&mn=sn-5njj-u2xl%2Csn-un57sn7z&ms=au%2Crdu&mv=m&mvi=7&pl=16&initcwndbps=797500&vprv=1&mime=video%2Fwebm&ns=BV2wZbqMTEe3Zi34XgaGQhYF&gir=yes&clen=8044726&dur=207.473&lmt=1547062845492334&mt=1611741649&fvip=2&keepalive=yes&beids=9466586&c=WEB&txp=5432432&n=WrpV8OZhZs5-onsodtXL&sparams=expire%2Cei%2Cip%2Cid%2Caitags%2Csource%2Crequiressl%2Cvprv%2Cmime%2Cns%2Cgir%2Cclen%2Cdur%2Clmt&sig=AOq0QJ8wRAIgDU7oXpCfeCXMWiN6fc5qeeF9ttAf_u1RnVfx1rw4LGsCIAVdGafKoNzWR1CTFWok4P9qQXO14kbfkqTwkU0laeKN&lsparams=mh%2Cmm%2Cmn%2Cms%2Cmv%2Cmvi%2Cpl%2Cinitcwndbps&lsig=AG3C_xAwRQIhAPoPIU39ibkqHz-lmfvJgVqI9CM419RarTbRtlztV1Z_AiAOa7TjTRzgbXfdv9r050Mq9l8QE5GzYnL7Eiq0sFaHUQ%3D%3D&ratebypass=yes", "player_url": null, "ext": "webm", "height": 360, "format_note": "360p", "vcodec": "vp9", "asr": null, "filesize": 8044726, "fps": 30, "tbr": 364.216, "width": 640, "acodec": "none", "downloader_options": {"http_chunk_size": 10485760}, "format": "243 - 640x360 (360p)", "protocol": "https", "http_headers": {"User-Agent": "Mozilla/5.0 (Windows NT 10.0; Win64; x64) AppleWebKit/537.36 (KHTML, like Gecko) Chrome/72.0.3626.85 Safari/537.36", "Accept-Charset": "ISO-8859-1,utf-8;q=0.7,*;q=0.7", "Accept": "text/html,application/xhtml+xml,application/xml;q=0.9,*/*;q=0.8", "Accept-Encoding": "gzip, deflate", "Accept-Language": "en-us,en;q=0.5"}}, {"format_id": "135", "url": "https://r7---sn-5njj-u2xl.googlevideo.com/videoplayback?expire=1611763398&ei=ZjoRYOaVB5KCs8IP7aiG2Ao&ip=140.109.135.76&id=o-ABLhjjuhocljyebk3rgdd5GwPIhd-qREXxnzLKvA4aik&itag=135&aitags=133%2C134%2C135%2C136%2C137%2C160%2C242%2C243%2C244%2C247%2C248%2C271%2C278%2C313&source=youtube&requiressl=yes&mh=n4&mm=31%2C29&mn=sn-5njj-u2xl%2Csn-un57sn7z&ms=au%2Crdu&mv=m&mvi=7&pl=16&initcwndbps=797500&vprv=1&mime=video%2Fmp4&ns=BV2wZbqMTEe3Zi34XgaGQhYF&gir=yes&clen=12687971&dur=207.473&lmt=1547062593512949&mt=1611741649&fvip=2&keepalive=yes&beids=9466586&c=WEB&txp=5432432&n=WrpV8OZhZs5-onsodtXL&sparams=expire%2Cei%2Cip%2Cid%2Caitags%2Csource%2Crequiressl%2Cvprv%2Cmime%2Cns%2Cgir%2Cclen%2Cdur%2Clmt&sig=AOq0QJ8wRQIhAML5Q-JikOGi4bUUfG1hLsVa_pc6BfrZqlshtoY6uIkVAiAUip5J4DdIEoq73r7sDPwke17-3AZ9kawnOdEdRCsAFQ%3D%3D&lsparams=mh%2Cmm%2Cmn%2Cms%2Cmv%2Cmvi%2Cpl%2Cinitcwndbps&lsig=AG3C_xAwRQIhAPoPIU39ibkqHz-lmfvJgVqI9CM419RarTbRtlztV1Z_AiAOa7TjTRzgbXfdv9r050Mq9l8QE5GzYnL7Eiq0sFaHUQ%3D%3D&ratebypass=yes", "player_url": null, "ext": "mp4", "height": 480, "format_note": "480p", "vcodec": "avc1.4d401f", "asr": null, "filesize": 12687971, "fps": 30, "tbr": 617.717, "width": 854, "acodec": "none", "downloader_options": {"http_chunk_size": 10485760}, "format": "135 - 854x480 (480p)", "protocol": "https", "http_headers": {"User-Agent": "Mozilla/5.0 (Windows NT 10.0; Win64; x64) AppleWebKit/537.36 (KHTML, like Gecko) Chrome/72.0.3626.85 Safari/537.36", "Accept-Charset": "ISO-8859-1,utf-8;q=0.7,*;q=0.7", "Accept": "text/html,application/xhtml+xml,application/xml;q=0.9,*/*;q=0.8", "Accept-Encoding": "gzip, deflate", "Accept-Language": "en-us,en;q=0.5"}}, {"format_id": "244", "url": "https://r7---sn-5njj-u2xl.googlevideo.com/videoplayback?expire=1611763398&ei=ZjoRYOaVB5KCs8IP7aiG2Ao&ip=140.109.135.76&id=o-ABLhjjuhocljyebk3rgdd5GwPIhd-qREXxnzLKvA4aik&itag=244&aitags=133%2C134%2C135%2C136%2C137%2C160%2C242%2C243%2C244%2C247%2C248%2C271%2C278%2C313&source=youtube&requiressl=yes&mh=n4&mm=31%2C29&mn=sn-5njj-u2xl%2Csn-un57sn7z&ms=au%2Crdu&mv=m&mvi=7&pl=16&initcwndbps=797500&vprv=1&mime=video%2Fwebm&ns=BV2wZbqMTEe3Zi34XgaGQhYF&gir=yes&clen=13862639&dur=207.473&lmt=1547062845492331&mt=1611741649&fvip=2&keepalive=yes&beids=9466586&c=WEB&txp=5432432&n=WrpV8OZhZs5-onsodtXL&sparams=expire%2Cei%2Cip%2Cid%2Caitags%2Csource%2Crequiressl%2Cvprv%2Cmime%2Cns%2Cgir%2Cclen%2Cdur%2Clmt&sig=AOq0QJ8wRQIhAPlh6e8vUX69Mkq3t438OI57TEgm0AajcvmCdQOKPiQeAiAYwQcw8BexL6SKB6x0Mi_pByofpVkkW5fbkQfkZ2FIUg%3D%3D&lsparams=mh%2Cmm%2Cmn%2Cms%2Cmv%2Cmvi%2Cpl%2Cinitcwndbps&lsig=AG3C_xAwRQIhAPoPIU39ibkqHz-lmfvJgVqI9CM419RarTbRtlztV1Z_AiAOa7TjTRzgbXfdv9r050Mq9l8QE5GzYnL7Eiq0sFaHUQ%3D%3D&ratebypass=yes", "player_url": null, "ext": "webm", "height": 480, "format_note": "480p", "vcodec": "vp9", "asr": null, "filesize": 13862639, "fps": 30, "tbr": 639.267, "width": 854, "acodec": "none", "downloader_options": {"http_chunk_size": 10485760}, "format": "244 - 854x480 (480p)", "protocol": "https", "http_headers": {"User-Agent": "Mozilla/5.0 (Windows NT 10.0; Win64; x64) AppleWebKit/537.36 (KHTML, like Gecko) Chrome/72.0.3626.85 Safari/537.36", "Accept-Charset": "ISO-8859-1,utf-8;q=0.7,*;q=0.7", "Accept": "text/html,application/xhtml+xml,application/xml;q=0.9,*/*;q=0.8", "Accept-Encoding": "gzip, deflate", "Accept-Language": "en-us,en;q=0.5"}}, {"format_id": "136", "url": "https://r7---sn-5njj-u2xl.googlevideo.com/videoplayback?expire=1611763398&ei=ZjoRYOaVB5KCs8IP7aiG2Ao&ip=140.109.135.76&id=o-ABLhjjuhocljyebk3rgdd5GwPIhd-qREXxnzLKvA4aik&itag=136&aitags=133%2C134%2C135%2C136%2C137%2C160%2C242%2C243%2C244%2C247%2C248%2C271%2C278%2C313&source=youtube&requiressl=yes&mh=n4&mm=31%2C29&mn=sn-5njj-u2xl%2Csn-un57sn7z&ms=au%2Crdu&mv=m&mvi=7&pl=16&initcwndbps=797500&vprv=1&mime=video%2Fmp4&ns=BV2wZbqMTEe3Zi34XgaGQhYF&gir=yes&clen=24354216&dur=207.473&lmt=1547062593518798&mt=1611741649&fvip=2&keepalive=yes&beids=9466586&c=WEB&txp=5432432&n=WrpV8OZhZs5-onsodtXL&sparams=expire%2Cei%2Cip%2Cid%2Caitags%2Csource%2Crequiressl%2Cvprv%2Cmime%2Cns%2Cgir%2Cclen%2Cdur%2Clmt&sig=AOq0QJ8wRAIgPSOa4lgfDqtQj5DB2OTQbqkL2jEEhiRLzhkLkDYczS0CIH6UQS9s9pRMFGxY7xAy4-9KsFoJdQLjeBnLTFRJdinX&lsparams=mh%2Cmm%2Cmn%2Cms%2Cmv%2Cmvi%2Cpl%2Cinitcwndbps&lsig=AG3C_xAwRQIhAPoPIU39ibkqHz-lmfvJgVqI9CM419RarTbRtlztV1Z_AiAOa7TjTRzgbXfdv9r050Mq9l8QE5GzYnL7Eiq0sFaHUQ%3D%3D&ratebypass=yes", "player_url": null, "ext": "mp4", "height": 720, "format_note": "720p", "vcodec": "avc1.4d401f", "asr": null, "filesize": 24354216, "fps": 30, "tbr": 1253.752, "width": 1280, "acodec": "none", "downloader_options": {"http_chunk_size": 10485760}, "format": "136 - 1280x720 (720p)", "protocol": "https", "http_headers": {"User-Agent": "Mozilla/5.0 (Windows NT 10.0; Win64; x64) AppleWebKit/537.36 (KHTML, like Gecko) Chrome/72.0.3626.85 Safari/537.36", "Accept-Charset": "ISO-8859-1,utf-8;q=0.7,*;q=0.7", "Accept": "text/html,application/xhtml+xml,application/xml;q=0.9,*/*;q=0.8", "Accept-Encoding": "gzip, deflate", "Accept-Language": "en-us,en;q=0.5"}}, {"format_id": "247", "url": "https://r7---sn-5njj-u2xl.googlevideo.com/videoplayback?expire=1611763398&ei=ZjoRYOaVB5KCs8IP7aiG2Ao&ip=140.109.135.76&id=o-ABLhjjuhocljyebk3rgdd5GwPIhd-qREXxnzLKvA4aik&itag=247&aitags=133%2C134%2C135%2C136%2C137%2C160%2C242%2C243%2C244%2C247%2C248%2C271%2C278%2C313&source=youtube&requiressl=yes&mh=n4&mm=31%2C29&mn=sn-5njj-u2xl%2Csn-un57sn7z&ms=au%2Crdu&mv=m&mvi=7&pl=16&initcwndbps=797500&vprv=1&mime=video%2Fwebm&ns=BV2wZbqMTEe3Zi34XgaGQhYF&gir=yes&clen=27871225&dur=207.473&lmt=1547062845507957&mt=1611741649&fvip=2&keepalive=yes&beids=9466586&c=WEB&txp=5432432&n=WrpV8OZhZs5-onsodtXL&sparams=expire%2Cei%2Cip%2Cid%2Caitags%2Csource%2Crequiressl%2Cvprv%2Cmime%2Cns%2Cgir%2Cclen%2Cdur%2Clmt&sig=AOq0QJ8wRQIgVdGiqDr3C3mVEq3RXx3PC2sIdu_sMXe2WF81DLSX5-YCIQDeMBwKy2eoVn6V0KCssnC8BhAqjVbfXWCagNwfsAOlzQ%3D%3D&lsparams=mh%2Cmm%2Cmn%2Cms%2Cmv%2Cmvi%2Cpl%2Cinitcwndbps&lsig=AG3C_xAwRQIhAPoPIU39ibkqHz-lmfvJgVqI9CM419RarTbRtlztV1Z_AiAOa7TjTRzgbXfdv9r050Mq9l8QE5GzYnL7Eiq0sFaHUQ%3D%3D&ratebypass=yes", "player_url": null, "ext": "webm", "height": 720, "format_note": "720p", "vcodec": "vp9", "asr": null, "filesize": 27871225, "fps": 30, "tbr": 1284.138, "width": 1280, "acodec": "none", "downloader_options": {"http_chunk_size": 10485760}, "format": "247 - 1280x720 (720p)", "protocol": "https", "http_headers": {"User-Agent": "Mozilla/5.0 (Windows NT 10.0; Win64; x64) AppleWebKit/537.36 (KHTML, like Gecko) Chrome/72.0.3626.85 Safari/537.36", "Accept-Charset": "ISO-8859-1,utf-8;q=0.7,*;q=0.7", "Accept": "text/html,application/xhtml+xml,application/xml;q=0.9,*/*;q=0.8", "Accept-Encoding": "gzip, deflate", "Accept-Language": "en-us,en;q=0.5"}}, {"format_id": "248", "url": "https://r7---sn-5njj-u2xl.googlevideo.com/videoplayback?expire=1611763398&ei=ZjoRYOaVB5KCs8IP7aiG2Ao&ip=140.109.135.76&id=o-ABLhjjuhocljyebk3rgdd5GwPIhd-qREXxnzLKvA4aik&itag=248&aitags=133%2C134%2C135%2C136%2C137%2C160%2C242%2C243%2C244%2C247%2C248%2C271%2C278%2C313&source=youtube&requiressl=yes&mh=n4&mm=31%2C29&mn=sn-5njj-u2xl%2Csn-un57sn7z&ms=au%2Crdu&mv=m&mvi=7&pl=16&initcwndbps=797500&vprv=1&mime=video%2Fwebm&ns=BV2wZbqMTEe3Zi34XgaGQhYF&gir=yes&clen=49771068&dur=207.473&lmt=1547062845492330&mt=1611741649&fvip=2&keepalive=yes&beids=9466586&c=WEB&txp=5432432&n=WrpV8OZhZs5-onsodtXL&sparams=expire%2Cei%2Cip%2Cid%2Caitags%2Csource%2Crequiressl%2Cvprv%2Cmime%2Cns%2Cgir%2Cclen%2Cdur%2Clmt&sig=AOq0QJ8wRQIhAOUosJuAWNbVmpPtpeOM4XMWMIXyOuJhsV_W005AuRzoAiAmfrS9eK_cmArkUy_GaDJ6p7Sd2PbJPsk7AAzXUr6whg%3D%3D&lsparams=mh%2Cmm%2Cmn%2Cms%2Cmv%2Cmvi%2Cpl%2Cinitcwndbps&lsig=AG3C_xAwRQIhAPoPIU39ibkqHz-lmfvJgVqI9CM419RarTbRtlztV1Z_AiAOa7TjTRzgbXfdv9r050Mq9l8QE5GzYnL7Eiq0sFaHUQ%3D%3D&ratebypass=yes", "player_url": null, "ext": "webm", "height": 1080, "format_note": "1080p", "vcodec": "vp9", "asr": null, "filesize": 49771068, "fps": 30, "tbr": 2307.374, "width": 1920, "acodec": "none", "downloader_options": {"http_chunk_size": 10485760}, "format": "248 - 1920x1080 (1080p)", "protocol": "https", "http_headers": {"User-Agent": "Mozilla/5.0 (Windows NT 10.0; Win64; x64) AppleWebKit/537.36 (KHTML, like Gecko) Chrome/72.0.3626.85 Safari/537.36", "Accept-Charset": "ISO-8859-1,utf-8;q=0.7,*;q=0.7", "Accept": "text/html,application/xhtml+xml,application/xml;q=0.9,*/*;q=0.8", "Accept-Encoding": "gzip, deflate", "Accept-Language": "en-us,en;q=0.5"}}, {"format_id": "137", "url": "https://r7---sn-5njj-u2xl.googlevideo.com/videoplayback?expire=1611763398&ei=ZjoRYOaVB5KCs8IP7aiG2Ao&ip=140.109.135.76&id=o-ABLhjjuhocljyebk3rgdd5GwPIhd-qREXxnzLKvA4aik&itag=137&aitags=133%2C134%2C135%2C136%2C137%2C160%2C242%2C243%2C244%2C247%2C248%2C271%2C278%2C313&source=youtube&requiressl=yes&mh=n4&mm=31%2C29&mn=sn-5njj-u2xl%2Csn-un57sn7z&ms=au%2Crdu&mv=m&mvi=7&pl=16&initcwndbps=797500&vprv=1&mime=video%2Fmp4&ns=BV2wZbqMTEe3Zi34XgaGQhYF&gir=yes&clen=44403310&dur=207.473&lmt=1547062593513795&mt=1611741649&fvip=2&keepalive=yes&beids=9466586&c=WEB&txp=5432432&n=WrpV8OZhZs5-onsodtXL&sparams=expire%2Cei%2Cip%2Cid%2Caitags%2Csource%2Crequiressl%2Cvprv%2Cmime%2Cns%2Cgir%2Cclen%2Cdur%2Clmt&sig=AOq0QJ8wRQIgSoDmssxabXFk7yVMU1fohXGjA7_QDthYPHbchqzkW8wCIQDZcns6fA0Ci0xlDGXcCRCSRwvxLy9EvB86b9z9XubNzQ%3D%3D&lsparams=mh%2Cmm%2Cmn%2Cms%2Cmv%2Cmvi%2Cpl%2Cinitcwndbps&lsig=AG3C_xAwRQIhAPoPIU39ibkqHz-lmfvJgVqI9CM419RarTbRtlztV1Z_AiAOa7TjTRzgbXfdv9r050Mq9l8QE5GzYnL7Eiq0sFaHUQ%3D%3D&ratebypass=yes", "player_url": null, "ext": "mp4", "height": 1080, "format_note": "1080p", "vcodec": "avc1.640028", "asr": null, "filesize": 44403310, "fps": 30, "tbr": 2388.454, "width": 1920, "acodec": "none", "downloader_options": {"http_chunk_size": 10485760}, "format": "137 - 1920x1080 (1080p)", "protocol": "https", "http_headers": {"User-Agent": "Mozilla/5.0 (Windows NT 10.0; Win64; x64) AppleWebKit/537.36 (KHTML, like Gecko) Chrome/72.0.3626.85 Safari/537.36", "Accept-Charset": "ISO-8859-1,utf-8;q=0.7,*;q=0.7", "Accept": "text/html,application/xhtml+xml,application/xml;q=0.9,*/*;q=0.8", "Accept-Encoding": "gzip, deflate", "Accept-Language": "en-us,en;q=0.5"}}, {"format_id": "271", "url": "https://r7---sn-5njj-u2xl.googlevideo.com/videoplayback?expire=1611763398&ei=ZjoRYOaVB5KCs8IP7aiG2Ao&ip=140.109.135.76&id=o-ABLhjjuhocljyebk3rgdd5GwPIhd-qREXxnzLKvA4aik&itag=271&aitags=133%2C134%2C135%2C136%2C137%2C160%2C242%2C243%2C244%2C247%2C248%2C271%2C278%2C313&source=youtube&requiressl=yes&mh=n4&mm=31%2C29&mn=sn-5njj-u2xl%2Csn-un57sn7z&ms=au%2Crdu&mv=m&mvi=7&pl=16&initcwndbps=797500&vprv=1&mime=video%2Fwebm&ns=BV2wZbqMTEe3Zi34XgaGQhYF&gir=yes&clen=107745705&dur=207.473&lmt=1547062483755732&mt=1611741649&fvip=2&keepalive=yes&beids=9466586&c=WEB&txp=5432432&n=WrpV8OZhZs5-onsodtXL&sparams=expire%2Cei%2Cip%2Cid%2Caitags%2Csource%2Crequiressl%2Cvprv%2Cmime%2Cns%2Cgir%2Cclen%2Cdur%2Clmt&sig=AOq0QJ8wRQIhAOhvZqmseCmLc3qJWQYEjVkWXtitPN1VUfa2P1vO_txsAiAV5zKG8S7htyhJh3UvIuNz-geZvB4RrusmM7_EgINX-g%3D%3D&lsparams=mh%2Cmm%2Cmn%2Cms%2Cmv%2Cmvi%2Cpl%2Cinitcwndbps&lsig=AG3C_xAwRQIhAPoPIU39ibkqHz-lmfvJgVqI9CM419RarTbRtlztV1Z_AiAOa7TjTRzgbXfdv9r050Mq9l8QE5GzYnL7Eiq0sFaHUQ%3D%3D&ratebypass=yes", "player_url": null, "ext": "webm", "height": 1440, "format_note": "1440p", "vcodec": "vp9", "asr": null, "filesize": 107745705, "fps": 30, "tbr": 5055.525, "width": 2560, "acodec": "none", "downloader_options": {"http_chunk_size": 10485760}, "format": "271 - 2560x1440 (1440p)", "protocol": "https", "http_headers": {"User-Agent": "Mozilla/5.0 (Windows NT 10.0; Win64; x64) AppleWebKit/537.36 (KHTML, like Gecko) Chrome/72.0.3626.85 Safari/537.36", "Accept-Charset": "ISO-8859-1,utf-8;q=0.7,*;q=0.7", "Accept": "text/html,application/xhtml+xml,application/xml;q=0.9,*/*;q=0.8", "Accept-Encoding": "gzip, deflate", "Accept-Language": "en-us,en;q=0.5"}}, {"format_id": "313", "url": "https://r7---sn-5njj-u2xl.googlevideo.com/videoplayback?expire=1611763398&ei=ZjoRYOaVB5KCs8IP7aiG2Ao&ip=140.109.135.76&id=o-ABLhjjuhocljyebk3rgdd5GwPIhd-qREXxnzLKvA4aik&itag=313&aitags=133%2C134%2C135%2C136%2C137%2C160%2C242%2C243%2C244%2C247%2C248%2C271%2C278%2C313&source=youtube&requiressl=yes&mh=n4&mm=31%2C29&mn=sn-5njj-u2xl%2Csn-un57sn7z&ms=au%2Crdu&mv=m&mvi=7&pl=16&initcwndbps=797500&vprv=1&mime=video%2Fwebm&ns=BV2wZbqMTEe3Zi34XgaGQhYF&gir=yes&clen=332902724&dur=207.473&lmt=1547062918047197&mt=1611741649&fvip=2&keepalive=yes&beids=9466586&c=WEB&txp=5432432&n=WrpV8OZhZs5-onsodtXL&sparams=expire%2Cei%2Cip%2Cid%2Caitags%2Csource%2Crequiressl%2Cvprv%2Cmime%2Cns%2Cgir%2Cclen%2Cdur%2Clmt&sig=AOq0QJ8wRQIgDNqphCv4oU0utlkBvULOr8F6YBGINuu81stS2S0Al-kCIQDRiYQsjdnyvAVVwp9xRyFVP3_0rXVSAoCPYSM6feWCqw%3D%3D&lsparams=mh%2Cmm%2Cmn%2Cms%2Cmv%2Cmvi%2Cpl%2Cinitcwndbps&lsig=AG3C_xAwRQIhAPoPIU39ibkqHz-lmfvJgVqI9CM419RarTbRtlztV1Z_AiAOa7TjTRzgbXfdv9r050Mq9l8QE5GzYnL7Eiq0sFaHUQ%3D%3D&ratebypass=yes", "player_url": null, "ext": "webm", "height": 2160, "format_note": "2160p", "vcodec": "vp9", "asr": null, "filesize": 332902724, "fps": 30, "tbr": 15323.99, "width": 3840, "acodec": "none", "downloader_options": {"http_chunk_size": 10485760}, "format": "313 - 3840x2160 (2160p)", "protocol": "https", "http_headers": {"User-Agent": "Mozilla/5.0 (Windows NT 10.0; Win64; x64) AppleWebKit/537.36 (KHTML, like Gecko) Chrome/72.0.3626.85 Safari/537.36", "Accept-Charset": "ISO-8859-1,utf-8;q=0.7,*;q=0.7", "Accept": "text/html,application/xhtml+xml,application/xml;q=0.9,*/*;q=0.8", "Accept-Encoding": "gzip, deflate", "Accept-Language": "en-us,en;q=0.5"}}, {"format_id": "18", "url": "https://r7---sn-5njj-u2xl.googlevideo.com/videoplayback?expire=1611763398&ei=ZjoRYOaVB5KCs8IP7aiG2Ao&ip=140.109.135.76&id=o-ABLhjjuhocljyebk3rgdd5GwPIhd-qREXxnzLKvA4aik&itag=18&source=youtube&requiressl=yes&mh=n4&mm=31%2C29&mn=sn-5njj-u2xl%2Csn-un57sn7z&ms=au%2Crdu&mv=m&mvi=7&pl=16&initcwndbps=797500&vprv=1&mime=video%2Fmp4&ns=OKCToc3p0A9XJhLFzIPBsUwF&gir=yes&clen=14873101&ratebypass=yes&dur=207.539&lmt=1547062342832159&mt=1611741649&fvip=2&beids=9466586&c=WEB&txp=5431432&n=CW2V5QbbCaRjzH2I7Js6&sparams=expire%2Cei%2Cip%2Cid%2Citag%2Csource%2Crequiressl%2Cvprv%2Cmime%2Cns%2Cgir%2Cclen%2Cratebypass%2Cdur%2Clmt&sig=AOq0QJ8wRAIgO-JBeA_JvKYQWoOze4VgveQxxPVKrJXXl9ZpLuzTpFACICblrK0EJusdIUgvBFL_o1ArF-awJEvGm7V3v3UaOxNn&lsparams=mh%2Cmm%2Cmn%2Cms%2Cmv%2Cmvi%2Cpl%2Cinitcwndbps&lsig=AG3C_xAwRQIhAPoPIU39ibkqHz-lmfvJgVqI9CM419RarTbRtlztV1Z_AiAOa7TjTRzgbXfdv9r050Mq9l8QE5GzYnL7Eiq0sFaHUQ%3D%3D", "player_url": null, "ext": "mp4", "width": 640, "height": 360, "acodec": "mp4a.40.2", "abr": 96, "vcodec": "avc1.42001E", "asr": 44100, "filesize": 14873101, "format_note": "360p", "fps": 30, "tbr": 573.495, "format": "18 - 640x360 (360p)", "protocol": "https", "http_headers": {"User-Agent": "Mozilla/5.0 (Windows NT 10.0; Win64; x64) AppleWebKit/537.36 (KHTML, like Gecko) Chrome/72.0.3626.85 Safari/537.36", "Accept-Charset": "ISO-8859-1,utf-8;q=0.7,*;q=0.7", "Accept": "text/html,application/xhtml+xml,application/xml;q=0.9,*/*;q=0.8", "Accept-Encoding": "gzip, deflate", "Accept-Language": "en-us,en;q=0.5"}}], "is_live": null, "start_time": null, "end_time": null, "series": null, "season_number": null, "episode_number": null, "track": null, "artist": null, "album": null, "release_date": null, "release_year": null, "extractor": "youtube", "webpage_url_basename": "watch", "extractor_key": "Youtube", "playlist": null, "playlist_index": null, "thumbnail": "https://i.ytimg.com/vi/HMwMLcN-qSg/hqdefault.jpg?sqp=-oaymwEZCNACELwBSFXyq4qpAwsIARUAAIhCGAFwAQ==&rs=AOn4CLDjG1wNICMj1X5yha3-pyCLhBPXAg", "display_id": "HMwMLcN-qSg", "requested_subtitles": null, "format_id": "251", "url": "https://r7---sn-5njj-u2xl.googlevideo.com/videoplayback?expire=1611763398&ei=ZjoRYOaVB5KCs8IP7aiG2Ao&ip=140.109.135.76&id=o-ABLhjjuhocljyebk3rgdd5GwPIhd-qREXxnzLKvA4aik&itag=251&source=youtube&requiressl=yes&mh=n4&mm=31%2C29&mn=sn-5njj-u2xl%2Csn-un57sn7z&ms=au%2Crdu&mv=m&mvi=7&pl=16&initcwndbps=797500&vprv=1&mime=audio%2Fwebm&ns=BV2wZbqMTEe3Zi34XgaGQhYF&gir=yes&clen=3619734&dur=207.501&lmt=1547065118458322&mt=1611741649&fvip=2&keepalive=yes&beids=9466586&c=WEB&txp=5411222&n=WrpV8OZhZs5-onsodtXL&sparams=expire%2Cei%2Cip%2Cid%2Citag%2Csource%2Crequiressl%2Cvprv%2Cmime%2Cns%2Cgir%2Cclen%2Cdur%2Clmt&sig=AOq0QJ8wRgIhAJOFlO1jP6P9BEu75a5o5I1Y7wsVuYfhoY2YVb24mctGAiEA7jvx-sV-TIwgjCK6RCoUcs2BDEPhnrcYDCrb9_ds_Tk%3D&lsparams=mh%2Cmm%2Cmn%2Cms%2Cmv%2Cmvi%2Cpl%2Cinitcwndbps&lsig=AG3C_xAwRQIhAPoPIU39ibkqHz-lmfvJgVqI9CM419RarTbRtlztV1Z_AiAOa7TjTRzgbXfdv9r050Mq9l8QE5GzYnL7Eiq0sFaHUQ%3D%3D&ratebypass=yes", "player_url": null, "ext": "webm", "format_note": "tiny", "acodec": "opus", "abr": 160, "asr": 48000, "filesize": 3619734, "fps": null, "height": null, "tbr": 151.972, "width": null, "vcodec": "none", "downloader_options": {"http_chunk_size": 10485760}, "format": "251 - audio only (tiny)", "protocol": "https", "http_headers": {"User-Agent": "Mozilla/5.0 (Windows NT 10.0; Win64; x64) AppleWebKit/537.36 (KHTML, like Gecko) Chrome/72.0.3626.85 Safari/537.36", "Accept-Charset": "ISO-8859-1,utf-8;q=0.7,*;q=0.7", "Accept": "text/html,application/xhtml+xml,application/xml;q=0.9,*/*;q=0.8", "Accept-Encoding": "gzip, deflate", "Accept-Language": "en-us,en;q=0.5"}}