{"id": "HY9vPoHbgaI", "uploader": "DooPiano", "uploader_id": "UCNoN7dpdAlglcQWUn2pFjDA", "uploader_url": "http://www.youtube.com/channel/UCNoN7dpdAlglcQWUn2pFjDA", "channel_id": "UCNoN7dpdAlglcQWUn2pFjDA", "channel_url": "http://www.youtube.com/channel/UCNoN7dpdAlglcQWUn2pFjDA", "upload_date": "20180120", "license": null, "creator": null, "title": "\ub808\ub4dc\ubca8\ubcb3 (Red Velvet) - Would U Piano Cover", "alt_title": null, "thumbnails": [{"url": "https://i.ytimg.com/vi/HY9vPoHbgaI/hqdefault.jpg?sqp=-oaymwEYCKgBEF5IVfKriqkDCwgBFQAAiEIYAXAB&rs=AOn4CLClTT75ye9LAZIDYwImOIdAMtTcTQ", "width": 168, "height": 94, "resolution": "168x94", "id": "0"}, {"url": "https://i.ytimg.com/vi/HY9vPoHbgaI/hqdefault.jpg?sqp=-oaymwEYCMQBEG5IVfKriqkDCwgBFQAAiEIYAXAB&rs=AOn4CLDVMD1j_Yn_hGmOEp8-9XribM6NoA", "width": 196, "height": 110, "resolution": "196x110", "id": "1"}, {"url": "https://i.ytimg.com/vi/HY9vPoHbgaI/hqdefault.jpg?sqp=-oaymwEZCPYBEIoBSFXyq4qpAwsIARUAAIhCGAFwAQ==&rs=AOn4CLCaWFJILqG3_pwj-NmJ3Ryor_gBRA", "width": 246, "height": 138, "resolution": "246x138", "id": "2"}, {"url": "https://i.ytimg.com/vi/HY9vPoHbgaI/hqdefault.jpg?sqp=-oaymwEZCNACELwBSFXyq4qpAwsIARUAAIhCGAFwAQ==&rs=AOn4CLDjIHRGtP1SaCGagkpEC0y82YEXTg", "width": 336, "height": 188, "resolution": "336x188", "id": "3"}, {"url": "https://i.ytimg.com/vi_webp/HY9vPoHbgaI/maxresdefault.webp", "width": 1920, "height": 1080, "resolution": "1920x1080", "id": "4"}], "description": "\ub808\ub4dc\ubca8\ubcb3 'Would U' \ud53c\uc544\ub178 \ucee4\ubc84\uc785\ub2c8\ub2e4.\n\uc990\uac81\uac8c \uac10\uc0c1\ud558\uc138\uc694 :)\n\nPiano cover of 'Would U' by Red Velvet.\nEnjoy!\n\n+ 5\ud0a4 \ub0b4\ub838\uc2b5\ub2c8\ub2e4 / Transposed to B flat major\n\nWebsite:\nhttps://doopiano.com", "categories": ["Music"], "tags": ["\ub808\ub4dc\ubca8\ubcb3", "red velvet", "would u", "\ub7ec\ube44", "\ub808\ubca0\ub7fd", "\uc544\uc774\ub9b0", "\uc2ac\uae30", "\uc6ec\ub514", "\uc870\uc774", "\uc608\ub9ac", "\ud53c\uc544\ub178", "piano"], "subtitles": {}, "automatic_captions": {}, "duration": 216, "age_limit": 0, "annotations": null, "chapters": null, "webpage_url": "https://www.youtube.com/watch?v=HY9vPoHbgaI", "view_count": 191043, "like_count": 5255, "dislike_count": 27, "average_rating": 4.9795532, "formats": [{"format_id": "249", "url": "https://r4---sn-5njj-u2xe.googlevideo.com/videoplayback?expire=1612167570&ei=MmUXYLKyDcK2gQOJhZfwDw&ip=140.109.135.76&id=o-AOFS9zAaRPyr9v0omd77SgJLxMzQ5uPu3T2sIQRQXbyC&itag=249&source=youtube&requiressl=yes&mh=8y&mm=31%2C29&mn=sn-5njj-u2xe%2Csn-un57sn7s&ms=au%2Crdu&mv=m&mvi=4&pl=16&initcwndbps=378750&vprv=1&mime=audio%2Fwebm&ns=5ACaNbvPEHWH5yvlACEzSBoF&gir=yes&clen=1643987&dur=215.621&lmt=1516517807384551&mt=1612145563&fvip=4&keepalive=yes&beids=9466585&c=WEB&n=drBIHHcft1mxGdUIg&sparams=expire%2Cei%2Cip%2Cid%2Citag%2Csource%2Crequiressl%2Cvprv%2Cmime%2Cns%2Cgir%2Cclen%2Cdur%2Clmt&sig=AOq0QJ8wRAIgCKZNl9i5dkz-sT7eqDnMNfBt2OQbPVOuFJYh9n0GKDQCID8iR0RahWHJc510zNQGC-3h9GMrOmz69feUu8IM4zmg&lsparams=mh%2Cmm%2Cmn%2Cms%2Cmv%2Cmvi%2Cpl%2Cinitcwndbps&lsig=AG3C_xAwRQIgZoqINj0n_Fq0P6Si3_COGIe0LbVUY5RUU4TxQEHCZJMCIQC3YmXGJ2_WdT0U0FVsoa7ETQqXuFn36PetF1q6h46uxw%3D%3D&ratebypass=yes", "player_url": null, "ext": "webm", "format_note": "tiny", "acodec": "opus", "abr": 50, "asr": 48000, "filesize": 1643987, "fps": null, "height": null, "tbr": 64.969, "width": null, "vcodec": "none", "downloader_options": {"http_chunk_size": 10485760}, "format": "249 - audio only (tiny)", "protocol": "https", "http_headers": {"User-Agent": "Mozilla/5.0 (Windows NT 10.0; Win64; x64) AppleWebKit/537.36 (KHTML, like Gecko) Chrome/70.0.3538.79 Safari/537.36", "Accept-Charset": "ISO-8859-1,utf-8;q=0.7,*;q=0.7", "Accept": "text/html,application/xhtml+xml,application/xml;q=0.9,*/*;q=0.8", "Accept-Encoding": "gzip, deflate", "Accept-Language": "en-us,en;q=0.5"}}, {"format_id": "250", "url": "https://r4---sn-5njj-u2xe.googlevideo.com/videoplayback?expire=1612167570&ei=MmUXYLKyDcK2gQOJhZfwDw&ip=140.109.135.76&id=o-AOFS9zAaRPyr9v0omd77SgJLxMzQ5uPu3T2sIQRQXbyC&itag=250&source=youtube&requiressl=yes&mh=8y&mm=31%2C29&mn=sn-5njj-u2xe%2Csn-un57sn7s&ms=au%2Crdu&mv=m&mvi=4&pl=16&initcwndbps=378750&vprv=1&mime=audio%2Fwebm&ns=5ACaNbvPEHWH5yvlACEzSBoF&gir=yes&clen=2202260&dur=215.621&lmt=1516517809629340&mt=1612145563&fvip=4&keepalive=yes&beids=9466585&c=WEB&n=drBIHHcft1mxGdUIg&sparams=expire%2Cei%2Cip%2Cid%2Citag%2Csource%2Crequiressl%2Cvprv%2Cmime%2Cns%2Cgir%2Cclen%2Cdur%2Clmt&sig=AOq0QJ8wRQIgeoGN8s1TPbayHnXMXpcCcFTgWgvG61KbqeRPB_rmY0wCIQCbikwga_i-6_3yiPa3eRmP70eg1uYP83DbtAed_0ZeJA%3D%3D&lsparams=mh%2Cmm%2Cmn%2Cms%2Cmv%2Cmvi%2Cpl%2Cinitcwndbps&lsig=AG3C_xAwRQIgZoqINj0n_Fq0P6Si3_COGIe0LbVUY5RUU4TxQEHCZJMCIQC3YmXGJ2_WdT0U0FVsoa7ETQqXuFn36PetF1q6h46uxw%3D%3D&ratebypass=yes", "player_url": null, "ext": "webm", "format_note": "tiny", "acodec": "opus", "abr": 70, "asr": 48000, "filesize": 2202260, "fps": null, "height": null, "tbr": 86.46, "width": null, "vcodec": "none", "downloader_options": {"http_chunk_size": 10485760}, "format": "250 - audio only (tiny)", "protocol": "https", "http_headers": {"User-Agent": "Mozilla/5.0 (Windows NT 10.0; Win64; x64) AppleWebKit/537.36 (KHTML, like Gecko) Chrome/70.0.3538.79 Safari/537.36", "Accept-Charset": "ISO-8859-1,utf-8;q=0.7,*;q=0.7", "Accept": "text/html,application/xhtml+xml,application/xml;q=0.9,*/*;q=0.8", "Accept-Encoding": "gzip, deflate", "Accept-Language": "en-us,en;q=0.5"}}, {"format_id": "140", "url": "https://r4---sn-5njj-u2xe.googlevideo.com/videoplayback?expire=1612167570&ei=MmUXYLKyDcK2gQOJhZfwDw&ip=140.109.135.76&id=o-AOFS9zAaRPyr9v0omd77SgJLxMzQ5uPu3T2sIQRQXbyC&itag=140&source=youtube&requiressl=yes&mh=8y&mm=31%2C29&mn=sn-5njj-u2xe%2Csn-un57sn7s&ms=au%2Crdu&mv=m&mvi=4&pl=16&initcwndbps=378750&vprv=1&mime=audio%2Fmp4&ns=5ACaNbvPEHWH5yvlACEzSBoF&gir=yes&clen=3425983&dur=215.666&lmt=1516516056361960&mt=1612145563&fvip=4&keepalive=yes&beids=9466585&c=WEB&n=drBIHHcft1mxGdUIg&sparams=expire%2Cei%2Cip%2Cid%2Citag%2Csource%2Crequiressl%2Cvprv%2Cmime%2Cns%2Cgir%2Cclen%2Cdur%2Clmt&sig=AOq0QJ8wRAIgCW85gnAt9u2Y7lV9wW_4_pKIV4Fddz0amVHaODqVIusCIHkh2-dQNTeoIdvRffk70g5BrMJf88MoVXa5-8w_tftk&lsparams=mh%2Cmm%2Cmn%2Cms%2Cmv%2Cmvi%2Cpl%2Cinitcwndbps&lsig=AG3C_xAwRQIgZoqINj0n_Fq0P6Si3_COGIe0LbVUY5RUU4TxQEHCZJMCIQC3YmXGJ2_WdT0U0FVsoa7ETQqXuFn36PetF1q6h46uxw%3D%3D&ratebypass=yes", "player_url": null, "ext": "m4a", "format_note": "tiny", "acodec": "mp4a.40.2", "abr": 128, "container": "m4a_dash", "asr": 44100, "filesize": 3425983, "fps": null, "height": null, "tbr": 128.07, "width": null, "vcodec": "none", "downloader_options": {"http_chunk_size": 10485760}, "format": "140 - audio only (tiny)", "protocol": "https", "http_headers": {"User-Agent": "Mozilla/5.0 (Windows NT 10.0; Win64; x64) AppleWebKit/537.36 (KHTML, like Gecko) Chrome/70.0.3538.79 Safari/537.36", "Accept-Charset": "ISO-8859-1,utf-8;q=0.7,*;q=0.7", "Accept": "text/html,application/xhtml+xml,application/xml;q=0.9,*/*;q=0.8", "Accept-Encoding": "gzip, deflate", "Accept-Language": "en-us,en;q=0.5"}}, {"format_id": "251", "url": "https://r4---sn-5njj-u2xe.googlevideo.com/videoplayback?expire=1612167570&ei=MmUXYLKyDcK2gQOJhZfwDw&ip=140.109.135.76&id=o-AOFS9zAaRPyr9v0omd77SgJLxMzQ5uPu3T2sIQRQXbyC&itag=251&source=youtube&requiressl=yes&mh=8y&mm=31%2C29&mn=sn-5njj-u2xe%2Csn-un57sn7s&ms=au%2Crdu&mv=m&mvi=4&pl=16&initcwndbps=378750&vprv=1&mime=audio%2Fwebm&ns=5ACaNbvPEHWH5yvlACEzSBoF&gir=yes&clen=4192517&dur=215.621&lmt=1516517817852946&mt=1612145563&fvip=4&keepalive=yes&beids=9466585&c=WEB&n=drBIHHcft1mxGdUIg&sparams=expire%2Cei%2Cip%2Cid%2Citag%2Csource%2Crequiressl%2Cvprv%2Cmime%2Cns%2Cgir%2Cclen%2Cdur%2Clmt&sig=AOq0QJ8wRAIgecSK2KBUJo7v4HKcC-Lfn7u7nX_Cn2YqKh1CRGlLl7YCIC57g6HI21iB53xgtEN0Pba8V_iofSRqW0DB8skfpTne&lsparams=mh%2Cmm%2Cmn%2Cms%2Cmv%2Cmvi%2Cpl%2Cinitcwndbps&lsig=AG3C_xAwRQIgZoqINj0n_Fq0P6Si3_COGIe0LbVUY5RUU4TxQEHCZJMCIQC3YmXGJ2_WdT0U0FVsoa7ETQqXuFn36PetF1q6h46uxw%3D%3D&ratebypass=yes", "player_url": null, "ext": "webm", "format_note": "tiny", "acodec": "opus", "abr": 160, "asr": 48000, "filesize": 4192517, "fps": null, "height": null, "tbr": 163.017, "width": null, "vcodec": "none", "downloader_options": {"http_chunk_size": 10485760}, "format": "251 - audio only (tiny)", "protocol": "https", "http_headers": {"User-Agent": "Mozilla/5.0 (Windows NT 10.0; Win64; x64) AppleWebKit/537.36 (KHTML, like Gecko) Chrome/70.0.3538.79 Safari/537.36", "Accept-Charset": "ISO-8859-1,utf-8;q=0.7,*;q=0.7", "Accept": "text/html,application/xhtml+xml,application/xml;q=0.9,*/*;q=0.8", "Accept-Encoding": "gzip, deflate", "Accept-Language": "en-us,en;q=0.5"}}, {"format_id": "160", "url": "https://r4---sn-5njj-u2xe.googlevideo.com/videoplayback?expire=1612167570&ei=MmUXYLKyDcK2gQOJhZfwDw&ip=140.109.135.76&id=o-AOFS9zAaRPyr9v0omd77SgJLxMzQ5uPu3T2sIQRQXbyC&itag=160&aitags=133%2C134%2C135%2C136%2C137%2C160%2C242%2C243%2C244%2C247%2C248%2C278&source=youtube&requiressl=yes&mh=8y&mm=31%2C29&mn=sn-5njj-u2xe%2Csn-un57sn7s&ms=au%2Crdu&mv=m&mvi=4&pl=16&initcwndbps=378750&vprv=1&mime=video%2Fmp4&ns=5ACaNbvPEHWH5yvlACEzSBoF&gir=yes&clen=534656&dur=215.599&lmt=1516517062044085&mt=1612145563&fvip=4&keepalive=yes&beids=9466585&c=WEB&n=drBIHHcft1mxGdUIg&sparams=expire%2Cei%2Cip%2Cid%2Caitags%2Csource%2Crequiressl%2Cvprv%2Cmime%2Cns%2Cgir%2Cclen%2Cdur%2Clmt&sig=AOq0QJ8wRgIhAPkPcYCEZY25_o2FxTrmeru1Iga3r7vaACZNhvrlzMh3AiEAwDBbolestRH9EZVV5v9OsSqnX8V3i-Bkb0OJOF3eoGY%3D&lsparams=mh%2Cmm%2Cmn%2Cms%2Cmv%2Cmvi%2Cpl%2Cinitcwndbps&lsig=AG3C_xAwRQIgZoqINj0n_Fq0P6Si3_COGIe0LbVUY5RUU4TxQEHCZJMCIQC3YmXGJ2_WdT0U0FVsoa7ETQqXuFn36PetF1q6h46uxw%3D%3D&ratebypass=yes", "player_url": null, "ext": "mp4", "height": 144, "format_note": "144p", "vcodec": "avc1.4d400c", "asr": null, "filesize": 534656, "fps": 30, "tbr": 34.477, "width": 256, "acodec": "none", "downloader_options": {"http_chunk_size": 10485760}, "format": "160 - 256x144 (144p)", "protocol": "https", "http_headers": {"User-Agent": "Mozilla/5.0 (Windows NT 10.0; Win64; x64) AppleWebKit/537.36 (KHTML, like Gecko) Chrome/70.0.3538.79 Safari/537.36", "Accept-Charset": "ISO-8859-1,utf-8;q=0.7,*;q=0.7", "Accept": "text/html,application/xhtml+xml,application/xml;q=0.9,*/*;q=0.8", "Accept-Encoding": "gzip, deflate", "Accept-Language": "en-us,en;q=0.5"}}, {"format_id": "278", "url": "https://r4---sn-5njj-u2xe.googlevideo.com/videoplayback?expire=1612167570&ei=MmUXYLKyDcK2gQOJhZfwDw&ip=140.109.135.76&id=o-AOFS9zAaRPyr9v0omd77SgJLxMzQ5uPu3T2sIQRQXbyC&itag=278&aitags=133%2C134%2C135%2C136%2C137%2C160%2C242%2C243%2C244%2C247%2C248%2C278&source=youtube&requiressl=yes&mh=8y&mm=31%2C29&mn=sn-5njj-u2xe%2Csn-un57sn7s&ms=au%2Crdu&mv=m&mvi=4&pl=16&initcwndbps=378750&vprv=1&mime=video%2Fwebm&ns=5ACaNbvPEHWH5yvlACEzSBoF&gir=yes&clen=1148388&dur=215.599&lmt=1516518082152482&mt=1612145563&fvip=4&keepalive=yes&beids=9466585&c=WEB&n=drBIHHcft1mxGdUIg&sparams=expire%2Cei%2Cip%2Cid%2Caitags%2Csource%2Crequiressl%2Cvprv%2Cmime%2Cns%2Cgir%2Cclen%2Cdur%2Clmt&sig=AOq0QJ8wRQIgL7OII1DHu-7f71NJHUb5eJjBGdHqMOxxSoMas-vp68oCIQDSiEaPZ2lS6-AScSj36Rq5L9rHKHlQTnlus4gu1mH9rA%3D%3D&lsparams=mh%2Cmm%2Cmn%2Cms%2Cmv%2Cmvi%2Cpl%2Cinitcwndbps&lsig=AG3C_xAwRQIgZoqINj0n_Fq0P6Si3_COGIe0LbVUY5RUU4TxQEHCZJMCIQC3YmXGJ2_WdT0U0FVsoa7ETQqXuFn36PetF1q6h46uxw%3D%3D&ratebypass=yes", "player_url": null, "ext": "webm", "height": 144, "format_note": "144p", "container": "webm", "vcodec": "vp9", "asr": null, "filesize": 1148388, "fps": 30, "tbr": 68.409, "width": 256, "acodec": "none", "downloader_options": {"http_chunk_size": 10485760}, "format": "278 - 256x144 (144p)", "protocol": "https", "http_headers": {"User-Agent": "Mozilla/5.0 (Windows NT 10.0; Win64; x64) AppleWebKit/537.36 (KHTML, like Gecko) Chrome/70.0.3538.79 Safari/537.36", "Accept-Charset": "ISO-8859-1,utf-8;q=0.7,*;q=0.7", "Accept": "text/html,application/xhtml+xml,application/xml;q=0.9,*/*;q=0.8", "Accept-Encoding": "gzip, deflate", "Accept-Language": "en-us,en;q=0.5"}}, {"format_id": "133", "url": "https://r4---sn-5njj-u2xe.googlevideo.com/videoplayback?expire=1612167570&ei=MmUXYLKyDcK2gQOJhZfwDw&ip=140.109.135.76&id=o-AOFS9zAaRPyr9v0omd77SgJLxMzQ5uPu3T2sIQRQXbyC&itag=133&aitags=133%2C134%2C135%2C136%2C137%2C160%2C242%2C243%2C244%2C247%2C248%2C278&source=youtube&requiressl=yes&mh=8y&mm=31%2C29&mn=sn-5njj-u2xe%2Csn-un57sn7s&ms=au%2Crdu&mv=m&mvi=4&pl=16&initcwndbps=378750&vprv=1&mime=video%2Fmp4&ns=5ACaNbvPEHWH5yvlACEzSBoF&gir=yes&clen=944581&dur=215.599&lmt=1516517055936977&mt=1612145563&fvip=4&keepalive=yes&beids=9466585&c=WEB&n=drBIHHcft1mxGdUIg&sparams=expire%2Cei%2Cip%2Cid%2Caitags%2Csource%2Crequiressl%2Cvprv%2Cmime%2Cns%2Cgir%2Cclen%2Cdur%2Clmt&sig=AOq0QJ8wRAIgTN8LMvHpwJ-s2b3-c-rHo0H83l9y0Wmx21aopvKgyJkCIFanEqFS46EoffTN1rWA5uGZ3iY1nGvJ8IVr66XzrInn&lsparams=mh%2Cmm%2Cmn%2Cms%2Cmv%2Cmvi%2Cpl%2Cinitcwndbps&lsig=AG3C_xAwRQIgZoqINj0n_Fq0P6Si3_COGIe0LbVUY5RUU4TxQEHCZJMCIQC3YmXGJ2_WdT0U0FVsoa7ETQqXuFn36PetF1q6h46uxw%3D%3D&ratebypass=yes", "player_url": null, "ext": "mp4", "height": 240, "format_note": "240p", "vcodec": "avc1.4d4015", "asr": null, "filesize": 944581, "fps": 30, "tbr": 69.61, "width": 426, "acodec": "none", "downloader_options": {"http_chunk_size": 10485760}, "format": "133 - 426x240 (240p)", "protocol": "https", "http_headers": {"User-Agent": "Mozilla/5.0 (Windows NT 10.0; Win64; x64) AppleWebKit/537.36 (KHTML, like Gecko) Chrome/70.0.3538.79 Safari/537.36", "Accept-Charset": "ISO-8859-1,utf-8;q=0.7,*;q=0.7", "Accept": "text/html,application/xhtml+xml,application/xml;q=0.9,*/*;q=0.8", "Accept-Encoding": "gzip, deflate", "Accept-Language": "en-us,en;q=0.5"}}, {"format_id": "242", "url": "https://r4---sn-5njj-u2xe.googlevideo.com/videoplayback?expire=1612167570&ei=MmUXYLKyDcK2gQOJhZfwDw&ip=140.109.135.76&id=o-AOFS9zAaRPyr9v0omd77SgJLxMzQ5uPu3T2sIQRQXbyC&itag=242&aitags=133%2C134%2C135%2C136%2C137%2C160%2C242%2C243%2C244%2C247%2C248%2C278&source=youtube&requiressl=yes&mh=8y&mm=31%2C29&mn=sn-5njj-u2xe%2Csn-un57sn7s&ms=au%2Crdu&mv=m&mvi=4&pl=16&initcwndbps=378750&vprv=1&mime=video%2Fwebm&ns=5ACaNbvPEHWH5yvlACEzSBoF&gir=yes&clen=1669587&dur=215.599&lmt=1516518056298105&mt=1612145563&fvip=4&keepalive=yes&beids=9466585&c=WEB&n=drBIHHcft1mxGdUIg&sparams=expire%2Cei%2Cip%2Cid%2Caitags%2Csource%2Crequiressl%2Cvprv%2Cmime%2Cns%2Cgir%2Cclen%2Cdur%2Clmt&sig=AOq0QJ8wRgIhAJg7b64Jzi2J70NQ4w0oDaSIF5EoUzndTWBJ1Q3NLaDlAiEAxXDxt5hISNSTJsvRdZwWbF06w8WyvhK4gA5RZTVdma4%3D&lsparams=mh%2Cmm%2Cmn%2Cms%2Cmv%2Cmvi%2Cpl%2Cinitcwndbps&lsig=AG3C_xAwRQIgZoqINj0n_Fq0P6Si3_COGIe0LbVUY5RUU4TxQEHCZJMCIQC3YmXGJ2_WdT0U0FVsoa7ETQqXuFn36PetF1q6h46uxw%3D%3D&ratebypass=yes", "player_url": null, "ext": "webm", "height": 240, "format_note": "240p", "vcodec": "vp9", "asr": null, "filesize": 1669587, "fps": 30, "tbr": 119.022, "width": 426, "acodec": "none", "downloader_options": {"http_chunk_size": 10485760}, "format": "242 - 426x240 (240p)", "protocol": "https", "http_headers": {"User-Agent": "Mozilla/5.0 (Windows NT 10.0; Win64; x64) AppleWebKit/537.36 (KHTML, like Gecko) Chrome/70.0.3538.79 Safari/537.36", "Accept-Charset": "ISO-8859-1,utf-8;q=0.7,*;q=0.7", "Accept": "text/html,application/xhtml+xml,application/xml;q=0.9,*/*;q=0.8", "Accept-Encoding": "gzip, deflate", "Accept-Language": "en-us,en;q=0.5"}}, {"format_id": "134", "url": "https://r4---sn-5njj-u2xe.googlevideo.com/videoplayback?expire=1612167570&ei=MmUXYLKyDcK2gQOJhZfwDw&ip=140.109.135.76&id=o-AOFS9zAaRPyr9v0omd77SgJLxMzQ5uPu3T2sIQRQXbyC&itag=134&aitags=133%2C134%2C135%2C136%2C137%2C160%2C242%2C243%2C244%2C247%2C248%2C278&source=youtube&requiressl=yes&mh=8y&mm=31%2C29&mn=sn-5njj-u2xe%2Csn-un57sn7s&ms=au%2Crdu&mv=m&mvi=4&pl=16&initcwndbps=378750&vprv=1&mime=video%2Fmp4&ns=5ACaNbvPEHWH5yvlACEzSBoF&gir=yes&clen=2364330&dur=215.599&lmt=1516517058045513&mt=1612145563&fvip=4&keepalive=yes&beids=9466585&c=WEB&n=drBIHHcft1mxGdUIg&sparams=expire%2Cei%2Cip%2Cid%2Caitags%2Csource%2Crequiressl%2Cvprv%2Cmime%2Cns%2Cgir%2Cclen%2Cdur%2Clmt&sig=AOq0QJ8wRQIgRp_gZm2aYcY-bzGGmtknsPZWVe_UXLoVFp2bSs3o-ccCIQCJyYiSc8KNCN4HEWovfI-YzltNK2tmkqHUfvKrXH2dJA%3D%3D&lsparams=mh%2Cmm%2Cmn%2Cms%2Cmv%2Cmvi%2Cpl%2Cinitcwndbps&lsig=AG3C_xAwRQIgZoqINj0n_Fq0P6Si3_COGIe0LbVUY5RUU4TxQEHCZJMCIQC3YmXGJ2_WdT0U0FVsoa7ETQqXuFn36PetF1q6h46uxw%3D%3D&ratebypass=yes", "player_url": null, "ext": "mp4", "height": 360, "format_note": "360p", "vcodec": "avc1.4d401e", "asr": null, "filesize": 2364330, "fps": 30, "tbr": 137.972, "width": 640, "acodec": "none", "downloader_options": {"http_chunk_size": 10485760}, "format": "134 - 640x360 (360p)", "protocol": "https", "http_headers": {"User-Agent": "Mozilla/5.0 (Windows NT 10.0; Win64; x64) AppleWebKit/537.36 (KHTML, like Gecko) Chrome/70.0.3538.79 Safari/537.36", "Accept-Charset": "ISO-8859-1,utf-8;q=0.7,*;q=0.7", "Accept": "text/html,application/xhtml+xml,application/xml;q=0.9,*/*;q=0.8", "Accept-Encoding": "gzip, deflate", "Accept-Language": "en-us,en;q=0.5"}}, {"format_id": "243", "url": "https://r4---sn-5njj-u2xe.googlevideo.com/videoplayback?expire=1612167570&ei=MmUXYLKyDcK2gQOJhZfwDw&ip=140.109.135.76&id=o-AOFS9zAaRPyr9v0omd77SgJLxMzQ5uPu3T2sIQRQXbyC&itag=243&aitags=133%2C134%2C135%2C136%2C137%2C160%2C242%2C243%2C244%2C247%2C248%2C278&source=youtube&requiressl=yes&mh=8y&mm=31%2C29&mn=sn-5njj-u2xe%2Csn-un57sn7s&ms=au%2Crdu&mv=m&mvi=4&pl=16&initcwndbps=378750&vprv=1&mime=video%2Fwebm&ns=5ACaNbvPEHWH5yvlACEzSBoF&gir=yes&clen=3257086&dur=215.599&lmt=1516518099418521&mt=1612145563&fvip=4&keepalive=yes&beids=9466585&c=WEB&n=drBIHHcft1mxGdUIg&sparams=expire%2Cei%2Cip%2Cid%2Caitags%2Csource%2Crequiressl%2Cvprv%2Cmime%2Cns%2Cgir%2Cclen%2Cdur%2Clmt&sig=AOq0QJ8wRgIhAKx5v87o5oG3N6FsTpG4huJAe0CRFoShyimiA2GPq6dvAiEAgyifyJGNzOVfvdg-GAFBMod1Ki0EJlsWY2sws2jUMTY%3D&lsparams=mh%2Cmm%2Cmn%2Cms%2Cmv%2Cmvi%2Cpl%2Cinitcwndbps&lsig=AG3C_xAwRQIgZoqINj0n_Fq0P6Si3_COGIe0LbVUY5RUU4TxQEHCZJMCIQC3YmXGJ2_WdT0U0FVsoa7ETQqXuFn36PetF1q6h46uxw%3D%3D&ratebypass=yes", "player_url": null, "ext": "webm", "height": 360, "format_note": "360p", "vcodec": "vp9", "asr": null, "filesize": 3257086, "fps": 30, "tbr": 216.045, "width": 640, "acodec": "none", "downloader_options": {"http_chunk_size": 10485760}, "format": "243 - 640x360 (360p)", "protocol": "https", "http_headers": {"User-Agent": "Mozilla/5.0 (Windows NT 10.0; Win64; x64) AppleWebKit/537.36 (KHTML, like Gecko) Chrome/70.0.3538.79 Safari/537.36", "Accept-Charset": "ISO-8859-1,utf-8;q=0.7,*;q=0.7", "Accept": "text/html,application/xhtml+xml,application/xml;q=0.9,*/*;q=0.8", "Accept-Encoding": "gzip, deflate", "Accept-Language": "en-us,en;q=0.5"}}, {"format_id": "135", "url": "https://r4---sn-5njj-u2xe.googlevideo.com/videoplayback?expire=1612167570&ei=MmUXYLKyDcK2gQOJhZfwDw&ip=140.109.135.76&id=o-AOFS9zAaRPyr9v0omd77SgJLxMzQ5uPu3T2sIQRQXbyC&itag=135&aitags=133%2C134%2C135%2C136%2C137%2C160%2C242%2C243%2C244%2C247%2C248%2C278&source=youtube&requiressl=yes&mh=8y&mm=31%2C29&mn=sn-5njj-u2xe%2Csn-un57sn7s&ms=au%2Crdu&mv=m&mvi=4&pl=16&initcwndbps=378750&vprv=1&mime=video%2Fmp4&ns=5ACaNbvPEHWH5yvlACEzSBoF&gir=yes&clen=4102657&dur=215.599&lmt=1516517062847920&mt=1612145563&fvip=4&keepalive=yes&beids=9466585&c=WEB&n=drBIHHcft1mxGdUIg&sparams=expire%2Cei%2Cip%2Cid%2Caitags%2Csource%2Crequiressl%2Cvprv%2Cmime%2Cns%2Cgir%2Cclen%2Cdur%2Clmt&sig=AOq0QJ8wRQIgMr8urREMYQT7dL5GMAb3K0Cdbzi6Cg9GoLfagD1wMz0CIQDYjBJsez474JrrRiCC0PVSg4_dmaqqCPLp4R8Jz4SAtQ%3D%3D&lsparams=mh%2Cmm%2Cmn%2Cms%2Cmv%2Cmvi%2Cpl%2Cinitcwndbps&lsig=AG3C_xAwRQIgZoqINj0n_Fq0P6Si3_COGIe0LbVUY5RUU4TxQEHCZJMCIQC3YmXGJ2_WdT0U0FVsoa7ETQqXuFn36PetF1q6h46uxw%3D%3D&ratebypass=yes", "player_url": null, "ext": "mp4", "height": 480, "format_note": "480p", "vcodec": "avc1.4d401f", "asr": null, "filesize": 4102657, "fps": 30, "tbr": 247.11, "width": 854, "acodec": "none", "downloader_options": {"http_chunk_size": 10485760}, "format": "135 - 854x480 (480p)", "protocol": "https", "http_headers": {"User-Agent": "Mozilla/5.0 (Windows NT 10.0; Win64; x64) AppleWebKit/537.36 (KHTML, like Gecko) Chrome/70.0.3538.79 Safari/537.36", "Accept-Charset": "ISO-8859-1,utf-8;q=0.7,*;q=0.7", "Accept": "text/html,application/xhtml+xml,application/xml;q=0.9,*/*;q=0.8", "Accept-Encoding": "gzip, deflate", "Accept-Language": "en-us,en;q=0.5"}}, {"format_id": "244", "url": "https://r4---sn-5njj-u2xe.googlevideo.com/videoplayback?expire=1612167570&ei=MmUXYLKyDcK2gQOJhZfwDw&ip=140.109.135.76&id=o-AOFS9zAaRPyr9v0omd77SgJLxMzQ5uPu3T2sIQRQXbyC&itag=244&aitags=133%2C134%2C135%2C136%2C137%2C160%2C242%2C243%2C244%2C247%2C248%2C278&source=youtube&requiressl=yes&mh=8y&mm=31%2C29&mn=sn-5njj-u2xe%2Csn-un57sn7s&ms=au%2Crdu&mv=m&mvi=4&pl=16&initcwndbps=378750&vprv=1&mime=video%2Fwebm&ns=5ACaNbvPEHWH5yvlACEzSBoF&gir=yes&clen=5263654&dur=215.599&lmt=1516518104189815&mt=1612145563&fvip=4&keepalive=yes&beids=9466585&c=WEB&n=drBIHHcft1mxGdUIg&sparams=expire%2Cei%2Cip%2Cid%2Caitags%2Csource%2Crequiressl%2Cvprv%2Cmime%2Cns%2Cgir%2Cclen%2Cdur%2Clmt&sig=AOq0QJ8wRQIhAK3zwKcmTANEg-j7qCGgg40jzKzCmlNWLWVi6EXpQOvVAiAyjQZxCIGhg-Nq7ZRUwnTwiv_yLCAgCrqDKDuECf3XhA%3D%3D&lsparams=mh%2Cmm%2Cmn%2Cms%2Cmv%2Cmvi%2Cpl%2Cinitcwndbps&lsig=AG3C_xAwRQIgZoqINj0n_Fq0P6Si3_COGIe0LbVUY5RUU4TxQEHCZJMCIQC3YmXGJ2_WdT0U0FVsoa7ETQqXuFn36PetF1q6h46uxw%3D%3D&ratebypass=yes", "player_url": null, "ext": "webm", "height": 480, "format_note": "480p", "vcodec": "vp9", "asr": null, "filesize": 5263654, "fps": 30, "tbr": 353.461, "width": 854, "acodec": "none", "downloader_options": {"http_chunk_size": 10485760}, "format": "244 - 854x480 (480p)", "protocol": "https", "http_headers": {"User-Agent": "Mozilla/5.0 (Windows NT 10.0; Win64; x64) AppleWebKit/537.36 (KHTML, like Gecko) Chrome/70.0.3538.79 Safari/537.36", "Accept-Charset": "ISO-8859-1,utf-8;q=0.7,*;q=0.7", "Accept": "text/html,application/xhtml+xml,application/xml;q=0.9,*/*;q=0.8", "Accept-Encoding": "gzip, deflate", "Accept-Language": "en-us,en;q=0.5"}}, {"format_id": "136", "url": "https://r4---sn-5njj-u2xe.googlevideo.com/videoplayback?expire=1612167570&ei=MmUXYLKyDcK2gQOJhZfwDw&ip=140.109.135.76&id=o-AOFS9zAaRPyr9v0omd77SgJLxMzQ5uPu3T2sIQRQXbyC&itag=136&aitags=133%2C134%2C135%2C136%2C137%2C160%2C242%2C243%2C244%2C247%2C248%2C278&source=youtube&requiressl=yes&mh=8y&mm=31%2C29&mn=sn-5njj-u2xe%2Csn-un57sn7s&ms=au%2Crdu&mv=m&mvi=4&pl=16&initcwndbps=378750&vprv=1&mime=video%2Fmp4&ns=5ACaNbvPEHWH5yvlACEzSBoF&gir=yes&clen=7546210&dur=215.599&lmt=1516517067847318&mt=1612145563&fvip=4&keepalive=yes&beids=9466585&c=WEB&n=drBIHHcft1mxGdUIg&sparams=expire%2Cei%2Cip%2Cid%2Caitags%2Csource%2Crequiressl%2Cvprv%2Cmime%2Cns%2Cgir%2Cclen%2Cdur%2Clmt&sig=AOq0QJ8wRAIgQwhyoX7f8IHrdsTy6fbAlYLqwROrgz05WMgrIVjh-oACIGZiVaOcEoUC-QEcj8LiEF92rou0NmtSy7IJE4J8N7Vv&lsparams=mh%2Cmm%2Cmn%2Cms%2Cmv%2Cmvi%2Cpl%2Cinitcwndbps&lsig=AG3C_xAwRQIgZoqINj0n_Fq0P6Si3_COGIe0LbVUY5RUU4TxQEHCZJMCIQC3YmXGJ2_WdT0U0FVsoa7ETQqXuFn36PetF1q6h46uxw%3D%3D&ratebypass=yes", "player_url": null, "ext": "mp4", "height": 720, "format_note": "720p", "vcodec": "avc1.4d401f", "asr": null, "filesize": 7546210, "fps": 30, "tbr": 456.0, "width": 1280, "acodec": "none", "downloader_options": {"http_chunk_size": 10485760}, "format": "136 - 1280x720 (720p)", "protocol": "https", "http_headers": {"User-Agent": "Mozilla/5.0 (Windows NT 10.0; Win64; x64) AppleWebKit/537.36 (KHTML, like Gecko) Chrome/70.0.3538.79 Safari/537.36", "Accept-Charset": "ISO-8859-1,utf-8;q=0.7,*;q=0.7", "Accept": "text/html,application/xhtml+xml,application/xml;q=0.9,*/*;q=0.8", "Accept-Encoding": "gzip, deflate", "Accept-Language": "en-us,en;q=0.5"}}, {"format_id": "247", "url": "https://r4---sn-5njj-u2xe.googlevideo.com/videoplayback?expire=1612167570&ei=MmUXYLKyDcK2gQOJhZfwDw&ip=140.109.135.76&id=o-AOFS9zAaRPyr9v0omd77SgJLxMzQ5uPu3T2sIQRQXbyC&itag=247&aitags=133%2C134%2C135%2C136%2C137%2C160%2C242%2C243%2C244%2C247%2C248%2C278&source=youtube&requiressl=yes&mh=8y&mm=31%2C29&mn=sn-5njj-u2xe%2Csn-un57sn7s&ms=au%2Crdu&mv=m&mvi=4&pl=16&initcwndbps=378750&vprv=1&mime=video%2Fwebm&ns=5ACaNbvPEHWH5yvlACEzSBoF&gir=yes&clen=10472119&dur=215.599&lmt=1516518129473144&mt=1612145563&fvip=4&keepalive=yes&beids=9466585&c=WEB&n=drBIHHcft1mxGdUIg&sparams=expire%2Cei%2Cip%2Cid%2Caitags%2Csource%2Crequiressl%2Cvprv%2Cmime%2Cns%2Cgir%2Cclen%2Cdur%2Clmt&sig=AOq0QJ8wRAIgHuaFKuiRPYoiogstr8ylsYq1-DsZ81C6Ia9ZA0H9vXMCIDtnFDmaxRi8ghUEpNsW06zoF8RGJzoeOdqCS1TLxZNU&lsparams=mh%2Cmm%2Cmn%2Cms%2Cmv%2Cmvi%2Cpl%2Cinitcwndbps&lsig=AG3C_xAwRQIgZoqINj0n_Fq0P6Si3_COGIe0LbVUY5RUU4TxQEHCZJMCIQC3YmXGJ2_WdT0U0FVsoa7ETQqXuFn36PetF1q6h46uxw%3D%3D&ratebypass=yes", "player_url": null, "ext": "webm", "height": 720, "format_note": "720p", "vcodec": "vp9", "asr": null, "filesize": 10472119, "fps": 30, "tbr": 650.714, "width": 1280, "acodec": "none", "downloader_options": {"http_chunk_size": 10485760}, "format": "247 - 1280x720 (720p)", "protocol": "https", "http_headers": {"User-Agent": "Mozilla/5.0 (Windows NT 10.0; Win64; x64) AppleWebKit/537.36 (KHTML, like Gecko) Chrome/70.0.3538.79 Safari/537.36", "Accept-Charset": "ISO-8859-1,utf-8;q=0.7,*;q=0.7", "Accept": "text/html,application/xhtml+xml,application/xml;q=0.9,*/*;q=0.8", "Accept-Encoding": "gzip, deflate", "Accept-Language": "en-us,en;q=0.5"}}, {"format_id": "137", "url": "https://r4---sn-5njj-u2xe.googlevideo.com/videoplayback?expire=1612167570&ei=MmUXYLKyDcK2gQOJhZfwDw&ip=140.109.135.76&id=o-AOFS9zAaRPyr9v0omd77SgJLxMzQ5uPu3T2sIQRQXbyC&itag=137&aitags=133%2C134%2C135%2C136%2C137%2C160%2C242%2C243%2C244%2C247%2C248%2C278&source=youtube&requiressl=yes&mh=8y&mm=31%2C29&mn=sn-5njj-u2xe%2Csn-un57sn7s&ms=au%2Crdu&mv=m&mvi=4&pl=16&initcwndbps=378750&vprv=1&mime=video%2Fmp4&ns=5ACaNbvPEHWH5yvlACEzSBoF&gir=yes&clen=13468227&dur=215.599&lmt=1516517099066955&mt=1612145563&fvip=4&keepalive=yes&beids=9466585&c=WEB&n=drBIHHcft1mxGdUIg&sparams=expire%2Cei%2Cip%2Cid%2Caitags%2Csource%2Crequiressl%2Cvprv%2Cmime%2Cns%2Cgir%2Cclen%2Cdur%2Clmt&sig=AOq0QJ8wRQIhAKDUAIRTbIV70r7z1C9H9rBsOXj2v99P2u_PP_CNeTrYAiB7od4hqtpAJFnAIKygzuKIwiHS2_teRCAiiMLzfjlBPg%3D%3D&lsparams=mh%2Cmm%2Cmn%2Cms%2Cmv%2Cmvi%2Cpl%2Cinitcwndbps&lsig=AG3C_xAwRQIgZoqINj0n_Fq0P6Si3_COGIe0LbVUY5RUU4TxQEHCZJMCIQC3YmXGJ2_WdT0U0FVsoa7ETQqXuFn36PetF1q6h46uxw%3D%3D&ratebypass=yes", "player_url": null, "ext": "mp4", "height": 1080, "format_note": "1080p", "vcodec": "avc1.640028", "asr": null, "filesize": 13468227, "fps": 30, "tbr": 830.867, "width": 1920, "acodec": "none", "downloader_options": {"http_chunk_size": 10485760}, "format": "137 - 1920x1080 (1080p)", "protocol": "https", "http_headers": {"User-Agent": "Mozilla/5.0 (Windows NT 10.0; Win64; x64) AppleWebKit/537.36 (KHTML, like Gecko) Chrome/70.0.3538.79 Safari/537.36", "Accept-Charset": "ISO-8859-1,utf-8;q=0.7,*;q=0.7", "Accept": "text/html,application/xhtml+xml,application/xml;q=0.9,*/*;q=0.8", "Accept-Encoding": "gzip, deflate", "Accept-Language": "en-us,en;q=0.5"}}, {"format_id": "248", "url": "https://r4---sn-5njj-u2xe.googlevideo.com/videoplayback?expire=1612167570&ei=MmUXYLKyDcK2gQOJhZfwDw&ip=140.109.135.76&id=o-AOFS9zAaRPyr9v0omd77SgJLxMzQ5uPu3T2sIQRQXbyC&itag=248&aitags=133%2C134%2C135%2C136%2C137%2C160%2C242%2C243%2C244%2C247%2C248%2C278&source=youtube&requiressl=yes&mh=8y&mm=31%2C29&mn=sn-5njj-u2xe%2Csn-un57sn7s&ms=au%2Crdu&mv=m&mvi=4&pl=16&initcwndbps=378750&vprv=1&mime=video%2Fwebm&ns=5ACaNbvPEHWH5yvlACEzSBoF&gir=yes&clen=21721472&dur=215.599&lmt=1516518159829563&mt=1612145563&fvip=4&keepalive=yes&beids=9466585&c=WEB&n=drBIHHcft1mxGdUIg&sparams=expire%2Cei%2Cip%2Cid%2Caitags%2Csource%2Crequiressl%2Cvprv%2Cmime%2Cns%2Cgir%2Cclen%2Cdur%2Clmt&sig=AOq0QJ8wRQIhAIU5AAmofzy1fct1xkXG5_J2lnLtuVRQRR1twn4StG3NAiAoLSvskQhpD-oP-1-izOKUrST8y0dOAeI4I3eNCKiiEQ%3D%3D&lsparams=mh%2Cmm%2Cmn%2Cms%2Cmv%2Cmvi%2Cpl%2Cinitcwndbps&lsig=AG3C_xAwRQIgZoqINj0n_Fq0P6Si3_COGIe0LbVUY5RUU4TxQEHCZJMCIQC3YmXGJ2_WdT0U0FVsoa7ETQqXuFn36PetF1q6h46uxw%3D%3D&ratebypass=yes", "player_url": null, "ext": "webm", "height": 1080, "format_note": "1080p", "vcodec": "vp9", "asr": null, "filesize": 21721472, "fps": 30, "tbr": 1041.949, "width": 1920, "acodec": "none", "downloader_options": {"http_chunk_size": 10485760}, "format": "248 - 1920x1080 (1080p)", "protocol": "https", "http_headers": {"User-Agent": "Mozilla/5.0 (Windows NT 10.0; Win64; x64) AppleWebKit/537.36 (KHTML, like Gecko) Chrome/70.0.3538.79 Safari/537.36", "Accept-Charset": "ISO-8859-1,utf-8;q=0.7,*;q=0.7", "Accept": "text/html,application/xhtml+xml,application/xml;q=0.9,*/*;q=0.8", "Accept-Encoding": "gzip, deflate", "Accept-Language": "en-us,en;q=0.5"}}, {"format_id": "18", "url": "https://r4---sn-5njj-u2xe.googlevideo.com/videoplayback?expire=1612167570&ei=MmUXYLKyDcK2gQOJhZfwDw&ip=140.109.135.76&id=o-AOFS9zAaRPyr9v0omd77SgJLxMzQ5uPu3T2sIQRQXbyC&itag=18&source=youtube&requiressl=yes&mh=8y&mm=31%2C29&mn=sn-5njj-u2xe%2Csn-un57sn7s&ms=au%2Crdu&mv=m&mvi=4&pl=16&initcwndbps=378750&vprv=1&mime=video%2Fmp4&ns=DqKxz2Ld9oxFVNXasi7eRPcF&gir=yes&clen=9736404&ratebypass=yes&dur=215.666&lmt=1516515668659511&mt=1612145563&fvip=4&beids=9466585&c=WEB&n=AU6ERiLd-MijQxDi0&sparams=expire%2Cei%2Cip%2Cid%2Citag%2Csource%2Crequiressl%2Cvprv%2Cmime%2Cns%2Cgir%2Cclen%2Cratebypass%2Cdur%2Clmt&sig=AOq0QJ8wRQIgMpAvrOYAZx6ZYdEF1M8sCCLx7XpoIiDetTaBQxG5WVcCIQDaYgtwc30KABvS8lr2pwFLvGFLYoxk4gO471jfsitzyg%3D%3D&lsparams=mh%2Cmm%2Cmn%2Cms%2Cmv%2Cmvi%2Cpl%2Cinitcwndbps&lsig=AG3C_xAwRQIgZoqINj0n_Fq0P6Si3_COGIe0LbVUY5RUU4TxQEHCZJMCIQC3YmXGJ2_WdT0U0FVsoa7ETQqXuFn36PetF1q6h46uxw%3D%3D", "player_url": null, "ext": "mp4", "width": 640, "height": 360, "acodec": "mp4a.40.2", "abr": 96, "vcodec": "avc1.42001E", "asr": 44100, "filesize": 9736404, "format_note": "360p", "fps": 30, "tbr": 361.276, "format": "18 - 640x360 (360p)", "protocol": "https", "http_headers": {"User-Agent": "Mozilla/5.0 (Windows NT 10.0; Win64; x64) AppleWebKit/537.36 (KHTML, like Gecko) Chrome/70.0.3538.79 Safari/537.36", "Accept-Charset": "ISO-8859-1,utf-8;q=0.7,*;q=0.7", "Accept": "text/html,application/xhtml+xml,application/xml;q=0.9,*/*;q=0.8", "Accept-Encoding": "gzip, deflate", "Accept-Language": "en-us,en;q=0.5"}}], "is_live": null, "start_time": null, "end_time": null, "series": null, "season_number": null, "episode_number": null, "track": null, "artist": null, "album": null, "release_date": null, "release_year": null, "extractor": "youtube", "webpage_url_basename": "watch", "extractor_key": "Youtube", "playlist": null, "playlist_index": null, "thumbnail": "https://i.ytimg.com/vi_webp/HY9vPoHbgaI/maxresdefault.webp", "display_id": "HY9vPoHbgaI", "requested_subtitles": null, "format_id": "251", "url": "https://r4---sn-5njj-u2xe.googlevideo.com/videoplayback?expire=1612167570&ei=MmUXYLKyDcK2gQOJhZfwDw&ip=140.109.135.76&id=o-AOFS9zAaRPyr9v0omd77SgJLxMzQ5uPu3T2sIQRQXbyC&itag=251&source=youtube&requiressl=yes&mh=8y&mm=31%2C29&mn=sn-5njj-u2xe%2Csn-un57sn7s&ms=au%2Crdu&mv=m&mvi=4&pl=16&initcwndbps=378750&vprv=1&mime=audio%2Fwebm&ns=5ACaNbvPEHWH5yvlACEzSBoF&gir=yes&clen=4192517&dur=215.621&lmt=1516517817852946&mt=1612145563&fvip=4&keepalive=yes&beids=9466585&c=WEB&n=drBIHHcft1mxGdUIg&sparams=expire%2Cei%2Cip%2Cid%2Citag%2Csource%2Crequiressl%2Cvprv%2Cmime%2Cns%2Cgir%2Cclen%2Cdur%2Clmt&sig=AOq0QJ8wRAIgecSK2KBUJo7v4HKcC-Lfn7u7nX_Cn2YqKh1CRGlLl7YCIC57g6HI21iB53xgtEN0Pba8V_iofSRqW0DB8skfpTne&lsparams=mh%2Cmm%2Cmn%2Cms%2Cmv%2Cmvi%2Cpl%2Cinitcwndbps&lsig=AG3C_xAwRQIgZoqINj0n_Fq0P6Si3_COGIe0LbVUY5RUU4TxQEHCZJMCIQC3YmXGJ2_WdT0U0FVsoa7ETQqXuFn36PetF1q6h46uxw%3D%3D&ratebypass=yes", "player_url": null, "ext": "webm", "format_note": "tiny", "acodec": "opus", "abr": 160, "asr": 48000, "filesize": 4192517, "fps": null, "height": null, "tbr": 163.017, "width": null, "vcodec": "none", "downloader_options": {"http_chunk_size": 10485760}, "format": "251 - audio only (tiny)", "protocol": "https", "http_headers": {"User-Agent": "Mozilla/5.0 (Windows NT 10.0; Win64; x64) AppleWebKit/537.36 (KHTML, like Gecko) Chrome/70.0.3538.79 Safari/537.36", "Accept-Charset": "ISO-8859-1,utf-8;q=0.7,*;q=0.7", "Accept": "text/html,application/xhtml+xml,application/xml;q=0.9,*/*;q=0.8", "Accept-Encoding": "gzip, deflate", "Accept-Language": "en-us,en;q=0.5"}}