{"id": "hpPBEumZ-Nw", "uploader": "Rikard From - Topic", "uploader_id": "UCHbnVIONHPyyMnfZPfD8CDg", "uploader_url": "http://www.youtube.com/channel/UCHbnVIONHPyyMnfZPfD8CDg", "channel_id": "UCHbnVIONHPyyMnfZPfD8CDg", "channel_url": "http://www.youtube.com/channel/UCHbnVIONHPyyMnfZPfD8CDg", "upload_date": "20171118", "license": null, "creator": "Rikard From", "title": "Everyday Miracle", "alt_title": "Everyday Miracle", "thumbnails": [{"url": "https://i.ytimg.com/vi/hpPBEumZ-Nw/hqdefault.jpg?sqp=-oaymwEYCKgBEF5IVfKriqkDCwgBFQAAiEIYAXAB&rs=AOn4CLBseO2OgHGYOZwM7h83PQuHlYA92w", "width": 168, "height": 94, "resolution": "168x94", "id": "0"}, {"url": "https://i.ytimg.com/vi/hpPBEumZ-Nw/hqdefault.jpg?sqp=-oaymwEYCMQBEG5IVfKriqkDCwgBFQAAiEIYAXAB&rs=AOn4CLCTU9jgWPQH0xTpEcbQ5fy9_dfmmQ", "width": 196, "height": 110, "resolution": "196x110", "id": "1"}, {"url": "https://i.ytimg.com/vi/hpPBEumZ-Nw/hqdefault.jpg?sqp=-oaymwEZCPYBEIoBSFXyq4qpAwsIARUAAIhCGAFwAQ==&rs=AOn4CLAbrqdtRm5z1CXC4dROmDN7XXsywg", "width": 246, "height": 138, "resolution": "246x138", "id": "2"}, {"url": "https://i.ytimg.com/vi/hpPBEumZ-Nw/hqdefault.jpg?sqp=-oaymwEZCNACELwBSFXyq4qpAwsIARUAAIhCGAFwAQ==&rs=AOn4CLA2xNzCSryWR8C6DSEIpGD-Kpcidw", "width": 336, "height": 188, "resolution": "336x188", "id": "3"}, {"url": "https://i.ytimg.com/vi_webp/hpPBEumZ-Nw/maxresdefault.webp", "width": 1920, "height": 1080, "resolution": "1920x1080", "id": "4"}], "description": "Provided to YouTube by IIP-DDS\n\nEveryday Miracle \u00b7 Rikard From\n\nC3\n\n\u2117 Rikard From, distributed by Spinnup\n\nReleased on: 2017-10-05\n\nArtist: Rikard From\n\nAuto-generated by YouTube.", "categories": ["Music"], "tags": ["Rikard", "From", "C3", "Everyday", "Miracle"], "subtitles": {}, "automatic_captions": {}, "duration": 108, "age_limit": 0, "annotations": null, "chapters": null, "webpage_url": "https://www.youtube.com/watch?v=hpPBEumZ-Nw", "view_count": 58, "like_count": 3, "dislike_count": null, "average_rating": 5.0, "formats": [{"format_id": "249", "url": "https://r2---sn-5njj-u2xe.googlevideo.com/videoplayback?expire=1611763373&ei=TToRYNvpCMaB1d8PwuKgiAI&ip=140.109.135.76&id=o-ANnENAKbpdnfsJqLZV9R8TVbXvdfvKYiCi1hAXwaJ4S6&itag=249&source=youtube&requiressl=yes&mh=-p&mm=31%2C29&mn=sn-5njj-u2xe%2Csn-un57sn76&ms=au%2Crdu&mv=m&mvi=2&pcm2cms=yes&pl=16&gcr=tw&initcwndbps=693750&vprv=1&mime=audio%2Fwebm&ns=gs1sQD-9CwdU3U6h1NEZB5cF&gir=yes&clen=809875&dur=108.021&lmt=1572002878954742&mt=1611741649&fvip=2&keepalive=yes&beids=9466585&c=WEB&txp=1301222&n=6TLT37Qi9zGaJpfGaXKh&sparams=expire%2Cei%2Cip%2Cid%2Citag%2Csource%2Crequiressl%2Cgcr%2Cvprv%2Cmime%2Cns%2Cgir%2Cclen%2Cdur%2Clmt&lsparams=mh%2Cmm%2Cmn%2Cms%2Cmv%2Cmvi%2Cpcm2cms%2Cpl%2Cinitcwndbps&lsig=AG3C_xAwRAIgNbXQDo2JPPLM9Z-imXeFErdaowh4cv_D1aq78gCuLggCIEwnR5Woz7bwwFjMvS67NygGrlywubZB_ey3RlTCBnUP&sig=AOq0QJ8wRQIhAOdmdJivnQoooHMYnA_fzCkhZqOrpHhecOIvuMBLGWHfAiBKaNlKxbEMf9Rexv8v4FsVS0BVSuALeDy5-F0ZoNY91A==&ratebypass=yes", "player_url": "/s/player/c6df6ed7/player_ias.vflset/en_US/base.js", "ext": "webm", "format_note": "tiny", "acodec": "opus", "abr": 50, "asr": 48000, "filesize": 809875, "fps": null, "height": null, "tbr": 63.925, "width": null, "vcodec": "none", "downloader_options": {"http_chunk_size": 10485760}, "format": "249 - audio only (tiny)", "protocol": "https", "http_headers": {"User-Agent": "Mozilla/5.0 (Windows NT 10.0; Win64; x64) AppleWebKit/537.36 (KHTML, like Gecko) Chrome/72.0.3626.85 Safari/537.36", "Accept-Charset": "ISO-8859-1,utf-8;q=0.7,*;q=0.7", "Accept": "text/html,application/xhtml+xml,application/xml;q=0.9,*/*;q=0.8", "Accept-Encoding": "gzip, deflate", "Accept-Language": "en-us,en;q=0.5"}}, {"format_id": "250", "url": "https://r2---sn-5njj-u2xe.googlevideo.com/videoplayback?expire=1611763373&ei=TToRYNvpCMaB1d8PwuKgiAI&ip=140.109.135.76&id=o-ANnENAKbpdnfsJqLZV9R8TVbXvdfvKYiCi1hAXwaJ4S6&itag=250&source=youtube&requiressl=yes&mh=-p&mm=31%2C29&mn=sn-5njj-u2xe%2Csn-un57sn76&ms=au%2Crdu&mv=m&mvi=2&pcm2cms=yes&pl=16&gcr=tw&initcwndbps=693750&vprv=1&mime=audio%2Fwebm&ns=gs1sQD-9CwdU3U6h1NEZB5cF&gir=yes&clen=1085157&dur=108.021&lmt=1572002878464822&mt=1611741649&fvip=2&keepalive=yes&beids=9466585&c=WEB&txp=1301222&n=6TLT37Qi9zGaJpfGaXKh&sparams=expire%2Cei%2Cip%2Cid%2Citag%2Csource%2Crequiressl%2Cgcr%2Cvprv%2Cmime%2Cns%2Cgir%2Cclen%2Cdur%2Clmt&lsparams=mh%2Cmm%2Cmn%2Cms%2Cmv%2Cmvi%2Cpcm2cms%2Cpl%2Cinitcwndbps&lsig=AG3C_xAwRAIgL1AI4Q3dN3rj9A4CI_nfSI-Q9s-wbHKtUoXBzBhXp84CIFM8dCgwOxJRt3lN8APoo0l_CFuxvHJePYbYRu6Ag8w3&sig=AOq0QJ8wRQIgKno787LYUmog3Kybi4GNERZORaWIQdEb_5Fe7HQMa08CIQD1xe_euWQ-eeLKGcKmxR150uMCPSFdS7n9Z52vdJ4XuA==&ratebypass=yes", "player_url": "/s/player/c6df6ed7/player_ias.vflset/en_US/base.js", "ext": "webm", "format_note": "tiny", "acodec": "opus", "abr": 70, "asr": 48000, "filesize": 1085157, "fps": null, "height": null, "tbr": 85.344, "width": null, "vcodec": "none", "downloader_options": {"http_chunk_size": 10485760}, "format": "250 - audio only (tiny)", "protocol": "https", "http_headers": {"User-Agent": "Mozilla/5.0 (Windows NT 10.0; Win64; x64) AppleWebKit/537.36 (KHTML, like Gecko) Chrome/72.0.3626.85 Safari/537.36", "Accept-Charset": "ISO-8859-1,utf-8;q=0.7,*;q=0.7", "Accept": "text/html,application/xhtml+xml,application/xml;q=0.9,*/*;q=0.8", "Accept-Encoding": "gzip, deflate", "Accept-Language": "en-us,en;q=0.5"}}, {"format_id": "140", "url": "https://r2---sn-5njj-u2xe.googlevideo.com/videoplayback?expire=1611763373&ei=TToRYNvpCMaB1d8PwuKgiAI&ip=140.109.135.76&id=o-ANnENAKbpdnfsJqLZV9R8TVbXvdfvKYiCi1hAXwaJ4S6&itag=140&source=youtube&requiressl=yes&mh=-p&mm=31%2C29&mn=sn-5njj-u2xe%2Csn-un57sn76&ms=au%2Crdu&mv=m&mvi=2&pcm2cms=yes&pl=16&gcr=tw&initcwndbps=693750&vprv=1&mime=audio%2Fmp4&ns=gs1sQD-9CwdU3U6h1NEZB5cF&gir=yes&clen=1750958&dur=107.999&lmt=1602005588994241&mt=1611741649&fvip=2&keepalive=yes&beids=9466585&c=WEB&txp=1311222&n=6TLT37Qi9zGaJpfGaXKh&sparams=expire%2Cei%2Cip%2Cid%2Citag%2Csource%2Crequiressl%2Cgcr%2Cvprv%2Cmime%2Cns%2Cgir%2Cclen%2Cdur%2Clmt&lsparams=mh%2Cmm%2Cmn%2Cms%2Cmv%2Cmvi%2Cpcm2cms%2Cpl%2Cinitcwndbps&lsig=AG3C_xAwRQIhAPHGyDtfIvU3ShHQFbsIU_c8riDt2Rn80RAV6b0FzPfSAiAOa0cexKn3OsN6ataPwv1TpBgSkF94NPIHqMnV6Tg1FQ%3D%3D&sig=AOq0QJ8wRgIhAJwv-H2E8Mf_6Ch61t4aAF3mXVjgtrN43awY6sZ6ZfNhAiEAzVpsbKlaKX7_0xsTpud5SomSPIwJ1auk9JrpFGBbNww=&ratebypass=yes", "player_url": "/s/player/c6df6ed7/player_ias.vflset/en_US/base.js", "ext": "m4a", "format_note": "tiny", "acodec": "mp4a.40.2", "abr": 128, "container": "m4a_dash", "asr": 44100, "filesize": 1750958, "fps": null, "height": null, "tbr": 130.91, "width": null, "vcodec": "none", "downloader_options": {"http_chunk_size": 10485760}, "format": "140 - audio only (tiny)", "protocol": "https", "http_headers": {"User-Agent": "Mozilla/5.0 (Windows NT 10.0; Win64; x64) AppleWebKit/537.36 (KHTML, like Gecko) Chrome/72.0.3626.85 Safari/537.36", "Accept-Charset": "ISO-8859-1,utf-8;q=0.7,*;q=0.7", "Accept": "text/html,application/xhtml+xml,application/xml;q=0.9,*/*;q=0.8", "Accept-Encoding": "gzip, deflate", "Accept-Language": "en-us,en;q=0.5"}}, {"format_id": "251", "url": "https://r2---sn-5njj-u2xe.googlevideo.com/videoplayback?expire=1611763373&ei=TToRYNvpCMaB1d8PwuKgiAI&ip=140.109.135.76&id=o-ANnENAKbpdnfsJqLZV9R8TVbXvdfvKYiCi1hAXwaJ4S6&itag=251&source=youtube&requiressl=yes&mh=-p&mm=31%2C29&mn=sn-5njj-u2xe%2Csn-un57sn76&ms=au%2Crdu&mv=m&mvi=2&pcm2cms=yes&pl=16&gcr=tw&initcwndbps=693750&vprv=1&mime=audio%2Fwebm&ns=gs1sQD-9CwdU3U6h1NEZB5cF&gir=yes&clen=2086408&dur=108.021&lmt=1572002878393909&mt=1611741649&fvip=2&keepalive=yes&beids=9466585&c=WEB&txp=1301222&n=6TLT37Qi9zGaJpfGaXKh&sparams=expire%2Cei%2Cip%2Cid%2Citag%2Csource%2Crequiressl%2Cgcr%2Cvprv%2Cmime%2Cns%2Cgir%2Cclen%2Cdur%2Clmt&lsparams=mh%2Cmm%2Cmn%2Cms%2Cmv%2Cmvi%2Cpcm2cms%2Cpl%2Cinitcwndbps&lsig=AG3C_xAwRQIhAMVrglR7gF_nyLS4m5ga-2KzUQAyFQvAP3Y7rIrSfateAiAP2vz0pzF1dOEpAdKMLpcrlQSZZtZu5Y8B7ANYpnoLUA%3D%3D&sig=AOq0QJ8wRQIhAJVLp3Hsv1oyXEV4hcQU_TLEJmi0NAItJopF3Cdd3w2uAiBoSxASpuPnB9dOwJOEvHhCPup-2RRkiuQr7ch8AlsWZw==&ratebypass=yes", "player_url": "/s/player/c6df6ed7/player_ias.vflset/en_US/base.js", "ext": "webm", "format_note": "tiny", "acodec": "opus", "abr": 160, "asr": 48000, "filesize": 2086408, "fps": null, "height": null, "tbr": 161.343, "width": null, "vcodec": "none", "downloader_options": {"http_chunk_size": 10485760}, "format": "251 - audio only (tiny)", "protocol": "https", "http_headers": {"User-Agent": "Mozilla/5.0 (Windows NT 10.0; Win64; x64) AppleWebKit/537.36 (KHTML, like Gecko) Chrome/72.0.3626.85 Safari/537.36", "Accept-Charset": "ISO-8859-1,utf-8;q=0.7,*;q=0.7", "Accept": "text/html,application/xhtml+xml,application/xml;q=0.9,*/*;q=0.8", "Accept-Encoding": "gzip, deflate", "Accept-Language": "en-us,en;q=0.5"}}, {"format_id": "160", "url": "https://r2---sn-5njj-u2xe.googlevideo.com/videoplayback?expire=1611763373&ei=TToRYNvpCMaB1d8PwuKgiAI&ip=140.109.135.76&id=o-ANnENAKbpdnfsJqLZV9R8TVbXvdfvKYiCi1hAXwaJ4S6&itag=160&aitags=133%2C134%2C135%2C136%2C137%2C160%2C242%2C243%2C244%2C247%2C248%2C278&source=youtube&requiressl=yes&mh=-p&mm=31%2C29&mn=sn-5njj-u2xe%2Csn-un57sn76&ms=au%2Crdu&mv=m&mvi=2&pcm2cms=yes&pl=16&gcr=tw&initcwndbps=693750&vprv=1&mime=video%2Fmp4&ns=gs1sQD-9CwdU3U6h1NEZB5cF&gir=yes&clen=130251&dur=108.000&lmt=1602007489044666&mt=1611741649&fvip=2&keepalive=yes&beids=9466585&c=WEB&txp=1311222&n=6TLT37Qi9zGaJpfGaXKh&sparams=expire%2Cei%2Cip%2Cid%2Caitags%2Csource%2Crequiressl%2Cgcr%2Cvprv%2Cmime%2Cns%2Cgir%2Cclen%2Cdur%2Clmt&lsparams=mh%2Cmm%2Cmn%2Cms%2Cmv%2Cmvi%2Cpcm2cms%2Cpl%2Cinitcwndbps&lsig=AG3C_xAwRgIhAJbNEA6clQWGp_rGL0bAATfgvZ3F22SFilLB57Jrhb9CAiEAsdixzwgfP9bBnYMIUJ_96lmnzwB4m85LSCBO0EjSP6o%3D&sig=AOq0QJ8wRgIhAJKCTMzdJLzvGiu2xf7L0mcrKZmI4BDv-AJ6L--vot3fAiEA2NZZKPrtDxfx75PS7FYflHsYAd6xb_00kEourfGcan4=&ratebypass=yes", "player_url": "/s/player/c6df6ed7/player_ias.vflset/en_US/base.js", "ext": "mp4", "height": 144, "format_note": "144p", "vcodec": "avc1.4d400b", "asr": null, "filesize": 130251, "fps": 25, "tbr": 11.167, "width": 144, "acodec": "none", "downloader_options": {"http_chunk_size": 10485760}, "format": "160 - 144x144 (144p)", "protocol": "https", "http_headers": {"User-Agent": "Mozilla/5.0 (Windows NT 10.0; Win64; x64) AppleWebKit/537.36 (KHTML, like Gecko) Chrome/72.0.3626.85 Safari/537.36", "Accept-Charset": "ISO-8859-1,utf-8;q=0.7,*;q=0.7", "Accept": "text/html,application/xhtml+xml,application/xml;q=0.9,*/*;q=0.8", "Accept-Encoding": "gzip, deflate", "Accept-Language": "en-us,en;q=0.5"}}, {"format_id": "133", "url": "https://r2---sn-5njj-u2xe.googlevideo.com/videoplayback?expire=1611763373&ei=TToRYNvpCMaB1d8PwuKgiAI&ip=140.109.135.76&id=o-ANnENAKbpdnfsJqLZV9R8TVbXvdfvKYiCi1hAXwaJ4S6&itag=133&aitags=133%2C134%2C135%2C136%2C137%2C160%2C242%2C243%2C244%2C247%2C248%2C278&source=youtube&requiressl=yes&mh=-p&mm=31%2C29&mn=sn-5njj-u2xe%2Csn-un57sn76&ms=au%2Crdu&mv=m&mvi=2&pcm2cms=yes&pl=16&gcr=tw&initcwndbps=693750&vprv=1&mime=video%2Fmp4&ns=gs1sQD-9CwdU3U6h1NEZB5cF&gir=yes&clen=231234&dur=108.000&lmt=1602007488103692&mt=1611741649&fvip=2&keepalive=yes&beids=9466585&c=WEB&txp=1311222&n=6TLT37Qi9zGaJpfGaXKh&sparams=expire%2Cei%2Cip%2Cid%2Caitags%2Csource%2Crequiressl%2Cgcr%2Cvprv%2Cmime%2Cns%2Cgir%2Cclen%2Cdur%2Clmt&lsparams=mh%2Cmm%2Cmn%2Cms%2Cmv%2Cmvi%2Cpcm2cms%2Cpl%2Cinitcwndbps&lsig=AG3C_xAwRQIgfcGDxXTEH0uecoUfdOTvJg_zesmqcIW3vGGIUCv9UGsCIQCQyIPeoF4aUK9PqxI-0wna-lDYAqfSxpdHZglWe9zA8A%3D%3D&sig=AOq0QJ8wRQIhAPfuVDrmo9aeSg8O0mTc1Bzo9Wxvc_aRdovy27qpjMfRAiBxy3B_Y1rxR2Fb7U8CF-ODFLJO-cw_Hc-x5sAXnJ4ogQ==&ratebypass=yes", "player_url": "/s/player/c6df6ed7/player_ias.vflset/en_US/base.js", "ext": "mp4", "height": 240, "format_note": "240p", "vcodec": "avc1.4d400c", "asr": null, "filesize": 231234, "fps": 25, "tbr": 18.565, "width": 240, "acodec": "none", "downloader_options": {"http_chunk_size": 10485760}, "format": "133 - 240x240 (240p)", "protocol": "https", "http_headers": {"User-Agent": "Mozilla/5.0 (Windows NT 10.0; Win64; x64) AppleWebKit/537.36 (KHTML, like Gecko) Chrome/72.0.3626.85 Safari/537.36", "Accept-Charset": "ISO-8859-1,utf-8;q=0.7,*;q=0.7", "Accept": "text/html,application/xhtml+xml,application/xml;q=0.9,*/*;q=0.8", "Accept-Encoding": "gzip, deflate", "Accept-Language": "en-us,en;q=0.5"}}, {"format_id": "278", "url": "https://r2---sn-5njj-u2xe.googlevideo.com/videoplayback?expire=1611763373&ei=TToRYNvpCMaB1d8PwuKgiAI&ip=140.109.135.76&id=o-ANnENAKbpdnfsJqLZV9R8TVbXvdfvKYiCi1hAXwaJ4S6&itag=278&aitags=133%2C134%2C135%2C136%2C137%2C160%2C242%2C243%2C244%2C247%2C248%2C278&source=youtube&requiressl=yes&mh=-p&mm=31%2C29&mn=sn-5njj-u2xe%2Csn-un57sn76&ms=au%2Crdu&mv=m&mvi=2&pcm2cms=yes&pl=16&gcr=tw&initcwndbps=693750&vprv=1&mime=video%2Fwebm&ns=gs1sQD-9CwdU3U6h1NEZB5cF&gir=yes&clen=329048&dur=108.000&lmt=1602009638439697&mt=1611741649&fvip=2&keepalive=yes&beids=9466585&c=WEB&txp=1311222&n=6TLT37Qi9zGaJpfGaXKh&sparams=expire%2Cei%2Cip%2Cid%2Caitags%2Csource%2Crequiressl%2Cgcr%2Cvprv%2Cmime%2Cns%2Cgir%2Cclen%2Cdur%2Clmt&lsparams=mh%2Cmm%2Cmn%2Cms%2Cmv%2Cmvi%2Cpcm2cms%2Cpl%2Cinitcwndbps&lsig=AG3C_xAwRQIgbPcRzmfowuAA9MfkEy9-FjQDJrZjR6U5ZUFEC_K7RCMCIQDF42GHVxrKUps-9LaybZTemEGXgtbtga7HwQ3Wnm8-AA%3D%3D&sig=AOq0QJ8wRQIgeW_QCjCpXi-s0wEZyUKHIFB3cRvN0odXF9d6io1DimQCIQD8hShz1iYIOQS-PzKm9igSpBxj18NncmL7ofL6h85FQw==&ratebypass=yes", "player_url": "/s/player/c6df6ed7/player_ias.vflset/en_US/base.js", "ext": "webm", "height": 144, "format_note": "144p", "container": "webm", "vcodec": "vp9", "asr": null, "filesize": 329048, "fps": 25, "tbr": 25.275, "width": 144, "acodec": "none", "downloader_options": {"http_chunk_size": 10485760}, "format": "278 - 144x144 (144p)", "protocol": "https", "http_headers": {"User-Agent": "Mozilla/5.0 (Windows NT 10.0; Win64; x64) AppleWebKit/537.36 (KHTML, like Gecko) Chrome/72.0.3626.85 Safari/537.36", "Accept-Charset": "ISO-8859-1,utf-8;q=0.7,*;q=0.7", "Accept": "text/html,application/xhtml+xml,application/xml;q=0.9,*/*;q=0.8", "Accept-Encoding": "gzip, deflate", "Accept-Language": "en-us,en;q=0.5"}}, {"format_id": "134", "url": "https://r2---sn-5njj-u2xe.googlevideo.com/videoplayback?expire=1611763373&ei=TToRYNvpCMaB1d8PwuKgiAI&ip=140.109.135.76&id=o-ANnENAKbpdnfsJqLZV9R8TVbXvdfvKYiCi1hAXwaJ4S6&itag=134&aitags=133%2C134%2C135%2C136%2C137%2C160%2C242%2C243%2C244%2C247%2C248%2C278&source=youtube&requiressl=yes&mh=-p&mm=31%2C29&mn=sn-5njj-u2xe%2Csn-un57sn76&ms=au%2Crdu&mv=m&mvi=2&pcm2cms=yes&pl=16&gcr=tw&initcwndbps=693750&vprv=1&mime=video%2Fmp4&ns=gs1sQD-9CwdU3U6h1NEZB5cF&gir=yes&clen=337841&dur=108.000&lmt=1602007488352065&mt=1611741649&fvip=2&keepalive=yes&beids=9466585&c=WEB&txp=1311222&n=6TLT37Qi9zGaJpfGaXKh&sparams=expire%2Cei%2Cip%2Cid%2Caitags%2Csource%2Crequiressl%2Cgcr%2Cvprv%2Cmime%2Cns%2Cgir%2Cclen%2Cdur%2Clmt&lsparams=mh%2Cmm%2Cmn%2Cms%2Cmv%2Cmvi%2Cpcm2cms%2Cpl%2Cinitcwndbps&lsig=AG3C_xAwRAIgA37QwvqJIzNm6tsarRPz0XsbIq_gRyYO3S-8KWtzr8cCIBSea4iaW2DGhtVIrELsEbP4fsR5cvogJ1VBEfiKLp4h&sig=AOq0QJ8wRQIhAJDoW49h7lyDTGkOhAAh-zTHUgyNMeG-QEg80no2TYNPAiBOq6R2NXaf_r-MIfRvQvXdu-1WH-txHpBWRvFiNyPArQ==&ratebypass=yes", "player_url": "/s/player/c6df6ed7/player_ias.vflset/en_US/base.js", "ext": "mp4", "height": 360, "format_note": "360p", "vcodec": "avc1.4d4015", "asr": null, "filesize": 337841, "fps": 25, "tbr": 26.601, "width": 360, "acodec": "none", "downloader_options": {"http_chunk_size": 10485760}, "format": "134 - 360x360 (360p)", "protocol": "https", "http_headers": {"User-Agent": "Mozilla/5.0 (Windows NT 10.0; Win64; x64) AppleWebKit/537.36 (KHTML, like Gecko) Chrome/72.0.3626.85 Safari/537.36", "Accept-Charset": "ISO-8859-1,utf-8;q=0.7,*;q=0.7", "Accept": "text/html,application/xhtml+xml,application/xml;q=0.9,*/*;q=0.8", "Accept-Encoding": "gzip, deflate", "Accept-Language": "en-us,en;q=0.5"}}, {"format_id": "135", "url": "https://r2---sn-5njj-u2xe.googlevideo.com/videoplayback?expire=1611763373&ei=TToRYNvpCMaB1d8PwuKgiAI&ip=140.109.135.76&id=o-ANnENAKbpdnfsJqLZV9R8TVbXvdfvKYiCi1hAXwaJ4S6&itag=135&aitags=133%2C134%2C135%2C136%2C137%2C160%2C242%2C243%2C244%2C247%2C248%2C278&source=youtube&requiressl=yes&mh=-p&mm=31%2C29&mn=sn-5njj-u2xe%2Csn-un57sn76&ms=au%2Crdu&mv=m&mvi=2&pcm2cms=yes&pl=16&gcr=tw&initcwndbps=693750&vprv=1&mime=video%2Fmp4&ns=gs1sQD-9CwdU3U6h1NEZB5cF&gir=yes&clen=680147&dur=108.000&lmt=1602007488161949&mt=1611741649&fvip=2&keepalive=yes&beids=9466585&c=WEB&txp=1311222&n=6TLT37Qi9zGaJpfGaXKh&sparams=expire%2Cei%2Cip%2Cid%2Caitags%2Csource%2Crequiressl%2Cgcr%2Cvprv%2Cmime%2Cns%2Cgir%2Cclen%2Cdur%2Clmt&lsparams=mh%2Cmm%2Cmn%2Cms%2Cmv%2Cmvi%2Cpcm2cms%2Cpl%2Cinitcwndbps&lsig=AG3C_xAwRQIhAIUaXgsMLLZ0zkRHqY98jLqd2_brFQJoiPBdocamvZqgAiA7z-hLDOVBpcAMxhO057h99U6e3DAql9E-eE_IMMqZjw%3D%3D&sig=AOq0QJ8wRQIgJcjcUMCmThZmZDtoKLmbvPmZVyXWg7rgO9fdvXTuUs8CIQDgPiSorUBBvqwjnHLUCLOaQ65UuhuMG4xS6r9gMX6LGQ==&ratebypass=yes", "player_url": "/s/player/c6df6ed7/player_ias.vflset/en_US/base.js", "ext": "mp4", "height": 480, "format_note": "480p", "vcodec": "avc1.4d401e", "asr": null, "filesize": 680147, "fps": 25, "tbr": 52.004, "width": 480, "acodec": "none", "downloader_options": {"http_chunk_size": 10485760}, "format": "135 - 480x480 (480p)", "protocol": "https", "http_headers": {"User-Agent": "Mozilla/5.0 (Windows NT 10.0; Win64; x64) AppleWebKit/537.36 (KHTML, like Gecko) Chrome/72.0.3626.85 Safari/537.36", "Accept-Charset": "ISO-8859-1,utf-8;q=0.7,*;q=0.7", "Accept": "text/html,application/xhtml+xml,application/xml;q=0.9,*/*;q=0.8", "Accept-Encoding": "gzip, deflate", "Accept-Language": "en-us,en;q=0.5"}}, {"format_id": "242", "url": "https://r2---sn-5njj-u2xe.googlevideo.com/videoplayback?expire=1611763373&ei=TToRYNvpCMaB1d8PwuKgiAI&ip=140.109.135.76&id=o-ANnENAKbpdnfsJqLZV9R8TVbXvdfvKYiCi1hAXwaJ4S6&itag=242&aitags=133%2C134%2C135%2C136%2C137%2C160%2C242%2C243%2C244%2C247%2C248%2C278&source=youtube&requiressl=yes&mh=-p&mm=31%2C29&mn=sn-5njj-u2xe%2Csn-un57sn76&ms=au%2Crdu&mv=m&mvi=2&pcm2cms=yes&pl=16&gcr=tw&initcwndbps=693750&vprv=1&mime=video%2Fwebm&ns=gs1sQD-9CwdU3U6h1NEZB5cF&gir=yes&clen=691108&dur=108.000&lmt=1602009639680947&mt=1611741649&fvip=2&keepalive=yes&beids=9466585&c=WEB&txp=1311222&n=6TLT37Qi9zGaJpfGaXKh&sparams=expire%2Cei%2Cip%2Cid%2Caitags%2Csource%2Crequiressl%2Cgcr%2Cvprv%2Cmime%2Cns%2Cgir%2Cclen%2Cdur%2Clmt&lsparams=mh%2Cmm%2Cmn%2Cms%2Cmv%2Cmvi%2Cpcm2cms%2Cpl%2Cinitcwndbps&lsig=AG3C_xAwRQIgauQuGKnB1aLspoznslq_ndMMEULxyfOk8wE5DZ3Uq5cCIQDOr48YkUF197psCdJ_burZoGIK17lrOkt5XnDl7pLuEQ%3D%3D&sig=AOq0QJ8wRQIgFwL-ZNLPlgnAYHb-R66pX2FhhWeHtY8qMShgARvUipoCIQDXBABOx7ArsogT5NlTxnXzYkfCMntKvJDmKvPHUt2kBg==&ratebypass=yes", "player_url": "/s/player/c6df6ed7/player_ias.vflset/en_US/base.js", "ext": "webm", "height": 240, "format_note": "240p", "vcodec": "vp9", "asr": null, "filesize": 691108, "fps": 25, "tbr": 52.2, "width": 240, "acodec": "none", "downloader_options": {"http_chunk_size": 10485760}, "format": "242 - 240x240 (240p)", "protocol": "https", "http_headers": {"User-Agent": "Mozilla/5.0 (Windows NT 10.0; Win64; x64) AppleWebKit/537.36 (KHTML, like Gecko) Chrome/72.0.3626.85 Safari/537.36", "Accept-Charset": "ISO-8859-1,utf-8;q=0.7,*;q=0.7", "Accept": "text/html,application/xhtml+xml,application/xml;q=0.9,*/*;q=0.8", "Accept-Encoding": "gzip, deflate", "Accept-Language": "en-us,en;q=0.5"}}, {"format_id": "243", "url": "https://r2---sn-5njj-u2xe.googlevideo.com/videoplayback?expire=1611763373&ei=TToRYNvpCMaB1d8PwuKgiAI&ip=140.109.135.76&id=o-ANnENAKbpdnfsJqLZV9R8TVbXvdfvKYiCi1hAXwaJ4S6&itag=243&aitags=133%2C134%2C135%2C136%2C137%2C160%2C242%2C243%2C244%2C247%2C248%2C278&source=youtube&requiressl=yes&mh=-p&mm=31%2C29&mn=sn-5njj-u2xe%2Csn-un57sn76&ms=au%2Crdu&mv=m&mvi=2&pcm2cms=yes&pl=16&gcr=tw&initcwndbps=693750&vprv=1&mime=video%2Fwebm&ns=gs1sQD-9CwdU3U6h1NEZB5cF&gir=yes&clen=1195900&dur=108.000&lmt=1602009638529714&mt=1611741649&fvip=2&keepalive=yes&beids=9466585&c=WEB&txp=1311222&n=6TLT37Qi9zGaJpfGaXKh&sparams=expire%2Cei%2Cip%2Cid%2Caitags%2Csource%2Crequiressl%2Cgcr%2Cvprv%2Cmime%2Cns%2Cgir%2Cclen%2Cdur%2Clmt&lsparams=mh%2Cmm%2Cmn%2Cms%2Cmv%2Cmvi%2Cpcm2cms%2Cpl%2Cinitcwndbps&lsig=AG3C_xAwRQIhAN7wmJBK65kv32aJI3g3umbWDGXEAGuNjeDAkHThNmYgAiBmV4MOlGMEOn6uighJ99ntd_2NFNFV9-pLB75pZ8c_0g%3D%3D&sig=AOq0QJ8wRgIhAJ9L7RQOEfCFFmRgQA2RTPqfh-RgSzHKS2Ned4gW4MCnAiEAqZlU5wVn2mVx2jrDrQB6r0flSoyEFrpDwUHd6LiJwPE=&ratebypass=yes", "player_url": "/s/player/c6df6ed7/player_ias.vflset/en_US/base.js", "ext": "webm", "height": 360, "format_note": "360p", "vcodec": "vp9", "asr": null, "filesize": 1195900, "fps": 25, "tbr": 89.423, "width": 360, "acodec": "none", "downloader_options": {"http_chunk_size": 10485760}, "format": "243 - 360x360 (360p)", "protocol": "https", "http_headers": {"User-Agent": "Mozilla/5.0 (Windows NT 10.0; Win64; x64) AppleWebKit/537.36 (KHTML, like Gecko) Chrome/72.0.3626.85 Safari/537.36", "Accept-Charset": "ISO-8859-1,utf-8;q=0.7,*;q=0.7", "Accept": "text/html,application/xhtml+xml,application/xml;q=0.9,*/*;q=0.8", "Accept-Encoding": "gzip, deflate", "Accept-Language": "en-us,en;q=0.5"}}, {"format_id": "136", "url": "https://r2---sn-5njj-u2xe.googlevideo.com/videoplayback?expire=1611763373&ei=TToRYNvpCMaB1d8PwuKgiAI&ip=140.109.135.76&id=o-ANnENAKbpdnfsJqLZV9R8TVbXvdfvKYiCi1hAXwaJ4S6&itag=136&aitags=133%2C134%2C135%2C136%2C137%2C160%2C242%2C243%2C244%2C247%2C248%2C278&source=youtube&requiressl=yes&mh=-p&mm=31%2C29&mn=sn-5njj-u2xe%2Csn-un57sn76&ms=au%2Crdu&mv=m&mvi=2&pcm2cms=yes&pl=16&gcr=tw&initcwndbps=693750&vprv=1&mime=video%2Fmp4&ns=gs1sQD-9CwdU3U6h1NEZB5cF&gir=yes&clen=1553351&dur=108.000&lmt=1602007488158437&mt=1611741649&fvip=2&keepalive=yes&beids=9466585&c=WEB&txp=1311222&n=6TLT37Qi9zGaJpfGaXKh&sparams=expire%2Cei%2Cip%2Cid%2Caitags%2Csource%2Crequiressl%2Cgcr%2Cvprv%2Cmime%2Cns%2Cgir%2Cclen%2Cdur%2Clmt&lsparams=mh%2Cmm%2Cmn%2Cms%2Cmv%2Cmvi%2Cpcm2cms%2Cpl%2Cinitcwndbps&lsig=AG3C_xAwRQIgXmk6mHurzA__SkUADigHDz6uQUn5Ukp71zeW-aaX_WYCIQC94g3gZGpCUuWLHIwKEBpnZhqvPBSdZyS2Ilf1lfBI8Q%3D%3D&sig=AOq0QJ8wRAIgQy1aanV8nxqQ2kSojFkQTuugSo-sT0vnKvuDmldPpi4CIC1JZjlDi8DqX1SNV3a1_clXQnRfI8MSQ4e6eQP_jgRf&ratebypass=yes", "player_url": "/s/player/c6df6ed7/player_ias.vflset/en_US/base.js", "ext": "mp4", "height": 720, "format_note": "720p", "vcodec": "avc1.4d401f", "asr": null, "filesize": 1553351, "fps": 25, "tbr": 115.998, "width": 720, "acodec": "none", "downloader_options": {"http_chunk_size": 10485760}, "format": "136 - 720x720 (720p)", "protocol": "https", "http_headers": {"User-Agent": "Mozilla/5.0 (Windows NT 10.0; Win64; x64) AppleWebKit/537.36 (KHTML, like Gecko) Chrome/72.0.3626.85 Safari/537.36", "Accept-Charset": "ISO-8859-1,utf-8;q=0.7,*;q=0.7", "Accept": "text/html,application/xhtml+xml,application/xml;q=0.9,*/*;q=0.8", "Accept-Encoding": "gzip, deflate", "Accept-Language": "en-us,en;q=0.5"}}, {"format_id": "244", "url": "https://r2---sn-5njj-u2xe.googlevideo.com/videoplayback?expire=1611763373&ei=TToRYNvpCMaB1d8PwuKgiAI&ip=140.109.135.76&id=o-ANnENAKbpdnfsJqLZV9R8TVbXvdfvKYiCi1hAXwaJ4S6&itag=244&aitags=133%2C134%2C135%2C136%2C137%2C160%2C242%2C243%2C244%2C247%2C248%2C278&source=youtube&requiressl=yes&mh=-p&mm=31%2C29&mn=sn-5njj-u2xe%2Csn-un57sn76&ms=au%2Crdu&mv=m&mvi=2&pcm2cms=yes&pl=16&gcr=tw&initcwndbps=693750&vprv=1&mime=video%2Fwebm&ns=gs1sQD-9CwdU3U6h1NEZB5cF&gir=yes&clen=2159250&dur=108.000&lmt=1602009638474183&mt=1611741649&fvip=2&keepalive=yes&beids=9466585&c=WEB&txp=1311222&n=6TLT37Qi9zGaJpfGaXKh&sparams=expire%2Cei%2Cip%2Cid%2Caitags%2Csource%2Crequiressl%2Cgcr%2Cvprv%2Cmime%2Cns%2Cgir%2Cclen%2Cdur%2Clmt&lsparams=mh%2Cmm%2Cmn%2Cms%2Cmv%2Cmvi%2Cpcm2cms%2Cpl%2Cinitcwndbps&lsig=AG3C_xAwRQIgCPE6UKiqki2BfpnCMfKYGWop93KohmHegTTlQaGnbDECIQCebVc34R2uL-Fbs2trtRfDICYhtYl6GzNE-5mERbvFcw%3D%3D&sig=AOq0QJ8wRQIgHvBFK533ElmzR4MzmvSi71gW48T388gNG_igF1SYYfcCIQDlGok1T7_C3DTe0eYBiHgcdLtYSd6l1fL9tHKG2LMdXg==&ratebypass=yes", "player_url": "/s/player/c6df6ed7/player_ias.vflset/en_US/base.js", "ext": "webm", "height": 480, "format_note": "480p", "vcodec": "vp9", "asr": null, "filesize": 2159250, "fps": 25, "tbr": 161.165, "width": 480, "acodec": "none", "downloader_options": {"http_chunk_size": 10485760}, "format": "244 - 480x480 (480p)", "protocol": "https", "http_headers": {"User-Agent": "Mozilla/5.0 (Windows NT 10.0; Win64; x64) AppleWebKit/537.36 (KHTML, like Gecko) Chrome/72.0.3626.85 Safari/537.36", "Accept-Charset": "ISO-8859-1,utf-8;q=0.7,*;q=0.7", "Accept": "text/html,application/xhtml+xml,application/xml;q=0.9,*/*;q=0.8", "Accept-Encoding": "gzip, deflate", "Accept-Language": "en-us,en;q=0.5"}}, {"format_id": "247", "url": "https://r2---sn-5njj-u2xe.googlevideo.com/videoplayback?expire=1611763373&ei=TToRYNvpCMaB1d8PwuKgiAI&ip=140.109.135.76&id=o-ANnENAKbpdnfsJqLZV9R8TVbXvdfvKYiCi1hAXwaJ4S6&itag=247&aitags=133%2C134%2C135%2C136%2C137%2C160%2C242%2C243%2C244%2C247%2C248%2C278&source=youtube&requiressl=yes&mh=-p&mm=31%2C29&mn=sn-5njj-u2xe%2Csn-un57sn76&ms=au%2Crdu&mv=m&mvi=2&pcm2cms=yes&pl=16&gcr=tw&initcwndbps=693750&vprv=1&mime=video%2Fwebm&ns=gs1sQD-9CwdU3U6h1NEZB5cF&gir=yes&clen=4608753&dur=108.000&lmt=1602009638420992&mt=1611741649&fvip=2&keepalive=yes&beids=9466585&c=WEB&txp=1311222&n=6TLT37Qi9zGaJpfGaXKh&sparams=expire%2Cei%2Cip%2Cid%2Caitags%2Csource%2Crequiressl%2Cgcr%2Cvprv%2Cmime%2Cns%2Cgir%2Cclen%2Cdur%2Clmt&lsparams=mh%2Cmm%2Cmn%2Cms%2Cmv%2Cmvi%2Cpcm2cms%2Cpl%2Cinitcwndbps&lsig=AG3C_xAwRgIhALqy16BAKHIK34HhkDKKujpCawSTuhLzNHDYE6VxySafAiEAy1xUkcUHnE-OB5FDccaZzx1HT5bZ9_74EQgX3Fm0C6E%3D&sig=AOq0QJ8wRQIhALGDRWkh0RUUP5IqgooqxHKCgT-fQngJKONGcaBr0GH6AiALO4VKmArTgxfrtjMpfcdkNQQ-AE6lhX5nql-uWtT_FQ==&ratebypass=yes", "player_url": "/s/player/c6df6ed7/player_ias.vflset/en_US/base.js", "ext": "webm", "height": 720, "format_note": "720p", "vcodec": "vp9", "asr": null, "filesize": 4608753, "fps": 25, "tbr": 352.01, "width": 720, "acodec": "none", "downloader_options": {"http_chunk_size": 10485760}, "format": "247 - 720x720 (720p)", "protocol": "https", "http_headers": {"User-Agent": "Mozilla/5.0 (Windows NT 10.0; Win64; x64) AppleWebKit/537.36 (KHTML, like Gecko) Chrome/72.0.3626.85 Safari/537.36", "Accept-Charset": "ISO-8859-1,utf-8;q=0.7,*;q=0.7", "Accept": "text/html,application/xhtml+xml,application/xml;q=0.9,*/*;q=0.8", "Accept-Encoding": "gzip, deflate", "Accept-Language": "en-us,en;q=0.5"}}, {"format_id": "137", "url": "https://r2---sn-5njj-u2xe.googlevideo.com/videoplayback?expire=1611763373&ei=TToRYNvpCMaB1d8PwuKgiAI&ip=140.109.135.76&id=o-ANnENAKbpdnfsJqLZV9R8TVbXvdfvKYiCi1hAXwaJ4S6&itag=137&aitags=133%2C134%2C135%2C136%2C137%2C160%2C242%2C243%2C244%2C247%2C248%2C278&source=youtube&requiressl=yes&mh=-p&mm=31%2C29&mn=sn-5njj-u2xe%2Csn-un57sn76&ms=au%2Crdu&mv=m&mvi=2&pcm2cms=yes&pl=16&gcr=tw&initcwndbps=693750&vprv=1&mime=video%2Fmp4&ns=gs1sQD-9CwdU3U6h1NEZB5cF&gir=yes&clen=6465633&dur=108.000&lmt=1602005595212046&mt=1611741649&fvip=2&keepalive=yes&beids=9466585&c=WEB&txp=1311222&n=6TLT37Qi9zGaJpfGaXKh&sparams=expire%2Cei%2Cip%2Cid%2Caitags%2Csource%2Crequiressl%2Cgcr%2Cvprv%2Cmime%2Cns%2Cgir%2Cclen%2Cdur%2Clmt&lsparams=mh%2Cmm%2Cmn%2Cms%2Cmv%2Cmvi%2Cpcm2cms%2Cpl%2Cinitcwndbps&lsig=AG3C_xAwRQIhAOHaTLUaaPF4f8TgHmg6hrK85_AwJPHZfS_ClCbL4PNWAiBpxoeP4U-rLDBcdYk5OH8-5ZdDKMWgM5kHeE2ZLCmunA%3D%3D&sig=AOq0QJ8wRAIgRVFG7NbA-FysIbvPim-BUkb2whmwbH5oZ1jz6UM-57UCIA9M5sNQ9-kVmSlJtSulMDuRiRRsH1X75MNEIVdZX9_k&ratebypass=yes", "player_url": "/s/player/c6df6ed7/player_ias.vflset/en_US/base.js", "ext": "mp4", "height": 1080, "format_note": "1080p", "vcodec": "avc1.640020", "asr": null, "filesize": 6465633, "fps": 25, "tbr": 496.718, "width": 1080, "acodec": "none", "downloader_options": {"http_chunk_size": 10485760}, "format": "137 - 1080x1080 (1080p)", "protocol": "https", "http_headers": {"User-Agent": "Mozilla/5.0 (Windows NT 10.0; Win64; x64) AppleWebKit/537.36 (KHTML, like Gecko) Chrome/72.0.3626.85 Safari/537.36", "Accept-Charset": "ISO-8859-1,utf-8;q=0.7,*;q=0.7", "Accept": "text/html,application/xhtml+xml,application/xml;q=0.9,*/*;q=0.8", "Accept-Encoding": "gzip, deflate", "Accept-Language": "en-us,en;q=0.5"}}, {"format_id": "248", "url": "https://r2---sn-5njj-u2xe.googlevideo.com/videoplayback?expire=1611763373&ei=TToRYNvpCMaB1d8PwuKgiAI&ip=140.109.135.76&id=o-ANnENAKbpdnfsJqLZV9R8TVbXvdfvKYiCi1hAXwaJ4S6&itag=248&aitags=133%2C134%2C135%2C136%2C137%2C160%2C242%2C243%2C244%2C247%2C248%2C278&source=youtube&requiressl=yes&mh=-p&mm=31%2C29&mn=sn-5njj-u2xe%2Csn-un57sn76&ms=au%2Crdu&mv=m&mvi=2&pcm2cms=yes&pl=16&gcr=tw&initcwndbps=693750&vprv=1&mime=video%2Fwebm&ns=gs1sQD-9CwdU3U6h1NEZB5cF&gir=yes&clen=8256345&dur=108.000&lmt=1602008474282793&mt=1611741649&fvip=2&keepalive=yes&beids=9466585&c=WEB&txp=1311222&n=6TLT37Qi9zGaJpfGaXKh&sparams=expire%2Cei%2Cip%2Cid%2Caitags%2Csource%2Crequiressl%2Cgcr%2Cvprv%2Cmime%2Cns%2Cgir%2Cclen%2Cdur%2Clmt&lsparams=mh%2Cmm%2Cmn%2Cms%2Cmv%2Cmvi%2Cpcm2cms%2Cpl%2Cinitcwndbps&lsig=AG3C_xAwRQIhALcR6RrVooQG648aOjeHktmxOrZ9f1ZVd4k8_0gUMtxYAiB4Vud2M8-hzIz4r4CEO6g_l1UgVl71-k8LaOTzdKyFVg%3D%3D&sig=AOq0QJ8wRAIgZElXPrKCAax25vzh4N4IPfaif2oWmYLciDt3hgl3iM4CIFlmCIjvfIj6fXfyYYZ8dQcrgNC2fxYwkvWobqzcbBBZ&ratebypass=yes", "player_url": "/s/player/c6df6ed7/player_ias.vflset/en_US/base.js", "ext": "webm", "height": 1080, "format_note": "1080p", "vcodec": "vp9", "asr": null, "filesize": 8256345, "fps": 25, "tbr": 627.59, "width": 1080, "acodec": "none", "downloader_options": {"http_chunk_size": 10485760}, "format": "248 - 1080x1080 (1080p)", "protocol": "https", "http_headers": {"User-Agent": "Mozilla/5.0 (Windows NT 10.0; Win64; x64) AppleWebKit/537.36 (KHTML, like Gecko) Chrome/72.0.3626.85 Safari/537.36", "Accept-Charset": "ISO-8859-1,utf-8;q=0.7,*;q=0.7", "Accept": "text/html,application/xhtml+xml,application/xml;q=0.9,*/*;q=0.8", "Accept-Encoding": "gzip, deflate", "Accept-Language": "en-us,en;q=0.5"}}, {"format_id": "18", "url": "https://r2---sn-5njj-u2xe.googlevideo.com/videoplayback?expire=1611763373&ei=TToRYNvpCMaB1d8PwuKgiAI&ip=140.109.135.76&id=o-ANnENAKbpdnfsJqLZV9R8TVbXvdfvKYiCi1hAXwaJ4S6&itag=18&source=youtube&requiressl=yes&mh=-p&mm=31%2C29&mn=sn-5njj-u2xe%2Csn-un57sn76&ms=au%2Crdu&mv=m&mvi=2&pcm2cms=yes&pl=16&gcr=tw&initcwndbps=693750&vprv=1&mime=video%2Fmp4&ns=cI1GSEoAzJUhPhmmHo92YyIF&gir=yes&clen=3258770&ratebypass=yes&dur=108.042&lmt=1572002389308811&mt=1611741649&fvip=2&beids=9466585&c=WEB&txp=1311222&n=chV35XRXzFpb7j9xvDPs&sparams=expire%2Cei%2Cip%2Cid%2Citag%2Csource%2Crequiressl%2Cgcr%2Cvprv%2Cmime%2Cns%2Cgir%2Cclen%2Cratebypass%2Cdur%2Clmt&lsparams=mh%2Cmm%2Cmn%2Cms%2Cmv%2Cmvi%2Cpcm2cms%2Cpl%2Cinitcwndbps&lsig=AG3C_xAwRgIhAKduYMRugcLbhdyzluywHog0ByiX-mLRZ583sgsJdMq1AiEAv88in9q0U5070CyNio5R6PRhCpKFX6V3asd5zhMP510%3D&sig=AOq0QJ8wRQIgCDGkjpN2noRw_TTEaSAtH97Su20S0FrNj-mWopCKkkQCIQDhLfvWyZtlUXWp1MpusEuV6tUEVokGK_U0xWgFqfmsKQ==", "player_url": "/s/player/c6df6ed7/player_ias.vflset/en_US/base.js", "ext": "mp4", "width": 360, "height": 360, "acodec": "mp4a.40.2", "abr": 96, "vcodec": "avc1.42001E", "asr": 44100, "filesize": 3258770, "format_note": "360p", "fps": 25, "tbr": 241.39, "format": "18 - 360x360 (360p)", "protocol": "https", "http_headers": {"User-Agent": "Mozilla/5.0 (Windows NT 10.0; Win64; x64) AppleWebKit/537.36 (KHTML, like Gecko) Chrome/72.0.3626.85 Safari/537.36", "Accept-Charset": "ISO-8859-1,utf-8;q=0.7,*;q=0.7", "Accept": "text/html,application/xhtml+xml,application/xml;q=0.9,*/*;q=0.8", "Accept-Encoding": "gzip, deflate", "Accept-Language": "en-us,en;q=0.5"}}], "is_live": null, "start_time": null, "end_time": null, "series": null, "season_number": null, "episode_number": null, "track": "Everyday Miracle", "artist": "Rikard From", "album": "C3", "release_date": "20171005", "release_year": 2017, "extractor": "youtube", "webpage_url_basename": "watch", "extractor_key": "Youtube", "playlist": null, "playlist_index": null, "thumbnail": "https://i.ytimg.com/vi_webp/hpPBEumZ-Nw/maxresdefault.webp", "display_id": "hpPBEumZ-Nw", "requested_subtitles": null, "format_id": "251", "url": "https://r2---sn-5njj-u2xe.googlevideo.com/videoplayback?expire=1611763373&ei=TToRYNvpCMaB1d8PwuKgiAI&ip=140.109.135.76&id=o-ANnENAKbpdnfsJqLZV9R8TVbXvdfvKYiCi1hAXwaJ4S6&itag=251&source=youtube&requiressl=yes&mh=-p&mm=31%2C29&mn=sn-5njj-u2xe%2Csn-un57sn76&ms=au%2Crdu&mv=m&mvi=2&pcm2cms=yes&pl=16&gcr=tw&initcwndbps=693750&vprv=1&mime=audio%2Fwebm&ns=gs1sQD-9CwdU3U6h1NEZB5cF&gir=yes&clen=2086408&dur=108.021&lmt=1572002878393909&mt=1611741649&fvip=2&keepalive=yes&beids=9466585&c=WEB&txp=1301222&n=6TLT37Qi9zGaJpfGaXKh&sparams=expire%2Cei%2Cip%2Cid%2Citag%2Csource%2Crequiressl%2Cgcr%2Cvprv%2Cmime%2Cns%2Cgir%2Cclen%2Cdur%2Clmt&lsparams=mh%2Cmm%2Cmn%2Cms%2Cmv%2Cmvi%2Cpcm2cms%2Cpl%2Cinitcwndbps&lsig=AG3C_xAwRQIhAMVrglR7gF_nyLS4m5ga-2KzUQAyFQvAP3Y7rIrSfateAiAP2vz0pzF1dOEpAdKMLpcrlQSZZtZu5Y8B7ANYpnoLUA%3D%3D&sig=AOq0QJ8wRQIhAJVLp3Hsv1oyXEV4hcQU_TLEJmi0NAItJopF3Cdd3w2uAiBoSxASpuPnB9dOwJOEvHhCPup-2RRkiuQr7ch8AlsWZw==&ratebypass=yes", "player_url": "/s/player/c6df6ed7/player_ias.vflset/en_US/base.js", "ext": "webm", "format_note": "tiny", "acodec": "opus", "abr": 160, "asr": 48000, "filesize": 2086408, "fps": null, "height": null, "tbr": 161.343, "width": null, "vcodec": "none", "downloader_options": {"http_chunk_size": 10485760}, "format": "251 - audio only (tiny)", "protocol": "https", "http_headers": {"User-Agent": "Mozilla/5.0 (Windows NT 10.0; Win64; x64) AppleWebKit/537.36 (KHTML, like Gecko) Chrome/72.0.3626.85 Safari/537.36", "Accept-Charset": "ISO-8859-1,utf-8;q=0.7,*;q=0.7", "Accept": "text/html,application/xhtml+xml,application/xml;q=0.9,*/*;q=0.8", "Accept-Encoding": "gzip, deflate", "Accept-Language": "en-us,en;q=0.5"}}