{"id": "Jn9r0avp0fY", "uploader": "Animenz Piano Sheets", "uploader_id": "Animenzzz", "uploader_url": "http://www.youtube.com/user/Animenzzz", "channel_id": "UCyW-leqPXUunrXXxFjpZ7VA", "channel_url": "http://www.youtube.com/channel/UCyW-leqPXUunrXXxFjpZ7VA", "upload_date": "20150517", "license": null, "creator": null, "title": "Air (TV), Kanon (2006), Clannad After Story - Piano Medley", "alt_title": null, "thumbnails": [{"url": "https://i.ytimg.com/vi/Jn9r0avp0fY/hqdefault.jpg?sqp=-oaymwEYCKgBEF5IVfKriqkDCwgBFQAAiEIYAXAB&rs=AOn4CLCu0TIiVxukC-EcLNAztmuPmqcGcA", "width": 168, "height": 94, "resolution": "168x94", "id": "0"}, {"url": "https://i.ytimg.com/vi/Jn9r0avp0fY/hqdefault.jpg?sqp=-oaymwEYCMQBEG5IVfKriqkDCwgBFQAAiEIYAXAB&rs=AOn4CLDVklnHIjF-V140DrNdB3Ei3yE-6Q", "width": 196, "height": 110, "resolution": "196x110", "id": "1"}, {"url": "https://i.ytimg.com/vi/Jn9r0avp0fY/hqdefault.jpg?sqp=-oaymwEZCPYBEIoBSFXyq4qpAwsIARUAAIhCGAFwAQ==&rs=AOn4CLCEpzfM6wHdSevherBNX0uP5tsJYA", "width": 246, "height": 138, "resolution": "246x138", "id": "2"}, {"url": "https://i.ytimg.com/vi/Jn9r0avp0fY/hqdefault.jpg?sqp=-oaymwEZCNACELwBSFXyq4qpAwsIARUAAIhCGAFwAQ==&rs=AOn4CLCDvowqSQLLVijRZQbNOKNPGXHXCA", "width": 336, "height": 188, "resolution": "336x188", "id": "3"}, {"url": "https://i.ytimg.com/vi_webp/Jn9r0avp0fY/maxresdefault.webp", "width": 1920, "height": 1080, "resolution": "1920x1080", "id": "4"}], "description": "So, there it is: one of the most anticipated anime covers of all time: Tori no Uta, Last Regrets and Toki wo Kizamu Uta - all three songs packaged in one single movement: The key anime piano suite.\n\n2 months ago, in March 2015, I wanted to upload three videos at once, as a special feature, to commemorate 300.000 subscribers of my channel.\nThe original line up were the full version songs of Tori no Uta, Last Regrets and Toki wo Kizamu Uta, the three Opening themes from the legendary key anime series Air (TV), Kanon (2006) and Clannad After Story.\n\nFamous songs like these put a lot of pressure on me of course, because I definitely had to deliver a piano cover worthy of the name \"Animenz\". \nThe pressure was like... well, just imagine you are a conductor. And one day, you have been told to conduct beethoven's 9th symphony, a world-famous and well known music piece, loved by many.\nJust imagine the pressure.\nThrerefore, as an anime pianist, it was an great challenge to transcribe these three legendary songs. And that's why I wanted to create the most accurate, most intriguing, and - above all - most emotional piano sheet possible. \n\nAt first I made good progress, and quickly created a basic draft for each of these three songs. However, after writing out the TV-size, I quickly ran out of ideas for the rest of the song. I couldn't think of a variation of the chorus and simply copy pasting everything was just too plain. \nI sat on this for hours, for days, I couldn't even sleep because of that, but my ideas just didn't worked out in the sheet. I was in a hopeless situation. I tried and tried but to no avail.\n\nAnd one day, in the middle of march, I just broke down. I couldn't do it anymore. I wanted to quit, I wanted to forget, I didn't want to accept my failure, but.. I just don't know anymore. In the end I dropped the three sheets, and felt depressed for the whole month.\nI failed and I couldn't meet the expectations.\n\nThen, more than a month later - while I was taking a walk near the sea - I was listening to my usual anime music with my headphones, and upon hearing Dango Daikazoku, my mind suddenly exploded and I had a moment of enlightment:\nI'll just \"recycle\"  the three abandoned TV-sized sheets and create a piano medley instead. \nI immediately rushed back and began to work on the medley, working title \"key anime piano suite\". \nI have extended the 1:30 min TV size by reusing some motifs in the original song, and created some transitions as well to give the song a better flow.\nThe entire sheet underwent more than two hundred edits until every single note is polished, until I am finally satisfied with every single detail.\n\n5 years.\nI actually wanted to cover these three songs for five long years, since the very beginning of my youtube channel, which I started in November 2009. Along with My soul, your beats! - the Angel Beats OP - these were the piano covers I've always dreamed of.\nAnd now, the sheet has finally been created. Finally.\n\nThank you for reading this long wall of text, because this key anime piano medley, was probably one of the greatest challenges I have ever faced so far in my anime pianist career on youtube. \nWith this weight lifted from my shoulders, I can finally take a breather again. (Time to marathon some anime tonight!)\nWell then, I hope you enjoyed this special \"key anime piano suite\" and I hope that the music has also touched your heart - same as the three key anime series has touched mine.\n\nAnimenz\n\n- - - - - - - - - - - - - - - - - - - - - - - - - - - - - - - - \n\nMy facebook page:\nhttp://www.facebook.com/Animenz\n\nFollow me on Twitter!\nhttps://twitter.com/Animenzzz\n\n- - - - - - - - - - - - - - - - - - - - - - - - - - - - - - - -\n\nPiano arrangement by Animenz\n\nOriginal Songs used in this medley:\n\n1. Tori no Uta - 0:01\n2. Last Regrets - 3:13\n3. Toki wo Kizamu Uta - 5:56\n4. Dango Daikazoku - 8:53\n \nAnime series: Air (TV), Kanon (2006), Clannad After Story \nPublished by: Key Sounds Label\nComposed by: Jun Maeda, Shinji Orito\nPerformed by: Lia (Tori no Uta, Toki wo Kizamu Uta), Ayana (Last Regrets)\n\n - - - - - - - - - - - - - - - - - - - - - - - - \n\nOne last thing: \nThis time, I didn't record in the usual big room in the conservatory with the steinway grand piano, but instead, I recorded in a smaller room with a fairly old, but very beautiful concert grand piano from a german piano brand called \"Seiler\". The grand piano has an exceptional \"singing voice\", perfectly suited for key songs.\n\n#Key #ClannadAfterStory #Kanon #Air #Medley #Piano", "categories": ["Entertainment"], "tags": ["piano", "cover", "anime", "sheet", "music", "opening", "ending", "song", "op", "ed", "soundtrack", "main", "theme", "ost", "keyboard", "arrangement", "insert", "transcription", "otaku", "intrumental", "fan", "animenz", "track", "sad", "beautiful", "season", "full", "version", "ver.", "tori no uta", "kanon", "kanon (2006)", "clannad", "clannad after story", "after story", "AS", "air (TV)", "air", "lia", "ayana", "jun maeda", "shinji orito", "key", "medley", "feels", "last regrets", "toki wa kizamu no uta", "dango", "daikazoku", "warm", "arrange", "nagisa", "ushio", "crying", "visual", "novel", "arts", "toki", "uta", "kizamu", "toki wo kizamu uta"], "subtitles": {}, "automatic_captions": {}, "duration": 597, "age_limit": 0, "annotations": null, "chapters": null, "webpage_url": "https://www.youtube.com/watch?v=Jn9r0avp0fY", "view_count": 3046174, "like_count": 40001, "dislike_count": 220, "average_rating": 4.9781208, "formats": [{"format_id": "249", "url": "https://r8---sn-5njj-u2xl.googlevideo.com/videoplayback?expire=1609160336&ei=MILpX86FFIa4gAOj3qHgAw&ip=140.109.135.76&id=o-AP1qx9OCdShunqpowxPJfcieZu74s7M-mJdG5EXnSeOO&itag=249&source=youtube&requiressl=yes&mh=66&mm=31%2C29&mn=sn-5njj-u2xl%2Csn-un57sn7z&ms=au%2Crdu&mv=m&mvi=8&pl=16&initcwndbps=841250&vprv=1&mime=audio%2Fwebm&ns=bpLDBT4XAWHmvsYLKzhXtd0F&gir=yes&clen=4448111&dur=596.541&lmt=1576664009613913&mt=1609138367&fvip=2&keepalive=yes&c=WEB&txp=5531432&n=X4BX_zO4ReuPvZxG&sparams=expire%2Cei%2Cip%2Cid%2Citag%2Csource%2Crequiressl%2Cvprv%2Cmime%2Cns%2Cgir%2Cclen%2Cdur%2Clmt&sig=AOq0QJ8wRAIgGLueSXP5rnVU4UST7wP5fZeac87t-86fVr-VFTRhkhsCIGQyNcl6LuWY6wvWWn5pOB8-LOFBgBIs5TrFQiscLxZ9&lsparams=mh%2Cmm%2Cmn%2Cms%2Cmv%2Cmvi%2Cpl%2Cinitcwndbps&lsig=AG3C_xAwRQIgApLcwufwZ-HOwckGsMj7cU32ZSmeepgvtjQi-JZQdvMCIQDmEetaUEvdftBRGNQayvnAaZc6xAM0DMdx2um2YvTLqg%3D%3D&ratebypass=yes", "player_url": null, "ext": "webm", "format_note": "tiny", "acodec": "opus", "abr": 50, "asr": 48000, "filesize": 4448111, "fps": null, "height": null, "tbr": 66.872, "width": null, "vcodec": "none", "downloader_options": {"http_chunk_size": 10485760}, "format": "249 - audio only (tiny)", "protocol": "https", "http_headers": {"User-Agent": "Mozilla/5.0 (Windows NT 10.0; Win64; x64) AppleWebKit/537.36 (KHTML, like Gecko) Chrome/72.0.3623.3 Safari/537.36", "Accept-Charset": "ISO-8859-1,utf-8;q=0.7,*;q=0.7", "Accept": "text/html,application/xhtml+xml,application/xml;q=0.9,*/*;q=0.8", "Accept-Encoding": "gzip, deflate", "Accept-Language": "en-us,en;q=0.5"}}, {"format_id": "250", "url": "https://r8---sn-5njj-u2xl.googlevideo.com/videoplayback?expire=1609160336&ei=MILpX86FFIa4gAOj3qHgAw&ip=140.109.135.76&id=o-AP1qx9OCdShunqpowxPJfcieZu74s7M-mJdG5EXnSeOO&itag=250&source=youtube&requiressl=yes&mh=66&mm=31%2C29&mn=sn-5njj-u2xl%2Csn-un57sn7z&ms=au%2Crdu&mv=m&mvi=8&pl=16&initcwndbps=841250&vprv=1&mime=audio%2Fwebm&ns=bpLDBT4XAWHmvsYLKzhXtd0F&gir=yes&clen=5969679&dur=596.541&lmt=1576664007459488&mt=1609138367&fvip=2&keepalive=yes&c=WEB&txp=5531432&n=X4BX_zO4ReuPvZxG&sparams=expire%2Cei%2Cip%2Cid%2Citag%2Csource%2Crequiressl%2Cvprv%2Cmime%2Cns%2Cgir%2Cclen%2Cdur%2Clmt&sig=AOq0QJ8wRQIgG78kNhB8ydS9W_Tfp7tsCqTv0GvLtiU1Ov4LWarXoGoCIQD3525afjWwlw0vGJDIZZVMOTiLkK3pVXquGMKCIM2UAQ%3D%3D&lsparams=mh%2Cmm%2Cmn%2Cms%2Cmv%2Cmvi%2Cpl%2Cinitcwndbps&lsig=AG3C_xAwRQIgApLcwufwZ-HOwckGsMj7cU32ZSmeepgvtjQi-JZQdvMCIQDmEetaUEvdftBRGNQayvnAaZc6xAM0DMdx2um2YvTLqg%3D%3D&ratebypass=yes", "player_url": null, "ext": "webm", "format_note": "tiny", "acodec": "opus", "abr": 70, "asr": 48000, "filesize": 5969679, "fps": null, "height": null, "tbr": 88.535, "width": null, "vcodec": "none", "downloader_options": {"http_chunk_size": 10485760}, "format": "250 - audio only (tiny)", "protocol": "https", "http_headers": {"User-Agent": "Mozilla/5.0 (Windows NT 10.0; Win64; x64) AppleWebKit/537.36 (KHTML, like Gecko) Chrome/72.0.3623.3 Safari/537.36", "Accept-Charset": "ISO-8859-1,utf-8;q=0.7,*;q=0.7", "Accept": "text/html,application/xhtml+xml,application/xml;q=0.9,*/*;q=0.8", "Accept-Encoding": "gzip, deflate", "Accept-Language": "en-us,en;q=0.5"}}, {"format_id": "140", "url": "https://r8---sn-5njj-u2xl.googlevideo.com/videoplayback?expire=1609160336&ei=MILpX86FFIa4gAOj3qHgAw&ip=140.109.135.76&id=o-AP1qx9OCdShunqpowxPJfcieZu74s7M-mJdG5EXnSeOO&itag=140&source=youtube&requiressl=yes&mh=66&mm=31%2C29&mn=sn-5njj-u2xl%2Csn-un57sn7z&ms=au%2Crdu&mv=m&mvi=8&pl=16&initcwndbps=841250&vprv=1&mime=audio%2Fmp4&ns=bpLDBT4XAWHmvsYLKzhXtd0F&gir=yes&clen=9655465&dur=596.567&lmt=1576664011969651&mt=1609138367&fvip=2&keepalive=yes&c=WEB&txp=5531432&n=X4BX_zO4ReuPvZxG&sparams=expire%2Cei%2Cip%2Cid%2Citag%2Csource%2Crequiressl%2Cvprv%2Cmime%2Cns%2Cgir%2Cclen%2Cdur%2Clmt&sig=AOq0QJ8wRAIgQRsAqO9MiUh8gHgd9Uz_pF3NAXzoyy6kYPHmU7KiVt0CIDa3q71hk-h78QSfcSxlxfHZdJXpMs5jhc2g1zqfCvRB&lsparams=mh%2Cmm%2Cmn%2Cms%2Cmv%2Cmvi%2Cpl%2Cinitcwndbps&lsig=AG3C_xAwRQIgApLcwufwZ-HOwckGsMj7cU32ZSmeepgvtjQi-JZQdvMCIQDmEetaUEvdftBRGNQayvnAaZc6xAM0DMdx2um2YvTLqg%3D%3D&ratebypass=yes", "player_url": null, "ext": "m4a", "format_note": "tiny", "acodec": "mp4a.40.2", "abr": 128, "container": "m4a_dash", "asr": 44100, "filesize": 9655465, "fps": null, "height": null, "tbr": 130.776, "width": null, "vcodec": "none", "downloader_options": {"http_chunk_size": 10485760}, "format": "140 - audio only (tiny)", "protocol": "https", "http_headers": {"User-Agent": "Mozilla/5.0 (Windows NT 10.0; Win64; x64) AppleWebKit/537.36 (KHTML, like Gecko) Chrome/72.0.3623.3 Safari/537.36", "Accept-Charset": "ISO-8859-1,utf-8;q=0.7,*;q=0.7", "Accept": "text/html,application/xhtml+xml,application/xml;q=0.9,*/*;q=0.8", "Accept-Encoding": "gzip, deflate", "Accept-Language": "en-us,en;q=0.5"}}, {"format_id": "251", "url": "https://r8---sn-5njj-u2xl.googlevideo.com/videoplayback?expire=1609160336&ei=MILpX86FFIa4gAOj3qHgAw&ip=140.109.135.76&id=o-AP1qx9OCdShunqpowxPJfcieZu74s7M-mJdG5EXnSeOO&itag=251&source=youtube&requiressl=yes&mh=66&mm=31%2C29&mn=sn-5njj-u2xl%2Csn-un57sn7z&ms=au%2Crdu&mv=m&mvi=8&pl=16&initcwndbps=841250&vprv=1&mime=audio%2Fwebm&ns=bpLDBT4XAWHmvsYLKzhXtd0F&gir=yes&clen=11374931&dur=596.541&lmt=1576664009176766&mt=1609138367&fvip=2&keepalive=yes&c=WEB&txp=5531432&n=X4BX_zO4ReuPvZxG&sparams=expire%2Cei%2Cip%2Cid%2Citag%2Csource%2Crequiressl%2Cvprv%2Cmime%2Cns%2Cgir%2Cclen%2Cdur%2Clmt&sig=AOq0QJ8wRQIhAMKA3igDonPrEL49ODRGT9lJg9gxJH__C7jVfCEhwAc7AiBK2NW7quwGRmk3fNVKMQyG1nZ-iOIU2i5c_ZTWT6wNzw%3D%3D&lsparams=mh%2Cmm%2Cmn%2Cms%2Cmv%2Cmvi%2Cpl%2Cinitcwndbps&lsig=AG3C_xAwRQIgApLcwufwZ-HOwckGsMj7cU32ZSmeepgvtjQi-JZQdvMCIQDmEetaUEvdftBRGNQayvnAaZc6xAM0DMdx2um2YvTLqg%3D%3D&ratebypass=yes", "player_url": null, "ext": "webm", "format_note": "tiny", "acodec": "opus", "abr": 160, "asr": 48000, "filesize": 11374931, "fps": null, "height": null, "tbr": 164.847, "width": null, "vcodec": "none", "downloader_options": {"http_chunk_size": 10485760}, "format": "251 - audio only (tiny)", "protocol": "https", "http_headers": {"User-Agent": "Mozilla/5.0 (Windows NT 10.0; Win64; x64) AppleWebKit/537.36 (KHTML, like Gecko) Chrome/72.0.3623.3 Safari/537.36", "Accept-Charset": "ISO-8859-1,utf-8;q=0.7,*;q=0.7", "Accept": "text/html,application/xhtml+xml,application/xml;q=0.9,*/*;q=0.8", "Accept-Encoding": "gzip, deflate", "Accept-Language": "en-us,en;q=0.5"}}, {"format_id": "160", "url": "https://r8---sn-5njj-u2xl.googlevideo.com/videoplayback?expire=1609160336&ei=MILpX86FFIa4gAOj3qHgAw&ip=140.109.135.76&id=o-AP1qx9OCdShunqpowxPJfcieZu74s7M-mJdG5EXnSeOO&itag=160&aitags=133%2C134%2C135%2C136%2C160%2C242%2C243%2C244%2C247%2C278%2C394%2C395%2C396%2C397%2C398&source=youtube&requiressl=yes&mh=66&mm=31%2C29&mn=sn-5njj-u2xl%2Csn-un57sn7z&ms=au%2Crdu&mv=m&mvi=8&pl=16&initcwndbps=841250&vprv=1&mime=video%2Fmp4&ns=bpLDBT4XAWHmvsYLKzhXtd0F&gir=yes&clen=4008584&dur=596.520&lmt=1576664648759961&mt=1609138367&fvip=2&keepalive=yes&c=WEB&txp=5535432&n=X4BX_zO4ReuPvZxG&sparams=expire%2Cei%2Cip%2Cid%2Caitags%2Csource%2Crequiressl%2Cvprv%2Cmime%2Cns%2Cgir%2Cclen%2Cdur%2Clmt&sig=AOq0QJ8wRgIhAPAZqbwCyPY4vl0o7kh9b4MDjCVCTKqjWLyZEVHPv1GPAiEAi4cfi2DIeheAbpwGwug5E09_POp7ZJyKv2wLrviu98I%3D&lsparams=mh%2Cmm%2Cmn%2Cms%2Cmv%2Cmvi%2Cpl%2Cinitcwndbps&lsig=AG3C_xAwRQIgApLcwufwZ-HOwckGsMj7cU32ZSmeepgvtjQi-JZQdvMCIQDmEetaUEvdftBRGNQayvnAaZc6xAM0DMdx2um2YvTLqg%3D%3D&ratebypass=yes", "player_url": null, "ext": "mp4", "height": 144, "format_note": "144p", "vcodec": "avc1.4d400c", "asr": null, "filesize": 4008584, "fps": 25, "tbr": 69.501, "width": 256, "acodec": "none", "downloader_options": {"http_chunk_size": 10485760}, "format": "160 - 256x144 (144p)", "protocol": "https", "http_headers": {"User-Agent": "Mozilla/5.0 (Windows NT 10.0; Win64; x64) AppleWebKit/537.36 (KHTML, like Gecko) Chrome/72.0.3623.3 Safari/537.36", "Accept-Charset": "ISO-8859-1,utf-8;q=0.7,*;q=0.7", "Accept": "text/html,application/xhtml+xml,application/xml;q=0.9,*/*;q=0.8", "Accept-Encoding": "gzip, deflate", "Accept-Language": "en-us,en;q=0.5"}}, {"format_id": "394", "url": "https://r8---sn-5njj-u2xl.googlevideo.com/videoplayback?expire=1609160336&ei=MILpX86FFIa4gAOj3qHgAw&ip=140.109.135.76&id=o-AP1qx9OCdShunqpowxPJfcieZu74s7M-mJdG5EXnSeOO&itag=394&aitags=133%2C134%2C135%2C136%2C160%2C242%2C243%2C244%2C247%2C278%2C394%2C395%2C396%2C397%2C398&source=youtube&requiressl=yes&mh=66&mm=31%2C29&mn=sn-5njj-u2xl%2Csn-un57sn7z&ms=au%2Crdu&mv=m&mvi=8&pl=16&initcwndbps=841250&vprv=1&mime=video%2Fmp4&ns=bpLDBT4XAWHmvsYLKzhXtd0F&gir=yes&clen=4693047&dur=596.520&lmt=1601383363416807&mt=1609138367&fvip=2&keepalive=yes&c=WEB&txp=5531432&n=X4BX_zO4ReuPvZxG&sparams=expire%2Cei%2Cip%2Cid%2Caitags%2Csource%2Crequiressl%2Cvprv%2Cmime%2Cns%2Cgir%2Cclen%2Cdur%2Clmt&sig=AOq0QJ8wRQIhAJf7JVSETWnBapL2b6BlhgPwGpomtK3Fgz9v6XkNUtndAiAED3jru7ei2-oeZHzYY9ohFZZeQpNIQYQdI6Lu6k5nSQ%3D%3D&lsparams=mh%2Cmm%2Cmn%2Cms%2Cmv%2Cmvi%2Cpl%2Cinitcwndbps&lsig=AG3C_xAwRQIgApLcwufwZ-HOwckGsMj7cU32ZSmeepgvtjQi-JZQdvMCIQDmEetaUEvdftBRGNQayvnAaZc6xAM0DMdx2um2YvTLqg%3D%3D&ratebypass=yes", "player_url": null, "acodec": "none", "vcodec": "av01.0.00M.08", "asr": null, "filesize": 4693047, "format_note": "144p", "fps": 25, "height": 144, "tbr": 70.822, "width": 256, "ext": "mp4", "downloader_options": {"http_chunk_size": 10485760}, "format": "394 - 256x144 (144p)", "protocol": "https", "http_headers": {"User-Agent": "Mozilla/5.0 (Windows NT 10.0; Win64; x64) AppleWebKit/537.36 (KHTML, like Gecko) Chrome/72.0.3623.3 Safari/537.36", "Accept-Charset": "ISO-8859-1,utf-8;q=0.7,*;q=0.7", "Accept": "text/html,application/xhtml+xml,application/xml;q=0.9,*/*;q=0.8", "Accept-Encoding": "gzip, deflate", "Accept-Language": "en-us,en;q=0.5"}}, {"format_id": "278", "url": "https://r8---sn-5njj-u2xl.googlevideo.com/videoplayback?expire=1609160336&ei=MILpX86FFIa4gAOj3qHgAw&ip=140.109.135.76&id=o-AP1qx9OCdShunqpowxPJfcieZu74s7M-mJdG5EXnSeOO&itag=278&aitags=133%2C134%2C135%2C136%2C160%2C242%2C243%2C244%2C247%2C278%2C394%2C395%2C396%2C397%2C398&source=youtube&requiressl=yes&mh=66&mm=31%2C29&mn=sn-5njj-u2xl%2Csn-un57sn7z&ms=au%2Crdu&mv=m&mvi=8&pl=16&initcwndbps=841250&vprv=1&mime=video%2Fwebm&ns=bpLDBT4XAWHmvsYLKzhXtd0F&gir=yes&clen=5966932&dur=596.520&lmt=1576665301490314&mt=1609138367&fvip=2&keepalive=yes&c=WEB&txp=5535432&n=X4BX_zO4ReuPvZxG&sparams=expire%2Cei%2Cip%2Cid%2Caitags%2Csource%2Crequiressl%2Cvprv%2Cmime%2Cns%2Cgir%2Cclen%2Cdur%2Clmt&sig=AOq0QJ8wRQIhANVzCAkwpBxxbYErR24iCHFsM-TxBOreOkBVBO40vL9NAiB75lUldg3QKa2Y8gUFWmD0vNKj-dbT0H52r9GHKOxn2g%3D%3D&lsparams=mh%2Cmm%2Cmn%2Cms%2Cmv%2Cmvi%2Cpl%2Cinitcwndbps&lsig=AG3C_xAwRQIgApLcwufwZ-HOwckGsMj7cU32ZSmeepgvtjQi-JZQdvMCIQDmEetaUEvdftBRGNQayvnAaZc6xAM0DMdx2um2YvTLqg%3D%3D&ratebypass=yes", "player_url": null, "ext": "webm", "height": 144, "format_note": "144p", "container": "webm", "vcodec": "vp9", "asr": null, "filesize": 5966932, "fps": 25, "tbr": 95.7, "width": 256, "acodec": "none", "downloader_options": {"http_chunk_size": 10485760}, "format": "278 - 256x144 (144p)", "protocol": "https", "http_headers": {"User-Agent": "Mozilla/5.0 (Windows NT 10.0; Win64; x64) AppleWebKit/537.36 (KHTML, like Gecko) Chrome/72.0.3623.3 Safari/537.36", "Accept-Charset": "ISO-8859-1,utf-8;q=0.7,*;q=0.7", "Accept": "text/html,application/xhtml+xml,application/xml;q=0.9,*/*;q=0.8", "Accept-Encoding": "gzip, deflate", "Accept-Language": "en-us,en;q=0.5"}}, {"format_id": "133", "url": "https://r8---sn-5njj-u2xl.googlevideo.com/videoplayback?expire=1609160336&ei=MILpX86FFIa4gAOj3qHgAw&ip=140.109.135.76&id=o-AP1qx9OCdShunqpowxPJfcieZu74s7M-mJdG5EXnSeOO&itag=133&aitags=133%2C134%2C135%2C136%2C160%2C242%2C243%2C244%2C247%2C278%2C394%2C395%2C396%2C397%2C398&source=youtube&requiressl=yes&mh=66&mm=31%2C29&mn=sn-5njj-u2xl%2Csn-un57sn7z&ms=au%2Crdu&mv=m&mvi=8&pl=16&initcwndbps=841250&vprv=1&mime=video%2Fmp4&ns=bpLDBT4XAWHmvsYLKzhXtd0F&gir=yes&clen=6172789&dur=596.520&lmt=1576664648760141&mt=1609138367&fvip=2&keepalive=yes&c=WEB&txp=5535432&n=X4BX_zO4ReuPvZxG&sparams=expire%2Cei%2Cip%2Cid%2Caitags%2Csource%2Crequiressl%2Cvprv%2Cmime%2Cns%2Cgir%2Cclen%2Cdur%2Clmt&sig=AOq0QJ8wRAIgLN2vPs_ZODgFg2DHMf_hLGGOeCWbgB51SKb2QkK73OcCIE5N81-QteWDPrxAcyQNpBIIVocu0l3_2gm-5BxDMJCL&lsparams=mh%2Cmm%2Cmn%2Cms%2Cmv%2Cmvi%2Cpl%2Cinitcwndbps&lsig=AG3C_xAwRQIgApLcwufwZ-HOwckGsMj7cU32ZSmeepgvtjQi-JZQdvMCIQDmEetaUEvdftBRGNQayvnAaZc6xAM0DMdx2um2YvTLqg%3D%3D&ratebypass=yes", "player_url": null, "ext": "mp4", "height": 240, "format_note": "240p", "vcodec": "avc1.4d4015", "asr": null, "filesize": 6172789, "fps": 25, "tbr": 117.154, "width": 426, "acodec": "none", "downloader_options": {"http_chunk_size": 10485760}, "format": "133 - 426x240 (240p)", "protocol": "https", "http_headers": {"User-Agent": "Mozilla/5.0 (Windows NT 10.0; Win64; x64) AppleWebKit/537.36 (KHTML, like Gecko) Chrome/72.0.3623.3 Safari/537.36", "Accept-Charset": "ISO-8859-1,utf-8;q=0.7,*;q=0.7", "Accept": "text/html,application/xhtml+xml,application/xml;q=0.9,*/*;q=0.8", "Accept-Encoding": "gzip, deflate", "Accept-Language": "en-us,en;q=0.5"}}, {"format_id": "395", "url": "https://r8---sn-5njj-u2xl.googlevideo.com/videoplayback?expire=1609160336&ei=MILpX86FFIa4gAOj3qHgAw&ip=140.109.135.76&id=o-AP1qx9OCdShunqpowxPJfcieZu74s7M-mJdG5EXnSeOO&itag=395&aitags=133%2C134%2C135%2C136%2C160%2C242%2C243%2C244%2C247%2C278%2C394%2C395%2C396%2C397%2C398&source=youtube&requiressl=yes&mh=66&mm=31%2C29&mn=sn-5njj-u2xl%2Csn-un57sn7z&ms=au%2Crdu&mv=m&mvi=8&pl=16&initcwndbps=841250&vprv=1&mime=video%2Fmp4&ns=bpLDBT4XAWHmvsYLKzhXtd0F&gir=yes&clen=9138502&dur=596.520&lmt=1601383590449485&mt=1609138367&fvip=2&keepalive=yes&c=WEB&txp=5531432&n=X4BX_zO4ReuPvZxG&sparams=expire%2Cei%2Cip%2Cid%2Caitags%2Csource%2Crequiressl%2Cvprv%2Cmime%2Cns%2Cgir%2Cclen%2Cdur%2Clmt&sig=AOq0QJ8wRQIgYlEjHmJ8VSv-hS6kqCks-KBjTc-_2_K7EeTBiJlw91sCIQD0fUhLShmn5qujgTQR7PWv_u9GFwuQTSvzfgmSPciKzg%3D%3D&lsparams=mh%2Cmm%2Cmn%2Cms%2Cmv%2Cmvi%2Cpl%2Cinitcwndbps&lsig=AG3C_xAwRQIgApLcwufwZ-HOwckGsMj7cU32ZSmeepgvtjQi-JZQdvMCIQDmEetaUEvdftBRGNQayvnAaZc6xAM0DMdx2um2YvTLqg%3D%3D&ratebypass=yes", "player_url": null, "acodec": "none", "vcodec": "av01.0.00M.08", "asr": null, "filesize": 9138502, "format_note": "240p", "fps": 25, "height": 240, "tbr": 140.339, "width": 426, "ext": "mp4", "downloader_options": {"http_chunk_size": 10485760}, "format": "395 - 426x240 (240p)", "protocol": "https", "http_headers": {"User-Agent": "Mozilla/5.0 (Windows NT 10.0; Win64; x64) AppleWebKit/537.36 (KHTML, like Gecko) Chrome/72.0.3623.3 Safari/537.36", "Accept-Charset": "ISO-8859-1,utf-8;q=0.7,*;q=0.7", "Accept": "text/html,application/xhtml+xml,application/xml;q=0.9,*/*;q=0.8", "Accept-Encoding": "gzip, deflate", "Accept-Language": "en-us,en;q=0.5"}}, {"format_id": "242", "url": "https://r8---sn-5njj-u2xl.googlevideo.com/videoplayback?expire=1609160336&ei=MILpX86FFIa4gAOj3qHgAw&ip=140.109.135.76&id=o-AP1qx9OCdShunqpowxPJfcieZu74s7M-mJdG5EXnSeOO&itag=242&aitags=133%2C134%2C135%2C136%2C160%2C242%2C243%2C244%2C247%2C278%2C394%2C395%2C396%2C397%2C398&source=youtube&requiressl=yes&mh=66&mm=31%2C29&mn=sn-5njj-u2xl%2Csn-un57sn7z&ms=au%2Crdu&mv=m&mvi=8&pl=16&initcwndbps=841250&vprv=1&mime=video%2Fwebm&ns=bpLDBT4XAWHmvsYLKzhXtd0F&gir=yes&clen=8589293&dur=596.520&lmt=1576665301599782&mt=1609138367&fvip=2&keepalive=yes&c=WEB&txp=5535432&n=X4BX_zO4ReuPvZxG&sparams=expire%2Cei%2Cip%2Cid%2Caitags%2Csource%2Crequiressl%2Cvprv%2Cmime%2Cns%2Cgir%2Cclen%2Cdur%2Clmt&sig=AOq0QJ8wRQIhANdYXGlp7O5_G7OIc09L84-WUm0HBO3IsglFT4_L-51gAiAO1Kjf_ZxT6IhsRDV63QPvX8f5UiO6S1iS3bxuRm5wkw%3D%3D&lsparams=mh%2Cmm%2Cmn%2Cms%2Cmv%2Cmvi%2Cpl%2Cinitcwndbps&lsig=AG3C_xAwRQIgApLcwufwZ-HOwckGsMj7cU32ZSmeepgvtjQi-JZQdvMCIQDmEetaUEvdftBRGNQayvnAaZc6xAM0DMdx2um2YvTLqg%3D%3D&ratebypass=yes", "player_url": null, "ext": "webm", "height": 240, "format_note": "240p", "vcodec": "vp9", "asr": null, "filesize": 8589293, "fps": 25, "tbr": 149.275, "width": 426, "acodec": "none", "downloader_options": {"http_chunk_size": 10485760}, "format": "242 - 426x240 (240p)", "protocol": "https", "http_headers": {"User-Agent": "Mozilla/5.0 (Windows NT 10.0; Win64; x64) AppleWebKit/537.36 (KHTML, like Gecko) Chrome/72.0.3623.3 Safari/537.36", "Accept-Charset": "ISO-8859-1,utf-8;q=0.7,*;q=0.7", "Accept": "text/html,application/xhtml+xml,application/xml;q=0.9,*/*;q=0.8", "Accept-Encoding": "gzip, deflate", "Accept-Language": "en-us,en;q=0.5"}}, {"format_id": "134", "url": "https://r8---sn-5njj-u2xl.googlevideo.com/videoplayback?expire=1609160336&ei=MILpX86FFIa4gAOj3qHgAw&ip=140.109.135.76&id=o-AP1qx9OCdShunqpowxPJfcieZu74s7M-mJdG5EXnSeOO&itag=134&aitags=133%2C134%2C135%2C136%2C160%2C242%2C243%2C244%2C247%2C278%2C394%2C395%2C396%2C397%2C398&source=youtube&requiressl=yes&mh=66&mm=31%2C29&mn=sn-5njj-u2xl%2Csn-un57sn7z&ms=au%2Crdu&mv=m&mvi=8&pl=16&initcwndbps=841250&vprv=1&mime=video%2Fmp4&ns=bpLDBT4XAWHmvsYLKzhXtd0F&gir=yes&clen=11202733&dur=596.520&lmt=1576664648760650&mt=1609138367&fvip=2&keepalive=yes&c=WEB&txp=5535432&n=X4BX_zO4ReuPvZxG&sparams=expire%2Cei%2Cip%2Cid%2Caitags%2Csource%2Crequiressl%2Cvprv%2Cmime%2Cns%2Cgir%2Cclen%2Cdur%2Clmt&sig=AOq0QJ8wRQIhAIW11olWADr4xp6p2SiiouUEoz6eIP6n2m5CY5NkxsmIAiACgwzx7CeEmHk2yGbhzaxYgQG6gOneP7eMdFE4S6qNlw%3D%3D&lsparams=mh%2Cmm%2Cmn%2Cms%2Cmv%2Cmvi%2Cpl%2Cinitcwndbps&lsig=AG3C_xAwRQIgApLcwufwZ-HOwckGsMj7cU32ZSmeepgvtjQi-JZQdvMCIQDmEetaUEvdftBRGNQayvnAaZc6xAM0DMdx2um2YvTLqg%3D%3D&ratebypass=yes", "player_url": null, "ext": "mp4", "height": 360, "format_note": "360p", "vcodec": "avc1.4d401e", "asr": null, "filesize": 11202733, "fps": 25, "tbr": 213.6, "width": 640, "acodec": "none", "downloader_options": {"http_chunk_size": 10485760}, "format": "134 - 640x360 (360p)", "protocol": "https", "http_headers": {"User-Agent": "Mozilla/5.0 (Windows NT 10.0; Win64; x64) AppleWebKit/537.36 (KHTML, like Gecko) Chrome/72.0.3623.3 Safari/537.36", "Accept-Charset": "ISO-8859-1,utf-8;q=0.7,*;q=0.7", "Accept": "text/html,application/xhtml+xml,application/xml;q=0.9,*/*;q=0.8", "Accept-Encoding": "gzip, deflate", "Accept-Language": "en-us,en;q=0.5"}}, {"format_id": "243", "url": "https://r8---sn-5njj-u2xl.googlevideo.com/videoplayback?expire=1609160336&ei=MILpX86FFIa4gAOj3qHgAw&ip=140.109.135.76&id=o-AP1qx9OCdShunqpowxPJfcieZu74s7M-mJdG5EXnSeOO&itag=243&aitags=133%2C134%2C135%2C136%2C160%2C242%2C243%2C244%2C247%2C278%2C394%2C395%2C396%2C397%2C398&source=youtube&requiressl=yes&mh=66&mm=31%2C29&mn=sn-5njj-u2xl%2Csn-un57sn7z&ms=au%2Crdu&mv=m&mvi=8&pl=16&initcwndbps=841250&vprv=1&mime=video%2Fwebm&ns=bpLDBT4XAWHmvsYLKzhXtd0F&gir=yes&clen=14944125&dur=596.520&lmt=1576665301529988&mt=1609138367&fvip=2&keepalive=yes&c=WEB&txp=5535432&n=X4BX_zO4ReuPvZxG&sparams=expire%2Cei%2Cip%2Cid%2Caitags%2Csource%2Crequiressl%2Cvprv%2Cmime%2Cns%2Cgir%2Cclen%2Cdur%2Clmt&sig=AOq0QJ8wRQIgK2ANoeeIoNoulx2pnaMrA0KWYrMBtOS37TXzbX6D7TcCIQCPp6z2JY94sNz0wfRqetG5281L-awumZQB1dauFmaH3w%3D%3D&lsparams=mh%2Cmm%2Cmn%2Cms%2Cmv%2Cmvi%2Cpl%2Cinitcwndbps&lsig=AG3C_xAwRQIgApLcwufwZ-HOwckGsMj7cU32ZSmeepgvtjQi-JZQdvMCIQDmEetaUEvdftBRGNQayvnAaZc6xAM0DMdx2um2YvTLqg%3D%3D&ratebypass=yes", "player_url": null, "ext": "webm", "height": 360, "format_note": "360p", "vcodec": "vp9", "asr": null, "filesize": 14944125, "fps": 25, "tbr": 258.225, "width": 640, "acodec": "none", "downloader_options": {"http_chunk_size": 10485760}, "format": "243 - 640x360 (360p)", "protocol": "https", "http_headers": {"User-Agent": "Mozilla/5.0 (Windows NT 10.0; Win64; x64) AppleWebKit/537.36 (KHTML, like Gecko) Chrome/72.0.3623.3 Safari/537.36", "Accept-Charset": "ISO-8859-1,utf-8;q=0.7,*;q=0.7", "Accept": "text/html,application/xhtml+xml,application/xml;q=0.9,*/*;q=0.8", "Accept-Encoding": "gzip, deflate", "Accept-Language": "en-us,en;q=0.5"}}, {"format_id": "396", "url": "https://r8---sn-5njj-u2xl.googlevideo.com/videoplayback?expire=1609160336&ei=MILpX86FFIa4gAOj3qHgAw&ip=140.109.135.76&id=o-AP1qx9OCdShunqpowxPJfcieZu74s7M-mJdG5EXnSeOO&itag=396&aitags=133%2C134%2C135%2C136%2C160%2C242%2C243%2C244%2C247%2C278%2C394%2C395%2C396%2C397%2C398&source=youtube&requiressl=yes&mh=66&mm=31%2C29&mn=sn-5njj-u2xl%2Csn-un57sn7z&ms=au%2Crdu&mv=m&mvi=8&pl=16&initcwndbps=841250&vprv=1&mime=video%2Fmp4&ns=bpLDBT4XAWHmvsYLKzhXtd0F&gir=yes&clen=18473262&dur=596.520&lmt=1601383902738548&mt=1609138367&fvip=2&keepalive=yes&c=WEB&txp=5531432&n=X4BX_zO4ReuPvZxG&sparams=expire%2Cei%2Cip%2Cid%2Caitags%2Csource%2Crequiressl%2Cvprv%2Cmime%2Cns%2Cgir%2Cclen%2Cdur%2Clmt&sig=AOq0QJ8wRgIhANh8nMS_kL9emqXdNAVepcELwODwy_gCMQq5K1UyZbr-AiEAs57rnaDMju8LTBlr5ICnEm87MoyIC43yxVhbvm1vW1E%3D&lsparams=mh%2Cmm%2Cmn%2Cms%2Cmv%2Cmvi%2Cpl%2Cinitcwndbps&lsig=AG3C_xAwRQIgApLcwufwZ-HOwckGsMj7cU32ZSmeepgvtjQi-JZQdvMCIQDmEetaUEvdftBRGNQayvnAaZc6xAM0DMdx2um2YvTLqg%3D%3D&ratebypass=yes", "player_url": null, "acodec": "none", "vcodec": "av01.0.01M.08", "asr": null, "filesize": 18473262, "format_note": "360p", "fps": 25, "height": 360, "tbr": 280.152, "width": 640, "ext": "mp4", "downloader_options": {"http_chunk_size": 10485760}, "format": "396 - 640x360 (360p)", "protocol": "https", "http_headers": {"User-Agent": "Mozilla/5.0 (Windows NT 10.0; Win64; x64) AppleWebKit/537.36 (KHTML, like Gecko) Chrome/72.0.3623.3 Safari/537.36", "Accept-Charset": "ISO-8859-1,utf-8;q=0.7,*;q=0.7", "Accept": "text/html,application/xhtml+xml,application/xml;q=0.9,*/*;q=0.8", "Accept-Encoding": "gzip, deflate", "Accept-Language": "en-us,en;q=0.5"}}, {"format_id": "135", "url": "https://r8---sn-5njj-u2xl.googlevideo.com/videoplayback?expire=1609160336&ei=MILpX86FFIa4gAOj3qHgAw&ip=140.109.135.76&id=o-AP1qx9OCdShunqpowxPJfcieZu74s7M-mJdG5EXnSeOO&itag=135&aitags=133%2C134%2C135%2C136%2C160%2C242%2C243%2C244%2C247%2C278%2C394%2C395%2C396%2C397%2C398&source=youtube&requiressl=yes&mh=66&mm=31%2C29&mn=sn-5njj-u2xl%2Csn-un57sn7z&ms=au%2Crdu&mv=m&mvi=8&pl=16&initcwndbps=841250&vprv=1&mime=video%2Fmp4&ns=bpLDBT4XAWHmvsYLKzhXtd0F&gir=yes&clen=18497552&dur=596.520&lmt=1576664648759848&mt=1609138367&fvip=2&keepalive=yes&c=WEB&txp=5535432&n=X4BX_zO4ReuPvZxG&sparams=expire%2Cei%2Cip%2Cid%2Caitags%2Csource%2Crequiressl%2Cvprv%2Cmime%2Cns%2Cgir%2Cclen%2Cdur%2Clmt&sig=AOq0QJ8wRQIhAO-nk2U8DWGAfnbhXdJ9fO_uorSqhKWeanti8ANJ2PZwAiBYYjl6zHgQYhEik22IzsVn5Bcpca7X1xdPHC11cVy_Jg%3D%3D&lsparams=mh%2Cmm%2Cmn%2Cms%2Cmv%2Cmvi%2Cpl%2Cinitcwndbps&lsig=AG3C_xAwRQIgApLcwufwZ-HOwckGsMj7cU32ZSmeepgvtjQi-JZQdvMCIQDmEetaUEvdftBRGNQayvnAaZc6xAM0DMdx2um2YvTLqg%3D%3D&ratebypass=yes", "player_url": null, "ext": "mp4", "height": 480, "format_note": "480p", "vcodec": "avc1.4d401e", "asr": null, "filesize": 18497552, "fps": 25, "tbr": 360.984, "width": 854, "acodec": "none", "downloader_options": {"http_chunk_size": 10485760}, "format": "135 - 854x480 (480p)", "protocol": "https", "http_headers": {"User-Agent": "Mozilla/5.0 (Windows NT 10.0; Win64; x64) AppleWebKit/537.36 (KHTML, like Gecko) Chrome/72.0.3623.3 Safari/537.36", "Accept-Charset": "ISO-8859-1,utf-8;q=0.7,*;q=0.7", "Accept": "text/html,application/xhtml+xml,application/xml;q=0.9,*/*;q=0.8", "Accept-Encoding": "gzip, deflate", "Accept-Language": "en-us,en;q=0.5"}}, {"format_id": "244", "url": "https://r8---sn-5njj-u2xl.googlevideo.com/videoplayback?expire=1609160336&ei=MILpX86FFIa4gAOj3qHgAw&ip=140.109.135.76&id=o-AP1qx9OCdShunqpowxPJfcieZu74s7M-mJdG5EXnSeOO&itag=244&aitags=133%2C134%2C135%2C136%2C160%2C242%2C243%2C244%2C247%2C278%2C394%2C395%2C396%2C397%2C398&source=youtube&requiressl=yes&mh=66&mm=31%2C29&mn=sn-5njj-u2xl%2Csn-un57sn7z&ms=au%2Crdu&mv=m&mvi=8&pl=16&initcwndbps=841250&vprv=1&mime=video%2Fwebm&ns=bpLDBT4XAWHmvsYLKzhXtd0F&gir=yes&clen=22220269&dur=596.520&lmt=1576665301485639&mt=1609138367&fvip=2&keepalive=yes&c=WEB&txp=5535432&n=X4BX_zO4ReuPvZxG&sparams=expire%2Cei%2Cip%2Cid%2Caitags%2Csource%2Crequiressl%2Cvprv%2Cmime%2Cns%2Cgir%2Cclen%2Cdur%2Clmt&sig=AOq0QJ8wRgIhAKK09FcJq4u7HVw8xa1wKi56jQ5-H3sP0bUt6GuUwnF5AiEAl5CdyiolgGU10XGzS9yxK5CJ7FDP-AQHjpkxbB0TCzE%3D&lsparams=mh%2Cmm%2Cmn%2Cms%2Cmv%2Cmvi%2Cpl%2Cinitcwndbps&lsig=AG3C_xAwRQIgApLcwufwZ-HOwckGsMj7cU32ZSmeepgvtjQi-JZQdvMCIQDmEetaUEvdftBRGNQayvnAaZc6xAM0DMdx2um2YvTLqg%3D%3D&ratebypass=yes", "player_url": null, "ext": "webm", "height": 480, "format_note": "480p", "vcodec": "vp9", "asr": null, "filesize": 22220269, "fps": 25, "tbr": 384.329, "width": 854, "acodec": "none", "downloader_options": {"http_chunk_size": 10485760}, "format": "244 - 854x480 (480p)", "protocol": "https", "http_headers": {"User-Agent": "Mozilla/5.0 (Windows NT 10.0; Win64; x64) AppleWebKit/537.36 (KHTML, like Gecko) Chrome/72.0.3623.3 Safari/537.36", "Accept-Charset": "ISO-8859-1,utf-8;q=0.7,*;q=0.7", "Accept": "text/html,application/xhtml+xml,application/xml;q=0.9,*/*;q=0.8", "Accept-Encoding": "gzip, deflate", "Accept-Language": "en-us,en;q=0.5"}}, {"format_id": "397", "url": "https://r8---sn-5njj-u2xl.googlevideo.com/videoplayback?expire=1609160336&ei=MILpX86FFIa4gAOj3qHgAw&ip=140.109.135.76&id=o-AP1qx9OCdShunqpowxPJfcieZu74s7M-mJdG5EXnSeOO&itag=397&aitags=133%2C134%2C135%2C136%2C160%2C242%2C243%2C244%2C247%2C278%2C394%2C395%2C396%2C397%2C398&source=youtube&requiressl=yes&mh=66&mm=31%2C29&mn=sn-5njj-u2xl%2Csn-un57sn7z&ms=au%2Crdu&mv=m&mvi=8&pl=16&initcwndbps=841250&vprv=1&mime=video%2Fmp4&ns=bpLDBT4XAWHmvsYLKzhXtd0F&gir=yes&clen=34958500&dur=596.520&lmt=1601384033814118&mt=1609138367&fvip=2&keepalive=yes&c=WEB&txp=5531432&n=X4BX_zO4ReuPvZxG&sparams=expire%2Cei%2Cip%2Cid%2Caitags%2Csource%2Crequiressl%2Cvprv%2Cmime%2Cns%2Cgir%2Cclen%2Cdur%2Clmt&sig=AOq0QJ8wRAIgce1yRxAqmF1CmPrFhDeqBmB39thyc8lDMu_qWqx52Y4CIHibFVdUbMZ9eRDvFd6hwna2KlAzWz51mcPyc8PeaMbS&lsparams=mh%2Cmm%2Cmn%2Cms%2Cmv%2Cmvi%2Cpl%2Cinitcwndbps&lsig=AG3C_xAwRQIgApLcwufwZ-HOwckGsMj7cU32ZSmeepgvtjQi-JZQdvMCIQDmEetaUEvdftBRGNQayvnAaZc6xAM0DMdx2um2YvTLqg%3D%3D&ratebypass=yes", "player_url": null, "acodec": "none", "vcodec": "av01.0.04M.08", "asr": null, "filesize": 34958500, "format_note": "480p", "fps": 25, "height": 480, "tbr": 533.696, "width": 854, "ext": "mp4", "downloader_options": {"http_chunk_size": 10485760}, "format": "397 - 854x480 (480p)", "protocol": "https", "http_headers": {"User-Agent": "Mozilla/5.0 (Windows NT 10.0; Win64; x64) AppleWebKit/537.36 (KHTML, like Gecko) Chrome/72.0.3623.3 Safari/537.36", "Accept-Charset": "ISO-8859-1,utf-8;q=0.7,*;q=0.7", "Accept": "text/html,application/xhtml+xml,application/xml;q=0.9,*/*;q=0.8", "Accept-Encoding": "gzip, deflate", "Accept-Language": "en-us,en;q=0.5"}}, {"format_id": "136", "url": "https://r8---sn-5njj-u2xl.googlevideo.com/videoplayback?expire=1609160336&ei=MILpX86FFIa4gAOj3qHgAw&ip=140.109.135.76&id=o-AP1qx9OCdShunqpowxPJfcieZu74s7M-mJdG5EXnSeOO&itag=136&aitags=133%2C134%2C135%2C136%2C160%2C242%2C243%2C244%2C247%2C278%2C394%2C395%2C396%2C397%2C398&source=youtube&requiressl=yes&mh=66&mm=31%2C29&mn=sn-5njj-u2xl%2Csn-un57sn7z&ms=au%2Crdu&mv=m&mvi=8&pl=16&initcwndbps=841250&vprv=1&mime=video%2Fmp4&ns=bpLDBT4XAWHmvsYLKzhXtd0F&gir=yes&clen=31235481&dur=596.520&lmt=1576664648761903&mt=1609138367&fvip=2&keepalive=yes&c=WEB&txp=5535432&n=X4BX_zO4ReuPvZxG&sparams=expire%2Cei%2Cip%2Cid%2Caitags%2Csource%2Crequiressl%2Cvprv%2Cmime%2Cns%2Cgir%2Cclen%2Cdur%2Clmt&sig=AOq0QJ8wRgIhANTr1IC9EJKzUixwsfibyHiQYfKKBNFRzlGsyRhaEEVDAiEAlxw4urAqwoQy9zdXthsZT1_bpj_15-1XcBbspIYi2Nk%3D&lsparams=mh%2Cmm%2Cmn%2Cms%2Cmv%2Cmvi%2Cpl%2Cinitcwndbps&lsig=AG3C_xAwRQIgApLcwufwZ-HOwckGsMj7cU32ZSmeepgvtjQi-JZQdvMCIQDmEetaUEvdftBRGNQayvnAaZc6xAM0DMdx2um2YvTLqg%3D%3D&ratebypass=yes", "player_url": null, "ext": "mp4", "height": 720, "format_note": "720p", "vcodec": "avc1.4d401f", "asr": null, "filesize": 31235481, "fps": 25, "tbr": 606.417, "width": 1280, "acodec": "none", "downloader_options": {"http_chunk_size": 10485760}, "format": "136 - 1280x720 (720p)", "protocol": "https", "http_headers": {"User-Agent": "Mozilla/5.0 (Windows NT 10.0; Win64; x64) AppleWebKit/537.36 (KHTML, like Gecko) Chrome/72.0.3623.3 Safari/537.36", "Accept-Charset": "ISO-8859-1,utf-8;q=0.7,*;q=0.7", "Accept": "text/html,application/xhtml+xml,application/xml;q=0.9,*/*;q=0.8", "Accept-Encoding": "gzip, deflate", "Accept-Language": "en-us,en;q=0.5"}}, {"format_id": "247", "url": "https://r8---sn-5njj-u2xl.googlevideo.com/videoplayback?expire=1609160336&ei=MILpX86FFIa4gAOj3qHgAw&ip=140.109.135.76&id=o-AP1qx9OCdShunqpowxPJfcieZu74s7M-mJdG5EXnSeOO&itag=247&aitags=133%2C134%2C135%2C136%2C160%2C242%2C243%2C244%2C247%2C278%2C394%2C395%2C396%2C397%2C398&source=youtube&requiressl=yes&mh=66&mm=31%2C29&mn=sn-5njj-u2xl%2Csn-un57sn7z&ms=au%2Crdu&mv=m&mvi=8&pl=16&initcwndbps=841250&vprv=1&mime=video%2Fwebm&ns=bpLDBT4XAWHmvsYLKzhXtd0F&gir=yes&clen=42017712&dur=596.520&lmt=1576665301530291&mt=1609138367&fvip=2&keepalive=yes&c=WEB&txp=5535432&n=X4BX_zO4ReuPvZxG&sparams=expire%2Cei%2Cip%2Cid%2Caitags%2Csource%2Crequiressl%2Cvprv%2Cmime%2Cns%2Cgir%2Cclen%2Cdur%2Clmt&sig=AOq0QJ8wRQIhAJJEXvr-xb8RL-38IPrKPs83k3RPQto3T6VyucxzWs-CAiBVi5QBAgkk4emnAsBoeOyJ4ubSo5es3y-c5cBycLfUXw%3D%3D&lsparams=mh%2Cmm%2Cmn%2Cms%2Cmv%2Cmvi%2Cpl%2Cinitcwndbps&lsig=AG3C_xAwRQIgApLcwufwZ-HOwckGsMj7cU32ZSmeepgvtjQi-JZQdvMCIQDmEetaUEvdftBRGNQayvnAaZc6xAM0DMdx2um2YvTLqg%3D%3D&ratebypass=yes", "player_url": null, "ext": "webm", "height": 720, "format_note": "720p", "vcodec": "vp9", "asr": null, "filesize": 42017712, "fps": 25, "tbr": 725.289, "width": 1280, "acodec": "none", "downloader_options": {"http_chunk_size": 10485760}, "format": "247 - 1280x720 (720p)", "protocol": "https", "http_headers": {"User-Agent": "Mozilla/5.0 (Windows NT 10.0; Win64; x64) AppleWebKit/537.36 (KHTML, like Gecko) Chrome/72.0.3623.3 Safari/537.36", "Accept-Charset": "ISO-8859-1,utf-8;q=0.7,*;q=0.7", "Accept": "text/html,application/xhtml+xml,application/xml;q=0.9,*/*;q=0.8", "Accept-Encoding": "gzip, deflate", "Accept-Language": "en-us,en;q=0.5"}}, {"format_id": "398", "url": "https://r8---sn-5njj-u2xl.googlevideo.com/videoplayback?expire=1609160336&ei=MILpX86FFIa4gAOj3qHgAw&ip=140.109.135.76&id=o-AP1qx9OCdShunqpowxPJfcieZu74s7M-mJdG5EXnSeOO&itag=398&aitags=133%2C134%2C135%2C136%2C160%2C242%2C243%2C244%2C247%2C278%2C394%2C395%2C396%2C397%2C398&source=youtube&requiressl=yes&mh=66&mm=31%2C29&mn=sn-5njj-u2xl%2Csn-un57sn7z&ms=au%2Crdu&mv=m&mvi=8&pl=16&initcwndbps=841250&vprv=1&mime=video%2Fmp4&ns=bpLDBT4XAWHmvsYLKzhXtd0F&gir=yes&clen=69447172&dur=596.520&lmt=1601383817950197&mt=1609138367&fvip=2&keepalive=yes&c=WEB&txp=5531432&n=X4BX_zO4ReuPvZxG&sparams=expire%2Cei%2Cip%2Cid%2Caitags%2Csource%2Crequiressl%2Cvprv%2Cmime%2Cns%2Cgir%2Cclen%2Cdur%2Clmt&sig=AOq0QJ8wRQIhAKPBGL7-BjbfzPmWbnMaz-i8dzoQtJGaFdCudYF4MehzAiBiEcgHbcf1ptYImsfue1rsola2wDIAdxF3uapHK8YseA%3D%3D&lsparams=mh%2Cmm%2Cmn%2Cms%2Cmv%2Cmvi%2Cpl%2Cinitcwndbps&lsig=AG3C_xAwRQIgApLcwufwZ-HOwckGsMj7cU32ZSmeepgvtjQi-JZQdvMCIQDmEetaUEvdftBRGNQayvnAaZc6xAM0DMdx2um2YvTLqg%3D%3D&ratebypass=yes", "player_url": null, "asr": null, "filesize": 69447172, "format_note": "720p", "fps": 25, "height": 720, "tbr": 1025.584, "width": 1280, "ext": "mp4", "vcodec": "av01.0.05M.08", "acodec": "none", "downloader_options": {"http_chunk_size": 10485760}, "format": "398 - 1280x720 (720p)", "protocol": "https", "http_headers": {"User-Agent": "Mozilla/5.0 (Windows NT 10.0; Win64; x64) AppleWebKit/537.36 (KHTML, like Gecko) Chrome/72.0.3623.3 Safari/537.36", "Accept-Charset": "ISO-8859-1,utf-8;q=0.7,*;q=0.7", "Accept": "text/html,application/xhtml+xml,application/xml;q=0.9,*/*;q=0.8", "Accept-Encoding": "gzip, deflate", "Accept-Language": "en-us,en;q=0.5"}}, {"format_id": "18", "url": "https://r8---sn-5njj-u2xl.googlevideo.com/videoplayback?expire=1609160336&ei=MILpX86FFIa4gAOj3qHgAw&ip=140.109.135.76&id=o-AP1qx9OCdShunqpowxPJfcieZu74s7M-mJdG5EXnSeOO&itag=18&source=youtube&requiressl=yes&mh=66&mm=31%2C29&mn=sn-5njj-u2xl%2Csn-un57sn7z&ms=au%2Crdu&mv=m&mvi=8&pl=16&initcwndbps=841250&vprv=1&mime=video%2Fmp4&ns=cCUaXFi65zI5TbwNu3WjsnEF&gir=yes&clen=37028712&ratebypass=yes&dur=596.567&lmt=1576663532266419&mt=1609138367&fvip=2&c=WEB&txp=5531432&n=qGU5Nt5uu14XE8--&sparams=expire%2Cei%2Cip%2Cid%2Citag%2Csource%2Crequiressl%2Cvprv%2Cmime%2Cns%2Cgir%2Cclen%2Cratebypass%2Cdur%2Clmt&sig=AOq0QJ8wRQIgAjqEcexwBo88QYH7SsIZuVb8pHmJ3wUhimJ9q82039ICIQCbAEW9zsaYUFOk1-HRVWA0wmbg-zPlP1uq_LfbKNNW8w%3D%3D&lsparams=mh%2Cmm%2Cmn%2Cms%2Cmv%2Cmvi%2Cpl%2Cinitcwndbps&lsig=AG3C_xAwRQIgApLcwufwZ-HOwckGsMj7cU32ZSmeepgvtjQi-JZQdvMCIQDmEetaUEvdftBRGNQayvnAaZc6xAM0DMdx2um2YvTLqg%3D%3D", "player_url": null, "ext": "mp4", "width": 640, "height": 360, "acodec": "mp4a.40.2", "abr": 96, "vcodec": "avc1.42001E", "asr": 44100, "filesize": 37028712, "format_note": "360p", "fps": 25, "tbr": 496.596, "format": "18 - 640x360 (360p)", "protocol": "https", "http_headers": {"User-Agent": "Mozilla/5.0 (Windows NT 10.0; Win64; x64) AppleWebKit/537.36 (KHTML, like Gecko) Chrome/72.0.3623.3 Safari/537.36", "Accept-Charset": "ISO-8859-1,utf-8;q=0.7,*;q=0.7", "Accept": "text/html,application/xhtml+xml,application/xml;q=0.9,*/*;q=0.8", "Accept-Encoding": "gzip, deflate", "Accept-Language": "en-us,en;q=0.5"}}], "is_live": null, "start_time": null, "end_time": null, "series": null, "season_number": null, "episode_number": null, "track": null, "artist": null, "album": null, "release_date": null, "release_year": null, "extractor": "youtube", "webpage_url_basename": "watch", "extractor_key": "Youtube", "playlist": null, "playlist_index": null, "thumbnail": "https://i.ytimg.com/vi_webp/Jn9r0avp0fY/maxresdefault.webp", "display_id": "Jn9r0avp0fY", "requested_subtitles": null, "format_id": "251", "url": "https://r8---sn-5njj-u2xl.googlevideo.com/videoplayback?expire=1609160336&ei=MILpX86FFIa4gAOj3qHgAw&ip=140.109.135.76&id=o-AP1qx9OCdShunqpowxPJfcieZu74s7M-mJdG5EXnSeOO&itag=251&source=youtube&requiressl=yes&mh=66&mm=31%2C29&mn=sn-5njj-u2xl%2Csn-un57sn7z&ms=au%2Crdu&mv=m&mvi=8&pl=16&initcwndbps=841250&vprv=1&mime=audio%2Fwebm&ns=bpLDBT4XAWHmvsYLKzhXtd0F&gir=yes&clen=11374931&dur=596.541&lmt=1576664009176766&mt=1609138367&fvip=2&keepalive=yes&c=WEB&txp=5531432&n=X4BX_zO4ReuPvZxG&sparams=expire%2Cei%2Cip%2Cid%2Citag%2Csource%2Crequiressl%2Cvprv%2Cmime%2Cns%2Cgir%2Cclen%2Cdur%2Clmt&sig=AOq0QJ8wRQIhAMKA3igDonPrEL49ODRGT9lJg9gxJH__C7jVfCEhwAc7AiBK2NW7quwGRmk3fNVKMQyG1nZ-iOIU2i5c_ZTWT6wNzw%3D%3D&lsparams=mh%2Cmm%2Cmn%2Cms%2Cmv%2Cmvi%2Cpl%2Cinitcwndbps&lsig=AG3C_xAwRQIgApLcwufwZ-HOwckGsMj7cU32ZSmeepgvtjQi-JZQdvMCIQDmEetaUEvdftBRGNQayvnAaZc6xAM0DMdx2um2YvTLqg%3D%3D&ratebypass=yes", "player_url": null, "ext": "webm", "format_note": "tiny", "acodec": "opus", "abr": 160, "asr": 48000, "filesize": 11374931, "fps": null, "height": null, "tbr": 164.847, "width": null, "vcodec": "none", "downloader_options": {"http_chunk_size": 10485760}, "format": "251 - audio only (tiny)", "protocol": "https", "http_headers": {"User-Agent": "Mozilla/5.0 (Windows NT 10.0; Win64; x64) AppleWebKit/537.36 (KHTML, like Gecko) Chrome/72.0.3623.3 Safari/537.36", "Accept-Charset": "ISO-8859-1,utf-8;q=0.7,*;q=0.7", "Accept": "text/html,application/xhtml+xml,application/xml;q=0.9,*/*;q=0.8", "Accept-Encoding": "gzip, deflate", "Accept-Language": "en-us,en;q=0.5"}}