{"id": "J6X3rVU1H-c", "uploader": "Francesco Parrino", "uploader_id": "FrancescoParrino", "uploader_url": "http://www.youtube.com/user/FrancescoParrino", "channel_id": "UCQ8THdZnqPVoLN9zuT-pjBg", "channel_url": "http://www.youtube.com/channel/UCQ8THdZnqPVoLN9zuT-pjBg", "upload_date": "20141117", "license": null, "creator": null, "title": "OneRepublic - Counting Stars | Piano Cover + Sheet Music", "alt_title": null, "thumbnails": [{"url": "https://i.ytimg.com/vi/J6X3rVU1H-c/hqdefault.jpg?sqp=-oaymwEYCKgBEF5IVfKriqkDCwgBFQAAiEIYAXAB&rs=AOn4CLBSe5GO_de3Kzl4ChCm5tkzJDvJjg", "width": 168, "height": 94, "resolution": "168x94", "id": "0"}, {"url": "https://i.ytimg.com/vi/J6X3rVU1H-c/hqdefault.jpg?sqp=-oaymwEYCMQBEG5IVfKriqkDCwgBFQAAiEIYAXAB&rs=AOn4CLCGAq4mlGr4W5-rqYH2S2efjRc39Q", "width": 196, "height": 110, "resolution": "196x110", "id": "1"}, {"url": "https://i.ytimg.com/vi/J6X3rVU1H-c/hqdefault.jpg?sqp=-oaymwEZCPYBEIoBSFXyq4qpAwsIARUAAIhCGAFwAQ==&rs=AOn4CLAms2zpRSX0Ez3iw52jWfz9cqjAJA", "width": 246, "height": 138, "resolution": "246x138", "id": "2"}, {"url": "https://i.ytimg.com/vi/J6X3rVU1H-c/hqdefault.jpg?sqp=-oaymwEZCNACELwBSFXyq4qpAwsIARUAAIhCGAFwAQ==&rs=AOn4CLBvf927m0rrmsRMKTG43hFa30g1Dw", "width": 336, "height": 188, "resolution": "336x188", "id": "3"}, {"url": "https://i.ytimg.com/vi_webp/J6X3rVU1H-c/maxresdefault.webp", "width": 1920, "height": 1080, "resolution": "1920x1080", "id": "4"}], "description": "\u266b SHEET MUSIC is Available Here: http://bit.ly/FPM_CountingStars\n\ud83d\udc4d Thumbs up, SUBSCRIBE and click the \ud83d\udd14 for more contents: https://bit.ly/FPSubscribe\n\ud83c\udfb9 Want to learn the piano? This is the app for you! https://bit.ly/FPM_Skoove\n\nNew video! This time is Counting Stars by OneRepublic!\n\n\u25cf Check my TUTORIAL of this arrangement here: https://youtu.be/_pIHHu8t2ak\n\nThis song is available on:\n\ud83c\udfa7 Spotify: https://bit.ly/FPM_TC2_S \n\ud83c\udfa7 iTunes: https://bit.ly/FPM_TC2_iT \n\ud83c\udfa7 Amazon Music: https://bit.ly/FPM_TC2_AM\n\ud83c\udfa7 Deezer: https://bit.ly/FPM_TC2_DR\n\ud83c\udfa7 Youtube Music: https://bit.ly/FPM_TC2_YM\n\n\u25cf TUTORIALS, Extras, Bloopers, Live: http://bit.ly/FPM_TutorialsExtras\n\u25cf All my SCORES: http://bit.ly/FPM_SheetMusic\n\u25cf Full Discography: http://bit.ly/FPM_Discography\n\u25cf Website: http://bit.ly/FrancescoParrinoMusic\n\u25cf MIDI files: http://bit.ly/FPM_Media\n\u25cf Check my new Classical Channel: https://bit.ly/FPM_ClassicalSub\n\n\u25cf Let's connect on Facebook: http://bit.ly/FPM-Facebook\n\u25cf Or Instagram: http://bit.ly/FPM-Instagram\n\n#OneRepublic #CountingStars #SheetMusic", "categories": ["Music"], "tags": ["OneRepublic (Musical Artist)", "Counting Stars", "Native", "Piano", "Cover", "Sheet Music", "Francesco Parrino", "Score", "MIDI", "Instrumental", "Arrangement"], "subtitles": {}, "automatic_captions": {}, "duration": 220, "age_limit": 0, "annotations": null, "chapters": null, "webpage_url": "https://www.youtube.com/watch?v=J6X3rVU1H-c", "view_count": 857894, "like_count": 13780, "dislike_count": 107, "average_rating": 4.9691796, "formats": [{"format_id": "249", "url": "https://r4---sn-5njj-u2xe.googlevideo.com/videoplayback?expire=1612167690&ei=qmUXYMnZC4mCgQPh5r_AAg&ip=140.109.135.76&id=o-ADGZxsslSNCr3F0IP_m2E7rYDsmhvU78eFnYTzpnU9D4&itag=249&source=youtube&requiressl=yes&mh=eT&mm=31%2C29&mn=sn-5njj-u2xe%2Csn-un57sn7z&ms=au%2Crdu&mv=m&mvi=4&pl=16&initcwndbps=337500&vprv=1&mime=audio%2Fwebm&ns=9Gq3p5vJTfJh9UIgYj1EAeQF&gir=yes&clen=1601033&dur=220.341&lmt=1540760194944797&mt=1612145803&fvip=4&keepalive=yes&beids=9466585&c=WEB&txp=5411222&n=SA6TSeuySEuQyWP_c&sparams=expire%2Cei%2Cip%2Cid%2Citag%2Csource%2Crequiressl%2Cvprv%2Cmime%2Cns%2Cgir%2Cclen%2Cdur%2Clmt&lsparams=mh%2Cmm%2Cmn%2Cms%2Cmv%2Cmvi%2Cpl%2Cinitcwndbps&lsig=AG3C_xAwRQIhAOZ0xL-dbHw2_5FJALwSUH7mXbpM_b1kYcw53i3L41LIAiBA1d_u7bYNphSRSZ-tIZn8kLdL9oyAPtK8FN0yaIVDQg%3D%3D&sig=AOq0QJ8wRAIgSHOEI3XxagSP4OIpL7luL2aLEXRvd5Rg39UYl_gKnI0CICyN0eW0Gf3QvEX5eMg1ieRZpYtZQWmHaZMSnVhb7WPr&ratebypass=yes", "player_url": "/s/player/7bc032d0/player_ias.vflset/en_US/base.js", "ext": "webm", "format_note": "tiny", "acodec": "opus", "abr": 50, "asr": 48000, "filesize": 1601033, "fps": null, "height": null, "tbr": 70.97, "width": null, "vcodec": "none", "downloader_options": {"http_chunk_size": 10485760}, "format": "249 - audio only (tiny)", "protocol": "https", "http_headers": {"User-Agent": "Mozilla/5.0 (Windows NT 10.0; Win64; x64) AppleWebKit/537.36 (KHTML, like Gecko) Chrome/70.0.3538.79 Safari/537.36", "Accept-Charset": "ISO-8859-1,utf-8;q=0.7,*;q=0.7", "Accept": "text/html,application/xhtml+xml,application/xml;q=0.9,*/*;q=0.8", "Accept-Encoding": "gzip, deflate", "Accept-Language": "en-us,en;q=0.5"}}, {"format_id": "250", "url": "https://r4---sn-5njj-u2xe.googlevideo.com/videoplayback?expire=1612167690&ei=qmUXYMnZC4mCgQPh5r_AAg&ip=140.109.135.76&id=o-ADGZxsslSNCr3F0IP_m2E7rYDsmhvU78eFnYTzpnU9D4&itag=250&source=youtube&requiressl=yes&mh=eT&mm=31%2C29&mn=sn-5njj-u2xe%2Csn-un57sn7z&ms=au%2Crdu&mv=m&mvi=4&pl=16&initcwndbps=337500&vprv=1&mime=audio%2Fwebm&ns=9Gq3p5vJTfJh9UIgYj1EAeQF&gir=yes&clen=2138189&dur=220.341&lmt=1540760194547531&mt=1612145803&fvip=4&keepalive=yes&beids=9466585&c=WEB&txp=5411222&n=SA6TSeuySEuQyWP_c&sparams=expire%2Cei%2Cip%2Cid%2Citag%2Csource%2Crequiressl%2Cvprv%2Cmime%2Cns%2Cgir%2Cclen%2Cdur%2Clmt&lsparams=mh%2Cmm%2Cmn%2Cms%2Cmv%2Cmvi%2Cpl%2Cinitcwndbps&lsig=AG3C_xAwRQIhAMOpqkplP4DoflKA2Q5U4u1UPEH_wFNfDunt4RdgBw4lAiA-2aUpa--h9syZELZgetv2xGoFk_4Xze-ngtcgK_VVaw%3D%3D&sig=AOq0QJ8wRAIgWIXXszJcOLq8IjbccHcKmgFejHMLdAhwuX4SJxKCN2YCIFBdLpibgZxCWyCFOklqH8GpFrqE9afnh_xxarN2iiqF&ratebypass=yes", "player_url": "/s/player/7bc032d0/player_ias.vflset/en_US/base.js", "ext": "webm", "format_note": "tiny", "acodec": "opus", "abr": 70, "asr": 48000, "filesize": 2138189, "fps": null, "height": null, "tbr": 92.928, "width": null, "vcodec": "none", "downloader_options": {"http_chunk_size": 10485760}, "format": "250 - audio only (tiny)", "protocol": "https", "http_headers": {"User-Agent": "Mozilla/5.0 (Windows NT 10.0; Win64; x64) AppleWebKit/537.36 (KHTML, like Gecko) Chrome/70.0.3538.79 Safari/537.36", "Accept-Charset": "ISO-8859-1,utf-8;q=0.7,*;q=0.7", "Accept": "text/html,application/xhtml+xml,application/xml;q=0.9,*/*;q=0.8", "Accept-Encoding": "gzip, deflate", "Accept-Language": "en-us,en;q=0.5"}}, {"format_id": "140", "url": "https://r4---sn-5njj-u2xe.googlevideo.com/videoplayback?expire=1612167690&ei=qmUXYMnZC4mCgQPh5r_AAg&ip=140.109.135.76&id=o-ADGZxsslSNCr3F0IP_m2E7rYDsmhvU78eFnYTzpnU9D4&itag=140&source=youtube&requiressl=yes&mh=eT&mm=31%2C29&mn=sn-5njj-u2xe%2Csn-un57sn7z&ms=au%2Crdu&mv=m&mvi=4&pl=16&initcwndbps=337500&vprv=1&mime=audio%2Fmp4&ns=9Gq3p5vJTfJh9UIgYj1EAeQF&gir=yes&clen=3567385&dur=220.380&lmt=1608463752024603&mt=1612145803&fvip=4&keepalive=yes&beids=9466585&c=WEB&txp=5431432&n=SA6TSeuySEuQyWP_c&sparams=expire%2Cei%2Cip%2Cid%2Citag%2Csource%2Crequiressl%2Cvprv%2Cmime%2Cns%2Cgir%2Cclen%2Cdur%2Clmt&lsparams=mh%2Cmm%2Cmn%2Cms%2Cmv%2Cmvi%2Cpl%2Cinitcwndbps&lsig=AG3C_xAwRQIgSkxksHAtPTSUvbXC2FtfKx6kWyGJsCOeCU2tkEslOtkCIQCFD4KrcPiUdxPGqSYP6od_krW-rt0REs1uFlufzCwQvw%3D%3D&sig=AOq0QJ8wRQIgEavn3wAlxhXRz4zN3-Fgmgz92dke6Omdr6OmiKXVe4MCIQDfnvuVLnD12Q14u_fkBR7HNOXLQdxb_eo_CH11jqXaVg==&ratebypass=yes", "player_url": "/s/player/7bc032d0/player_ias.vflset/en_US/base.js", "ext": "m4a", "format_note": "tiny", "acodec": "mp4a.40.2", "abr": 128, "container": "m4a_dash", "asr": 44100, "filesize": 3567385, "fps": null, "height": null, "tbr": 130.515, "width": null, "vcodec": "none", "downloader_options": {"http_chunk_size": 10485760}, "format": "140 - audio only (tiny)", "protocol": "https", "http_headers": {"User-Agent": "Mozilla/5.0 (Windows NT 10.0; Win64; x64) AppleWebKit/537.36 (KHTML, like Gecko) Chrome/70.0.3538.79 Safari/537.36", "Accept-Charset": "ISO-8859-1,utf-8;q=0.7,*;q=0.7", "Accept": "text/html,application/xhtml+xml,application/xml;q=0.9,*/*;q=0.8", "Accept-Encoding": "gzip, deflate", "Accept-Language": "en-us,en;q=0.5"}}, {"format_id": "251", "url": "https://r4---sn-5njj-u2xe.googlevideo.com/videoplayback?expire=1612167690&ei=qmUXYMnZC4mCgQPh5r_AAg&ip=140.109.135.76&id=o-ADGZxsslSNCr3F0IP_m2E7rYDsmhvU78eFnYTzpnU9D4&itag=251&source=youtube&requiressl=yes&mh=eT&mm=31%2C29&mn=sn-5njj-u2xe%2Csn-un57sn7z&ms=au%2Crdu&mv=m&mvi=4&pl=16&initcwndbps=337500&vprv=1&mime=audio%2Fwebm&ns=9Gq3p5vJTfJh9UIgYj1EAeQF&gir=yes&clen=4132400&dur=220.341&lmt=1540760194045279&mt=1612145803&fvip=4&keepalive=yes&beids=9466585&c=WEB&txp=5411222&n=SA6TSeuySEuQyWP_c&sparams=expire%2Cei%2Cip%2Cid%2Citag%2Csource%2Crequiressl%2Cvprv%2Cmime%2Cns%2Cgir%2Cclen%2Cdur%2Clmt&lsparams=mh%2Cmm%2Cmn%2Cms%2Cmv%2Cmvi%2Cpl%2Cinitcwndbps&lsig=AG3C_xAwRgIhAI8eJ4yvIcshYSGNpPGPe6p4DQugp96NnvU0VHsTSqq0AiEA6X0ux1zUdZUpw_GG8Fkt5ZPdyyry0zYDAFB4mTxhSn0%3D&sig=AOq0QJ8wRgIhAJ-tVeB6qXS5ptefoKboUTdoJopqOHfPLrS8_UaxG9k9AiEArzRKi-1CMvrcQ8Pfa5GUyTbYdkY9_AbRbB0WftP4GnI=&ratebypass=yes", "player_url": "/s/player/7bc032d0/player_ias.vflset/en_US/base.js", "ext": "webm", "format_note": "tiny", "acodec": "opus", "abr": 160, "asr": 48000, "filesize": 4132400, "fps": null, "height": null, "tbr": 173.44, "width": null, "vcodec": "none", "downloader_options": {"http_chunk_size": 10485760}, "format": "251 - audio only (tiny)", "protocol": "https", "http_headers": {"User-Agent": "Mozilla/5.0 (Windows NT 10.0; Win64; x64) AppleWebKit/537.36 (KHTML, like Gecko) Chrome/70.0.3538.79 Safari/537.36", "Accept-Charset": "ISO-8859-1,utf-8;q=0.7,*;q=0.7", "Accept": "text/html,application/xhtml+xml,application/xml;q=0.9,*/*;q=0.8", "Accept-Encoding": "gzip, deflate", "Accept-Language": "en-us,en;q=0.5"}}, {"format_id": "160", "url": "https://r4---sn-5njj-u2xe.googlevideo.com/videoplayback?expire=1612167690&ei=qmUXYMnZC4mCgQPh5r_AAg&ip=140.109.135.76&id=o-ADGZxsslSNCr3F0IP_m2E7rYDsmhvU78eFnYTzpnU9D4&itag=160&aitags=133%2C134%2C135%2C136%2C137%2C160%2C242%2C243%2C244%2C247%2C248%2C278&source=youtube&requiressl=yes&mh=eT&mm=31%2C29&mn=sn-5njj-u2xe%2Csn-un57sn7z&ms=au%2Crdu&mv=m&mvi=4&pl=16&initcwndbps=337500&vprv=1&mime=video%2Fmp4&ns=9Gq3p5vJTfJh9UIgYj1EAeQF&gir=yes&clen=1468032&dur=220.320&lmt=1608464677512407&mt=1612145803&fvip=4&keepalive=yes&beids=9466585&c=WEB&txp=5432432&n=SA6TSeuySEuQyWP_c&sparams=expire%2Cei%2Cip%2Cid%2Caitags%2Csource%2Crequiressl%2Cvprv%2Cmime%2Cns%2Cgir%2Cclen%2Cdur%2Clmt&lsparams=mh%2Cmm%2Cmn%2Cms%2Cmv%2Cmvi%2Cpl%2Cinitcwndbps&lsig=AG3C_xAwRgIhAK_xuzpSzeFmooPr2-eVydhmknUD2tYs3gf_94vwX-jNAiEAgyNyrd-MKC9vdNM1kE1gk_4yQd1gzRr3Cd20qhkE-Vk%3D&sig=AOq0QJ8wRgIhAOFzvrijLU_QeUHNpg2LQBIlatNcPgOzHX85cXj9x8FWAiEAjgD1hZGPiLCTqP2EMnrpcHFxj3dwHPbO35FPhZqS0lQ=&ratebypass=yes", "player_url": "/s/player/7bc032d0/player_ias.vflset/en_US/base.js", "ext": "mp4", "height": 144, "format_note": "144p", "vcodec": "avc1.4d400c", "asr": null, "filesize": 1468032, "fps": 25, "tbr": 71.132, "width": 256, "acodec": "none", "downloader_options": {"http_chunk_size": 10485760}, "format": "160 - 256x144 (144p)", "protocol": "https", "http_headers": {"User-Agent": "Mozilla/5.0 (Windows NT 10.0; Win64; x64) AppleWebKit/537.36 (KHTML, like Gecko) Chrome/70.0.3538.79 Safari/537.36", "Accept-Charset": "ISO-8859-1,utf-8;q=0.7,*;q=0.7", "Accept": "text/html,application/xhtml+xml,application/xml;q=0.9,*/*;q=0.8", "Accept-Encoding": "gzip, deflate", "Accept-Language": "en-us,en;q=0.5"}}, {"format_id": "278", "url": "https://r4---sn-5njj-u2xe.googlevideo.com/videoplayback?expire=1612167690&ei=qmUXYMnZC4mCgQPh5r_AAg&ip=140.109.135.76&id=o-ADGZxsslSNCr3F0IP_m2E7rYDsmhvU78eFnYTzpnU9D4&itag=278&aitags=133%2C134%2C135%2C136%2C137%2C160%2C242%2C243%2C244%2C247%2C248%2C278&source=youtube&requiressl=yes&mh=eT&mm=31%2C29&mn=sn-5njj-u2xe%2Csn-un57sn7z&ms=au%2Crdu&mv=m&mvi=4&pl=16&initcwndbps=337500&vprv=1&mime=video%2Fwebm&ns=9Gq3p5vJTfJh9UIgYj1EAeQF&gir=yes&clen=2443476&dur=220.320&lmt=1540759871507650&mt=1612145803&fvip=4&keepalive=yes&beids=9466585&c=WEB&txp=5432432&n=SA6TSeuySEuQyWP_c&sparams=expire%2Cei%2Cip%2Cid%2Caitags%2Csource%2Crequiressl%2Cvprv%2Cmime%2Cns%2Cgir%2Cclen%2Cdur%2Clmt&lsparams=mh%2Cmm%2Cmn%2Cms%2Cmv%2Cmvi%2Cpl%2Cinitcwndbps&lsig=AG3C_xAwRQIgbXSBzsAzVFBShFttBUH7Agd1uHSUYEbcpxFAmPvO0NwCIQCuM3vTq4LZ7XJrTzY-J4LpPUKpe-jVtStsTn_W6Tr3SA%3D%3D&sig=AOq0QJ8wRgIhAKigB3pdXM5uX7cXB4-ncmquWiBh1Jl4qsdbbuXr4lAMAiEArnnlxJlVipqgOq7hLeb-dyg8V2uJUiGi9ASQMoF6lZM=&ratebypass=yes", "player_url": "/s/player/7bc032d0/player_ias.vflset/en_US/base.js", "ext": "webm", "height": 144, "format_note": "144p", "container": "webm", "vcodec": "vp9", "asr": null, "filesize": 2443476, "fps": 25, "tbr": 95.826, "width": 256, "acodec": "none", "downloader_options": {"http_chunk_size": 10485760}, "format": "278 - 256x144 (144p)", "protocol": "https", "http_headers": {"User-Agent": "Mozilla/5.0 (Windows NT 10.0; Win64; x64) AppleWebKit/537.36 (KHTML, like Gecko) Chrome/70.0.3538.79 Safari/537.36", "Accept-Charset": "ISO-8859-1,utf-8;q=0.7,*;q=0.7", "Accept": "text/html,application/xhtml+xml,application/xml;q=0.9,*/*;q=0.8", "Accept-Encoding": "gzip, deflate", "Accept-Language": "en-us,en;q=0.5"}}, {"format_id": "133", "url": "https://r4---sn-5njj-u2xe.googlevideo.com/videoplayback?expire=1612167690&ei=qmUXYMnZC4mCgQPh5r_AAg&ip=140.109.135.76&id=o-ADGZxsslSNCr3F0IP_m2E7rYDsmhvU78eFnYTzpnU9D4&itag=133&aitags=133%2C134%2C135%2C136%2C137%2C160%2C242%2C243%2C244%2C247%2C248%2C278&source=youtube&requiressl=yes&mh=eT&mm=31%2C29&mn=sn-5njj-u2xe%2Csn-un57sn7z&ms=au%2Crdu&mv=m&mvi=4&pl=16&initcwndbps=337500&vprv=1&mime=video%2Fmp4&ns=9Gq3p5vJTfJh9UIgYj1EAeQF&gir=yes&clen=2871554&dur=220.320&lmt=1608464677537139&mt=1612145803&fvip=4&keepalive=yes&beids=9466585&c=WEB&txp=5432432&n=SA6TSeuySEuQyWP_c&sparams=expire%2Cei%2Cip%2Cid%2Caitags%2Csource%2Crequiressl%2Cvprv%2Cmime%2Cns%2Cgir%2Cclen%2Cdur%2Clmt&lsparams=mh%2Cmm%2Cmn%2Cms%2Cmv%2Cmvi%2Cpl%2Cinitcwndbps&lsig=AG3C_xAwRQIhAI-shrzIONnN1jZUhIvEXN9IYxF8ZHnxRcBRdpdlFwSkAiAi1fUjY2RQS8LJ55bBC9YNDY9pRTTtjxOCk4vTbONGyQ%3D%3D&sig=AOq0QJ8wRQIhAO0sQZ9fvQ5cyi-s5dbk2ThQ7hWb5H12QBMy0jQhxjqYAiA7lu2fbEKQ81LocnVx7IM0Qg_OBTklISwEaXxVpNW2lw==&ratebypass=yes", "player_url": "/s/player/7bc032d0/player_ias.vflset/en_US/base.js", "ext": "mp4", "height": 240, "format_note": "240p", "vcodec": "avc1.4d4015", "asr": null, "filesize": 2871554, "fps": 25, "tbr": 141.097, "width": 426, "acodec": "none", "downloader_options": {"http_chunk_size": 10485760}, "format": "133 - 426x240 (240p)", "protocol": "https", "http_headers": {"User-Agent": "Mozilla/5.0 (Windows NT 10.0; Win64; x64) AppleWebKit/537.36 (KHTML, like Gecko) Chrome/70.0.3538.79 Safari/537.36", "Accept-Charset": "ISO-8859-1,utf-8;q=0.7,*;q=0.7", "Accept": "text/html,application/xhtml+xml,application/xml;q=0.9,*/*;q=0.8", "Accept-Encoding": "gzip, deflate", "Accept-Language": "en-us,en;q=0.5"}}, {"format_id": "242", "url": "https://r4---sn-5njj-u2xe.googlevideo.com/videoplayback?expire=1612167690&ei=qmUXYMnZC4mCgQPh5r_AAg&ip=140.109.135.76&id=o-ADGZxsslSNCr3F0IP_m2E7rYDsmhvU78eFnYTzpnU9D4&itag=242&aitags=133%2C134%2C135%2C136%2C137%2C160%2C242%2C243%2C244%2C247%2C248%2C278&source=youtube&requiressl=yes&mh=eT&mm=31%2C29&mn=sn-5njj-u2xe%2Csn-un57sn7z&ms=au%2Crdu&mv=m&mvi=4&pl=16&initcwndbps=337500&vprv=1&mime=video%2Fwebm&ns=9Gq3p5vJTfJh9UIgYj1EAeQF&gir=yes&clen=4548717&dur=220.320&lmt=1540759871465353&mt=1612145803&fvip=4&keepalive=yes&beids=9466585&c=WEB&txp=5432432&n=SA6TSeuySEuQyWP_c&sparams=expire%2Cei%2Cip%2Cid%2Caitags%2Csource%2Crequiressl%2Cvprv%2Cmime%2Cns%2Cgir%2Cclen%2Cdur%2Clmt&lsparams=mh%2Cmm%2Cmn%2Cms%2Cmv%2Cmvi%2Cpl%2Cinitcwndbps&lsig=AG3C_xAwRQIgIpXoPAi1HObVeq1C3aoI5eZwYR7-XEksj5rFbcECHMYCIQC1OXMyl2t4B57E3iuKPzOsQaTJ0tJ33B4cwmuFxIojkw%3D%3D&sig=AOq0QJ8wRAIgboJXAFW2rYlJUdmw_SF0QyAzpgL3BaIonf8hOYklbqECIGii3swAb8LRDHkSwMiSC6mhYNPLq4hEyFsZoBNgcPF6&ratebypass=yes", "player_url": "/s/player/7bc032d0/player_ias.vflset/en_US/base.js", "ext": "webm", "height": 240, "format_note": "240p", "vcodec": "vp9", "asr": null, "filesize": 4548717, "fps": 25, "tbr": 198.407, "width": 426, "acodec": "none", "downloader_options": {"http_chunk_size": 10485760}, "format": "242 - 426x240 (240p)", "protocol": "https", "http_headers": {"User-Agent": "Mozilla/5.0 (Windows NT 10.0; Win64; x64) AppleWebKit/537.36 (KHTML, like Gecko) Chrome/70.0.3538.79 Safari/537.36", "Accept-Charset": "ISO-8859-1,utf-8;q=0.7,*;q=0.7", "Accept": "text/html,application/xhtml+xml,application/xml;q=0.9,*/*;q=0.8", "Accept-Encoding": "gzip, deflate", "Accept-Language": "en-us,en;q=0.5"}}, {"format_id": "134", "url": "https://r4---sn-5njj-u2xe.googlevideo.com/videoplayback?expire=1612167690&ei=qmUXYMnZC4mCgQPh5r_AAg&ip=140.109.135.76&id=o-ADGZxsslSNCr3F0IP_m2E7rYDsmhvU78eFnYTzpnU9D4&itag=134&aitags=133%2C134%2C135%2C136%2C137%2C160%2C242%2C243%2C244%2C247%2C248%2C278&source=youtube&requiressl=yes&mh=eT&mm=31%2C29&mn=sn-5njj-u2xe%2Csn-un57sn7z&ms=au%2Crdu&mv=m&mvi=4&pl=16&initcwndbps=337500&vprv=1&mime=video%2Fmp4&ns=9Gq3p5vJTfJh9UIgYj1EAeQF&gir=yes&clen=5171190&dur=220.320&lmt=1608464677510996&mt=1612145803&fvip=4&keepalive=yes&beids=9466585&c=WEB&txp=5432432&n=SA6TSeuySEuQyWP_c&sparams=expire%2Cei%2Cip%2Cid%2Caitags%2Csource%2Crequiressl%2Cvprv%2Cmime%2Cns%2Cgir%2Cclen%2Cdur%2Clmt&lsparams=mh%2Cmm%2Cmn%2Cms%2Cmv%2Cmvi%2Cpl%2Cinitcwndbps&lsig=AG3C_xAwRQIgV7LWONnvfBn2QaY2fgdrA4N-1dpkgP65U38cBrdP4FoCIQDNyC1Q0rriAB0GbMcUprEdNZ8oOVdEXMMlgyDpStYfug%3D%3D&sig=AOq0QJ8wRAIgEf-srMRsocP43T7k9FlwNuYY6nHBH42z4zzZofGXaSsCIATXfJk7BY59e7-d4VXEJEPkwIw9X4RPLB_XNFV1EhXg&ratebypass=yes", "player_url": "/s/player/7bc032d0/player_ias.vflset/en_US/base.js", "ext": "mp4", "height": 360, "format_note": "360p", "vcodec": "avc1.4d401e", "asr": null, "filesize": 5171190, "fps": 25, "tbr": 241.982, "width": 640, "acodec": "none", "downloader_options": {"http_chunk_size": 10485760}, "format": "134 - 640x360 (360p)", "protocol": "https", "http_headers": {"User-Agent": "Mozilla/5.0 (Windows NT 10.0; Win64; x64) AppleWebKit/537.36 (KHTML, like Gecko) Chrome/70.0.3538.79 Safari/537.36", "Accept-Charset": "ISO-8859-1,utf-8;q=0.7,*;q=0.7", "Accept": "text/html,application/xhtml+xml,application/xml;q=0.9,*/*;q=0.8", "Accept-Encoding": "gzip, deflate", "Accept-Language": "en-us,en;q=0.5"}}, {"format_id": "243", "url": "https://r4---sn-5njj-u2xe.googlevideo.com/videoplayback?expire=1612167690&ei=qmUXYMnZC4mCgQPh5r_AAg&ip=140.109.135.76&id=o-ADGZxsslSNCr3F0IP_m2E7rYDsmhvU78eFnYTzpnU9D4&itag=243&aitags=133%2C134%2C135%2C136%2C137%2C160%2C242%2C243%2C244%2C247%2C248%2C278&source=youtube&requiressl=yes&mh=eT&mm=31%2C29&mn=sn-5njj-u2xe%2Csn-un57sn7z&ms=au%2Crdu&mv=m&mvi=4&pl=16&initcwndbps=337500&vprv=1&mime=video%2Fwebm&ns=9Gq3p5vJTfJh9UIgYj1EAeQF&gir=yes&clen=7876335&dur=220.320&lmt=1540759871500733&mt=1612145803&fvip=4&keepalive=yes&beids=9466585&c=WEB&txp=5432432&n=SA6TSeuySEuQyWP_c&sparams=expire%2Cei%2Cip%2Cid%2Caitags%2Csource%2Crequiressl%2Cvprv%2Cmime%2Cns%2Cgir%2Cclen%2Cdur%2Clmt&lsparams=mh%2Cmm%2Cmn%2Cms%2Cmv%2Cmvi%2Cpl%2Cinitcwndbps&lsig=AG3C_xAwRAIgQf-lagbrdWgwrll5FWJFTr9_WvKb-DtxcPDo5r0F-e8CIBIBvGMiEk0NfzJP3JN-cqg6DWEAOcUZzdFH-68TA1AN&sig=AOq0QJ8wRQIhALsx1Yfd7rGbM_cNYjI3dZJ84Tx6seB-9ZHr6I4oB2YeAiBX8YjHLt6bvOjpYeYF2k75YMkgiK0FlzET_AFhXtiOdA==&ratebypass=yes", "player_url": "/s/player/7bc032d0/player_ias.vflset/en_US/base.js", "ext": "webm", "height": 360, "format_note": "360p", "vcodec": "vp9", "asr": null, "filesize": 7876335, "fps": 25, "tbr": 347.129, "width": 640, "acodec": "none", "downloader_options": {"http_chunk_size": 10485760}, "format": "243 - 640x360 (360p)", "protocol": "https", "http_headers": {"User-Agent": "Mozilla/5.0 (Windows NT 10.0; Win64; x64) AppleWebKit/537.36 (KHTML, like Gecko) Chrome/70.0.3538.79 Safari/537.36", "Accept-Charset": "ISO-8859-1,utf-8;q=0.7,*;q=0.7", "Accept": "text/html,application/xhtml+xml,application/xml;q=0.9,*/*;q=0.8", "Accept-Encoding": "gzip, deflate", "Accept-Language": "en-us,en;q=0.5"}}, {"format_id": "135", "url": "https://r4---sn-5njj-u2xe.googlevideo.com/videoplayback?expire=1612167690&ei=qmUXYMnZC4mCgQPh5r_AAg&ip=140.109.135.76&id=o-ADGZxsslSNCr3F0IP_m2E7rYDsmhvU78eFnYTzpnU9D4&itag=135&aitags=133%2C134%2C135%2C136%2C137%2C160%2C242%2C243%2C244%2C247%2C248%2C278&source=youtube&requiressl=yes&mh=eT&mm=31%2C29&mn=sn-5njj-u2xe%2Csn-un57sn7z&ms=au%2Crdu&mv=m&mvi=4&pl=16&initcwndbps=337500&vprv=1&mime=video%2Fmp4&ns=9Gq3p5vJTfJh9UIgYj1EAeQF&gir=yes&clen=9933423&dur=220.320&lmt=1608464677511845&mt=1612145803&fvip=4&keepalive=yes&beids=9466585&c=WEB&txp=5432432&n=SA6TSeuySEuQyWP_c&sparams=expire%2Cei%2Cip%2Cid%2Caitags%2Csource%2Crequiressl%2Cvprv%2Cmime%2Cns%2Cgir%2Cclen%2Cdur%2Clmt&lsparams=mh%2Cmm%2Cmn%2Cms%2Cmv%2Cmvi%2Cpl%2Cinitcwndbps&lsig=AG3C_xAwRAIgHWPTLeiQixrU1JUN51n5-HqnliHXNrKkIaE0_i0rZFkCIA62K8dhYkqBcjLs8MODfvU7SJugnPStbxurnx12Yrqm&sig=AOq0QJ8wRQIgC08VQSSRJg0NIi5PcB9-uMYs3U0nHeU71PL2j_XF9cMCIQDU4zJ20IfjIaXr_YsUVcJ4Ysw1gb-cvGB9Y8TX2xy2qA==&ratebypass=yes", "player_url": "/s/player/7bc032d0/player_ias.vflset/en_US/base.js", "ext": "mp4", "height": 480, "format_note": "480p", "vcodec": "avc1.4d401e", "asr": null, "filesize": 9933423, "fps": 25, "tbr": 515.86, "width": 854, "acodec": "none", "downloader_options": {"http_chunk_size": 10485760}, "format": "135 - 854x480 (480p)", "protocol": "https", "http_headers": {"User-Agent": "Mozilla/5.0 (Windows NT 10.0; Win64; x64) AppleWebKit/537.36 (KHTML, like Gecko) Chrome/70.0.3538.79 Safari/537.36", "Accept-Charset": "ISO-8859-1,utf-8;q=0.7,*;q=0.7", "Accept": "text/html,application/xhtml+xml,application/xml;q=0.9,*/*;q=0.8", "Accept-Encoding": "gzip, deflate", "Accept-Language": "en-us,en;q=0.5"}}, {"format_id": "244", "url": "https://r4---sn-5njj-u2xe.googlevideo.com/videoplayback?expire=1612167690&ei=qmUXYMnZC4mCgQPh5r_AAg&ip=140.109.135.76&id=o-ADGZxsslSNCr3F0IP_m2E7rYDsmhvU78eFnYTzpnU9D4&itag=244&aitags=133%2C134%2C135%2C136%2C137%2C160%2C242%2C243%2C244%2C247%2C248%2C278&source=youtube&requiressl=yes&mh=eT&mm=31%2C29&mn=sn-5njj-u2xe%2Csn-un57sn7z&ms=au%2Crdu&mv=m&mvi=4&pl=16&initcwndbps=337500&vprv=1&mime=video%2Fwebm&ns=9Gq3p5vJTfJh9UIgYj1EAeQF&gir=yes&clen=12645049&dur=220.320&lmt=1540759871468172&mt=1612145803&fvip=4&keepalive=yes&beids=9466585&c=WEB&txp=5432432&n=SA6TSeuySEuQyWP_c&sparams=expire%2Cei%2Cip%2Cid%2Caitags%2Csource%2Crequiressl%2Cvprv%2Cmime%2Cns%2Cgir%2Cclen%2Cdur%2Clmt&lsparams=mh%2Cmm%2Cmn%2Cms%2Cmv%2Cmvi%2Cpl%2Cinitcwndbps&lsig=AG3C_xAwRQIgCFvLMW_4_6nIsufzb-dwJrfAGecD2ITB5mRnZrfhqXMCIQDx83Kg2E8_a-zWmIa-56SAB53PlBMD5olYZGCFEymGLw%3D%3D&sig=AOq0QJ8wRQIgPEIhxLtd9KqAfbUFnP5SKIWBH1vYkBzSETV2pgFNpGQCIQCZOnsRheATB5OKgtU1gVZ4gQn3IEviOoB35G1qmeIDlw==&ratebypass=yes", "player_url": "/s/player/7bc032d0/player_ias.vflset/en_US/base.js", "ext": "webm", "height": 480, "format_note": "480p", "vcodec": "vp9", "asr": null, "filesize": 12645049, "fps": 25, "tbr": 567.492, "width": 854, "acodec": "none", "downloader_options": {"http_chunk_size": 10485760}, "format": "244 - 854x480 (480p)", "protocol": "https", "http_headers": {"User-Agent": "Mozilla/5.0 (Windows NT 10.0; Win64; x64) AppleWebKit/537.36 (KHTML, like Gecko) Chrome/70.0.3538.79 Safari/537.36", "Accept-Charset": "ISO-8859-1,utf-8;q=0.7,*;q=0.7", "Accept": "text/html,application/xhtml+xml,application/xml;q=0.9,*/*;q=0.8", "Accept-Encoding": "gzip, deflate", "Accept-Language": "en-us,en;q=0.5"}}, {"format_id": "136", "url": "https://r4---sn-5njj-u2xe.googlevideo.com/videoplayback?expire=1612167690&ei=qmUXYMnZC4mCgQPh5r_AAg&ip=140.109.135.76&id=o-ADGZxsslSNCr3F0IP_m2E7rYDsmhvU78eFnYTzpnU9D4&itag=136&aitags=133%2C134%2C135%2C136%2C137%2C160%2C242%2C243%2C244%2C247%2C248%2C278&source=youtube&requiressl=yes&mh=eT&mm=31%2C29&mn=sn-5njj-u2xe%2Csn-un57sn7z&ms=au%2Crdu&mv=m&mvi=4&pl=16&initcwndbps=337500&vprv=1&mime=video%2Fmp4&ns=9Gq3p5vJTfJh9UIgYj1EAeQF&gir=yes&clen=18031704&dur=220.320&lmt=1608464677511970&mt=1612145803&fvip=4&keepalive=yes&beids=9466585&c=WEB&txp=5432432&n=SA6TSeuySEuQyWP_c&sparams=expire%2Cei%2Cip%2Cid%2Caitags%2Csource%2Crequiressl%2Cvprv%2Cmime%2Cns%2Cgir%2Cclen%2Cdur%2Clmt&lsparams=mh%2Cmm%2Cmn%2Cms%2Cmv%2Cmvi%2Cpl%2Cinitcwndbps&lsig=AG3C_xAwRgIhANPhztSAzNCiyDvQ0Bf6JdUshJnoq9OJRxMy5Qdh24uYAiEAjaHvG_unjDPyT5B1eATocwPid72HcT5BKSbKKcdeuT4%3D&sig=AOq0QJ8wRAIgOKQGlh8Ep04k6hANvyhuIBrUBc1rVlkVTGE054yxnPgCIFg8KA8UtVhSih7EMqMnXZ-0rqvzkVLjS6wzc4MOJb3b&ratebypass=yes", "player_url": "/s/player/7bc032d0/player_ias.vflset/en_US/base.js", "ext": "mp4", "height": 720, "format_note": "720p", "vcodec": "avc1.4d401f", "asr": null, "filesize": 18031704, "fps": 25, "tbr": 1051.142, "width": 1280, "acodec": "none", "downloader_options": {"http_chunk_size": 10485760}, "format": "136 - 1280x720 (720p)", "protocol": "https", "http_headers": {"User-Agent": "Mozilla/5.0 (Windows NT 10.0; Win64; x64) AppleWebKit/537.36 (KHTML, like Gecko) Chrome/70.0.3538.79 Safari/537.36", "Accept-Charset": "ISO-8859-1,utf-8;q=0.7,*;q=0.7", "Accept": "text/html,application/xhtml+xml,application/xml;q=0.9,*/*;q=0.8", "Accept-Encoding": "gzip, deflate", "Accept-Language": "en-us,en;q=0.5"}}, {"format_id": "247", "url": "https://r4---sn-5njj-u2xe.googlevideo.com/videoplayback?expire=1612167690&ei=qmUXYMnZC4mCgQPh5r_AAg&ip=140.109.135.76&id=o-ADGZxsslSNCr3F0IP_m2E7rYDsmhvU78eFnYTzpnU9D4&itag=247&aitags=133%2C134%2C135%2C136%2C137%2C160%2C242%2C243%2C244%2C247%2C248%2C278&source=youtube&requiressl=yes&mh=eT&mm=31%2C29&mn=sn-5njj-u2xe%2Csn-un57sn7z&ms=au%2Crdu&mv=m&mvi=4&pl=16&initcwndbps=337500&vprv=1&mime=video%2Fwebm&ns=9Gq3p5vJTfJh9UIgYj1EAeQF&gir=yes&clen=24317981&dur=220.320&lmt=1540759871468005&mt=1612145803&fvip=4&keepalive=yes&beids=9466585&c=WEB&txp=5432432&n=SA6TSeuySEuQyWP_c&sparams=expire%2Cei%2Cip%2Cid%2Caitags%2Csource%2Crequiressl%2Cvprv%2Cmime%2Cns%2Cgir%2Cclen%2Cdur%2Clmt&lsparams=mh%2Cmm%2Cmn%2Cms%2Cmv%2Cmvi%2Cpl%2Cinitcwndbps&lsig=AG3C_xAwRQIgYV9T1y-uf4i4D-f2wpd-lAWUv3wGYi3AvpxqKooSC4sCIQDuH0IxMoMz9ABRNj4YELDLwMbGTQRILCRdfqMVAneLdA%3D%3D&sig=AOq0QJ8wRAIgYwf5Dr0aA1N4mv35tSENiilhFfrOvOj2eVNSxhpyHwICIA9YZnBwJAMlqWLJkZHcUzT1NZku4q4zX9QEDMAq5B-r&ratebypass=yes", "player_url": "/s/player/7bc032d0/player_ias.vflset/en_US/base.js", "ext": "webm", "height": 720, "format_note": "720p", "vcodec": "vp9", "asr": null, "filesize": 24317981, "fps": 25, "tbr": 1084.578, "width": 1280, "acodec": "none", "downloader_options": {"http_chunk_size": 10485760}, "format": "247 - 1280x720 (720p)", "protocol": "https", "http_headers": {"User-Agent": "Mozilla/5.0 (Windows NT 10.0; Win64; x64) AppleWebKit/537.36 (KHTML, like Gecko) Chrome/70.0.3538.79 Safari/537.36", "Accept-Charset": "ISO-8859-1,utf-8;q=0.7,*;q=0.7", "Accept": "text/html,application/xhtml+xml,application/xml;q=0.9,*/*;q=0.8", "Accept-Encoding": "gzip, deflate", "Accept-Language": "en-us,en;q=0.5"}}, {"format_id": "248", "url": "https://r4---sn-5njj-u2xe.googlevideo.com/videoplayback?expire=1612167690&ei=qmUXYMnZC4mCgQPh5r_AAg&ip=140.109.135.76&id=o-ADGZxsslSNCr3F0IP_m2E7rYDsmhvU78eFnYTzpnU9D4&itag=248&aitags=133%2C134%2C135%2C136%2C137%2C160%2C242%2C243%2C244%2C247%2C248%2C278&source=youtube&requiressl=yes&mh=eT&mm=31%2C29&mn=sn-5njj-u2xe%2Csn-un57sn7z&ms=au%2Crdu&mv=m&mvi=4&pl=16&initcwndbps=337500&vprv=1&mime=video%2Fwebm&ns=9Gq3p5vJTfJh9UIgYj1EAeQF&gir=yes&clen=41945976&dur=220.320&lmt=1540759120559298&mt=1612145803&fvip=4&keepalive=yes&beids=9466585&c=WEB&txp=5432432&n=SA6TSeuySEuQyWP_c&sparams=expire%2Cei%2Cip%2Cid%2Caitags%2Csource%2Crequiressl%2Cvprv%2Cmime%2Cns%2Cgir%2Cclen%2Cdur%2Clmt&lsparams=mh%2Cmm%2Cmn%2Cms%2Cmv%2Cmvi%2Cpl%2Cinitcwndbps&lsig=AG3C_xAwRgIhAJD2NNNedB9Dv_dTnvIZB1RmawKqqVjXfeAd4Vn_otb8AiEA-yCSSj21DjaHN007oVpYzkGro5_mOYXHky9BiffyvEY%3D&sig=AOq0QJ8wRAIgdwJRpwQsKhLERq-PpxEvWxSO3CdmcqSknUT_fr7zRLgCIE9P1ce7vh-ry3NlOzqourSeRTqOywHYwXpbDPWidz5-&ratebypass=yes", "player_url": "/s/player/7bc032d0/player_ias.vflset/en_US/base.js", "ext": "webm", "height": 1080, "format_note": "1080p", "vcodec": "vp9", "asr": null, "filesize": 41945976, "fps": 25, "tbr": 1847.334, "width": 1920, "acodec": "none", "downloader_options": {"http_chunk_size": 10485760}, "format": "248 - 1920x1080 (1080p)", "protocol": "https", "http_headers": {"User-Agent": "Mozilla/5.0 (Windows NT 10.0; Win64; x64) AppleWebKit/537.36 (KHTML, like Gecko) Chrome/70.0.3538.79 Safari/537.36", "Accept-Charset": "ISO-8859-1,utf-8;q=0.7,*;q=0.7", "Accept": "text/html,application/xhtml+xml,application/xml;q=0.9,*/*;q=0.8", "Accept-Encoding": "gzip, deflate", "Accept-Language": "en-us,en;q=0.5"}}, {"format_id": "137", "url": "https://r4---sn-5njj-u2xe.googlevideo.com/videoplayback?expire=1612167690&ei=qmUXYMnZC4mCgQPh5r_AAg&ip=140.109.135.76&id=o-ADGZxsslSNCr3F0IP_m2E7rYDsmhvU78eFnYTzpnU9D4&itag=137&aitags=133%2C134%2C135%2C136%2C137%2C160%2C242%2C243%2C244%2C247%2C248%2C278&source=youtube&requiressl=yes&mh=eT&mm=31%2C29&mn=sn-5njj-u2xe%2Csn-un57sn7z&ms=au%2Crdu&mv=m&mvi=4&pl=16&initcwndbps=337500&vprv=1&mime=video%2Fmp4&ns=9Gq3p5vJTfJh9UIgYj1EAeQF&gir=yes&clen=42838705&dur=220.320&lmt=1608463962449749&mt=1612145803&fvip=4&keepalive=yes&beids=9466585&c=WEB&txp=5432432&n=SA6TSeuySEuQyWP_c&sparams=expire%2Cei%2Cip%2Cid%2Caitags%2Csource%2Crequiressl%2Cvprv%2Cmime%2Cns%2Cgir%2Cclen%2Cdur%2Clmt&lsparams=mh%2Cmm%2Cmn%2Cms%2Cmv%2Cmvi%2Cpl%2Cinitcwndbps&lsig=AG3C_xAwRQIgK3bltJaaEDwVIE1XvFv3rMTyb0SfwrZRJu28ec5OlUMCIQCzNWtlwizrOeur4-ZpSNqdIQNpj1BmUEh3tI-1gFKkbw%3D%3D&sig=AOq0QJ8wRQIhAMnWm2eFkHtcY-KkpAlCZ6RkVX8Tg88tZ-uHqRp0tcyXAiA1Yk5YioWFdJh9rXeg76C5yH3-6DKtrXtCHl9HrQ2t0Q==&ratebypass=yes", "player_url": "/s/player/7bc032d0/player_ias.vflset/en_US/base.js", "ext": "mp4", "height": 1080, "format_note": "1080p", "vcodec": "avc1.640028", "asr": null, "filesize": 42838705, "fps": 25, "tbr": 1956.452, "width": 1920, "acodec": "none", "downloader_options": {"http_chunk_size": 10485760}, "format": "137 - 1920x1080 (1080p)", "protocol": "https", "http_headers": {"User-Agent": "Mozilla/5.0 (Windows NT 10.0; Win64; x64) AppleWebKit/537.36 (KHTML, like Gecko) Chrome/70.0.3538.79 Safari/537.36", "Accept-Charset": "ISO-8859-1,utf-8;q=0.7,*;q=0.7", "Accept": "text/html,application/xhtml+xml,application/xml;q=0.9,*/*;q=0.8", "Accept-Encoding": "gzip, deflate", "Accept-Language": "en-us,en;q=0.5"}}, {"format_id": "18", "url": "https://r4---sn-5njj-u2xe.googlevideo.com/videoplayback?expire=1612167690&ei=qmUXYMnZC4mCgQPh5r_AAg&ip=140.109.135.76&id=o-ADGZxsslSNCr3F0IP_m2E7rYDsmhvU78eFnYTzpnU9D4&itag=18&source=youtube&requiressl=yes&mh=eT&mm=31%2C29&mn=sn-5njj-u2xe%2Csn-un57sn7z&ms=au%2Crdu&mv=m&mvi=4&pl=16&initcwndbps=337500&vprv=1&mime=video%2Fmp4&ns=1bdT24__7yGFCcQ1Ei02XroF&gir=yes&clen=13552726&ratebypass=yes&dur=220.380&lmt=1540758404159089&mt=1612145803&fvip=4&beids=9466585&c=WEB&txp=5431432&n=kjc94uLSXBuChEsBQ&sparams=expire%2Cei%2Cip%2Cid%2Citag%2Csource%2Crequiressl%2Cvprv%2Cmime%2Cns%2Cgir%2Cclen%2Cratebypass%2Cdur%2Clmt&lsparams=mh%2Cmm%2Cmn%2Cms%2Cmv%2Cmvi%2Cpl%2Cinitcwndbps&lsig=AG3C_xAwRAIgd3Cs4EDsrLKiP1XNhKgBr5hWGMHWk8BAq1M2AltrufECIBClaQgWkRafH_-9cV-0KsDgdG9s6Aei8xoclTi-IkQo&sig=AOq0QJ8wRQIgJmBasm2xyRpKyN5cqOT2jwEawDi6Etr22Bubm4NaGPMCIQCcsNqtF_67xULJg7CNzJr0eVSTZtLqXYshgR0-EJ8GhQ==", "player_url": "/s/player/7bc032d0/player_ias.vflset/en_US/base.js", "ext": "mp4", "width": 640, "height": 360, "acodec": "mp4a.40.2", "abr": 96, "vcodec": "avc1.42001E", "asr": 44100, "filesize": 13552726, "format_note": "360p", "fps": 25, "tbr": 492.11, "format": "18 - 640x360 (360p)", "protocol": "https", "http_headers": {"User-Agent": "Mozilla/5.0 (Windows NT 10.0; Win64; x64) AppleWebKit/537.36 (KHTML, like Gecko) Chrome/70.0.3538.79 Safari/537.36", "Accept-Charset": "ISO-8859-1,utf-8;q=0.7,*;q=0.7", "Accept": "text/html,application/xhtml+xml,application/xml;q=0.9,*/*;q=0.8", "Accept-Encoding": "gzip, deflate", "Accept-Language": "en-us,en;q=0.5"}}], "is_live": null, "start_time": null, "end_time": null, "series": null, "season_number": null, "episode_number": null, "track": null, "artist": null, "album": null, "release_date": null, "release_year": null, "extractor": "youtube", "webpage_url_basename": "watch", "extractor_key": "Youtube", "playlist": null, "playlist_index": null, "thumbnail": "https://i.ytimg.com/vi_webp/J6X3rVU1H-c/maxresdefault.webp", "display_id": "J6X3rVU1H-c", "requested_subtitles": null, "format_id": "251", "url": "https://r4---sn-5njj-u2xe.googlevideo.com/videoplayback?expire=1612167690&ei=qmUXYMnZC4mCgQPh5r_AAg&ip=140.109.135.76&id=o-ADGZxsslSNCr3F0IP_m2E7rYDsmhvU78eFnYTzpnU9D4&itag=251&source=youtube&requiressl=yes&mh=eT&mm=31%2C29&mn=sn-5njj-u2xe%2Csn-un57sn7z&ms=au%2Crdu&mv=m&mvi=4&pl=16&initcwndbps=337500&vprv=1&mime=audio%2Fwebm&ns=9Gq3p5vJTfJh9UIgYj1EAeQF&gir=yes&clen=4132400&dur=220.341&lmt=1540760194045279&mt=1612145803&fvip=4&keepalive=yes&beids=9466585&c=WEB&txp=5411222&n=SA6TSeuySEuQyWP_c&sparams=expire%2Cei%2Cip%2Cid%2Citag%2Csource%2Crequiressl%2Cvprv%2Cmime%2Cns%2Cgir%2Cclen%2Cdur%2Clmt&lsparams=mh%2Cmm%2Cmn%2Cms%2Cmv%2Cmvi%2Cpl%2Cinitcwndbps&lsig=AG3C_xAwRgIhAI8eJ4yvIcshYSGNpPGPe6p4DQugp96NnvU0VHsTSqq0AiEA6X0ux1zUdZUpw_GG8Fkt5ZPdyyry0zYDAFB4mTxhSn0%3D&sig=AOq0QJ8wRgIhAJ-tVeB6qXS5ptefoKboUTdoJopqOHfPLrS8_UaxG9k9AiEArzRKi-1CMvrcQ8Pfa5GUyTbYdkY9_AbRbB0WftP4GnI=&ratebypass=yes", "player_url": "/s/player/7bc032d0/player_ias.vflset/en_US/base.js", "ext": "webm", "format_note": "tiny", "acodec": "opus", "abr": 160, "asr": 48000, "filesize": 4132400, "fps": null, "height": null, "tbr": 173.44, "width": null, "vcodec": "none", "downloader_options": {"http_chunk_size": 10485760}, "format": "251 - audio only (tiny)", "protocol": "https", "http_headers": {"User-Agent": "Mozilla/5.0 (Windows NT 10.0; Win64; x64) AppleWebKit/537.36 (KHTML, like Gecko) Chrome/70.0.3538.79 Safari/537.36", "Accept-Charset": "ISO-8859-1,utf-8;q=0.7,*;q=0.7", "Accept": "text/html,application/xhtml+xml,application/xml;q=0.9,*/*;q=0.8", "Accept-Encoding": "gzip, deflate", "Accept-Language": "en-us,en;q=0.5"}}