{"id": "kBOiIhTapos", "uploader": "Animenz Piano Sheets", "uploader_id": "Animenzzz", "uploader_url": "http://www.youtube.com/user/Animenzzz", "channel_id": "UCyW-leqPXUunrXXxFjpZ7VA", "channel_url": "http://www.youtube.com/channel/UCyW-leqPXUunrXXxFjpZ7VA", "upload_date": "20140510", "license": null, "creator": null, "title": "Owari no Sekai Kara - Yanagi Nagi [Piano]", "alt_title": null, "thumbnails": [{"url": "https://i.ytimg.com/vi/kBOiIhTapos/hqdefault.jpg?sqp=-oaymwEbCKgBEF5IVfKriqkDDggBFQAAiEIYAXABwAEG&rs=AOn4CLDVb7SeaJ1XoEMQF13otBRQWEMW3w", "width": 168, "height": 94, "resolution": "168x94", "id": "0"}, {"url": "https://i.ytimg.com/vi/kBOiIhTapos/hqdefault.jpg?sqp=-oaymwEbCMQBEG5IVfKriqkDDggBFQAAiEIYAXABwAEG&rs=AOn4CLBbN59el6yE7YJ4ig8aEcM96ON_-A", "width": 196, "height": 110, "resolution": "196x110", "id": "1"}, {"url": "https://i.ytimg.com/vi/kBOiIhTapos/hqdefault.jpg?sqp=-oaymwEcCPYBEIoBSFXyq4qpAw4IARUAAIhCGAFwAcABBg==&rs=AOn4CLCJa8LuF5tozboxc1HP9l3RoXsCQw", "width": 246, "height": 138, "resolution": "246x138", "id": "2"}, {"url": "https://i.ytimg.com/vi/kBOiIhTapos/hqdefault.jpg?sqp=-oaymwEcCNACELwBSFXyq4qpAw4IARUAAIhCGAFwAcABBg==&rs=AOn4CLARfpZ5ErdJrVWhW-oG6icoEMYDCw", "width": 336, "height": 188, "resolution": "336x188", "id": "3"}, {"url": "https://i.ytimg.com/vi/kBOiIhTapos/maxresdefault.jpg", "width": 1920, "height": 1080, "resolution": "1920x1080", "id": "4"}], "description": "It's here. \nI finally uploaded the piano cover of Owari no Sekai Kara.\n(this song is not from an anime, but it's a track fron the album \"Owari no hoshi no Love Song\" by Jun Maeda and Yanagi Nagi)\nhttps://www.youtube.com/watch?v=OJrofmDpTXs\n\nAfter months of delay, days of sleepless nights, countless moments of frustration, dropping and un-dropping it several times, this transcription was actually destined to fail and ultimately land in my \"dropped transcriptions\" folder.\nBut... I just.. didn't want to give up so easily.\n\nBecause I really wanted to make it happen. I know that countless people are waiting for this. I mean, I made a big announcement to transcribe \"Owari no sekai kara\" on facebook after all, and I don't want to disappoint everyone.\n\nBut I just couldn't finish the sheet. I was lacking inspiration. Because this song is pretty straightforward, it doesn't leave any room for fancy piano techniques or transcription ideas.\nAfter countless trial and error, I became frustrated and I decided to just upload a very basic and uninspired sheet of Owari no sekai kara.\n\nHowever, things have changed after my journey in LA.\n\nWhen we had the fan-meetup on 12th april, I was amazed to meet all the people, who came all the way to LA, just to see me and Ishter in person. I was happy to see, how much they enjoyed my piano covers, how much I inspired them.\n\nAnd that's where I finally gained the inspiration to complete the sheet. I completely re-edited the sheet from the scratch and was working every night on this transcription.\n\nI made quick progress and the sheet was almost finished in a few days. As a finishing touch, I added a variation of the main theme - heavily inspired by a Chopin sonata - in the final page of the sheet. Suddenly, the melody is played in a major key! \nYou ask me why I did that?\nHm... maybe.. just a hunch, but I have a feeling, that the sheet was trying to tell me: \"You did it! Thank you so much for not forgetting me in the dropped folder! Thank you for not giving up!\"\n\nAnd that's why I added the final part, known as \"good - end\".\n\nWep, I think that's the entire story behind the creation of this sheet.\nThank you for reading this wall of text and I hope you enjoyed my piano cover of Owari no Sekai Kara.\n\n\nAnimenz\n\nPS:\nthe \"good-end\" begins at 3:57\n\n- - - - - - - - - - - - - - - - - - - - - - - - - - - - - - - - - \n\nMy facebook page:\nhttp://www.facebook.com/Animenz\n\nFollow me on Twitter!:\nhttps://twitter.com/Animenzzz\n\n- - - - - - - - - - - - - - - - - - - - - - - - - - - - - - - -\n\nPiano arrangement by Animenz\n\nOriginal Song: Owari no Sekai Kara\nAlbum: Owari no Hoshi no Love song\nPublished by: Flaming June\nComposed by: Jun Maeda \nPerformed by: Yanagi Nagi\n\n#OwariNoSekaiKara #YanagiNagi #JunMaeda #Piano", "categories": ["Entertainment"], "tags": ["piano", "cover", "anime", "sheet", "music", "opening", "ending", "song", "op", "ed", "soundtrack", "ost", "keyboard", "transcription", "intrumental", "fan", "animenz", "owari", "no sekai kara", "sekai", "hoshi no love song", "yanagi", "nagi", "yanaginagi", "jun", "maeda", "flaming june", "\u7d42\u308f\u308a\u306e\u4e16\u754c\u304b\u3089", "\u9ebb\u679d", "\u51c6", "\u3084\u306a\u304e\u306a\u304e"], "subtitles": {}, "automatic_captions": {}, "duration": 326, "age_limit": 0, "annotations": null, "chapters": null, "webpage_url": "https://www.youtube.com/watch?v=kBOiIhTapos", "view_count": 2374835, "like_count": 23353, "dislike_count": 124, "average_rating": 4.9788728, "formats": [{"format_id": "249", "url": "https://r8---sn-5njj-u2xl.googlevideo.com/videoplayback?expire=1611763758&ei=zjsRYP-WKInw4wK30p3wBA&ip=140.109.135.76&id=o-ADVBPGQ8Ic74lfLUHmQMo0Jbac4hFyoffWg7oPDQzcQG&itag=249&source=youtube&requiressl=yes&mh=28&mm=31%2C29&mn=sn-5njj-u2xl%2Csn-un57en7s&ms=au%2Crdu&mv=m&mvi=8&pl=16&initcwndbps=695000&vprv=1&mime=audio%2Fwebm&ns=K1Bt-eohFrchawTm8swSCK0F&gir=yes&clen=2278122&dur=325.541&lmt=1542681772953044&mt=1611741877&fvip=2&keepalive=yes&beids=23886213&c=WEB&txp=5411222&n=KaPU-zkaAXXa_8RB_Bh9&sparams=expire%2Cei%2Cip%2Cid%2Citag%2Csource%2Crequiressl%2Cvprv%2Cmime%2Cns%2Cgir%2Cclen%2Cdur%2Clmt&sig=AOq0QJ8wRAIgcNJTaiaOqir0ntGrttP7t3ag-285o3ZBFN68frZn7vMCICMFxoN6GN0nMPifWbStO2fOEM8CZWNzGeAD2tEENA8_&lsparams=mh%2Cmm%2Cmn%2Cms%2Cmv%2Cmvi%2Cpl%2Cinitcwndbps&lsig=AG3C_xAwRgIhAJp9xgbVnPHiWrZdGmYc6n6w3q2duLHPrWLiHqSJ2SSlAiEApfKW5IxHp20Z7VLW7ObDAQZbPL1naKY3cYnf_OSnjNw%3D&ratebypass=yes", "player_url": null, "ext": "webm", "format_note": "tiny", "acodec": "opus", "abr": 50, "asr": 48000, "filesize": 2278122, "fps": null, "height": null, "tbr": 62.407, "width": null, "vcodec": "none", "downloader_options": {"http_chunk_size": 10485760}, "format": "249 - audio only (tiny)", "protocol": "https", "http_headers": {"User-Agent": "Mozilla/5.0 (Windows NT 10.0; Win64; x64) AppleWebKit/537.36 (KHTML, like Gecko) Chrome/72.0.3626.85 Safari/537.36", "Accept-Charset": "ISO-8859-1,utf-8;q=0.7,*;q=0.7", "Accept": "text/html,application/xhtml+xml,application/xml;q=0.9,*/*;q=0.8", "Accept-Encoding": "gzip, deflate", "Accept-Language": "en-us,en;q=0.5"}}, {"format_id": "250", "url": "https://r8---sn-5njj-u2xl.googlevideo.com/videoplayback?expire=1611763758&ei=zjsRYP-WKInw4wK30p3wBA&ip=140.109.135.76&id=o-ADVBPGQ8Ic74lfLUHmQMo0Jbac4hFyoffWg7oPDQzcQG&itag=250&source=youtube&requiressl=yes&mh=28&mm=31%2C29&mn=sn-5njj-u2xl%2Csn-un57en7s&ms=au%2Crdu&mv=m&mvi=8&pl=16&initcwndbps=695000&vprv=1&mime=audio%2Fwebm&ns=K1Bt-eohFrchawTm8swSCK0F&gir=yes&clen=3064863&dur=325.541&lmt=1542681772075852&mt=1611741877&fvip=2&keepalive=yes&beids=23886213&c=WEB&txp=5411222&n=KaPU-zkaAXXa_8RB_Bh9&sparams=expire%2Cei%2Cip%2Cid%2Citag%2Csource%2Crequiressl%2Cvprv%2Cmime%2Cns%2Cgir%2Cclen%2Cdur%2Clmt&sig=AOq0QJ8wRgIhAN9LZhduOWRx2muEIuDY-19YW-fWfZpl_CUV2hfufBm6AiEA7BZvcLubHryd1ROhzH8QPIfoKKZk0x8-1AGJIupotkk%3D&lsparams=mh%2Cmm%2Cmn%2Cms%2Cmv%2Cmvi%2Cpl%2Cinitcwndbps&lsig=AG3C_xAwRgIhAJp9xgbVnPHiWrZdGmYc6n6w3q2duLHPrWLiHqSJ2SSlAiEApfKW5IxHp20Z7VLW7ObDAQZbPL1naKY3cYnf_OSnjNw%3D&ratebypass=yes", "player_url": null, "ext": "webm", "format_note": "tiny", "acodec": "opus", "abr": 70, "asr": 48000, "filesize": 3064863, "fps": null, "height": null, "tbr": 84.212, "width": null, "vcodec": "none", "downloader_options": {"http_chunk_size": 10485760}, "format": "250 - audio only (tiny)", "protocol": "https", "http_headers": {"User-Agent": "Mozilla/5.0 (Windows NT 10.0; Win64; x64) AppleWebKit/537.36 (KHTML, like Gecko) Chrome/72.0.3626.85 Safari/537.36", "Accept-Charset": "ISO-8859-1,utf-8;q=0.7,*;q=0.7", "Accept": "text/html,application/xhtml+xml,application/xml;q=0.9,*/*;q=0.8", "Accept-Encoding": "gzip, deflate", "Accept-Language": "en-us,en;q=0.5"}}, {"format_id": "140", "url": "https://r8---sn-5njj-u2xl.googlevideo.com/videoplayback?expire=1611763758&ei=zjsRYP-WKInw4wK30p3wBA&ip=140.109.135.76&id=o-ADVBPGQ8Ic74lfLUHmQMo0Jbac4hFyoffWg7oPDQzcQG&itag=140&source=youtube&requiressl=yes&mh=28&mm=31%2C29&mn=sn-5njj-u2xl%2Csn-un57en7s&ms=au%2Crdu&mv=m&mvi=8&pl=16&initcwndbps=695000&vprv=1&mime=audio%2Fmp4&ns=K1Bt-eohFrchawTm8swSCK0F&gir=yes&clen=5269671&dur=325.566&lmt=1542677188767838&mt=1611741877&fvip=2&keepalive=yes&beids=23886213&c=WEB&txp=5432432&n=KaPU-zkaAXXa_8RB_Bh9&sparams=expire%2Cei%2Cip%2Cid%2Citag%2Csource%2Crequiressl%2Cvprv%2Cmime%2Cns%2Cgir%2Cclen%2Cdur%2Clmt&sig=AOq0QJ8wRQIhALmN1CV1wJ4jPQ918KJw5unzi5o70IrsL19yv-KyECgNAiB9sV8O7gqtJsOvDamdH0NlPt-0l_TNW1iQ-N6qncweGQ%3D%3D&lsparams=mh%2Cmm%2Cmn%2Cms%2Cmv%2Cmvi%2Cpl%2Cinitcwndbps&lsig=AG3C_xAwRgIhAJp9xgbVnPHiWrZdGmYc6n6w3q2duLHPrWLiHqSJ2SSlAiEApfKW5IxHp20Z7VLW7ObDAQZbPL1naKY3cYnf_OSnjNw%3D&ratebypass=yes", "player_url": null, "ext": "m4a", "format_note": "tiny", "acodec": "mp4a.40.2", "abr": 128, "container": "m4a_dash", "asr": 44100, "filesize": 5269671, "fps": null, "height": null, "tbr": 130.682, "width": null, "vcodec": "none", "downloader_options": {"http_chunk_size": 10485760}, "format": "140 - audio only (tiny)", "protocol": "https", "http_headers": {"User-Agent": "Mozilla/5.0 (Windows NT 10.0; Win64; x64) AppleWebKit/537.36 (KHTML, like Gecko) Chrome/72.0.3626.85 Safari/537.36", "Accept-Charset": "ISO-8859-1,utf-8;q=0.7,*;q=0.7", "Accept": "text/html,application/xhtml+xml,application/xml;q=0.9,*/*;q=0.8", "Accept-Encoding": "gzip, deflate", "Accept-Language": "en-us,en;q=0.5"}}, {"format_id": "251", "url": "https://r8---sn-5njj-u2xl.googlevideo.com/videoplayback?expire=1611763758&ei=zjsRYP-WKInw4wK30p3wBA&ip=140.109.135.76&id=o-ADVBPGQ8Ic74lfLUHmQMo0Jbac4hFyoffWg7oPDQzcQG&itag=251&source=youtube&requiressl=yes&mh=28&mm=31%2C29&mn=sn-5njj-u2xl%2Csn-un57en7s&ms=au%2Crdu&mv=m&mvi=8&pl=16&initcwndbps=695000&vprv=1&mime=audio%2Fwebm&ns=K1Bt-eohFrchawTm8swSCK0F&gir=yes&clen=5880451&dur=325.541&lmt=1542681772854836&mt=1611741877&fvip=2&keepalive=yes&beids=23886213&c=WEB&txp=5411222&n=KaPU-zkaAXXa_8RB_Bh9&sparams=expire%2Cei%2Cip%2Cid%2Citag%2Csource%2Crequiressl%2Cvprv%2Cmime%2Cns%2Cgir%2Cclen%2Cdur%2Clmt&sig=AOq0QJ8wRAIgYNbIYRAKSFR9I1Ts2WbQOKmvpXcDLy9LkAxDgFKFJKQCIFfXFC8XBesfGVRILZgi3Fx_2Wa6UNcd3hbu-SpuLQxj&lsparams=mh%2Cmm%2Cmn%2Cms%2Cmv%2Cmvi%2Cpl%2Cinitcwndbps&lsig=AG3C_xAwRgIhAJp9xgbVnPHiWrZdGmYc6n6w3q2duLHPrWLiHqSJ2SSlAiEApfKW5IxHp20Z7VLW7ObDAQZbPL1naKY3cYnf_OSnjNw%3D&ratebypass=yes", "player_url": null, "ext": "webm", "format_note": "tiny", "acodec": "opus", "abr": 160, "asr": 48000, "filesize": 5880451, "fps": null, "height": null, "tbr": 158.328, "width": null, "vcodec": "none", "downloader_options": {"http_chunk_size": 10485760}, "format": "251 - audio only (tiny)", "protocol": "https", "http_headers": {"User-Agent": "Mozilla/5.0 (Windows NT 10.0; Win64; x64) AppleWebKit/537.36 (KHTML, like Gecko) Chrome/72.0.3626.85 Safari/537.36", "Accept-Charset": "ISO-8859-1,utf-8;q=0.7,*;q=0.7", "Accept": "text/html,application/xhtml+xml,application/xml;q=0.9,*/*;q=0.8", "Accept-Encoding": "gzip, deflate", "Accept-Language": "en-us,en;q=0.5"}}, {"format_id": "160", "url": "https://r8---sn-5njj-u2xl.googlevideo.com/videoplayback?expire=1611763758&ei=zjsRYP-WKInw4wK30p3wBA&ip=140.109.135.76&id=o-ADVBPGQ8Ic74lfLUHmQMo0Jbac4hFyoffWg7oPDQzcQG&itag=160&aitags=133%2C134%2C135%2C136%2C160%2C242%2C243%2C244%2C247%2C278&source=youtube&requiressl=yes&mh=28&mm=31%2C29&mn=sn-5njj-u2xl%2Csn-un57en7s&ms=au%2Crdu&mv=m&mvi=8&pl=16&initcwndbps=695000&vprv=1&mime=video%2Fmp4&ns=K1Bt-eohFrchawTm8swSCK0F&gir=yes&clen=2065070&dur=325.520&lmt=1542677025943706&mt=1611741877&fvip=2&keepalive=yes&beids=23886213&c=WEB&txp=5432432&n=KaPU-zkaAXXa_8RB_Bh9&sparams=expire%2Cei%2Cip%2Cid%2Caitags%2Csource%2Crequiressl%2Cvprv%2Cmime%2Cns%2Cgir%2Cclen%2Cdur%2Clmt&sig=AOq0QJ8wRQIhAPk4k7VBO_NXihQVUnH8i2KE_1mEb4l5loxMSoCdhGHXAiBNxxBW_itxIDDgp-taotgwvh8vT7Q1Efi2ywMcgpnv7w%3D%3D&lsparams=mh%2Cmm%2Cmn%2Cms%2Cmv%2Cmvi%2Cpl%2Cinitcwndbps&lsig=AG3C_xAwRgIhAJp9xgbVnPHiWrZdGmYc6n6w3q2duLHPrWLiHqSJ2SSlAiEApfKW5IxHp20Z7VLW7ObDAQZbPL1naKY3cYnf_OSnjNw%3D&ratebypass=yes", "player_url": null, "ext": "mp4", "height": 144, "format_note": "144p", "vcodec": "avc1.4d400c", "asr": null, "filesize": 2065070, "fps": 25, "tbr": 69.115, "width": 256, "acodec": "none", "downloader_options": {"http_chunk_size": 10485760}, "format": "160 - 256x144 (144p)", "protocol": "https", "http_headers": {"User-Agent": "Mozilla/5.0 (Windows NT 10.0; Win64; x64) AppleWebKit/537.36 (KHTML, like Gecko) Chrome/72.0.3626.85 Safari/537.36", "Accept-Charset": "ISO-8859-1,utf-8;q=0.7,*;q=0.7", "Accept": "text/html,application/xhtml+xml,application/xml;q=0.9,*/*;q=0.8", "Accept-Encoding": "gzip, deflate", "Accept-Language": "en-us,en;q=0.5"}}, {"format_id": "278", "url": "https://r8---sn-5njj-u2xl.googlevideo.com/videoplayback?expire=1611763758&ei=zjsRYP-WKInw4wK30p3wBA&ip=140.109.135.76&id=o-ADVBPGQ8Ic74lfLUHmQMo0Jbac4hFyoffWg7oPDQzcQG&itag=278&aitags=133%2C134%2C135%2C136%2C160%2C242%2C243%2C244%2C247%2C278&source=youtube&requiressl=yes&mh=28&mm=31%2C29&mn=sn-5njj-u2xl%2Csn-un57en7s&ms=au%2Crdu&mv=m&mvi=8&pl=16&initcwndbps=695000&vprv=1&mime=video%2Fwebm&ns=K1Bt-eohFrchawTm8swSCK0F&gir=yes&clen=3312659&dur=325.520&lmt=1542678885372135&mt=1611741877&fvip=2&keepalive=yes&beids=23886213&c=WEB&txp=5432432&n=KaPU-zkaAXXa_8RB_Bh9&sparams=expire%2Cei%2Cip%2Cid%2Caitags%2Csource%2Crequiressl%2Cvprv%2Cmime%2Cns%2Cgir%2Cclen%2Cdur%2Clmt&sig=AOq0QJ8wRQIhAID47vhYTpP7o027MhxV2GwKQSGVQm_tKF8Uau9p1D8oAiA1-mUBSN83lqsUS3sALcSOCXlmw7y_tU3NdCo1Wa7_ZQ%3D%3D&lsparams=mh%2Cmm%2Cmn%2Cms%2Cmv%2Cmvi%2Cpl%2Cinitcwndbps&lsig=AG3C_xAwRgIhAJp9xgbVnPHiWrZdGmYc6n6w3q2duLHPrWLiHqSJ2SSlAiEApfKW5IxHp20Z7VLW7ObDAQZbPL1naKY3cYnf_OSnjNw%3D&ratebypass=yes", "player_url": null, "ext": "webm", "height": 144, "format_note": "144p", "container": "webm", "vcodec": "vp9", "asr": null, "filesize": 3312659, "fps": 25, "tbr": 94.2, "width": 256, "acodec": "none", "downloader_options": {"http_chunk_size": 10485760}, "format": "278 - 256x144 (144p)", "protocol": "https", "http_headers": {"User-Agent": "Mozilla/5.0 (Windows NT 10.0; Win64; x64) AppleWebKit/537.36 (KHTML, like Gecko) Chrome/72.0.3626.85 Safari/537.36", "Accept-Charset": "ISO-8859-1,utf-8;q=0.7,*;q=0.7", "Accept": "text/html,application/xhtml+xml,application/xml;q=0.9,*/*;q=0.8", "Accept-Encoding": "gzip, deflate", "Accept-Language": "en-us,en;q=0.5"}}, {"format_id": "133", "url": "https://r8---sn-5njj-u2xl.googlevideo.com/videoplayback?expire=1611763758&ei=zjsRYP-WKInw4wK30p3wBA&ip=140.109.135.76&id=o-ADVBPGQ8Ic74lfLUHmQMo0Jbac4hFyoffWg7oPDQzcQG&itag=133&aitags=133%2C134%2C135%2C136%2C160%2C242%2C243%2C244%2C247%2C278&source=youtube&requiressl=yes&mh=28&mm=31%2C29&mn=sn-5njj-u2xl%2Csn-un57en7s&ms=au%2Crdu&mv=m&mvi=8&pl=16&initcwndbps=695000&vprv=1&mime=video%2Fmp4&ns=K1Bt-eohFrchawTm8swSCK0F&gir=yes&clen=3581275&dur=325.520&lmt=1542678121200307&mt=1611741877&fvip=2&keepalive=yes&beids=23886213&c=WEB&txp=5432432&n=KaPU-zkaAXXa_8RB_Bh9&sparams=expire%2Cei%2Cip%2Cid%2Caitags%2Csource%2Crequiressl%2Cvprv%2Cmime%2Cns%2Cgir%2Cclen%2Cdur%2Clmt&sig=AOq0QJ8wRQIhAIHk5Uq8gGSLUUGWj3QwQjb9GauZVVk1QzylkKSJu0I7AiBufQ0Z6Ee75hbOkMgyxH7scisz1QTHz2-Zlet8nsm9WQ%3D%3D&lsparams=mh%2Cmm%2Cmn%2Cms%2Cmv%2Cmvi%2Cpl%2Cinitcwndbps&lsig=AG3C_xAwRgIhAJp9xgbVnPHiWrZdGmYc6n6w3q2duLHPrWLiHqSJ2SSlAiEApfKW5IxHp20Z7VLW7ObDAQZbPL1naKY3cYnf_OSnjNw%3D&ratebypass=yes", "player_url": null, "ext": "mp4", "height": 240, "format_note": "240p", "vcodec": "avc1.4d4015", "asr": null, "filesize": 3581275, "fps": 25, "tbr": 121.353, "width": 426, "acodec": "none", "downloader_options": {"http_chunk_size": 10485760}, "format": "133 - 426x240 (240p)", "protocol": "https", "http_headers": {"User-Agent": "Mozilla/5.0 (Windows NT 10.0; Win64; x64) AppleWebKit/537.36 (KHTML, like Gecko) Chrome/72.0.3626.85 Safari/537.36", "Accept-Charset": "ISO-8859-1,utf-8;q=0.7,*;q=0.7", "Accept": "text/html,application/xhtml+xml,application/xml;q=0.9,*/*;q=0.8", "Accept-Encoding": "gzip, deflate", "Accept-Language": "en-us,en;q=0.5"}}, {"format_id": "242", "url": "https://r8---sn-5njj-u2xl.googlevideo.com/videoplayback?expire=1611763758&ei=zjsRYP-WKInw4wK30p3wBA&ip=140.109.135.76&id=o-ADVBPGQ8Ic74lfLUHmQMo0Jbac4hFyoffWg7oPDQzcQG&itag=242&aitags=133%2C134%2C135%2C136%2C160%2C242%2C243%2C244%2C247%2C278&source=youtube&requiressl=yes&mh=28&mm=31%2C29&mn=sn-5njj-u2xl%2Csn-un57en7s&ms=au%2Crdu&mv=m&mvi=8&pl=16&initcwndbps=695000&vprv=1&mime=video%2Fwebm&ns=K1Bt-eohFrchawTm8swSCK0F&gir=yes&clen=5897006&dur=325.520&lmt=1542678885365665&mt=1611741877&fvip=2&keepalive=yes&beids=23886213&c=WEB&txp=5432432&n=KaPU-zkaAXXa_8RB_Bh9&sparams=expire%2Cei%2Cip%2Cid%2Caitags%2Csource%2Crequiressl%2Cvprv%2Cmime%2Cns%2Cgir%2Cclen%2Cdur%2Clmt&sig=AOq0QJ8wRQIgYySLCqR0s3cxdG4tPBU66AAmo_ctFC668YYyz8tDMDACIQCbZC86ugjEXtm2H-I4vyWWEwemhoTGtncohHv-3adl0g%3D%3D&lsparams=mh%2Cmm%2Cmn%2Cms%2Cmv%2Cmvi%2Cpl%2Cinitcwndbps&lsig=AG3C_xAwRgIhAJp9xgbVnPHiWrZdGmYc6n6w3q2duLHPrWLiHqSJ2SSlAiEApfKW5IxHp20Z7VLW7ObDAQZbPL1naKY3cYnf_OSnjNw%3D&ratebypass=yes", "player_url": null, "ext": "webm", "height": 240, "format_note": "240p", "vcodec": "vp9", "asr": null, "filesize": 5897006, "fps": 25, "tbr": 175.465, "width": 426, "acodec": "none", "downloader_options": {"http_chunk_size": 10485760}, "format": "242 - 426x240 (240p)", "protocol": "https", "http_headers": {"User-Agent": "Mozilla/5.0 (Windows NT 10.0; Win64; x64) AppleWebKit/537.36 (KHTML, like Gecko) Chrome/72.0.3626.85 Safari/537.36", "Accept-Charset": "ISO-8859-1,utf-8;q=0.7,*;q=0.7", "Accept": "text/html,application/xhtml+xml,application/xml;q=0.9,*/*;q=0.8", "Accept-Encoding": "gzip, deflate", "Accept-Language": "en-us,en;q=0.5"}}, {"format_id": "134", "url": "https://r8---sn-5njj-u2xl.googlevideo.com/videoplayback?expire=1611763758&ei=zjsRYP-WKInw4wK30p3wBA&ip=140.109.135.76&id=o-ADVBPGQ8Ic74lfLUHmQMo0Jbac4hFyoffWg7oPDQzcQG&itag=134&aitags=133%2C134%2C135%2C136%2C160%2C242%2C243%2C244%2C247%2C278&source=youtube&requiressl=yes&mh=28&mm=31%2C29&mn=sn-5njj-u2xl%2Csn-un57en7s&ms=au%2Crdu&mv=m&mvi=8&pl=16&initcwndbps=695000&vprv=1&mime=video%2Fmp4&ns=K1Bt-eohFrchawTm8swSCK0F&gir=yes&clen=8521348&dur=325.520&lmt=1542679412648816&mt=1611741877&fvip=2&keepalive=yes&beids=23886213&c=WEB&txp=5432432&n=KaPU-zkaAXXa_8RB_Bh9&sparams=expire%2Cei%2Cip%2Cid%2Caitags%2Csource%2Crequiressl%2Cvprv%2Cmime%2Cns%2Cgir%2Cclen%2Cdur%2Clmt&sig=AOq0QJ8wRQIhALfgx3zHZpB49dFpCbLJ8L6UfIoxvL3OJZFJ_qxp70f5AiAZl1V9bRprHa8yDKjLg8dsLXrhn-Yy8SA9h-YOsvKLlg%3D%3D&lsparams=mh%2Cmm%2Cmn%2Cms%2Cmv%2Cmvi%2Cpl%2Cinitcwndbps&lsig=AG3C_xAwRgIhAJp9xgbVnPHiWrZdGmYc6n6w3q2duLHPrWLiHqSJ2SSlAiEApfKW5IxHp20Z7VLW7ObDAQZbPL1naKY3cYnf_OSnjNw%3D&ratebypass=yes", "player_url": null, "ext": "mp4", "height": 360, "format_note": "360p", "vcodec": "avc1.4d401e", "asr": null, "filesize": 8521348, "fps": 25, "tbr": 288.976, "width": 640, "acodec": "none", "downloader_options": {"http_chunk_size": 10485760}, "format": "134 - 640x360 (360p)", "protocol": "https", "http_headers": {"User-Agent": "Mozilla/5.0 (Windows NT 10.0; Win64; x64) AppleWebKit/537.36 (KHTML, like Gecko) Chrome/72.0.3626.85 Safari/537.36", "Accept-Charset": "ISO-8859-1,utf-8;q=0.7,*;q=0.7", "Accept": "text/html,application/xhtml+xml,application/xml;q=0.9,*/*;q=0.8", "Accept-Encoding": "gzip, deflate", "Accept-Language": "en-us,en;q=0.5"}}, {"format_id": "243", "url": "https://r8---sn-5njj-u2xl.googlevideo.com/videoplayback?expire=1611763758&ei=zjsRYP-WKInw4wK30p3wBA&ip=140.109.135.76&id=o-ADVBPGQ8Ic74lfLUHmQMo0Jbac4hFyoffWg7oPDQzcQG&itag=243&aitags=133%2C134%2C135%2C136%2C160%2C242%2C243%2C244%2C247%2C278&source=youtube&requiressl=yes&mh=28&mm=31%2C29&mn=sn-5njj-u2xl%2Csn-un57en7s&ms=au%2Crdu&mv=m&mvi=8&pl=16&initcwndbps=695000&vprv=1&mime=video%2Fwebm&ns=K1Bt-eohFrchawTm8swSCK0F&gir=yes&clen=11383896&dur=325.520&lmt=1542678885384059&mt=1611741877&fvip=2&keepalive=yes&beids=23886213&c=WEB&txp=5432432&n=KaPU-zkaAXXa_8RB_Bh9&sparams=expire%2Cei%2Cip%2Cid%2Caitags%2Csource%2Crequiressl%2Cvprv%2Cmime%2Cns%2Cgir%2Cclen%2Cdur%2Clmt&sig=AOq0QJ8wRgIhAJvGif0h25B66WCDbxO4pxcY9yquB_ATigxi8fnJWB6OAiEAqU71pfdwxpfJENY67vO1TeRcUryxgrUXx7tUxz5eR0U%3D&lsparams=mh%2Cmm%2Cmn%2Cms%2Cmv%2Cmvi%2Cpl%2Cinitcwndbps&lsig=AG3C_xAwRgIhAJp9xgbVnPHiWrZdGmYc6n6w3q2duLHPrWLiHqSJ2SSlAiEApfKW5IxHp20Z7VLW7ObDAQZbPL1naKY3cYnf_OSnjNw%3D&ratebypass=yes", "player_url": null, "ext": "webm", "height": 360, "format_note": "360p", "vcodec": "vp9", "asr": null, "filesize": 11383896, "fps": 25, "tbr": 331.868, "width": 640, "acodec": "none", "downloader_options": {"http_chunk_size": 10485760}, "format": "243 - 640x360 (360p)", "protocol": "https", "http_headers": {"User-Agent": "Mozilla/5.0 (Windows NT 10.0; Win64; x64) AppleWebKit/537.36 (KHTML, like Gecko) Chrome/72.0.3626.85 Safari/537.36", "Accept-Charset": "ISO-8859-1,utf-8;q=0.7,*;q=0.7", "Accept": "text/html,application/xhtml+xml,application/xml;q=0.9,*/*;q=0.8", "Accept-Encoding": "gzip, deflate", "Accept-Language": "en-us,en;q=0.5"}}, {"format_id": "135", "url": "https://r8---sn-5njj-u2xl.googlevideo.com/videoplayback?expire=1611763758&ei=zjsRYP-WKInw4wK30p3wBA&ip=140.109.135.76&id=o-ADVBPGQ8Ic74lfLUHmQMo0Jbac4hFyoffWg7oPDQzcQG&itag=135&aitags=133%2C134%2C135%2C136%2C160%2C242%2C243%2C244%2C247%2C278&source=youtube&requiressl=yes&mh=28&mm=31%2C29&mn=sn-5njj-u2xl%2Csn-un57en7s&ms=au%2Crdu&mv=m&mvi=8&pl=16&initcwndbps=695000&vprv=1&mime=video%2Fmp4&ns=K1Bt-eohFrchawTm8swSCK0F&gir=yes&clen=17117492&dur=325.520&lmt=1542677026986199&mt=1611741877&fvip=2&keepalive=yes&beids=23886213&c=WEB&txp=5432432&n=KaPU-zkaAXXa_8RB_Bh9&sparams=expire%2Cei%2Cip%2Cid%2Caitags%2Csource%2Crequiressl%2Cvprv%2Cmime%2Cns%2Cgir%2Cclen%2Cdur%2Clmt&sig=AOq0QJ8wRQIhAPfV_fNaL6GSwqPcI2VYjr9HPJiD9wfCTf-kEyzyJJi5AiB_etXZn1J6IyLJwQB0Ue2qyY45S5Nh5GMH7xUZJJ9wYQ%3D%3D&lsparams=mh%2Cmm%2Cmn%2Cms%2Cmv%2Cmvi%2Cpl%2Cinitcwndbps&lsig=AG3C_xAwRgIhAJp9xgbVnPHiWrZdGmYc6n6w3q2duLHPrWLiHqSJ2SSlAiEApfKW5IxHp20Z7VLW7ObDAQZbPL1naKY3cYnf_OSnjNw%3D&ratebypass=yes", "player_url": null, "ext": "mp4", "height": 480, "format_note": "480p", "vcodec": "avc1.4d401e", "asr": null, "filesize": 17117492, "fps": 25, "tbr": 634.693, "width": 854, "acodec": "none", "downloader_options": {"http_chunk_size": 10485760}, "format": "135 - 854x480 (480p)", "protocol": "https", "http_headers": {"User-Agent": "Mozilla/5.0 (Windows NT 10.0; Win64; x64) AppleWebKit/537.36 (KHTML, like Gecko) Chrome/72.0.3626.85 Safari/537.36", "Accept-Charset": "ISO-8859-1,utf-8;q=0.7,*;q=0.7", "Accept": "text/html,application/xhtml+xml,application/xml;q=0.9,*/*;q=0.8", "Accept-Encoding": "gzip, deflate", "Accept-Language": "en-us,en;q=0.5"}}, {"format_id": "244", "url": "https://r8---sn-5njj-u2xl.googlevideo.com/videoplayback?expire=1611763758&ei=zjsRYP-WKInw4wK30p3wBA&ip=140.109.135.76&id=o-ADVBPGQ8Ic74lfLUHmQMo0Jbac4hFyoffWg7oPDQzcQG&itag=244&aitags=133%2C134%2C135%2C136%2C160%2C242%2C243%2C244%2C247%2C278&source=youtube&requiressl=yes&mh=28&mm=31%2C29&mn=sn-5njj-u2xl%2Csn-un57en7s&ms=au%2Crdu&mv=m&mvi=8&pl=16&initcwndbps=695000&vprv=1&mime=video%2Fwebm&ns=K1Bt-eohFrchawTm8swSCK0F&gir=yes&clen=21144877&dur=325.520&lmt=1542678885375003&mt=1611741877&fvip=2&keepalive=yes&beids=23886213&c=WEB&txp=5432432&n=KaPU-zkaAXXa_8RB_Bh9&sparams=expire%2Cei%2Cip%2Cid%2Caitags%2Csource%2Crequiressl%2Cvprv%2Cmime%2Cns%2Cgir%2Cclen%2Cdur%2Clmt&sig=AOq0QJ8wRQIgFGnEhLY9Nr4Nxc0lxE9BD9KGclsqEV03Y5K_FVGYiNMCIQCXjUyE-pwZ2r3ZZho9-m7_LiDimDvWwV7-v_Qk3lgk7w%3D%3D&lsparams=mh%2Cmm%2Cmn%2Cms%2Cmv%2Cmvi%2Cpl%2Cinitcwndbps&lsig=AG3C_xAwRgIhAJp9xgbVnPHiWrZdGmYc6n6w3q2duLHPrWLiHqSJ2SSlAiEApfKW5IxHp20Z7VLW7ObDAQZbPL1naKY3cYnf_OSnjNw%3D&ratebypass=yes", "player_url": null, "ext": "webm", "height": 480, "format_note": "480p", "vcodec": "vp9", "asr": null, "filesize": 21144877, "fps": 25, "tbr": 647.006, "width": 854, "acodec": "none", "downloader_options": {"http_chunk_size": 10485760}, "format": "244 - 854x480 (480p)", "protocol": "https", "http_headers": {"User-Agent": "Mozilla/5.0 (Windows NT 10.0; Win64; x64) AppleWebKit/537.36 (KHTML, like Gecko) Chrome/72.0.3626.85 Safari/537.36", "Accept-Charset": "ISO-8859-1,utf-8;q=0.7,*;q=0.7", "Accept": "text/html,application/xhtml+xml,application/xml;q=0.9,*/*;q=0.8", "Accept-Encoding": "gzip, deflate", "Accept-Language": "en-us,en;q=0.5"}}, {"format_id": "136", "url": "https://r8---sn-5njj-u2xl.googlevideo.com/videoplayback?expire=1611763758&ei=zjsRYP-WKInw4wK30p3wBA&ip=140.109.135.76&id=o-ADVBPGQ8Ic74lfLUHmQMo0Jbac4hFyoffWg7oPDQzcQG&itag=136&aitags=133%2C134%2C135%2C136%2C160%2C242%2C243%2C244%2C247%2C278&source=youtube&requiressl=yes&mh=28&mm=31%2C29&mn=sn-5njj-u2xl%2Csn-un57en7s&ms=au%2Crdu&mv=m&mvi=8&pl=16&initcwndbps=695000&vprv=1&mime=video%2Fmp4&ns=K1Bt-eohFrchawTm8swSCK0F&gir=yes&clen=35346133&dur=325.520&lmt=1542679314159308&mt=1611741877&fvip=2&keepalive=yes&beids=23886213&c=WEB&txp=5432432&n=KaPU-zkaAXXa_8RB_Bh9&sparams=expire%2Cei%2Cip%2Cid%2Caitags%2Csource%2Crequiressl%2Cvprv%2Cmime%2Cns%2Cgir%2Cclen%2Cdur%2Clmt&sig=AOq0QJ8wRQIhAKAsLvMxTyk6BU2Ru9XaY68xJfSWSZRrlK1UjnroPUjlAiBbr3PgwhyiZH6tHa5MRHEFFXSDtkaviX7KpiSe6DXs9Q%3D%3D&lsparams=mh%2Cmm%2Cmn%2Cms%2Cmv%2Cmvi%2Cpl%2Cinitcwndbps&lsig=AG3C_xAwRgIhAJp9xgbVnPHiWrZdGmYc6n6w3q2duLHPrWLiHqSJ2SSlAiEApfKW5IxHp20Z7VLW7ObDAQZbPL1naKY3cYnf_OSnjNw%3D&ratebypass=yes", "player_url": null, "ext": "mp4", "height": 720, "format_note": "720p", "vcodec": "avc1.4d401f", "asr": null, "filesize": 35346133, "fps": 25, "tbr": 1267.27, "width": 1280, "acodec": "none", "downloader_options": {"http_chunk_size": 10485760}, "format": "136 - 1280x720 (720p)", "protocol": "https", "http_headers": {"User-Agent": "Mozilla/5.0 (Windows NT 10.0; Win64; x64) AppleWebKit/537.36 (KHTML, like Gecko) Chrome/72.0.3626.85 Safari/537.36", "Accept-Charset": "ISO-8859-1,utf-8;q=0.7,*;q=0.7", "Accept": "text/html,application/xhtml+xml,application/xml;q=0.9,*/*;q=0.8", "Accept-Encoding": "gzip, deflate", "Accept-Language": "en-us,en;q=0.5"}}, {"format_id": "247", "url": "https://r8---sn-5njj-u2xl.googlevideo.com/videoplayback?expire=1611763758&ei=zjsRYP-WKInw4wK30p3wBA&ip=140.109.135.76&id=o-ADVBPGQ8Ic74lfLUHmQMo0Jbac4hFyoffWg7oPDQzcQG&itag=247&aitags=133%2C134%2C135%2C136%2C160%2C242%2C243%2C244%2C247%2C278&source=youtube&requiressl=yes&mh=28&mm=31%2C29&mn=sn-5njj-u2xl%2Csn-un57en7s&ms=au%2Crdu&mv=m&mvi=8&pl=16&initcwndbps=695000&vprv=1&mime=video%2Fwebm&ns=K1Bt-eohFrchawTm8swSCK0F&gir=yes&clen=48582454&dur=325.520&lmt=1542678885367623&mt=1611741877&fvip=2&keepalive=yes&beids=23886213&c=WEB&txp=5432432&n=KaPU-zkaAXXa_8RB_Bh9&sparams=expire%2Cei%2Cip%2Cid%2Caitags%2Csource%2Crequiressl%2Cvprv%2Cmime%2Cns%2Cgir%2Cclen%2Cdur%2Clmt&sig=AOq0QJ8wRQIgFLGraYtwtYXm8egFBjuxQ5EtRYxUcpP_yVowiGBLBXECIQDnvAvIPb6irZB5X6q9fEV8qIi-Nk9vEWYucuY7JGIElg%3D%3D&lsparams=mh%2Cmm%2Cmn%2Cms%2Cmv%2Cmvi%2Cpl%2Cinitcwndbps&lsig=AG3C_xAwRgIhAJp9xgbVnPHiWrZdGmYc6n6w3q2duLHPrWLiHqSJ2SSlAiEApfKW5IxHp20Z7VLW7ObDAQZbPL1naKY3cYnf_OSnjNw%3D&ratebypass=yes", "player_url": null, "ext": "webm", "height": 720, "format_note": "720p", "vcodec": "vp9", "asr": null, "filesize": 48582454, "fps": 25, "tbr": 1432.57, "width": 1280, "acodec": "none", "downloader_options": {"http_chunk_size": 10485760}, "format": "247 - 1280x720 (720p)", "protocol": "https", "http_headers": {"User-Agent": "Mozilla/5.0 (Windows NT 10.0; Win64; x64) AppleWebKit/537.36 (KHTML, like Gecko) Chrome/72.0.3626.85 Safari/537.36", "Accept-Charset": "ISO-8859-1,utf-8;q=0.7,*;q=0.7", "Accept": "text/html,application/xhtml+xml,application/xml;q=0.9,*/*;q=0.8", "Accept-Encoding": "gzip, deflate", "Accept-Language": "en-us,en;q=0.5"}}, {"format_id": "18", "url": "https://r8---sn-5njj-u2xl.googlevideo.com/videoplayback?expire=1611763758&ei=zjsRYP-WKInw4wK30p3wBA&ip=140.109.135.76&id=o-ADVBPGQ8Ic74lfLUHmQMo0Jbac4hFyoffWg7oPDQzcQG&itag=18&source=youtube&requiressl=yes&mh=28&mm=31%2C29&mn=sn-5njj-u2xl%2Csn-un57en7s&ms=au%2Crdu&mv=m&mvi=8&pl=16&initcwndbps=695000&vprv=1&mime=video%2Fmp4&ns=QUZ-tzL2LqJHzt6-Ow0wQ2YF&gir=yes&clen=20880654&ratebypass=yes&dur=325.566&lmt=1542681273431970&mt=1611741877&fvip=2&beids=23886213&c=WEB&txp=5431432&n=xzG0qpkRaq2UC1CP2Bop&sparams=expire%2Cei%2Cip%2Cid%2Citag%2Csource%2Crequiressl%2Cvprv%2Cmime%2Cns%2Cgir%2Cclen%2Cratebypass%2Cdur%2Clmt&sig=AOq0QJ8wRQIhALS8n58NTJm3Ha0If_FA3f71Ra16ji59vi5uJEaO9vxFAiAEZ8MmNxC9EoCZRTQ23SEhOELJcj3APdD6XhXDnAg9WQ%3D%3D&lsparams=mh%2Cmm%2Cmn%2Cms%2Cmv%2Cmvi%2Cpl%2Cinitcwndbps&lsig=AG3C_xAwRgIhAJp9xgbVnPHiWrZdGmYc6n6w3q2duLHPrWLiHqSJ2SSlAiEApfKW5IxHp20Z7VLW7ObDAQZbPL1naKY3cYnf_OSnjNw%3D", "player_url": null, "ext": "mp4", "width": 640, "height": 360, "acodec": "mp4a.40.2", "abr": 96, "vcodec": "avc1.42001E", "asr": 44100, "filesize": 20880654, "format_note": "360p", "fps": 25, "tbr": 513.164, "format": "18 - 640x360 (360p)", "protocol": "https", "http_headers": {"User-Agent": "Mozilla/5.0 (Windows NT 10.0; Win64; x64) AppleWebKit/537.36 (KHTML, like Gecko) Chrome/72.0.3626.85 Safari/537.36", "Accept-Charset": "ISO-8859-1,utf-8;q=0.7,*;q=0.7", "Accept": "text/html,application/xhtml+xml,application/xml;q=0.9,*/*;q=0.8", "Accept-Encoding": "gzip, deflate", "Accept-Language": "en-us,en;q=0.5"}}], "is_live": null, "start_time": null, "end_time": null, "series": null, "season_number": null, "episode_number": null, "track": null, "artist": null, "album": null, "release_date": null, "release_year": null, "extractor": "youtube", "webpage_url_basename": "watch", "extractor_key": "Youtube", "playlist": null, "playlist_index": null, "thumbnail": "https://i.ytimg.com/vi/kBOiIhTapos/maxresdefault.jpg", "display_id": "kBOiIhTapos", "requested_subtitles": null, "format_id": "251", "url": "https://r8---sn-5njj-u2xl.googlevideo.com/videoplayback?expire=1611763758&ei=zjsRYP-WKInw4wK30p3wBA&ip=140.109.135.76&id=o-ADVBPGQ8Ic74lfLUHmQMo0Jbac4hFyoffWg7oPDQzcQG&itag=251&source=youtube&requiressl=yes&mh=28&mm=31%2C29&mn=sn-5njj-u2xl%2Csn-un57en7s&ms=au%2Crdu&mv=m&mvi=8&pl=16&initcwndbps=695000&vprv=1&mime=audio%2Fwebm&ns=K1Bt-eohFrchawTm8swSCK0F&gir=yes&clen=5880451&dur=325.541&lmt=1542681772854836&mt=1611741877&fvip=2&keepalive=yes&beids=23886213&c=WEB&txp=5411222&n=KaPU-zkaAXXa_8RB_Bh9&sparams=expire%2Cei%2Cip%2Cid%2Citag%2Csource%2Crequiressl%2Cvprv%2Cmime%2Cns%2Cgir%2Cclen%2Cdur%2Clmt&sig=AOq0QJ8wRAIgYNbIYRAKSFR9I1Ts2WbQOKmvpXcDLy9LkAxDgFKFJKQCIFfXFC8XBesfGVRILZgi3Fx_2Wa6UNcd3hbu-SpuLQxj&lsparams=mh%2Cmm%2Cmn%2Cms%2Cmv%2Cmvi%2Cpl%2Cinitcwndbps&lsig=AG3C_xAwRgIhAJp9xgbVnPHiWrZdGmYc6n6w3q2duLHPrWLiHqSJ2SSlAiEApfKW5IxHp20Z7VLW7ObDAQZbPL1naKY3cYnf_OSnjNw%3D&ratebypass=yes", "player_url": null, "ext": "webm", "format_note": "tiny", "acodec": "opus", "abr": 160, "asr": 48000, "filesize": 5880451, "fps": null, "height": null, "tbr": 158.328, "width": null, "vcodec": "none", "downloader_options": {"http_chunk_size": 10485760}, "format": "251 - audio only (tiny)", "protocol": "https", "http_headers": {"User-Agent": "Mozilla/5.0 (Windows NT 10.0; Win64; x64) AppleWebKit/537.36 (KHTML, like Gecko) Chrome/72.0.3626.85 Safari/537.36", "Accept-Charset": "ISO-8859-1,utf-8;q=0.7,*;q=0.7", "Accept": "text/html,application/xhtml+xml,application/xml;q=0.9,*/*;q=0.8", "Accept-Encoding": "gzip, deflate", "Accept-Language": "en-us,en;q=0.5"}}