{"id": "ldCQ6N9G6Mk", "uploader": "PianDuo", "uploader_id": "UC5ShEj-16L9ZO5PiMveZPRA", "uploader_url": "http://www.youtube.com/channel/UC5ShEj-16L9ZO5PiMveZPRA", "channel_id": "UC5ShEj-16L9ZO5PiMveZPRA", "channel_url": "http://www.youtube.com/channel/UC5ShEj-16L9ZO5PiMveZPRA", "upload_date": "20200821", "license": null, "creator": null, "title": "[PianDuo] Ragnarok Online \u4ed9\u5883\u50b3\u8aaa - Streamside (Studio A' Version) (\u666e\u9686\u5fb7\u62c9\u5357\u9580) - Piano Solo \u92fc\u7434\u7368\u594f", "alt_title": null, "thumbnails": [{"url": "https://i.ytimg.com/vi/ldCQ6N9G6Mk/hqdefault.jpg?sqp=-oaymwEYCKgBEF5IVfKriqkDCwgBFQAAiEIYAXAB&rs=AOn4CLADvGQPe0TzmmBtnk_K8yg3eoU_gQ", "width": 168, "height": 94, "resolution": "168x94", "id": "0"}, {"url": "https://i.ytimg.com/vi/ldCQ6N9G6Mk/hqdefault.jpg?sqp=-oaymwEYCMQBEG5IVfKriqkDCwgBFQAAiEIYAXAB&rs=AOn4CLBcqbsfdP1FvOydl8JMIbjsekHRCQ", "width": 196, "height": 110, "resolution": "196x110", "id": "1"}, {"url": "https://i.ytimg.com/vi/ldCQ6N9G6Mk/hqdefault.jpg?sqp=-oaymwEZCPYBEIoBSFXyq4qpAwsIARUAAIhCGAFwAQ==&rs=AOn4CLBjJFosfeUccda8ZbTuwRj7SySJhQ", "width": 246, "height": 138, "resolution": "246x138", "id": "2"}, {"url": "https://i.ytimg.com/vi/ldCQ6N9G6Mk/hqdefault.jpg?sqp=-oaymwEZCNACELwBSFXyq4qpAwsIARUAAIhCGAFwAQ==&rs=AOn4CLAQx3pON7nISYdbBX4feBd8Pm4NJg", "width": 336, "height": 188, "resolution": "336x188", "id": "3"}, {"url": "https://i.ytimg.com/vi_webp/ldCQ6N9G6Mk/maxresdefault.webp?v=5f3e8dd9", "width": 1920, "height": 1080, "resolution": "1920x1080", "id": "4"}], "description": "\u559c\u6b61\u6211\u5011\u7684\u5f71\u7247\u8acb\u6309\u8b9a\uff0c\u4e0d\u559c\u6b61\u7684\uff0c\u8acb\u5148\u559c\u6b61\u4e0a\u518d\u6309\u8b9a\uff0c\u7136\u5f8c\u8a18\u5f97\u6309\u8a02\u95b1\uff0c\u4e26\u4e14\u6253\u958b\u5c0f\u9234\u943a\uff0c\u7b2c\u4e00\u6642\u9593\u6536\u5230\u6211\u5011\u6700\u65b0\u7684\u5f71\u7247\u3002\u611b\u4f60\u5011\u55b2\ud83d\udc96\n\nIf you love this video, press like. If you don't love it, please love it first, then press like. And also subscribe our channel, and open the notification in order to receive our latest news.Thank you so much. Love you guys.", "categories": ["Music"], "tags": ["PianDuo", "Piano", "\u92fc\u7434", "\u97f3\u6a02", "Music", "Game", "\u904a\u6232", "BGM", "Solo", "\u7368\u594f", "RO", "Ragnarok", "Online", "\u4ed9\u5883", "\u50b3\u8aaa", "Streamside", "Studio", "A'"], "subtitles": {}, "automatic_captions": {}, "duration": 344, "age_limit": 0, "annotations": null, "chapters": null, "webpage_url": "https://www.youtube.com/watch?v=ldCQ6N9G6Mk", "view_count": 198, "like_count": 15, "dislike_count": 2, "average_rating": 4.75, "formats": [{"format_id": "249", "url": "https://r5---sn-5njj-u2xl.googlevideo.com/videoplayback?expire=1609160478&ei=voLpX9OQFYvMgQOHnpuwCw&ip=140.109.135.76&id=o-ACd1V_KTMOk8yQFzAL-G5N0JHCK5Myf5VSDZlqclK2hp&itag=249&source=youtube&requiressl=yes&mh=31&mm=31%2C29&mn=sn-5njj-u2xl%2Csn-un57en7s&ms=au%2Crdu&mv=m&mvi=5&pl=16&initcwndbps=700000&vprv=1&mime=audio%2Fwebm&ns=CO-VvjyR_GfZXNC5b4F0StsF&gir=yes&clen=2463080&dur=344.041&lmt=1597937135843592&mt=1609138606&fvip=5&keepalive=yes&c=WEB&txp=6211222&n=oqAQlfoNo0qdLoWY&sparams=expire%2Cei%2Cip%2Cid%2Citag%2Csource%2Crequiressl%2Cvprv%2Cmime%2Cns%2Cgir%2Cclen%2Cdur%2Clmt&sig=AOq0QJ8wRgIhAK4Jzwb53Wma1GPo4BSoU2wTgMOJiCclYXl5n51r7keNAiEAqYq07DwSuhkSKplBEdIrVxNBu4Klia6IurcuCq-PPJ0%3D&lsparams=mh%2Cmm%2Cmn%2Cms%2Cmv%2Cmvi%2Cpl%2Cinitcwndbps&lsig=AG3C_xAwRQIhAPAT-p2SRs5vA7EazaVTTXDj7aS9uXrnF8cfzDj8RqFiAiATsrQCh926CeUBf3arSQ3kjYG7ZDEngEu4Tw6rqKa9ew%3D%3D&ratebypass=yes", "player_url": null, "ext": "webm", "format_note": "tiny", "acodec": "opus", "abr": 50, "asr": 48000, "filesize": 2463080, "fps": null, "height": null, "tbr": 65.452, "width": null, "vcodec": "none", "downloader_options": {"http_chunk_size": 10485760}, "format": "249 - audio only (tiny)", "protocol": "https", "http_headers": {"User-Agent": "Mozilla/5.0 (Windows NT 10.0; Win64; x64) AppleWebKit/537.36 (KHTML, like Gecko) Chrome/72.0.3623.3 Safari/537.36", "Accept-Charset": "ISO-8859-1,utf-8;q=0.7,*;q=0.7", "Accept": "text/html,application/xhtml+xml,application/xml;q=0.9,*/*;q=0.8", "Accept-Encoding": "gzip, deflate", "Accept-Language": "en-us,en;q=0.5"}}, {"format_id": "250", "url": "https://r5---sn-5njj-u2xl.googlevideo.com/videoplayback?expire=1609160478&ei=voLpX9OQFYvMgQOHnpuwCw&ip=140.109.135.76&id=o-ACd1V_KTMOk8yQFzAL-G5N0JHCK5Myf5VSDZlqclK2hp&itag=250&source=youtube&requiressl=yes&mh=31&mm=31%2C29&mn=sn-5njj-u2xl%2Csn-un57en7s&ms=au%2Crdu&mv=m&mvi=5&pl=16&initcwndbps=700000&vprv=1&mime=audio%2Fwebm&ns=CO-VvjyR_GfZXNC5b4F0StsF&gir=yes&clen=3204249&dur=344.041&lmt=1597937135542423&mt=1609138606&fvip=5&keepalive=yes&c=WEB&txp=6211222&n=oqAQlfoNo0qdLoWY&sparams=expire%2Cei%2Cip%2Cid%2Citag%2Csource%2Crequiressl%2Cvprv%2Cmime%2Cns%2Cgir%2Cclen%2Cdur%2Clmt&sig=AOq0QJ8wRQIgU_M1kFMxcS-eN3cCv9BOfYGsdZqIVbx-5qb8U6kbqM4CIQCrJYrEIlNIUKG1nv08Jnmk_RnDPB-rEwvuqlPRi3Z56Q%3D%3D&lsparams=mh%2Cmm%2Cmn%2Cms%2Cmv%2Cmvi%2Cpl%2Cinitcwndbps&lsig=AG3C_xAwRQIhAPAT-p2SRs5vA7EazaVTTXDj7aS9uXrnF8cfzDj8RqFiAiATsrQCh926CeUBf3arSQ3kjYG7ZDEngEu4Tw6rqKa9ew%3D%3D&ratebypass=yes", "player_url": null, "ext": "webm", "format_note": "tiny", "acodec": "opus", "abr": 70, "asr": 48000, "filesize": 3204249, "fps": null, "height": null, "tbr": 83.729, "width": null, "vcodec": "none", "downloader_options": {"http_chunk_size": 10485760}, "format": "250 - audio only (tiny)", "protocol": "https", "http_headers": {"User-Agent": "Mozilla/5.0 (Windows NT 10.0; Win64; x64) AppleWebKit/537.36 (KHTML, like Gecko) Chrome/72.0.3623.3 Safari/537.36", "Accept-Charset": "ISO-8859-1,utf-8;q=0.7,*;q=0.7", "Accept": "text/html,application/xhtml+xml,application/xml;q=0.9,*/*;q=0.8", "Accept-Encoding": "gzip, deflate", "Accept-Language": "en-us,en;q=0.5"}}, {"format_id": "140", "url": "https://r5---sn-5njj-u2xl.googlevideo.com/videoplayback?expire=1609160478&ei=voLpX9OQFYvMgQOHnpuwCw&ip=140.109.135.76&id=o-ACd1V_KTMOk8yQFzAL-G5N0JHCK5Myf5VSDZlqclK2hp&itag=140&source=youtube&requiressl=yes&mh=31&mm=31%2C29&mn=sn-5njj-u2xl%2Csn-un57en7s&ms=au%2Crdu&mv=m&mvi=5&pl=16&initcwndbps=700000&vprv=1&mime=audio%2Fmp4&ns=CO-VvjyR_GfZXNC5b4F0StsF&gir=yes&clen=5569168&dur=344.073&lmt=1597937137746933&mt=1609138606&fvip=5&keepalive=yes&c=WEB&txp=6211222&n=oqAQlfoNo0qdLoWY&sparams=expire%2Cei%2Cip%2Cid%2Citag%2Csource%2Crequiressl%2Cvprv%2Cmime%2Cns%2Cgir%2Cclen%2Cdur%2Clmt&sig=AOq0QJ8wRgIhAI65F21Bl1tPBsywVjir4r5VFl3hoXlSdPLKfO37Mmo8AiEArRD8-SY3Dzcl7NYQV-MrvJjOfy4TL3fluN1Ajy2-iEY%3D&lsparams=mh%2Cmm%2Cmn%2Cms%2Cmv%2Cmvi%2Cpl%2Cinitcwndbps&lsig=AG3C_xAwRQIhAPAT-p2SRs5vA7EazaVTTXDj7aS9uXrnF8cfzDj8RqFiAiATsrQCh926CeUBf3arSQ3kjYG7ZDEngEu4Tw6rqKa9ew%3D%3D&ratebypass=yes", "player_url": null, "ext": "m4a", "format_note": "tiny", "acodec": "mp4a.40.2", "abr": 128, "container": "m4a_dash", "asr": 44100, "filesize": 5569168, "fps": null, "height": null, "tbr": 130.7, "width": null, "vcodec": "none", "downloader_options": {"http_chunk_size": 10485760}, "format": "140 - audio only (tiny)", "protocol": "https", "http_headers": {"User-Agent": "Mozilla/5.0 (Windows NT 10.0; Win64; x64) AppleWebKit/537.36 (KHTML, like Gecko) Chrome/72.0.3623.3 Safari/537.36", "Accept-Charset": "ISO-8859-1,utf-8;q=0.7,*;q=0.7", "Accept": "text/html,application/xhtml+xml,application/xml;q=0.9,*/*;q=0.8", "Accept-Encoding": "gzip, deflate", "Accept-Language": "en-us,en;q=0.5"}}, {"format_id": "251", "url": "https://r5---sn-5njj-u2xl.googlevideo.com/videoplayback?expire=1609160478&ei=voLpX9OQFYvMgQOHnpuwCw&ip=140.109.135.76&id=o-ACd1V_KTMOk8yQFzAL-G5N0JHCK5Myf5VSDZlqclK2hp&itag=251&source=youtube&requiressl=yes&mh=31&mm=31%2C29&mn=sn-5njj-u2xl%2Csn-un57en7s&ms=au%2Crdu&mv=m&mvi=5&pl=16&initcwndbps=700000&vprv=1&mime=audio%2Fwebm&ns=CO-VvjyR_GfZXNC5b4F0StsF&gir=yes&clen=6191713&dur=344.041&lmt=1597937136547568&mt=1609138606&fvip=5&keepalive=yes&c=WEB&txp=6211222&n=oqAQlfoNo0qdLoWY&sparams=expire%2Cei%2Cip%2Cid%2Citag%2Csource%2Crequiressl%2Cvprv%2Cmime%2Cns%2Cgir%2Cclen%2Cdur%2Clmt&sig=AOq0QJ8wRQIhAO2-ZdtKlnIFIlHuXCs1POiHneDMVf2J9C1UAQEYOjemAiAzcO1U9sBG_EMD7ahgCQj-9zNEu_T1AlvI28Axmfl1pg%3D%3D&lsparams=mh%2Cmm%2Cmn%2Cms%2Cmv%2Cmvi%2Cpl%2Cinitcwndbps&lsig=AG3C_xAwRQIhAPAT-p2SRs5vA7EazaVTTXDj7aS9uXrnF8cfzDj8RqFiAiATsrQCh926CeUBf3arSQ3kjYG7ZDEngEu4Tw6rqKa9ew%3D%3D&ratebypass=yes", "player_url": null, "ext": "webm", "format_note": "tiny", "acodec": "opus", "abr": 160, "asr": 48000, "filesize": 6191713, "fps": null, "height": null, "tbr": 159.368, "width": null, "vcodec": "none", "downloader_options": {"http_chunk_size": 10485760}, "format": "251 - audio only (tiny)", "protocol": "https", "http_headers": {"User-Agent": "Mozilla/5.0 (Windows NT 10.0; Win64; x64) AppleWebKit/537.36 (KHTML, like Gecko) Chrome/72.0.3623.3 Safari/537.36", "Accept-Charset": "ISO-8859-1,utf-8;q=0.7,*;q=0.7", "Accept": "text/html,application/xhtml+xml,application/xml;q=0.9,*/*;q=0.8", "Accept-Encoding": "gzip, deflate", "Accept-Language": "en-us,en;q=0.5"}}, {"format_id": "278", "url": "https://r5---sn-5njj-u2xl.googlevideo.com/videoplayback?expire=1609160478&ei=voLpX9OQFYvMgQOHnpuwCw&ip=140.109.135.76&id=o-ACd1V_KTMOk8yQFzAL-G5N0JHCK5Myf5VSDZlqclK2hp&itag=278&aitags=133%2C134%2C135%2C136%2C137%2C160%2C242%2C243%2C244%2C247%2C248%2C271%2C278%2C313&source=youtube&requiressl=yes&mh=31&mm=31%2C29&mn=sn-5njj-u2xl%2Csn-un57en7s&ms=au%2Crdu&mv=m&mvi=5&pl=16&initcwndbps=700000&vprv=1&mime=video%2Fwebm&ns=CO-VvjyR_GfZXNC5b4F0StsF&gir=yes&clen=3308331&dur=344.010&lmt=1597937185232712&mt=1609138606&fvip=5&keepalive=yes&c=WEB&txp=6216222&n=oqAQlfoNo0qdLoWY&sparams=expire%2Cei%2Cip%2Cid%2Caitags%2Csource%2Crequiressl%2Cvprv%2Cmime%2Cns%2Cgir%2Cclen%2Cdur%2Clmt&sig=AOq0QJ8wRgIhAIzUrSn33KLyUbK_ORjIcixkm4VMparZgXb1ZFHgdMfZAiEAubTiKZuoRtxrTkBBXN4yxTONWqUegAKOGcidv5aFZkU%3D&lsparams=mh%2Cmm%2Cmn%2Cms%2Cmv%2Cmvi%2Cpl%2Cinitcwndbps&lsig=AG3C_xAwRQIhAPAT-p2SRs5vA7EazaVTTXDj7aS9uXrnF8cfzDj8RqFiAiATsrQCh926CeUBf3arSQ3kjYG7ZDEngEu4Tw6rqKa9ew%3D%3D&ratebypass=yes", "player_url": null, "ext": "webm", "height": 144, "format_note": "144p", "container": "webm", "vcodec": "vp9", "asr": null, "filesize": 3308331, "fps": 30, "tbr": 92.573, "width": 256, "acodec": "none", "downloader_options": {"http_chunk_size": 10485760}, "format": "278 - 256x144 (144p)", "protocol": "https", "http_headers": {"User-Agent": "Mozilla/5.0 (Windows NT 10.0; Win64; x64) AppleWebKit/537.36 (KHTML, like Gecko) Chrome/72.0.3623.3 Safari/537.36", "Accept-Charset": "ISO-8859-1,utf-8;q=0.7,*;q=0.7", "Accept": "text/html,application/xhtml+xml,application/xml;q=0.9,*/*;q=0.8", "Accept-Encoding": "gzip, deflate", "Accept-Language": "en-us,en;q=0.5"}}, {"format_id": "160", "url": "https://r5---sn-5njj-u2xl.googlevideo.com/videoplayback?expire=1609160478&ei=voLpX9OQFYvMgQOHnpuwCw&ip=140.109.135.76&id=o-ACd1V_KTMOk8yQFzAL-G5N0JHCK5Myf5VSDZlqclK2hp&itag=160&aitags=133%2C134%2C135%2C136%2C137%2C160%2C242%2C243%2C244%2C247%2C248%2C271%2C278%2C313&source=youtube&requiressl=yes&mh=31&mm=31%2C29&mn=sn-5njj-u2xl%2Csn-un57en7s&ms=au%2Crdu&mv=m&mvi=5&pl=16&initcwndbps=700000&vprv=1&mime=video%2Fmp4&ns=CO-VvjyR_GfZXNC5b4F0StsF&gir=yes&clen=2749712&dur=344.010&lmt=1597937200366533&mt=1609138606&fvip=5&keepalive=yes&c=WEB&txp=6216222&n=oqAQlfoNo0qdLoWY&sparams=expire%2Cei%2Cip%2Cid%2Caitags%2Csource%2Crequiressl%2Cvprv%2Cmime%2Cns%2Cgir%2Cclen%2Cdur%2Clmt&sig=AOq0QJ8wRAIgE5Fj-8lGQJn9ScCrU2sbf4YSD2NNHe1r4wPv4XB89cICIE3GVRSlMCYM9s-H7DBtj76Vl9ytoOOYZS9sPhC82wla&lsparams=mh%2Cmm%2Cmn%2Cms%2Cmv%2Cmvi%2Cpl%2Cinitcwndbps&lsig=AG3C_xAwRQIhAPAT-p2SRs5vA7EazaVTTXDj7aS9uXrnF8cfzDj8RqFiAiATsrQCh926CeUBf3arSQ3kjYG7ZDEngEu4Tw6rqKa9ew%3D%3D&ratebypass=yes", "player_url": null, "ext": "mp4", "height": 144, "format_note": "144p", "vcodec": "avc1.4d400c", "asr": null, "filesize": 2749712, "fps": 30, "tbr": 115.886, "width": 256, "acodec": "none", "downloader_options": {"http_chunk_size": 10485760}, "format": "160 - 256x144 (144p)", "protocol": "https", "http_headers": {"User-Agent": "Mozilla/5.0 (Windows NT 10.0; Win64; x64) AppleWebKit/537.36 (KHTML, like Gecko) Chrome/72.0.3623.3 Safari/537.36", "Accept-Charset": "ISO-8859-1,utf-8;q=0.7,*;q=0.7", "Accept": "text/html,application/xhtml+xml,application/xml;q=0.9,*/*;q=0.8", "Accept-Encoding": "gzip, deflate", "Accept-Language": "en-us,en;q=0.5"}}, {"format_id": "242", "url": "https://r5---sn-5njj-u2xl.googlevideo.com/videoplayback?expire=1609160478&ei=voLpX9OQFYvMgQOHnpuwCw&ip=140.109.135.76&id=o-ACd1V_KTMOk8yQFzAL-G5N0JHCK5Myf5VSDZlqclK2hp&itag=242&aitags=133%2C134%2C135%2C136%2C137%2C160%2C242%2C243%2C244%2C247%2C248%2C271%2C278%2C313&source=youtube&requiressl=yes&mh=31&mm=31%2C29&mn=sn-5njj-u2xl%2Csn-un57en7s&ms=au%2Crdu&mv=m&mvi=5&pl=16&initcwndbps=700000&vprv=1&mime=video%2Fwebm&ns=CO-VvjyR_GfZXNC5b4F0StsF&gir=yes&clen=4911198&dur=344.010&lmt=1597937185235077&mt=1609138606&fvip=5&keepalive=yes&c=WEB&txp=6216222&n=oqAQlfoNo0qdLoWY&sparams=expire%2Cei%2Cip%2Cid%2Caitags%2Csource%2Crequiressl%2Cvprv%2Cmime%2Cns%2Cgir%2Cclen%2Cdur%2Clmt&sig=AOq0QJ8wRQIhAJKffLpvRA6GJsM4xqn_x7D_TExJPg5Yay9UGKP94akOAiBv3UXmNQHK4G0FsPXNgqtepl7_mpJ0LukDZCH9uHbVOg%3D%3D&lsparams=mh%2Cmm%2Cmn%2Cms%2Cmv%2Cmvi%2Cpl%2Cinitcwndbps&lsig=AG3C_xAwRQIhAPAT-p2SRs5vA7EazaVTTXDj7aS9uXrnF8cfzDj8RqFiAiATsrQCh926CeUBf3arSQ3kjYG7ZDEngEu4Tw6rqKa9ew%3D%3D&ratebypass=yes", "player_url": null, "ext": "webm", "height": 240, "format_note": "240p", "vcodec": "vp9", "asr": null, "filesize": 4911198, "fps": 30, "tbr": 163.47, "width": 426, "acodec": "none", "downloader_options": {"http_chunk_size": 10485760}, "format": "242 - 426x240 (240p)", "protocol": "https", "http_headers": {"User-Agent": "Mozilla/5.0 (Windows NT 10.0; Win64; x64) AppleWebKit/537.36 (KHTML, like Gecko) Chrome/72.0.3623.3 Safari/537.36", "Accept-Charset": "ISO-8859-1,utf-8;q=0.7,*;q=0.7", "Accept": "text/html,application/xhtml+xml,application/xml;q=0.9,*/*;q=0.8", "Accept-Encoding": "gzip, deflate", "Accept-Language": "en-us,en;q=0.5"}}, {"format_id": "133", "url": "https://r5---sn-5njj-u2xl.googlevideo.com/videoplayback?expire=1609160478&ei=voLpX9OQFYvMgQOHnpuwCw&ip=140.109.135.76&id=o-ACd1V_KTMOk8yQFzAL-G5N0JHCK5Myf5VSDZlqclK2hp&itag=133&aitags=133%2C134%2C135%2C136%2C137%2C160%2C242%2C243%2C244%2C247%2C248%2C271%2C278%2C313&source=youtube&requiressl=yes&mh=31&mm=31%2C29&mn=sn-5njj-u2xl%2Csn-un57en7s&ms=au%2Crdu&mv=m&mvi=5&pl=16&initcwndbps=700000&vprv=1&mime=video%2Fmp4&ns=CO-VvjyR_GfZXNC5b4F0StsF&gir=yes&clen=6356701&dur=344.010&lmt=1597937200367295&mt=1609138606&fvip=5&keepalive=yes&c=WEB&txp=6216222&n=oqAQlfoNo0qdLoWY&sparams=expire%2Cei%2Cip%2Cid%2Caitags%2Csource%2Crequiressl%2Cvprv%2Cmime%2Cns%2Cgir%2Cclen%2Cdur%2Clmt&sig=AOq0QJ8wRQIhAJmXlYZvWyFFKIY3Cv9GHzmeAoenU3z2Dl00J60mVlLqAiBDe6HyJAHM9cvIoBJ1ehGL73nT8dOSzHCpi0v1gVmHPg%3D%3D&lsparams=mh%2Cmm%2Cmn%2Cms%2Cmv%2Cmvi%2Cpl%2Cinitcwndbps&lsig=AG3C_xAwRQIhAPAT-p2SRs5vA7EazaVTTXDj7aS9uXrnF8cfzDj8RqFiAiATsrQCh926CeUBf3arSQ3kjYG7ZDEngEu4Tw6rqKa9ew%3D%3D&ratebypass=yes", "player_url": null, "ext": "mp4", "height": 240, "format_note": "240p", "vcodec": "avc1.4d4015", "asr": null, "filesize": 6356701, "fps": 30, "tbr": 251.365, "width": 426, "acodec": "none", "downloader_options": {"http_chunk_size": 10485760}, "format": "133 - 426x240 (240p)", "protocol": "https", "http_headers": {"User-Agent": "Mozilla/5.0 (Windows NT 10.0; Win64; x64) AppleWebKit/537.36 (KHTML, like Gecko) Chrome/72.0.3623.3 Safari/537.36", "Accept-Charset": "ISO-8859-1,utf-8;q=0.7,*;q=0.7", "Accept": "text/html,application/xhtml+xml,application/xml;q=0.9,*/*;q=0.8", "Accept-Encoding": "gzip, deflate", "Accept-Language": "en-us,en;q=0.5"}}, {"format_id": "243", "url": "https://r5---sn-5njj-u2xl.googlevideo.com/videoplayback?expire=1609160478&ei=voLpX9OQFYvMgQOHnpuwCw&ip=140.109.135.76&id=o-ACd1V_KTMOk8yQFzAL-G5N0JHCK5Myf5VSDZlqclK2hp&itag=243&aitags=133%2C134%2C135%2C136%2C137%2C160%2C242%2C243%2C244%2C247%2C248%2C271%2C278%2C313&source=youtube&requiressl=yes&mh=31&mm=31%2C29&mn=sn-5njj-u2xl%2Csn-un57en7s&ms=au%2Crdu&mv=m&mvi=5&pl=16&initcwndbps=700000&vprv=1&mime=video%2Fwebm&ns=CO-VvjyR_GfZXNC5b4F0StsF&gir=yes&clen=9158858&dur=344.010&lmt=1597937185231967&mt=1609138606&fvip=5&keepalive=yes&c=WEB&txp=6216222&n=oqAQlfoNo0qdLoWY&sparams=expire%2Cei%2Cip%2Cid%2Caitags%2Csource%2Crequiressl%2Cvprv%2Cmime%2Cns%2Cgir%2Cclen%2Cdur%2Clmt&sig=AOq0QJ8wRAIgAhwvu-1JVed-uFG0t3MOl93-8f52pszLblth2Hi8BUYCIHsc4lKvhSCRvx_kEDDkmy1IAyDOUOIl8s0G3fCq3mHZ&lsparams=mh%2Cmm%2Cmn%2Cms%2Cmv%2Cmvi%2Cpl%2Cinitcwndbps&lsig=AG3C_xAwRQIhAPAT-p2SRs5vA7EazaVTTXDj7aS9uXrnF8cfzDj8RqFiAiATsrQCh926CeUBf3arSQ3kjYG7ZDEngEu4Tw6rqKa9ew%3D%3D&ratebypass=yes", "player_url": null, "ext": "webm", "height": 360, "format_note": "360p", "vcodec": "vp9", "asr": null, "filesize": 9158858, "fps": 30, "tbr": 305.792, "width": 640, "acodec": "none", "downloader_options": {"http_chunk_size": 10485760}, "format": "243 - 640x360 (360p)", "protocol": "https", "http_headers": {"User-Agent": "Mozilla/5.0 (Windows NT 10.0; Win64; x64) AppleWebKit/537.36 (KHTML, like Gecko) Chrome/72.0.3623.3 Safari/537.36", "Accept-Charset": "ISO-8859-1,utf-8;q=0.7,*;q=0.7", "Accept": "text/html,application/xhtml+xml,application/xml;q=0.9,*/*;q=0.8", "Accept-Encoding": "gzip, deflate", "Accept-Language": "en-us,en;q=0.5"}}, {"format_id": "134", "url": "https://r5---sn-5njj-u2xl.googlevideo.com/videoplayback?expire=1609160478&ei=voLpX9OQFYvMgQOHnpuwCw&ip=140.109.135.76&id=o-ACd1V_KTMOk8yQFzAL-G5N0JHCK5Myf5VSDZlqclK2hp&itag=134&aitags=133%2C134%2C135%2C136%2C137%2C160%2C242%2C243%2C244%2C247%2C248%2C271%2C278%2C313&source=youtube&requiressl=yes&mh=31&mm=31%2C29&mn=sn-5njj-u2xl%2Csn-un57en7s&ms=au%2Crdu&mv=m&mvi=5&pl=16&initcwndbps=700000&vprv=1&mime=video%2Fmp4&ns=CO-VvjyR_GfZXNC5b4F0StsF&gir=yes&clen=11973044&dur=344.010&lmt=1597937200367297&mt=1609138606&fvip=5&keepalive=yes&c=WEB&txp=6216222&n=oqAQlfoNo0qdLoWY&sparams=expire%2Cei%2Cip%2Cid%2Caitags%2Csource%2Crequiressl%2Cvprv%2Cmime%2Cns%2Cgir%2Cclen%2Cdur%2Clmt&sig=AOq0QJ8wRQIgPsi98zcQ-YJlYZYyQqkLcamEdCK1IxX11zUqIylgFRECIQCaa_M-YRVRFHWx-g53Bp626wbKGVcgEAFJqD56uCiLZw%3D%3D&lsparams=mh%2Cmm%2Cmn%2Cms%2Cmv%2Cmvi%2Cpl%2Cinitcwndbps&lsig=AG3C_xAwRQIhAPAT-p2SRs5vA7EazaVTTXDj7aS9uXrnF8cfzDj8RqFiAiATsrQCh926CeUBf3arSQ3kjYG7ZDEngEu4Tw6rqKa9ew%3D%3D&ratebypass=yes", "player_url": null, "ext": "mp4", "height": 360, "format_note": "360p", "vcodec": "avc1.4d401e", "asr": null, "filesize": 11973044, "fps": 30, "tbr": 500.009, "width": 640, "acodec": "none", "downloader_options": {"http_chunk_size": 10485760}, "format": "134 - 640x360 (360p)", "protocol": "https", "http_headers": {"User-Agent": "Mozilla/5.0 (Windows NT 10.0; Win64; x64) AppleWebKit/537.36 (KHTML, like Gecko) Chrome/72.0.3623.3 Safari/537.36", "Accept-Charset": "ISO-8859-1,utf-8;q=0.7,*;q=0.7", "Accept": "text/html,application/xhtml+xml,application/xml;q=0.9,*/*;q=0.8", "Accept-Encoding": "gzip, deflate", "Accept-Language": "en-us,en;q=0.5"}}, {"format_id": "244", "url": "https://r5---sn-5njj-u2xl.googlevideo.com/videoplayback?expire=1609160478&ei=voLpX9OQFYvMgQOHnpuwCw&ip=140.109.135.76&id=o-ACd1V_KTMOk8yQFzAL-G5N0JHCK5Myf5VSDZlqclK2hp&itag=244&aitags=133%2C134%2C135%2C136%2C137%2C160%2C242%2C243%2C244%2C247%2C248%2C271%2C278%2C313&source=youtube&requiressl=yes&mh=31&mm=31%2C29&mn=sn-5njj-u2xl%2Csn-un57en7s&ms=au%2Crdu&mv=m&mvi=5&pl=16&initcwndbps=700000&vprv=1&mime=video%2Fwebm&ns=CO-VvjyR_GfZXNC5b4F0StsF&gir=yes&clen=15336693&dur=344.010&lmt=1597937185237553&mt=1609138606&fvip=5&keepalive=yes&c=WEB&txp=6216222&n=oqAQlfoNo0qdLoWY&sparams=expire%2Cei%2Cip%2Cid%2Caitags%2Csource%2Crequiressl%2Cvprv%2Cmime%2Cns%2Cgir%2Cclen%2Cdur%2Clmt&sig=AOq0QJ8wRgIhAKprmG6oZmah50yn6YQZplJ2iggSde6cZx_GIseYBxhdAiEAiqkBGKZvJwC71q6x3Sc_EsT1PCY8pQWp30VIpfvZngY%3D&lsparams=mh%2Cmm%2Cmn%2Cms%2Cmv%2Cmvi%2Cpl%2Cinitcwndbps&lsig=AG3C_xAwRQIhAPAT-p2SRs5vA7EazaVTTXDj7aS9uXrnF8cfzDj8RqFiAiATsrQCh926CeUBf3arSQ3kjYG7ZDEngEu4Tw6rqKa9ew%3D%3D&ratebypass=yes", "player_url": null, "ext": "webm", "height": 480, "format_note": "480p", "vcodec": "vp9", "asr": null, "filesize": 15336693, "fps": 30, "tbr": 507.768, "width": 854, "acodec": "none", "downloader_options": {"http_chunk_size": 10485760}, "format": "244 - 854x480 (480p)", "protocol": "https", "http_headers": {"User-Agent": "Mozilla/5.0 (Windows NT 10.0; Win64; x64) AppleWebKit/537.36 (KHTML, like Gecko) Chrome/72.0.3623.3 Safari/537.36", "Accept-Charset": "ISO-8859-1,utf-8;q=0.7,*;q=0.7", "Accept": "text/html,application/xhtml+xml,application/xml;q=0.9,*/*;q=0.8", "Accept-Encoding": "gzip, deflate", "Accept-Language": "en-us,en;q=0.5"}}, {"format_id": "135", "url": "https://r5---sn-5njj-u2xl.googlevideo.com/videoplayback?expire=1609160478&ei=voLpX9OQFYvMgQOHnpuwCw&ip=140.109.135.76&id=o-ACd1V_KTMOk8yQFzAL-G5N0JHCK5Myf5VSDZlqclK2hp&itag=135&aitags=133%2C134%2C135%2C136%2C137%2C160%2C242%2C243%2C244%2C247%2C248%2C271%2C278%2C313&source=youtube&requiressl=yes&mh=31&mm=31%2C29&mn=sn-5njj-u2xl%2Csn-un57en7s&ms=au%2Crdu&mv=m&mvi=5&pl=16&initcwndbps=700000&vprv=1&mime=video%2Fmp4&ns=CO-VvjyR_GfZXNC5b4F0StsF&gir=yes&clen=22695957&dur=344.010&lmt=1597937200366300&mt=1609138606&fvip=5&keepalive=yes&c=WEB&txp=6216222&n=oqAQlfoNo0qdLoWY&sparams=expire%2Cei%2Cip%2Cid%2Caitags%2Csource%2Crequiressl%2Cvprv%2Cmime%2Cns%2Cgir%2Cclen%2Cdur%2Clmt&sig=AOq0QJ8wRQIhAPePGxHvjQjbakFlVyMOtvWnJGGRffP70-0zACzh1RwEAiB8-oWeT8P0dnaSk8XXFDVZyNx1buAgpc1NkDhnwwqj_w%3D%3D&lsparams=mh%2Cmm%2Cmn%2Cms%2Cmv%2Cmvi%2Cpl%2Cinitcwndbps&lsig=AG3C_xAwRQIhAPAT-p2SRs5vA7EazaVTTXDj7aS9uXrnF8cfzDj8RqFiAiATsrQCh926CeUBf3arSQ3kjYG7ZDEngEu4Tw6rqKa9ew%3D%3D&ratebypass=yes", "player_url": null, "ext": "mp4", "height": 480, "format_note": "480p", "vcodec": "avc1.4d401f", "asr": null, "filesize": 22695957, "fps": 30, "tbr": 971.536, "width": 854, "acodec": "none", "downloader_options": {"http_chunk_size": 10485760}, "format": "135 - 854x480 (480p)", "protocol": "https", "http_headers": {"User-Agent": "Mozilla/5.0 (Windows NT 10.0; Win64; x64) AppleWebKit/537.36 (KHTML, like Gecko) Chrome/72.0.3623.3 Safari/537.36", "Accept-Charset": "ISO-8859-1,utf-8;q=0.7,*;q=0.7", "Accept": "text/html,application/xhtml+xml,application/xml;q=0.9,*/*;q=0.8", "Accept-Encoding": "gzip, deflate", "Accept-Language": "en-us,en;q=0.5"}}, {"format_id": "247", "url": "https://r5---sn-5njj-u2xl.googlevideo.com/videoplayback?expire=1609160478&ei=voLpX9OQFYvMgQOHnpuwCw&ip=140.109.135.76&id=o-ACd1V_KTMOk8yQFzAL-G5N0JHCK5Myf5VSDZlqclK2hp&itag=247&aitags=133%2C134%2C135%2C136%2C137%2C160%2C242%2C243%2C244%2C247%2C248%2C271%2C278%2C313&source=youtube&requiressl=yes&mh=31&mm=31%2C29&mn=sn-5njj-u2xl%2Csn-un57en7s&ms=au%2Crdu&mv=m&mvi=5&pl=16&initcwndbps=700000&vprv=1&mime=video%2Fwebm&ns=CO-VvjyR_GfZXNC5b4F0StsF&gir=yes&clen=31646065&dur=344.010&lmt=1597937185232348&mt=1609138606&fvip=5&keepalive=yes&c=WEB&txp=6216222&n=oqAQlfoNo0qdLoWY&sparams=expire%2Cei%2Cip%2Cid%2Caitags%2Csource%2Crequiressl%2Cvprv%2Cmime%2Cns%2Cgir%2Cclen%2Cdur%2Clmt&sig=AOq0QJ8wRgIhAKtYcxBzkURrg7f6FBR2nqWpt1RyG-GxBYOq4pAqkZ42AiEA9RHGpc5hnM9fYXiKZEHiHcTTRp-O_eN2_fzWGzWpb5w%3D&lsparams=mh%2Cmm%2Cmn%2Cms%2Cmv%2Cmvi%2Cpl%2Cinitcwndbps&lsig=AG3C_xAwRQIhAPAT-p2SRs5vA7EazaVTTXDj7aS9uXrnF8cfzDj8RqFiAiATsrQCh926CeUBf3arSQ3kjYG7ZDEngEu4Tw6rqKa9ew%3D%3D&ratebypass=yes", "player_url": null, "ext": "webm", "height": 720, "format_note": "720p", "vcodec": "vp9", "asr": null, "filesize": 31646065, "fps": 30, "tbr": 1038.504, "width": 1280, "acodec": "none", "downloader_options": {"http_chunk_size": 10485760}, "format": "247 - 1280x720 (720p)", "protocol": "https", "http_headers": {"User-Agent": "Mozilla/5.0 (Windows NT 10.0; Win64; x64) AppleWebKit/537.36 (KHTML, like Gecko) Chrome/72.0.3623.3 Safari/537.36", "Accept-Charset": "ISO-8859-1,utf-8;q=0.7,*;q=0.7", "Accept": "text/html,application/xhtml+xml,application/xml;q=0.9,*/*;q=0.8", "Accept-Encoding": "gzip, deflate", "Accept-Language": "en-us,en;q=0.5"}}, {"format_id": "248", "url": "https://r5---sn-5njj-u2xl.googlevideo.com/videoplayback?expire=1609160478&ei=voLpX9OQFYvMgQOHnpuwCw&ip=140.109.135.76&id=o-ACd1V_KTMOk8yQFzAL-G5N0JHCK5Myf5VSDZlqclK2hp&itag=248&aitags=133%2C134%2C135%2C136%2C137%2C160%2C242%2C243%2C244%2C247%2C248%2C271%2C278%2C313&source=youtube&requiressl=yes&mh=31&mm=31%2C29&mn=sn-5njj-u2xl%2Csn-un57en7s&ms=au%2Crdu&mv=m&mvi=5&pl=16&initcwndbps=700000&vprv=1&mime=video%2Fwebm&ns=CO-VvjyR_GfZXNC5b4F0StsF&gir=yes&clen=48275187&dur=344.010&lmt=1597937185231631&mt=1609138606&fvip=5&keepalive=yes&c=WEB&txp=6216222&n=oqAQlfoNo0qdLoWY&sparams=expire%2Cei%2Cip%2Cid%2Caitags%2Csource%2Crequiressl%2Cvprv%2Cmime%2Cns%2Cgir%2Cclen%2Cdur%2Clmt&sig=AOq0QJ8wRgIhAPD05T9r6qGazsklz8lw8kHhve4i9yMiY5ic_Lo8xz6WAiEAvxjGi3q3suE14dSPpaf9ySABWlOeMDhWkXEMohcNyjg%3D&lsparams=mh%2Cmm%2Cmn%2Cms%2Cmv%2Cmvi%2Cpl%2Cinitcwndbps&lsig=AG3C_xAwRQIhAPAT-p2SRs5vA7EazaVTTXDj7aS9uXrnF8cfzDj8RqFiAiATsrQCh926CeUBf3arSQ3kjYG7ZDEngEu4Tw6rqKa9ew%3D%3D&ratebypass=yes", "player_url": null, "ext": "webm", "height": 1080, "format_note": "1080p", "vcodec": "vp9", "asr": null, "filesize": 48275187, "fps": 30, "tbr": 1778.478, "width": 1920, "acodec": "none", "downloader_options": {"http_chunk_size": 10485760}, "format": "248 - 1920x1080 (1080p)", "protocol": "https", "http_headers": {"User-Agent": "Mozilla/5.0 (Windows NT 10.0; Win64; x64) AppleWebKit/537.36 (KHTML, like Gecko) Chrome/72.0.3623.3 Safari/537.36", "Accept-Charset": "ISO-8859-1,utf-8;q=0.7,*;q=0.7", "Accept": "text/html,application/xhtml+xml,application/xml;q=0.9,*/*;q=0.8", "Accept-Encoding": "gzip, deflate", "Accept-Language": "en-us,en;q=0.5"}}, {"format_id": "136", "url": "https://r5---sn-5njj-u2xl.googlevideo.com/videoplayback?expire=1609160478&ei=voLpX9OQFYvMgQOHnpuwCw&ip=140.109.135.76&id=o-ACd1V_KTMOk8yQFzAL-G5N0JHCK5Myf5VSDZlqclK2hp&itag=136&aitags=133%2C134%2C135%2C136%2C137%2C160%2C242%2C243%2C244%2C247%2C248%2C271%2C278%2C313&source=youtube&requiressl=yes&mh=31&mm=31%2C29&mn=sn-5njj-u2xl%2Csn-un57en7s&ms=au%2Crdu&mv=m&mvi=5&pl=16&initcwndbps=700000&vprv=1&mime=video%2Fmp4&ns=CO-VvjyR_GfZXNC5b4F0StsF&gir=yes&clen=43746786&dur=344.010&lmt=1597937200368373&mt=1609138606&fvip=5&keepalive=yes&c=WEB&txp=6216222&n=oqAQlfoNo0qdLoWY&sparams=expire%2Cei%2Cip%2Cid%2Caitags%2Csource%2Crequiressl%2Cvprv%2Cmime%2Cns%2Cgir%2Cclen%2Cdur%2Clmt&sig=AOq0QJ8wRgIhAKyhYbXDVhtbIbFuqapbtwThGq2TH_Ehe5ocQtwSJoLmAiEAodgfVgc6ud0jJ3kxojmiYGS2mDaSzZfiEzPpl_EmOUM%3D&lsparams=mh%2Cmm%2Cmn%2Cms%2Cmv%2Cmvi%2Cpl%2Cinitcwndbps&lsig=AG3C_xAwRQIhAPAT-p2SRs5vA7EazaVTTXDj7aS9uXrnF8cfzDj8RqFiAiATsrQCh926CeUBf3arSQ3kjYG7ZDEngEu4Tw6rqKa9ew%3D%3D&ratebypass=yes", "player_url": null, "ext": "mp4", "height": 720, "format_note": "720p", "vcodec": "avc1.64001f", "asr": null, "filesize": 43746786, "fps": 30, "tbr": 1959.683, "width": 1280, "acodec": "none", "downloader_options": {"http_chunk_size": 10485760}, "format": "136 - 1280x720 (720p)", "protocol": "https", "http_headers": {"User-Agent": "Mozilla/5.0 (Windows NT 10.0; Win64; x64) AppleWebKit/537.36 (KHTML, like Gecko) Chrome/72.0.3623.3 Safari/537.36", "Accept-Charset": "ISO-8859-1,utf-8;q=0.7,*;q=0.7", "Accept": "text/html,application/xhtml+xml,application/xml;q=0.9,*/*;q=0.8", "Accept-Encoding": "gzip, deflate", "Accept-Language": "en-us,en;q=0.5"}}, {"format_id": "137", "url": "https://r5---sn-5njj-u2xl.googlevideo.com/videoplayback?expire=1609160478&ei=voLpX9OQFYvMgQOHnpuwCw&ip=140.109.135.76&id=o-ACd1V_KTMOk8yQFzAL-G5N0JHCK5Myf5VSDZlqclK2hp&itag=137&aitags=133%2C134%2C135%2C136%2C137%2C160%2C242%2C243%2C244%2C247%2C248%2C271%2C278%2C313&source=youtube&requiressl=yes&mh=31&mm=31%2C29&mn=sn-5njj-u2xl%2Csn-un57en7s&ms=au%2Crdu&mv=m&mvi=5&pl=16&initcwndbps=700000&vprv=1&mime=video%2Fmp4&ns=CO-VvjyR_GfZXNC5b4F0StsF&gir=yes&clen=87985175&dur=344.010&lmt=1597937200366689&mt=1609138606&fvip=5&keepalive=yes&c=WEB&txp=6216222&n=oqAQlfoNo0qdLoWY&sparams=expire%2Cei%2Cip%2Cid%2Caitags%2Csource%2Crequiressl%2Cvprv%2Cmime%2Cns%2Cgir%2Cclen%2Cdur%2Clmt&sig=AOq0QJ8wRQIhANEMsolDmAWBw1xwvTAIfJ7-aJgmrfwrdFJl92JeIDwAAiBezCq5GkWx5JnLznFAQTgc45hN2_Hd8Xiw-hb5jyENrA%3D%3D&lsparams=mh%2Cmm%2Cmn%2Cms%2Cmv%2Cmvi%2Cpl%2Cinitcwndbps&lsig=AG3C_xAwRQIhAPAT-p2SRs5vA7EazaVTTXDj7aS9uXrnF8cfzDj8RqFiAiATsrQCh926CeUBf3arSQ3kjYG7ZDEngEu4Tw6rqKa9ew%3D%3D&ratebypass=yes", "player_url": null, "ext": "mp4", "height": 1080, "format_note": "1080p", "vcodec": "avc1.640028", "asr": null, "filesize": 87985175, "fps": 30, "tbr": 3598.765, "width": 1920, "acodec": "none", "downloader_options": {"http_chunk_size": 10485760}, "format": "137 - 1920x1080 (1080p)", "protocol": "https", "http_headers": {"User-Agent": "Mozilla/5.0 (Windows NT 10.0; Win64; x64) AppleWebKit/537.36 (KHTML, like Gecko) Chrome/72.0.3623.3 Safari/537.36", "Accept-Charset": "ISO-8859-1,utf-8;q=0.7,*;q=0.7", "Accept": "text/html,application/xhtml+xml,application/xml;q=0.9,*/*;q=0.8", "Accept-Encoding": "gzip, deflate", "Accept-Language": "en-us,en;q=0.5"}}, {"format_id": "271", "url": "https://r5---sn-5njj-u2xl.googlevideo.com/videoplayback?expire=1609160478&ei=voLpX9OQFYvMgQOHnpuwCw&ip=140.109.135.76&id=o-ACd1V_KTMOk8yQFzAL-G5N0JHCK5Myf5VSDZlqclK2hp&itag=271&aitags=133%2C134%2C135%2C136%2C137%2C160%2C242%2C243%2C244%2C247%2C248%2C271%2C278%2C313&source=youtube&requiressl=yes&mh=31&mm=31%2C29&mn=sn-5njj-u2xl%2Csn-un57en7s&ms=au%2Crdu&mv=m&mvi=5&pl=16&initcwndbps=700000&vprv=1&mime=video%2Fwebm&ns=CO-VvjyR_GfZXNC5b4F0StsF&gir=yes&clen=172020761&dur=344.010&lmt=1597937185235706&mt=1609138606&fvip=5&keepalive=yes&c=WEB&txp=6216222&n=oqAQlfoNo0qdLoWY&sparams=expire%2Cei%2Cip%2Cid%2Caitags%2Csource%2Crequiressl%2Cvprv%2Cmime%2Cns%2Cgir%2Cclen%2Cdur%2Clmt&sig=AOq0QJ8wRQIgYI9WWp7jQE190Rh9K5ixMtN4bGwqEywIx9wTcBuS3IUCIQCw-qG3dk74UO4zK9cqWIZE-VbUs6hkEJgF6axOKh8P1A%3D%3D&lsparams=mh%2Cmm%2Cmn%2Cms%2Cmv%2Cmvi%2Cpl%2Cinitcwndbps&lsig=AG3C_xAwRQIhAPAT-p2SRs5vA7EazaVTTXDj7aS9uXrnF8cfzDj8RqFiAiATsrQCh926CeUBf3arSQ3kjYG7ZDEngEu4Tw6rqKa9ew%3D%3D&ratebypass=yes", "player_url": null, "ext": "webm", "height": 1440, "format_note": "1440p", "vcodec": "vp9", "asr": null, "filesize": 172020761, "fps": 30, "tbr": 5466.473, "width": 2560, "acodec": "none", "downloader_options": {"http_chunk_size": 10485760}, "format": "271 - 2560x1440 (1440p)", "protocol": "https", "http_headers": {"User-Agent": "Mozilla/5.0 (Windows NT 10.0; Win64; x64) AppleWebKit/537.36 (KHTML, like Gecko) Chrome/72.0.3623.3 Safari/537.36", "Accept-Charset": "ISO-8859-1,utf-8;q=0.7,*;q=0.7", "Accept": "text/html,application/xhtml+xml,application/xml;q=0.9,*/*;q=0.8", "Accept-Encoding": "gzip, deflate", "Accept-Language": "en-us,en;q=0.5"}}, {"format_id": "313", "url": "https://r5---sn-5njj-u2xl.googlevideo.com/videoplayback?expire=1609160478&ei=voLpX9OQFYvMgQOHnpuwCw&ip=140.109.135.76&id=o-ACd1V_KTMOk8yQFzAL-G5N0JHCK5Myf5VSDZlqclK2hp&itag=313&aitags=133%2C134%2C135%2C136%2C137%2C160%2C242%2C243%2C244%2C247%2C248%2C271%2C278%2C313&source=youtube&requiressl=yes&mh=31&mm=31%2C29&mn=sn-5njj-u2xl%2Csn-un57en7s&ms=au%2Crdu&mv=m&mvi=5&pl=16&initcwndbps=700000&vprv=1&mime=video%2Fwebm&ns=CO-VvjyR_GfZXNC5b4F0StsF&gir=yes&clen=328370203&dur=344.010&lmt=1597937185230949&mt=1609138606&fvip=5&keepalive=yes&c=WEB&txp=6216222&n=oqAQlfoNo0qdLoWY&sparams=expire%2Cei%2Cip%2Cid%2Caitags%2Csource%2Crequiressl%2Cvprv%2Cmime%2Cns%2Cgir%2Cclen%2Cdur%2Clmt&sig=AOq0QJ8wRgIhAN8idxsTeAbg7GLO8vMOMA6LFiroZrQLYG1rb-qI47bVAiEA0RxjIzwDo6XX97Eu2w8JIcIi_yHc_L3EF2tkjXQYuL4%3D&lsparams=mh%2Cmm%2Cmn%2Cms%2Cmv%2Cmvi%2Cpl%2Cinitcwndbps&lsig=AG3C_xAwRQIhAPAT-p2SRs5vA7EazaVTTXDj7aS9uXrnF8cfzDj8RqFiAiATsrQCh926CeUBf3arSQ3kjYG7ZDEngEu4Tw6rqKa9ew%3D%3D&ratebypass=yes", "player_url": null, "ext": "webm", "height": 2160, "format_note": "2160p", "vcodec": "vp9", "asr": null, "filesize": 328370203, "fps": 30, "tbr": 9206.646, "width": 3840, "acodec": "none", "downloader_options": {"http_chunk_size": 10485760}, "format": "313 - 3840x2160 (2160p)", "protocol": "https", "http_headers": {"User-Agent": "Mozilla/5.0 (Windows NT 10.0; Win64; x64) AppleWebKit/537.36 (KHTML, like Gecko) Chrome/72.0.3623.3 Safari/537.36", "Accept-Charset": "ISO-8859-1,utf-8;q=0.7,*;q=0.7", "Accept": "text/html,application/xhtml+xml,application/xml;q=0.9,*/*;q=0.8", "Accept-Encoding": "gzip, deflate", "Accept-Language": "en-us,en;q=0.5"}}, {"format_id": "18", "url": "https://r5---sn-5njj-u2xl.googlevideo.com/videoplayback?expire=1609160478&ei=voLpX9OQFYvMgQOHnpuwCw&ip=140.109.135.76&id=o-ACd1V_KTMOk8yQFzAL-G5N0JHCK5Myf5VSDZlqclK2hp&itag=18&source=youtube&requiressl=yes&mh=31&mm=31%2C29&mn=sn-5njj-u2xl%2Csn-un57en7s&ms=au%2Crdu&mv=m&mvi=5&pl=16&initcwndbps=700000&vprv=1&mime=video%2Fmp4&ns=FmpKiNg6IYtNx25lnOKpMqoF&gir=yes&clen=17799297&ratebypass=yes&dur=344.073&lmt=1597932708284502&mt=1609138606&fvip=5&c=WEB&txp=6216222&n=IAzoy1Rv9igYDom7&sparams=expire%2Cei%2Cip%2Cid%2Citag%2Csource%2Crequiressl%2Cvprv%2Cmime%2Cns%2Cgir%2Cclen%2Cratebypass%2Cdur%2Clmt&sig=AOq0QJ8wRQIhANnYHfLOhv2a78TjXGMUvwYbzFgi8hqkxIg0L8qiBmMgAiAlJsB0LV46BglDT2LQWUEliC2Ra4Te6AGAos1bpCpPtw%3D%3D&lsparams=mh%2Cmm%2Cmn%2Cms%2Cmv%2Cmvi%2Cpl%2Cinitcwndbps&lsig=AG3C_xAwRQIhAPAT-p2SRs5vA7EazaVTTXDj7aS9uXrnF8cfzDj8RqFiAiATsrQCh926CeUBf3arSQ3kjYG7ZDEngEu4Tw6rqKa9ew%3D%3D", "player_url": null, "ext": "mp4", "width": 640, "height": 360, "acodec": "mp4a.40.2", "abr": 96, "vcodec": "avc1.42001E", "asr": 44100, "filesize": 17799297, "format_note": "360p", "fps": 30, "tbr": 413.925, "format": "18 - 640x360 (360p)", "protocol": "https", "http_headers": {"User-Agent": "Mozilla/5.0 (Windows NT 10.0; Win64; x64) AppleWebKit/537.36 (KHTML, like Gecko) Chrome/72.0.3623.3 Safari/537.36", "Accept-Charset": "ISO-8859-1,utf-8;q=0.7,*;q=0.7", "Accept": "text/html,application/xhtml+xml,application/xml;q=0.9,*/*;q=0.8", "Accept-Encoding": "gzip, deflate", "Accept-Language": "en-us,en;q=0.5"}}, {"format_id": "22", "url": "https://r5---sn-5njj-u2xl.googlevideo.com/videoplayback?expire=1609160478&ei=voLpX9OQFYvMgQOHnpuwCw&ip=140.109.135.76&id=o-ACd1V_KTMOk8yQFzAL-G5N0JHCK5Myf5VSDZlqclK2hp&itag=22&source=youtube&requiressl=yes&mh=31&mm=31%2C29&mn=sn-5njj-u2xl%2Csn-un57en7s&ms=au%2Crdu&mv=m&mvi=5&pl=16&initcwndbps=700000&vprv=1&mime=video%2Fmp4&ns=FmpKiNg6IYtNx25lnOKpMqoF&ratebypass=yes&dur=344.073&lmt=1597937347911093&mt=1609138606&fvip=5&c=WEB&txp=6216222&n=IAzoy1Rv9igYDom7&sparams=expire%2Cei%2Cip%2Cid%2Citag%2Csource%2Crequiressl%2Cvprv%2Cmime%2Cns%2Cratebypass%2Cdur%2Clmt&sig=AOq0QJ8wRAIgUDR_OEJQrHoZ94Gsj69lKE3YiQYZx17uWQZVRa5GvdQCIDpykXVqO-1c9xby2NC3pbeHYBpdI_HLSYyMXJ_aIb0L&lsparams=mh%2Cmm%2Cmn%2Cms%2Cmv%2Cmvi%2Cpl%2Cinitcwndbps&lsig=AG3C_xAwRQIhAPAT-p2SRs5vA7EazaVTTXDj7aS9uXrnF8cfzDj8RqFiAiATsrQCh926CeUBf3arSQ3kjYG7ZDEngEu4Tw6rqKa9ew%3D%3D", "player_url": null, "ext": "mp4", "width": 1280, "height": 720, "acodec": "mp4a.40.2", "abr": 192, "vcodec": "avc1.64001F", "asr": 44100, "filesize": null, "format_note": "720p", "fps": 30, "tbr": 1145.609, "format": "22 - 1280x720 (720p)", "protocol": "https", "http_headers": {"User-Agent": "Mozilla/5.0 (Windows NT 10.0; Win64; x64) AppleWebKit/537.36 (KHTML, like Gecko) Chrome/72.0.3623.3 Safari/537.36", "Accept-Charset": "ISO-8859-1,utf-8;q=0.7,*;q=0.7", "Accept": "text/html,application/xhtml+xml,application/xml;q=0.9,*/*;q=0.8", "Accept-Encoding": "gzip, deflate", "Accept-Language": "en-us,en;q=0.5"}}], "is_live": null, "start_time": null, "end_time": null, "series": null, "season_number": null, "episode_number": null, "track": null, "artist": null, "album": null, "release_date": null, "release_year": null, "extractor": "youtube", "webpage_url_basename": "watch", "extractor_key": "Youtube", "playlist": null, "playlist_index": null, "thumbnail": "https://i.ytimg.com/vi_webp/ldCQ6N9G6Mk/maxresdefault.webp?v=5f3e8dd9", "display_id": "ldCQ6N9G6Mk", "requested_subtitles": null, "format_id": "251", "url": "https://r5---sn-5njj-u2xl.googlevideo.com/videoplayback?expire=1609160478&ei=voLpX9OQFYvMgQOHnpuwCw&ip=140.109.135.76&id=o-ACd1V_KTMOk8yQFzAL-G5N0JHCK5Myf5VSDZlqclK2hp&itag=251&source=youtube&requiressl=yes&mh=31&mm=31%2C29&mn=sn-5njj-u2xl%2Csn-un57en7s&ms=au%2Crdu&mv=m&mvi=5&pl=16&initcwndbps=700000&vprv=1&mime=audio%2Fwebm&ns=CO-VvjyR_GfZXNC5b4F0StsF&gir=yes&clen=6191713&dur=344.041&lmt=1597937136547568&mt=1609138606&fvip=5&keepalive=yes&c=WEB&txp=6211222&n=oqAQlfoNo0qdLoWY&sparams=expire%2Cei%2Cip%2Cid%2Citag%2Csource%2Crequiressl%2Cvprv%2Cmime%2Cns%2Cgir%2Cclen%2Cdur%2Clmt&sig=AOq0QJ8wRQIhAO2-ZdtKlnIFIlHuXCs1POiHneDMVf2J9C1UAQEYOjemAiAzcO1U9sBG_EMD7ahgCQj-9zNEu_T1AlvI28Axmfl1pg%3D%3D&lsparams=mh%2Cmm%2Cmn%2Cms%2Cmv%2Cmvi%2Cpl%2Cinitcwndbps&lsig=AG3C_xAwRQIhAPAT-p2SRs5vA7EazaVTTXDj7aS9uXrnF8cfzDj8RqFiAiATsrQCh926CeUBf3arSQ3kjYG7ZDEngEu4Tw6rqKa9ew%3D%3D&ratebypass=yes", "player_url": null, "ext": "webm", "format_note": "tiny", "acodec": "opus", "abr": 160, "asr": 48000, "filesize": 6191713, "fps": null, "height": null, "tbr": 159.368, "width": null, "vcodec": "none", "downloader_options": {"http_chunk_size": 10485760}, "format": "251 - audio only (tiny)", "protocol": "https", "http_headers": {"User-Agent": "Mozilla/5.0 (Windows NT 10.0; Win64; x64) AppleWebKit/537.36 (KHTML, like Gecko) Chrome/72.0.3623.3 Safari/537.36", "Accept-Charset": "ISO-8859-1,utf-8;q=0.7,*;q=0.7", "Accept": "text/html,application/xhtml+xml,application/xml;q=0.9,*/*;q=0.8", "Accept-Encoding": "gzip, deflate", "Accept-Language": "en-us,en;q=0.5"}}