{"id": "N4MADR23mzE", "uploader": "David Kaylor", "uploader_id": "TheVarietyGuy", "uploader_url": "http://www.youtube.com/user/TheVarietyGuy", "channel_id": "UCBB6g-IMndLo0sDgABj85dg", "channel_url": "http://www.youtube.com/channel/UCBB6g-IMndLo0sDgABj85dg", "upload_date": "20170223", "license": null, "creator": null, "title": "LA LA LAND Piano Medley by David Kaylor  |  Composed by Justin Hurwitz", "alt_title": null, "thumbnails": [{"url": "https://i.ytimg.com/vi/N4MADR23mzE/hqdefault.jpg?sqp=-oaymwEYCKgBEF5IVfKriqkDCwgBFQAAiEIYAXAB&rs=AOn4CLCMtdlZi2NZLJOsP-Em1-TGrGPIJQ", "width": 168, "height": 94, "resolution": "168x94", "id": "0"}, {"url": "https://i.ytimg.com/vi/N4MADR23mzE/hqdefault.jpg?sqp=-oaymwEYCMQBEG5IVfKriqkDCwgBFQAAiEIYAXAB&rs=AOn4CLAIGZxS6BfBkHZ65NSQRa-HlLYIEg", "width": 196, "height": 110, "resolution": "196x110", "id": "1"}, {"url": "https://i.ytimg.com/vi/N4MADR23mzE/hqdefault.jpg?sqp=-oaymwEZCPYBEIoBSFXyq4qpAwsIARUAAIhCGAFwAQ==&rs=AOn4CLA2X2IAmVd9jQmYBA3F7OQ9ndp18g", "width": 246, "height": 138, "resolution": "246x138", "id": "2"}, {"url": "https://i.ytimg.com/vi/N4MADR23mzE/hqdefault.jpg?sqp=-oaymwEZCNACELwBSFXyq4qpAwsIARUAAIhCGAFwAQ==&rs=AOn4CLAovhH4tU3xOmpNbp6jxdD3yxrGPg", "width": 336, "height": 188, "resolution": "336x188", "id": "3"}], "description": "Get the sheet music here!:  http://bit.ly/2nEa4Dq\n(More La La Land arrangements coming soon!)\n\n_____________________________________________________\n\nFull piano medley of all music from the 14-time Academy Award Nominated Motion Picture, \u201cLa La Land\u201d, directed by Damien Chazelle, and starring Ryan Gosling and Emma Stone.\n\nOne of my all-time favorite films is Chazelle\u2019s previous project, \u201cWhiplash\u201d.  The acting is superb, the appreciation for jazz runs deep, and the very last shot made me audibly gasp with awe.  Needless to say, I was quite excited to see this next flick of his, which seemed to be a modern musical, paying homage to the Golden Age of Hollywood.  When I saw the film, I was amazed.  I absolutely fell in love with the beautifully crafted music from La La Land, composed expertly by Justin Hurwitz, and immediately started learning the piano arrangements as soon as I returned from the cinema.  There is such a wide range of genres featured in the Soundtrack and Score alike, and I adore every single piece of it.  I hope you enjoy listening to my medley as much as I enjoyed arranging it.  If you haven\u2019t yet seen La La Land, what are you waiting for?!  It well deserves every Oscar it\u2019s nominated for, and is truly a modern classic.\nNow sit back, relax, and waltz through the stars with this presentation of David Kaylor\u2019s \u2018La La Land\u2019 Piano Medley, in beautiful 2.55:1 CinemaScope Technicolor.\n\n_____________________________________________________\n\n- Get the sheet music for City Of Stars:  http://bit.ly/2o6pZXm\n- Get the sheet music for Another Day Of Sun:  http://bit.ly/2osDqQT\n- Get the sheet music for Deck The Halls / Mia & Sebastian's Theme:  http://bit.ly/2pbVTEL\n- Get the sheet music for It's Over / Engagement Party: http://mnot.es/2oQvgXI\n- Get the sheet music for Bathroom Mirror / Someone In The Crowd: \n http://mnot.es/2sCTzbL\n- Get the sheet music for Audition (The Fools Who Dream): http://mnot.es/2sWMwYq\n- Get the sheet music for Planetarium:  http://mnot.es/2veU5P7\n_____________________________________________________\n\nCheck out Marioverehrer's Synthesia tutorial of this arrangement:\nhttps://www.youtube.com/watch?v=z98EtQqPVhY&t=283s\n\n_____________________________________________________\n\n\n- Another Day Of Sun \u2013 La La Land Cast \u2013 0:07\n\n- Bathroom Mirror \u2013 Justin Hurwitz \u2013 3:47\n\n- Someone In The Crowd \u2013 Emma Stone, Callie Hernandez, Sonoya Mizuno and Jessica Rothe\n \u2013 4:02\n\n- Japenesse Folk Song (Kojo No Tsuki) \u2013 Thelonious Monk \u2013 8:14\n\n- Deck The Halls (Hurwitz Arrangment) \u2013 8:26\n\n- Mia & Sebastian\u2019s Theme \u2013 Justin Hurwitz \u2013 8:58\n\n- Take On Me \u2013 a-ha \u2013 10:33\n\n- I Ran (So Far Away) \u2013 A Flock Of Seagulls \u2013 10:43\n\n- A Lovely Night \u2013 Ryan Gosling and Emma Stone \u2013 10:54\n\n- Marimba Ringtone \u2013 Apple \u2013 14:44\n\n- Herman\u2019s Habit \u2013 Justin Hurwitz \u2013 14:47\n\n- Planetarium \u2013 Justin Hurwitz \u2013 15:38\n\n- Summer Montage / Madeline \u2013 Justin Hurwitz \u2013 19:46\n\n- City Of Stars \u2013 Ryan Gosling and Emma Stone \u2013 21:43\n\n- Start A Fire \u2013 John Legend \u2013 24:00\n\n- It\u2019s Over \u2013 Justin Hurwitz \u2013 26:37\n\n- Engagement Party \u2013 26:47\n\n- Audition (The Fools Who Dream) \u2013 Emma Stone \u2013 27:47\n\n- Epilogue \u2013 Justin Hurwitz \u2013 30:56\n\n- The End \u2013 Justin Hurwitz \u2013 31:27\n\n\n_____________________________________________________\n\nOfficial site: http://www.dkaylor.com\n\nFacebook: http://www.facebook.com/TheVarietyGuy\n\nInstagram: http://www.instagram.com/TheVarietyGuy\n\nTwitter: http://www.twitter.com/TheVarietyGuy\n\n_____________________________________________________\n\n\nCredits:\n\nMusic:\n-La La Land Piano Medley arranged and performed by David Kaylor\n-La La La Soundtrack and Score Music composed by Justin Hurwitz, lyrics by Pasek and Paul\n-\"Japanese Folk Song (Kojo No Tsuki)\" by Thelonious Monk\n-\"Deck The Halls\" 16th century Welsh carol, English lyrics by Thomas Oliphant\n-\"Take On Me\" written by Magne Furuholmen, Morten Harket, P\u00e5l Waaktaar, performed by a-ha\n-\"I Ran (So Far Away) written by Mike Score, Ali Score, Frank Maudsley, Paul Reynolds, performed by A Flock Of Seagulls\n-Marimba ringtone from Apple Inc.\n-\"Start A Fire\" written by John Stephens (John Legend), Justin Hurwitz, Marius de Vries, and Ang\u00e9lique Cin\u00e9lu\n\nVideo:\n-Produced by Thomas Appell - http://www.appellvoicestudio.com\n-Shot with Canon EOS 5D Mark III with 24 mm prime lens, Canon EOS 5D Mark III with 28-85 zoom lens, Canon EOS 5D Mark II with 28 mm prime lens, Freefly M\u014dVI M5\n-Edited by Thomas Appell and David Kaylor using Final Cut Pro X\n\nAudio:\n-Kawai Grand Piano equipped with QRS PNOmation\n-Enhanced with Logic Pro X\n\n_____________________________________________________\n\n\nsoli deo gloria", "categories": ["Music"], "tags": ["la la land", "piano medley", "justin hurwitz", "la la land piano", "sountrack", "best picture"], "subtitles": {}, "automatic_captions": {}, "duration": 1961, "age_limit": 0, "annotations": null, "chapters": null, "webpage_url": "https://www.youtube.com/watch?v=N4MADR23mzE", "view_count": 5074847, "like_count": 79334, "dislike_count": 1524, "average_rating": 4.9246087, "formats": [{"format_id": "249", "url": "https://r4---sn-5njj-u2xl.googlevideo.com/videoplayback?expire=1609160437&ei=lILpX9KQPIOa4wLR36z4Dw&ip=140.109.135.76&id=o-AKvXpJpGoR52YXb8B0yY_anhOiniW6Y-Nyy3hE2JpQsw&itag=249&source=youtube&requiressl=yes&mh=kr&mm=31%2C29&mn=sn-5njj-u2xl%2Csn-un57en7l&ms=au%2Crdu&mv=m&mvi=4&pl=16&initcwndbps=841250&vprv=1&mime=audio%2Fwebm&ns=OpKnbfQA3ipljorru-gHmiMF&gir=yes&clen=14322738&dur=1960.981&lmt=1540133636479566&mt=1609138367&fvip=4&keepalive=yes&c=WEB&txp=5511222&n=_qr-UFhrpvKJ5PYk&sparams=expire%2Cei%2Cip%2Cid%2Citag%2Csource%2Crequiressl%2Cvprv%2Cmime%2Cns%2Cgir%2Cclen%2Cdur%2Clmt&lsparams=mh%2Cmm%2Cmn%2Cms%2Cmv%2Cmvi%2Cpl%2Cinitcwndbps&lsig=AG3C_xAwRgIhANywEr5_xvH2dwFCdo4rATDY-4fvflzEfihnrjwkQ6YwAiEAqN255EyqdIFeiGJcXLEhunOq7EZfsyKR9xUh8CMztZo%3D&sig=AOq0QJ8wQwIgJWP8J_GSrS48p0zMWXnyd1D8-_KkU29YbH91omW7rMsCHwq4JS44hGHQOni9hw0bIZPoBjhJ5AelRcd6qMWafjQ=&ratebypass=yes", "player_url": "/s/player/5dd3f3b2/player_ias.vflset/en_US/base.js", "ext": "webm", "format_note": "tiny", "acodec": "opus", "abr": 50, "asr": 48000, "filesize": 14322738, "fps": null, "height": null, "tbr": 67.895, "width": null, "vcodec": "none", "downloader_options": {"http_chunk_size": 10485760}, "format": "249 - audio only (tiny)", "protocol": "https", "http_headers": {"User-Agent": "Mozilla/5.0 (Windows NT 10.0; Win64; x64) AppleWebKit/537.36 (KHTML, like Gecko) Chrome/72.0.3623.3 Safari/537.36", "Accept-Charset": "ISO-8859-1,utf-8;q=0.7,*;q=0.7", "Accept": "text/html,application/xhtml+xml,application/xml;q=0.9,*/*;q=0.8", "Accept-Encoding": "gzip, deflate", "Accept-Language": "en-us,en;q=0.5"}}, {"format_id": "250", "url": "https://r4---sn-5njj-u2xl.googlevideo.com/videoplayback?expire=1609160437&ei=lILpX9KQPIOa4wLR36z4Dw&ip=140.109.135.76&id=o-AKvXpJpGoR52YXb8B0yY_anhOiniW6Y-Nyy3hE2JpQsw&itag=250&source=youtube&requiressl=yes&mh=kr&mm=31%2C29&mn=sn-5njj-u2xl%2Csn-un57en7l&ms=au%2Crdu&mv=m&mvi=4&pl=16&initcwndbps=841250&vprv=1&mime=audio%2Fwebm&ns=OpKnbfQA3ipljorru-gHmiMF&gir=yes&clen=19142734&dur=1960.981&lmt=1540133639292509&mt=1609138367&fvip=4&keepalive=yes&c=WEB&txp=5511222&n=_qr-UFhrpvKJ5PYk&sparams=expire%2Cei%2Cip%2Cid%2Citag%2Csource%2Crequiressl%2Cvprv%2Cmime%2Cns%2Cgir%2Cclen%2Cdur%2Clmt&lsparams=mh%2Cmm%2Cmn%2Cms%2Cmv%2Cmvi%2Cpl%2Cinitcwndbps&lsig=AG3C_xAwRAIgeg5ACgyW1miabIcpcjRt0OwY8uc_BADWpfPxT_d2xiYCIAeJyLO4dsO_tCwTnSbMJALLRXn4gfoa7zAshc8SNjk5&sig=AOq0QJ8wRQIgJLIMYm9R-kT_uzpBWkNF1bDfsOQCONp3kWUaUCgDVBQCIQCr52n_b6ThOGKtndjvf3QYb-iXETH3wirLs8cLT1egJQ==&ratebypass=yes", "player_url": "/s/player/5dd3f3b2/player_ias.vflset/en_US/base.js", "ext": "webm", "format_note": "tiny", "acodec": "opus", "abr": 70, "asr": 48000, "filesize": 19142734, "fps": null, "height": null, "tbr": 88.851, "width": null, "vcodec": "none", "downloader_options": {"http_chunk_size": 10485760}, "format": "250 - audio only (tiny)", "protocol": "https", "http_headers": {"User-Agent": "Mozilla/5.0 (Windows NT 10.0; Win64; x64) AppleWebKit/537.36 (KHTML, like Gecko) Chrome/72.0.3623.3 Safari/537.36", "Accept-Charset": "ISO-8859-1,utf-8;q=0.7,*;q=0.7", "Accept": "text/html,application/xhtml+xml,application/xml;q=0.9,*/*;q=0.8", "Accept-Encoding": "gzip, deflate", "Accept-Language": "en-us,en;q=0.5"}}, {"format_id": "140", "url": "https://r4---sn-5njj-u2xl.googlevideo.com/videoplayback?expire=1609160437&ei=lILpX9KQPIOa4wLR36z4Dw&ip=140.109.135.76&id=o-AKvXpJpGoR52YXb8B0yY_anhOiniW6Y-Nyy3hE2JpQsw&itag=140&source=youtube&requiressl=yes&mh=kr&mm=31%2C29&mn=sn-5njj-u2xl%2Csn-un57en7l&ms=au%2Crdu&mv=m&mvi=4&pl=16&initcwndbps=841250&vprv=1&mime=audio%2Fmp4&ns=OpKnbfQA3ipljorru-gHmiMF&gir=yes&clen=31737620&dur=1961.017&lmt=1599757795300244&mt=1609138367&fvip=4&keepalive=yes&c=WEB&txp=5531432&n=_qr-UFhrpvKJ5PYk&sparams=expire%2Cei%2Cip%2Cid%2Citag%2Csource%2Crequiressl%2Cvprv%2Cmime%2Cns%2Cgir%2Cclen%2Cdur%2Clmt&lsparams=mh%2Cmm%2Cmn%2Cms%2Cmv%2Cmvi%2Cpl%2Cinitcwndbps&lsig=AG3C_xAwRgIhAKEhmM9h_qbNyVHKeJDWRW3tMIFxF0kRFaP6ED17hucOAiEA6YAdvh7NoFpo0p5gH0GKAho9LtTGZZOJob90IU6LdmY%3D&sig=AOq0QJ8wRQIhAPW8WcwsLRudgbZJnzr5qrJh-qlcrcVQiW5vMIFjcFVpAiAIrexVdL2ApiZA1SqNgUunRsW4jVmGhCMTFQdwyr3I4g==&ratebypass=yes", "player_url": "/s/player/5dd3f3b2/player_ias.vflset/en_US/base.js", "ext": "m4a", "format_note": "tiny", "acodec": "mp4a.40.2", "abr": 128, "container": "m4a_dash", "asr": 44100, "filesize": 31737620, "fps": null, "height": null, "tbr": 132.268, "width": null, "vcodec": "none", "downloader_options": {"http_chunk_size": 10485760}, "format": "140 - audio only (tiny)", "protocol": "https", "http_headers": {"User-Agent": "Mozilla/5.0 (Windows NT 10.0; Win64; x64) AppleWebKit/537.36 (KHTML, like Gecko) Chrome/72.0.3623.3 Safari/537.36", "Accept-Charset": "ISO-8859-1,utf-8;q=0.7,*;q=0.7", "Accept": "text/html,application/xhtml+xml,application/xml;q=0.9,*/*;q=0.8", "Accept-Encoding": "gzip, deflate", "Accept-Language": "en-us,en;q=0.5"}}, {"format_id": "251", "url": "https://r4---sn-5njj-u2xl.googlevideo.com/videoplayback?expire=1609160437&ei=lILpX9KQPIOa4wLR36z4Dw&ip=140.109.135.76&id=o-AKvXpJpGoR52YXb8B0yY_anhOiniW6Y-Nyy3hE2JpQsw&itag=251&source=youtube&requiressl=yes&mh=kr&mm=31%2C29&mn=sn-5njj-u2xl%2Csn-un57en7l&ms=au%2Crdu&mv=m&mvi=4&pl=16&initcwndbps=841250&vprv=1&mime=audio%2Fwebm&ns=OpKnbfQA3ipljorru-gHmiMF&gir=yes&clen=36743251&dur=1960.981&lmt=1540133702461897&mt=1609138367&fvip=4&keepalive=yes&c=WEB&txp=5511222&n=_qr-UFhrpvKJ5PYk&sparams=expire%2Cei%2Cip%2Cid%2Citag%2Csource%2Crequiressl%2Cvprv%2Cmime%2Cns%2Cgir%2Cclen%2Cdur%2Clmt&lsparams=mh%2Cmm%2Cmn%2Cms%2Cmv%2Cmvi%2Cpl%2Cinitcwndbps&lsig=AG3C_xAwRgIhALfT6WrPUsn2puKf-FmZCVXUkiPyFYfNzkJoqikXPU8tAiEAlVD4IqThzVSlrUH6oOFv0-0Eiu9WJUu-1iFQit0_Qt0%3D&sig=AOq0QJ8wRgIhAMUGRLFHjzCAUbWgohGMXK1bVxca4FeSKRGUtk2G1H2nAiEA8M-HAj93fTlw71g5uQq8BoNweLSrE0Y5aLdG5Ob_gr0=&ratebypass=yes", "player_url": "/s/player/5dd3f3b2/player_ias.vflset/en_US/base.js", "ext": "webm", "format_note": "tiny", "acodec": "opus", "abr": 160, "asr": 48000, "filesize": 36743251, "fps": null, "height": null, "tbr": 167.277, "width": null, "vcodec": "none", "downloader_options": {"http_chunk_size": 10485760}, "format": "251 - audio only (tiny)", "protocol": "https", "http_headers": {"User-Agent": "Mozilla/5.0 (Windows NT 10.0; Win64; x64) AppleWebKit/537.36 (KHTML, like Gecko) Chrome/72.0.3623.3 Safari/537.36", "Accept-Charset": "ISO-8859-1,utf-8;q=0.7,*;q=0.7", "Accept": "text/html,application/xhtml+xml,application/xml;q=0.9,*/*;q=0.8", "Accept-Encoding": "gzip, deflate", "Accept-Language": "en-us,en;q=0.5"}}, {"format_id": "160", "url": "https://r4---sn-5njj-u2xl.googlevideo.com/videoplayback?expire=1609160437&ei=lILpX9KQPIOa4wLR36z4Dw&ip=140.109.135.76&id=o-AKvXpJpGoR52YXb8B0yY_anhOiniW6Y-Nyy3hE2JpQsw&itag=160&aitags=133%2C134%2C135%2C136%2C137%2C160%2C242%2C243%2C244%2C247%2C248%2C278&source=youtube&requiressl=yes&mh=kr&mm=31%2C29&mn=sn-5njj-u2xl%2Csn-un57en7l&ms=au%2Crdu&mv=m&mvi=4&pl=16&initcwndbps=841250&vprv=1&mime=video%2Fmp4&ns=OpKnbfQA3ipljorru-gHmiMF&gir=yes&clen=8976018&dur=1960.958&lmt=1599771782354064&mt=1609138367&fvip=4&keepalive=yes&c=WEB&txp=5535432&n=_qr-UFhrpvKJ5PYk&sparams=expire%2Cei%2Cip%2Cid%2Caitags%2Csource%2Crequiressl%2Cvprv%2Cmime%2Cns%2Cgir%2Cclen%2Cdur%2Clmt&lsparams=mh%2Cmm%2Cmn%2Cms%2Cmv%2Cmvi%2Cpl%2Cinitcwndbps&lsig=AG3C_xAwRQIhAJbI0nXV2X7-9nF-h1UC5AFnqExJ_8XaKWFn6qBKhhPLAiATjlwkBvA_9HM7j-sX5LAzOY53JDmIUeAOGaYVJCZBZA%3D%3D&sig=AOq0QJ8wRQIgVFI3-x3rZaFrlsSzJdY3zebSmTDQH-4IvcQ3MCCgOBUCIQD0GAxLDHE_qs6GQcROu-37WWDT8sx42q4dw3n0M-Knyg==&ratebypass=yes", "player_url": "/s/player/5dd3f3b2/player_ias.vflset/en_US/base.js", "ext": "mp4", "height": 144, "format_note": "144p", "vcodec": "avc1.4d400c", "asr": null, "filesize": 8976018, "fps": 24, "tbr": 62.503, "width": 256, "acodec": "none", "downloader_options": {"http_chunk_size": 10485760}, "format": "160 - 256x144 (144p)", "protocol": "https", "http_headers": {"User-Agent": "Mozilla/5.0 (Windows NT 10.0; Win64; x64) AppleWebKit/537.36 (KHTML, like Gecko) Chrome/72.0.3623.3 Safari/537.36", "Accept-Charset": "ISO-8859-1,utf-8;q=0.7,*;q=0.7", "Accept": "text/html,application/xhtml+xml,application/xml;q=0.9,*/*;q=0.8", "Accept-Encoding": "gzip, deflate", "Accept-Language": "en-us,en;q=0.5"}}, {"format_id": "278", "url": "https://r4---sn-5njj-u2xl.googlevideo.com/videoplayback?expire=1609160437&ei=lILpX9KQPIOa4wLR36z4Dw&ip=140.109.135.76&id=o-AKvXpJpGoR52YXb8B0yY_anhOiniW6Y-Nyy3hE2JpQsw&itag=278&aitags=133%2C134%2C135%2C136%2C137%2C160%2C242%2C243%2C244%2C247%2C248%2C278&source=youtube&requiressl=yes&mh=kr&mm=31%2C29&mn=sn-5njj-u2xl%2Csn-un57en7l&ms=au%2Crdu&mv=m&mvi=4&pl=16&initcwndbps=841250&vprv=1&mime=video%2Fwebm&ns=OpKnbfQA3ipljorru-gHmiMF&gir=yes&clen=20764787&dur=1960.958&lmt=1540127775134682&mt=1609138367&fvip=4&keepalive=yes&c=WEB&txp=5533432&n=_qr-UFhrpvKJ5PYk&sparams=expire%2Cei%2Cip%2Cid%2Caitags%2Csource%2Crequiressl%2Cvprv%2Cmime%2Cns%2Cgir%2Cclen%2Cdur%2Clmt&lsparams=mh%2Cmm%2Cmn%2Cms%2Cmv%2Cmvi%2Cpl%2Cinitcwndbps&lsig=AG3C_xAwRgIhAOnfOvdBHfLbgjRMI_V4xWiOex_XqOLUPL934UZsHuXUAiEAhuuXggaKf0SHTu3co5D4vgNpiVQ0DVYCpz-5oEWqGK4%3D&sig=AOq0QJ8wRgIhAKod5QPo3e4dJ2AL4bjZzRQjS0JM8QHXGtfKoyi3VQw-AiEA9tKPSsp0CI4UdyvHIhCa6gb7ohUGz3CXofhlWRIuoOw=&ratebypass=yes", "player_url": "/s/player/5dd3f3b2/player_ias.vflset/en_US/base.js", "ext": "webm", "height": 144, "format_note": "144p", "container": "webm", "vcodec": "vp9", "asr": null, "filesize": 20764787, "fps": 24, "tbr": 109.28, "width": 256, "acodec": "none", "downloader_options": {"http_chunk_size": 10485760}, "format": "278 - 256x144 (144p)", "protocol": "https", "http_headers": {"User-Agent": "Mozilla/5.0 (Windows NT 10.0; Win64; x64) AppleWebKit/537.36 (KHTML, like Gecko) Chrome/72.0.3623.3 Safari/537.36", "Accept-Charset": "ISO-8859-1,utf-8;q=0.7,*;q=0.7", "Accept": "text/html,application/xhtml+xml,application/xml;q=0.9,*/*;q=0.8", "Accept-Encoding": "gzip, deflate", "Accept-Language": "en-us,en;q=0.5"}}, {"format_id": "133", "url": "https://r4---sn-5njj-u2xl.googlevideo.com/videoplayback?expire=1609160437&ei=lILpX9KQPIOa4wLR36z4Dw&ip=140.109.135.76&id=o-AKvXpJpGoR52YXb8B0yY_anhOiniW6Y-Nyy3hE2JpQsw&itag=133&aitags=133%2C134%2C135%2C136%2C137%2C160%2C242%2C243%2C244%2C247%2C248%2C278&source=youtube&requiressl=yes&mh=kr&mm=31%2C29&mn=sn-5njj-u2xl%2Csn-un57en7l&ms=au%2Crdu&mv=m&mvi=4&pl=16&initcwndbps=841250&vprv=1&mime=video%2Fmp4&ns=OpKnbfQA3ipljorru-gHmiMF&gir=yes&clen=15012921&dur=1960.958&lmt=1599771782324147&mt=1609138367&fvip=4&keepalive=yes&c=WEB&txp=5535432&n=_qr-UFhrpvKJ5PYk&sparams=expire%2Cei%2Cip%2Cid%2Caitags%2Csource%2Crequiressl%2Cvprv%2Cmime%2Cns%2Cgir%2Cclen%2Cdur%2Clmt&lsparams=mh%2Cmm%2Cmn%2Cms%2Cmv%2Cmvi%2Cpl%2Cinitcwndbps&lsig=AG3C_xAwRgIhAOJXyUvBHuTHuk2oxNWtn7XsJaBb_w0SevnGaO0FTUfhAiEAiQz-4ScHvrEofx6DFQxKD8Zj07kdFdY5ttgNWZtUJGc%3D&sig=AOq0QJ8wRQIhAPZjCmyK1CDrIttLjCmdK8fhyssvmRp2dXZorTngYQRVAiAuKfdBka9NWslAx-QFvmgWjezS3QEztKu1lnc2jVf3YA==&ratebypass=yes", "player_url": "/s/player/5dd3f3b2/player_ias.vflset/en_US/base.js", "ext": "mp4", "height": 240, "format_note": "240p", "vcodec": "avc1.4d4015", "asr": null, "filesize": 15012921, "fps": 24, "tbr": 117.041, "width": 426, "acodec": "none", "downloader_options": {"http_chunk_size": 10485760}, "format": "133 - 426x240 (240p)", "protocol": "https", "http_headers": {"User-Agent": "Mozilla/5.0 (Windows NT 10.0; Win64; x64) AppleWebKit/537.36 (KHTML, like Gecko) Chrome/72.0.3623.3 Safari/537.36", "Accept-Charset": "ISO-8859-1,utf-8;q=0.7,*;q=0.7", "Accept": "text/html,application/xhtml+xml,application/xml;q=0.9,*/*;q=0.8", "Accept-Encoding": "gzip, deflate", "Accept-Language": "en-us,en;q=0.5"}}, {"format_id": "242", "url": "https://r4---sn-5njj-u2xl.googlevideo.com/videoplayback?expire=1609160437&ei=lILpX9KQPIOa4wLR36z4Dw&ip=140.109.135.76&id=o-AKvXpJpGoR52YXb8B0yY_anhOiniW6Y-Nyy3hE2JpQsw&itag=242&aitags=133%2C134%2C135%2C136%2C137%2C160%2C242%2C243%2C244%2C247%2C248%2C278&source=youtube&requiressl=yes&mh=kr&mm=31%2C29&mn=sn-5njj-u2xl%2Csn-un57en7l&ms=au%2Crdu&mv=m&mvi=4&pl=16&initcwndbps=841250&vprv=1&mime=video%2Fwebm&ns=OpKnbfQA3ipljorru-gHmiMF&gir=yes&clen=22310802&dur=1960.958&lmt=1540128006046749&mt=1609138367&fvip=4&keepalive=yes&c=WEB&txp=5533432&n=_qr-UFhrpvKJ5PYk&sparams=expire%2Cei%2Cip%2Cid%2Caitags%2Csource%2Crequiressl%2Cvprv%2Cmime%2Cns%2Cgir%2Cclen%2Cdur%2Clmt&lsparams=mh%2Cmm%2Cmn%2Cms%2Cmv%2Cmvi%2Cpl%2Cinitcwndbps&lsig=AG3C_xAwRQIhANNIQJfCdW_qICqH5rLGsotHaVd2REJlaTEJopn2g6bPAiBjwL-lCC1AKSvbj4prytgJTq-ldkG23XHtJDaAEz7SoA%3D%3D&sig=AOq0QJ8wRQIgVQRsLtu69upvSldOr6dcPMXSlylqPKFvzmemAk3_nmYCIQD4floKkTBL2kC65MP7JZf9vynrCsgYE1pbkq-peYHU2w==&ratebypass=yes", "player_url": "/s/player/5dd3f3b2/player_ias.vflset/en_US/base.js", "ext": "webm", "height": 240, "format_note": "240p", "vcodec": "vp9", "asr": null, "filesize": 22310802, "fps": 24, "tbr": 145.131, "width": 426, "acodec": "none", "downloader_options": {"http_chunk_size": 10485760}, "format": "242 - 426x240 (240p)", "protocol": "https", "http_headers": {"User-Agent": "Mozilla/5.0 (Windows NT 10.0; Win64; x64) AppleWebKit/537.36 (KHTML, like Gecko) Chrome/72.0.3623.3 Safari/537.36", "Accept-Charset": "ISO-8859-1,utf-8;q=0.7,*;q=0.7", "Accept": "text/html,application/xhtml+xml,application/xml;q=0.9,*/*;q=0.8", "Accept-Encoding": "gzip, deflate", "Accept-Language": "en-us,en;q=0.5"}}, {"format_id": "134", "url": "https://r4---sn-5njj-u2xl.googlevideo.com/videoplayback?expire=1609160437&ei=lILpX9KQPIOa4wLR36z4Dw&ip=140.109.135.76&id=o-AKvXpJpGoR52YXb8B0yY_anhOiniW6Y-Nyy3hE2JpQsw&itag=134&aitags=133%2C134%2C135%2C136%2C137%2C160%2C242%2C243%2C244%2C247%2C248%2C278&source=youtube&requiressl=yes&mh=kr&mm=31%2C29&mn=sn-5njj-u2xl%2Csn-un57en7l&ms=au%2Crdu&mv=m&mvi=4&pl=16&initcwndbps=841250&vprv=1&mime=video%2Fmp4&ns=OpKnbfQA3ipljorru-gHmiMF&gir=yes&clen=25250394&dur=1960.958&lmt=1599771782332037&mt=1609138367&fvip=4&keepalive=yes&c=WEB&txp=5535432&n=_qr-UFhrpvKJ5PYk&sparams=expire%2Cei%2Cip%2Cid%2Caitags%2Csource%2Crequiressl%2Cvprv%2Cmime%2Cns%2Cgir%2Cclen%2Cdur%2Clmt&lsparams=mh%2Cmm%2Cmn%2Cms%2Cmv%2Cmvi%2Cpl%2Cinitcwndbps&lsig=AG3C_xAwRQIhAMAOs-tZqMhebcv-mH2dRp7JjWjQ59qjIRb3lzQ_MP9FAiB9qGRaObRRcjVwBC56bHPNk1lAxnW5Ca5Xg-_wmRzm6g%3D%3D&sig=AOq0QJ8wRQIgCQ3UiYfiPXtIfAaaOuT_oynCIsnE2-b7P22sVH-6640CIQCrAwVZxsk6U6_C4yp4xgSoXCTDVSqgi6OHs3cyx9VmAg==&ratebypass=yes", "player_url": "/s/player/5dd3f3b2/player_ias.vflset/en_US/base.js", "ext": "mp4", "height": 360, "format_note": "360p", "vcodec": "avc1.4d401e", "asr": null, "filesize": 25250394, "fps": 24, "tbr": 186.811, "width": 640, "acodec": "none", "downloader_options": {"http_chunk_size": 10485760}, "format": "134 - 640x360 (360p)", "protocol": "https", "http_headers": {"User-Agent": "Mozilla/5.0 (Windows NT 10.0; Win64; x64) AppleWebKit/537.36 (KHTML, like Gecko) Chrome/72.0.3623.3 Safari/537.36", "Accept-Charset": "ISO-8859-1,utf-8;q=0.7,*;q=0.7", "Accept": "text/html,application/xhtml+xml,application/xml;q=0.9,*/*;q=0.8", "Accept-Encoding": "gzip, deflate", "Accept-Language": "en-us,en;q=0.5"}}, {"format_id": "243", "url": "https://r4---sn-5njj-u2xl.googlevideo.com/videoplayback?expire=1609160437&ei=lILpX9KQPIOa4wLR36z4Dw&ip=140.109.135.76&id=o-AKvXpJpGoR52YXb8B0yY_anhOiniW6Y-Nyy3hE2JpQsw&itag=243&aitags=133%2C134%2C135%2C136%2C137%2C160%2C242%2C243%2C244%2C247%2C248%2C278&source=youtube&requiressl=yes&mh=kr&mm=31%2C29&mn=sn-5njj-u2xl%2Csn-un57en7l&ms=au%2Crdu&mv=m&mvi=4&pl=16&initcwndbps=841250&vprv=1&mime=video%2Fwebm&ns=OpKnbfQA3ipljorru-gHmiMF&gir=yes&clen=48336987&dur=1960.958&lmt=1540125280499686&mt=1609138367&fvip=4&keepalive=yes&c=WEB&txp=5533432&n=_qr-UFhrpvKJ5PYk&sparams=expire%2Cei%2Cip%2Cid%2Caitags%2Csource%2Crequiressl%2Cvprv%2Cmime%2Cns%2Cgir%2Cclen%2Cdur%2Clmt&lsparams=mh%2Cmm%2Cmn%2Cms%2Cmv%2Cmvi%2Cpl%2Cinitcwndbps&lsig=AG3C_xAwRQIhAOWGyKXf8PLxP9ZEMj76HPmjQd0LV32TvMD4z4C6fSNhAiBonpvAePuOrhqFHIY4cHVXSwHtLZDiVl6Z0zf6XCQYAg%3D%3D&sig=AOq0QJ8wRQIgdnt09ASWEATPFd21viSn-WU1ukZnvUiG_xD0JH6804cCIQCVdjw8Cdhh9w_H583An3SvPLn6jv7al0wPjbXFy5filA==&ratebypass=yes", "player_url": "/s/player/5dd3f3b2/player_ias.vflset/en_US/base.js", "ext": "webm", "height": 360, "format_note": "360p", "vcodec": "vp9", "asr": null, "filesize": 48336987, "fps": 24, "tbr": 305.372, "width": 640, "acodec": "none", "downloader_options": {"http_chunk_size": 10485760}, "format": "243 - 640x360 (360p)", "protocol": "https", "http_headers": {"User-Agent": "Mozilla/5.0 (Windows NT 10.0; Win64; x64) AppleWebKit/537.36 (KHTML, like Gecko) Chrome/72.0.3623.3 Safari/537.36", "Accept-Charset": "ISO-8859-1,utf-8;q=0.7,*;q=0.7", "Accept": "text/html,application/xhtml+xml,application/xml;q=0.9,*/*;q=0.8", "Accept-Encoding": "gzip, deflate", "Accept-Language": "en-us,en;q=0.5"}}, {"format_id": "135", "url": "https://r4---sn-5njj-u2xl.googlevideo.com/videoplayback?expire=1609160437&ei=lILpX9KQPIOa4wLR36z4Dw&ip=140.109.135.76&id=o-AKvXpJpGoR52YXb8B0yY_anhOiniW6Y-Nyy3hE2JpQsw&itag=135&aitags=133%2C134%2C135%2C136%2C137%2C160%2C242%2C243%2C244%2C247%2C248%2C278&source=youtube&requiressl=yes&mh=kr&mm=31%2C29&mn=sn-5njj-u2xl%2Csn-un57en7l&ms=au%2Crdu&mv=m&mvi=4&pl=16&initcwndbps=841250&vprv=1&mime=video%2Fmp4&ns=OpKnbfQA3ipljorru-gHmiMF&gir=yes&clen=35769884&dur=1960.958&lmt=1599771782356319&mt=1609138367&fvip=4&keepalive=yes&c=WEB&txp=5535432&n=_qr-UFhrpvKJ5PYk&sparams=expire%2Cei%2Cip%2Cid%2Caitags%2Csource%2Crequiressl%2Cvprv%2Cmime%2Cns%2Cgir%2Cclen%2Cdur%2Clmt&lsparams=mh%2Cmm%2Cmn%2Cms%2Cmv%2Cmvi%2Cpl%2Cinitcwndbps&lsig=AG3C_xAwRQIhAO8V8tGW4RPptItyviBEN9umTOV4aOfsZtnsKBuPriMZAiAXCQIREbVyL9e1lgyyIQmIsd3WILoXbOBIHrz2sGRXUw%3D%3D&sig=AOq0QJ8wRQIhALqLL8GxKa9P-IrH5nejq8PIiqrNL9mkh1ITI_K6RS22AiAeed5scOz7tVT9RvisEJqMVYK3GgO8NVsFtMT0d6xAAw==&ratebypass=yes", "player_url": "/s/player/5dd3f3b2/player_ias.vflset/en_US/base.js", "ext": "mp4", "height": 480, "format_note": "480p", "vcodec": "avc1.4d401e", "asr": null, "filesize": 35769884, "fps": 24, "tbr": 308.477, "width": 854, "acodec": "none", "downloader_options": {"http_chunk_size": 10485760}, "format": "135 - 854x480 (480p)", "protocol": "https", "http_headers": {"User-Agent": "Mozilla/5.0 (Windows NT 10.0; Win64; x64) AppleWebKit/537.36 (KHTML, like Gecko) Chrome/72.0.3623.3 Safari/537.36", "Accept-Charset": "ISO-8859-1,utf-8;q=0.7,*;q=0.7", "Accept": "text/html,application/xhtml+xml,application/xml;q=0.9,*/*;q=0.8", "Accept-Encoding": "gzip, deflate", "Accept-Language": "en-us,en;q=0.5"}}, {"format_id": "136", "url": "https://r4---sn-5njj-u2xl.googlevideo.com/videoplayback?expire=1609160437&ei=lILpX9KQPIOa4wLR36z4Dw&ip=140.109.135.76&id=o-AKvXpJpGoR52YXb8B0yY_anhOiniW6Y-Nyy3hE2JpQsw&itag=136&aitags=133%2C134%2C135%2C136%2C137%2C160%2C242%2C243%2C244%2C247%2C248%2C278&source=youtube&requiressl=yes&mh=kr&mm=31%2C29&mn=sn-5njj-u2xl%2Csn-un57en7l&ms=au%2Crdu&mv=m&mvi=4&pl=16&initcwndbps=841250&vprv=1&mime=video%2Fmp4&ns=OpKnbfQA3ipljorru-gHmiMF&gir=yes&clen=59728563&dur=1960.958&lmt=1599771782310574&mt=1609138367&fvip=4&keepalive=yes&c=WEB&txp=5535432&n=_qr-UFhrpvKJ5PYk&sparams=expire%2Cei%2Cip%2Cid%2Caitags%2Csource%2Crequiressl%2Cvprv%2Cmime%2Cns%2Cgir%2Cclen%2Cdur%2Clmt&lsparams=mh%2Cmm%2Cmn%2Cms%2Cmv%2Cmvi%2Cpl%2Cinitcwndbps&lsig=AG3C_xAwRQIhAOj8erWIB6iSzqzR5tc-taFcam1oH06Gkj9-FT6WEw8lAiBDuO80UDOr666ggduA4cqeeKAkmBeAHT9daNlOPQ1o5A%3D%3D&sig=AOq0QJ8wRgIhAKZf0buhuOU32_3d3gnqRoP20g2ZoUb3hxMtrPWCi-QXAiEAmZ6NSwdyGwEazb3gal0fLCHa43Ixz09X53I82j82hzE=&ratebypass=yes", "player_url": "/s/player/5dd3f3b2/player_ias.vflset/en_US/base.js", "ext": "mp4", "height": 720, "format_note": "720p", "vcodec": "avc1.4d401f", "asr": null, "filesize": 59728563, "fps": 24, "tbr": 472.228, "width": 1280, "acodec": "none", "downloader_options": {"http_chunk_size": 10485760}, "format": "136 - 1280x720 (720p)", "protocol": "https", "http_headers": {"User-Agent": "Mozilla/5.0 (Windows NT 10.0; Win64; x64) AppleWebKit/537.36 (KHTML, like Gecko) Chrome/72.0.3623.3 Safari/537.36", "Accept-Charset": "ISO-8859-1,utf-8;q=0.7,*;q=0.7", "Accept": "text/html,application/xhtml+xml,application/xml;q=0.9,*/*;q=0.8", "Accept-Encoding": "gzip, deflate", "Accept-Language": "en-us,en;q=0.5"}}, {"format_id": "244", "url": "https://r4---sn-5njj-u2xl.googlevideo.com/videoplayback?expire=1609160437&ei=lILpX9KQPIOa4wLR36z4Dw&ip=140.109.135.76&id=o-AKvXpJpGoR52YXb8B0yY_anhOiniW6Y-Nyy3hE2JpQsw&itag=244&aitags=133%2C134%2C135%2C136%2C137%2C160%2C242%2C243%2C244%2C247%2C248%2C278&source=youtube&requiressl=yes&mh=kr&mm=31%2C29&mn=sn-5njj-u2xl%2Csn-un57en7l&ms=au%2Crdu&mv=m&mvi=4&pl=16&initcwndbps=841250&vprv=1&mime=video%2Fwebm&ns=OpKnbfQA3ipljorru-gHmiMF&gir=yes&clen=82791518&dur=1960.958&lmt=1540125426790568&mt=1609138367&fvip=4&keepalive=yes&c=WEB&txp=5533432&n=_qr-UFhrpvKJ5PYk&sparams=expire%2Cei%2Cip%2Cid%2Caitags%2Csource%2Crequiressl%2Cvprv%2Cmime%2Cns%2Cgir%2Cclen%2Cdur%2Clmt&lsparams=mh%2Cmm%2Cmn%2Cms%2Cmv%2Cmvi%2Cpl%2Cinitcwndbps&lsig=AG3C_xAwRQIgQF6bvUdArYNcXicb4CsY-pfkdx7mnH_1ChDdupQmRgkCIQCrhUtt6PRWAJg0oGr6E6P5Qn9d0Pe5trjnbYRMKC-kiA%3D%3D&sig=AOq0QJ8wRgIhAJVhXr10Xie7ThlWFRqtouOqmddCKLUEXz8d8bQyytsBAiEAmwfQK8ioW4HNOiIdXlJxIG6AkYzTV7UhRm60tq0IMh0=&ratebypass=yes", "player_url": "/s/player/5dd3f3b2/player_ias.vflset/en_US/base.js", "ext": "webm", "height": 480, "format_note": "480p", "vcodec": "vp9", "asr": null, "filesize": 82791518, "fps": 24, "tbr": 534.478, "width": 854, "acodec": "none", "downloader_options": {"http_chunk_size": 10485760}, "format": "244 - 854x480 (480p)", "protocol": "https", "http_headers": {"User-Agent": "Mozilla/5.0 (Windows NT 10.0; Win64; x64) AppleWebKit/537.36 (KHTML, like Gecko) Chrome/72.0.3623.3 Safari/537.36", "Accept-Charset": "ISO-8859-1,utf-8;q=0.7,*;q=0.7", "Accept": "text/html,application/xhtml+xml,application/xml;q=0.9,*/*;q=0.8", "Accept-Encoding": "gzip, deflate", "Accept-Language": "en-us,en;q=0.5"}}, {"format_id": "247", "url": "https://r4---sn-5njj-u2xl.googlevideo.com/videoplayback?expire=1609160437&ei=lILpX9KQPIOa4wLR36z4Dw&ip=140.109.135.76&id=o-AKvXpJpGoR52YXb8B0yY_anhOiniW6Y-Nyy3hE2JpQsw&itag=247&aitags=133%2C134%2C135%2C136%2C137%2C160%2C242%2C243%2C244%2C247%2C248%2C278&source=youtube&requiressl=yes&mh=kr&mm=31%2C29&mn=sn-5njj-u2xl%2Csn-un57en7l&ms=au%2Crdu&mv=m&mvi=4&pl=16&initcwndbps=841250&vprv=1&mime=video%2Fwebm&ns=OpKnbfQA3ipljorru-gHmiMF&gir=yes&clen=120626201&dur=1960.958&lmt=1540125375621913&mt=1609138367&fvip=4&keepalive=yes&c=WEB&txp=5533432&n=_qr-UFhrpvKJ5PYk&sparams=expire%2Cei%2Cip%2Cid%2Caitags%2Csource%2Crequiressl%2Cvprv%2Cmime%2Cns%2Cgir%2Cclen%2Cdur%2Clmt&lsparams=mh%2Cmm%2Cmn%2Cms%2Cmv%2Cmvi%2Cpl%2Cinitcwndbps&lsig=AG3C_xAwRAIgDJoWOoXh3eBiwnJU37SG2q7e_SLKrfItWeO1FMaSEJkCIDCrrhmrBSYj0HMndmMLmcJKRUdHqTbHqekzWXbLQoNn&sig=AOq0QJ8wRgIhAMrP1v8svi84YGFSbES_Pa6uGD-7x8eArc1XjpCBOG9uAiEA2mXfrIEnfrEx0fojVZ--wk7hzGsSzuO_QDjsqTMpLHI=&ratebypass=yes", "player_url": "/s/player/5dd3f3b2/player_ias.vflset/en_US/base.js", "ext": "webm", "height": 720, "format_note": "720p", "vcodec": "vp9", "asr": null, "filesize": 120626201, "fps": 24, "tbr": 745.968, "width": 1280, "acodec": "none", "downloader_options": {"http_chunk_size": 10485760}, "format": "247 - 1280x720 (720p)", "protocol": "https", "http_headers": {"User-Agent": "Mozilla/5.0 (Windows NT 10.0; Win64; x64) AppleWebKit/537.36 (KHTML, like Gecko) Chrome/72.0.3623.3 Safari/537.36", "Accept-Charset": "ISO-8859-1,utf-8;q=0.7,*;q=0.7", "Accept": "text/html,application/xhtml+xml,application/xml;q=0.9,*/*;q=0.8", "Accept-Encoding": "gzip, deflate", "Accept-Language": "en-us,en;q=0.5"}}, {"format_id": "248", "url": "https://r4---sn-5njj-u2xl.googlevideo.com/videoplayback?expire=1609160437&ei=lILpX9KQPIOa4wLR36z4Dw&ip=140.109.135.76&id=o-AKvXpJpGoR52YXb8B0yY_anhOiniW6Y-Nyy3hE2JpQsw&itag=248&aitags=133%2C134%2C135%2C136%2C137%2C160%2C242%2C243%2C244%2C247%2C248%2C278&source=youtube&requiressl=yes&mh=kr&mm=31%2C29&mn=sn-5njj-u2xl%2Csn-un57en7l&ms=au%2Crdu&mv=m&mvi=4&pl=16&initcwndbps=841250&vprv=1&mime=video%2Fwebm&ns=OpKnbfQA3ipljorru-gHmiMF&gir=yes&clen=203350544&dur=1960.958&lmt=1540125499996051&mt=1609138367&fvip=4&keepalive=yes&c=WEB&txp=5533432&n=_qr-UFhrpvKJ5PYk&sparams=expire%2Cei%2Cip%2Cid%2Caitags%2Csource%2Crequiressl%2Cvprv%2Cmime%2Cns%2Cgir%2Cclen%2Cdur%2Clmt&lsparams=mh%2Cmm%2Cmn%2Cms%2Cmv%2Cmvi%2Cpl%2Cinitcwndbps&lsig=AG3C_xAwRgIhAKGTxXqtnmGeb8PnmmvNNlorAf34Yp6TxVAWkPAlF3JzAiEAjkJsC-NxWtpWUO_J4TfcWU4MZ4dEoF13FbY_Bk_DtHU%3D&sig=AOq0QJ8wRQIhAK6F0FoqPIeNI9E3lmx44tbNZVYulLzEM3uoodXILiQNAiASVNr4XHhb0wS5oh5CsCqa49de7J7IB6aYvcpOfkbJuQ==&ratebypass=yes", "player_url": "/s/player/5dd3f3b2/player_ias.vflset/en_US/base.js", "ext": "webm", "height": 1080, "format_note": "1080p", "vcodec": "vp9", "asr": null, "filesize": 203350544, "fps": 24, "tbr": 1339.213, "width": 1920, "acodec": "none", "downloader_options": {"http_chunk_size": 10485760}, "format": "248 - 1920x1080 (1080p)", "protocol": "https", "http_headers": {"User-Agent": "Mozilla/5.0 (Windows NT 10.0; Win64; x64) AppleWebKit/537.36 (KHTML, like Gecko) Chrome/72.0.3623.3 Safari/537.36", "Accept-Charset": "ISO-8859-1,utf-8;q=0.7,*;q=0.7", "Accept": "text/html,application/xhtml+xml,application/xml;q=0.9,*/*;q=0.8", "Accept-Encoding": "gzip, deflate", "Accept-Language": "en-us,en;q=0.5"}}, {"format_id": "137", "url": "https://r4---sn-5njj-u2xl.googlevideo.com/videoplayback?expire=1609160437&ei=lILpX9KQPIOa4wLR36z4Dw&ip=140.109.135.76&id=o-AKvXpJpGoR52YXb8B0yY_anhOiniW6Y-Nyy3hE2JpQsw&itag=137&aitags=133%2C134%2C135%2C136%2C137%2C160%2C242%2C243%2C244%2C247%2C248%2C278&source=youtube&requiressl=yes&mh=kr&mm=31%2C29&mn=sn-5njj-u2xl%2Csn-un57en7l&ms=au%2Crdu&mv=m&mvi=4&pl=16&initcwndbps=841250&vprv=1&mime=video%2Fmp4&ns=OpKnbfQA3ipljorru-gHmiMF&gir=yes&clen=218714710&dur=1960.958&lmt=1599765077186088&mt=1609138367&fvip=4&keepalive=yes&c=WEB&txp=5535432&n=_qr-UFhrpvKJ5PYk&sparams=expire%2Cei%2Cip%2Cid%2Caitags%2Csource%2Crequiressl%2Cvprv%2Cmime%2Cns%2Cgir%2Cclen%2Cdur%2Clmt&lsparams=mh%2Cmm%2Cmn%2Cms%2Cmv%2Cmvi%2Cpl%2Cinitcwndbps&lsig=AG3C_xAwRgIhANdBtp-CN2vrRJCJgVtpggGcVY_k-0jwVnQdA5rikYhIAiEA-4M14U1ZRU_j2rs6_2jtMHh-6gVK5yvk4-wGIm_39Vk%3D&sig=AOq0QJ8wRgIhAKE0l5i9rju9SyOHUenk6b2G0FcRrOaazvZOCN5HoDYjAiEAodSxnrh4mcTY9OFDVeI3TQxriogwNx-4Hm-G-Mq5Jnk=&ratebypass=yes", "player_url": "/s/player/5dd3f3b2/player_ias.vflset/en_US/base.js", "ext": "mp4", "height": 1080, "format_note": "1080p", "vcodec": "avc1.640028", "asr": null, "filesize": 218714710, "fps": 24, "tbr": 1529.854, "width": 1920, "acodec": "none", "downloader_options": {"http_chunk_size": 10485760}, "format": "137 - 1920x1080 (1080p)", "protocol": "https", "http_headers": {"User-Agent": "Mozilla/5.0 (Windows NT 10.0; Win64; x64) AppleWebKit/537.36 (KHTML, like Gecko) Chrome/72.0.3623.3 Safari/537.36", "Accept-Charset": "ISO-8859-1,utf-8;q=0.7,*;q=0.7", "Accept": "text/html,application/xhtml+xml,application/xml;q=0.9,*/*;q=0.8", "Accept-Encoding": "gzip, deflate", "Accept-Language": "en-us,en;q=0.5"}}, {"format_id": "18", "url": "https://r4---sn-5njj-u2xl.googlevideo.com/videoplayback?expire=1609160437&ei=lILpX9KQPIOa4wLR36z4Dw&ip=140.109.135.76&id=o-AKvXpJpGoR52YXb8B0yY_anhOiniW6Y-Nyy3hE2JpQsw&itag=18&source=youtube&requiressl=yes&mh=kr&mm=31%2C29&mn=sn-5njj-u2xl%2Csn-un57en7l&ms=au%2Crdu&mv=m&mvi=4&pl=16&initcwndbps=841250&vprv=1&mime=video%2Fmp4&ns=uGgmhhC-uZ-3y8sw7LcL6tgF&gir=yes&clen=89758646&ratebypass=yes&dur=1961.018&lmt=1540055018932903&mt=1609138367&fvip=4&c=WEB&txp=5531432&n=3buvG8Z68uQnOBzH&sparams=expire%2Cei%2Cip%2Cid%2Citag%2Csource%2Crequiressl%2Cvprv%2Cmime%2Cns%2Cgir%2Cclen%2Cratebypass%2Cdur%2Clmt&lsparams=mh%2Cmm%2Cmn%2Cms%2Cmv%2Cmvi%2Cpl%2Cinitcwndbps&lsig=AG3C_xAwRQIgDe1GNj1PWbBsFqB4wbZwyFP1j4N8iqIPAk8E7ltfwxECIQDmQf3UHoshgfj9PQvVoda0T6xbuisn8uGQMQe26vlJhA%3D%3D&sig=AOq0QJ8wRAIgFpjDzdtoEtBRWufMY69BlZ1gJPlE38mnic3ZloGWlxkCIDAqcWD9-5jmpupm2iae1wxc_K2cDTRfSdEgd3sEhWCs", "player_url": "/s/player/5dd3f3b2/player_ias.vflset/en_US/base.js", "ext": "mp4", "width": 640, "height": 360, "acodec": "mp4a.40.2", "abr": 96, "vcodec": "avc1.42001E", "asr": 44100, "filesize": 89758646, "format_note": "360p", "fps": 24, "tbr": 366.182, "format": "18 - 640x360 (360p)", "protocol": "https", "http_headers": {"User-Agent": "Mozilla/5.0 (Windows NT 10.0; Win64; x64) AppleWebKit/537.36 (KHTML, like Gecko) Chrome/72.0.3623.3 Safari/537.36", "Accept-Charset": "ISO-8859-1,utf-8;q=0.7,*;q=0.7", "Accept": "text/html,application/xhtml+xml,application/xml;q=0.9,*/*;q=0.8", "Accept-Encoding": "gzip, deflate", "Accept-Language": "en-us,en;q=0.5"}}], "is_live": null, "start_time": null, "end_time": null, "series": null, "season_number": null, "episode_number": null, "track": null, "artist": null, "album": null, "release_date": null, "release_year": null, "extractor": "youtube", "webpage_url_basename": "watch", "extractor_key": "Youtube", "playlist": null, "playlist_index": null, "thumbnail": "https://i.ytimg.com/vi/N4MADR23mzE/hqdefault.jpg?sqp=-oaymwEZCNACELwBSFXyq4qpAwsIARUAAIhCGAFwAQ==&rs=AOn4CLAovhH4tU3xOmpNbp6jxdD3yxrGPg", "display_id": "N4MADR23mzE", "requested_subtitles": null, "format_id": "251", "url": "https://r4---sn-5njj-u2xl.googlevideo.com/videoplayback?expire=1609160437&ei=lILpX9KQPIOa4wLR36z4Dw&ip=140.109.135.76&id=o-AKvXpJpGoR52YXb8B0yY_anhOiniW6Y-Nyy3hE2JpQsw&itag=251&source=youtube&requiressl=yes&mh=kr&mm=31%2C29&mn=sn-5njj-u2xl%2Csn-un57en7l&ms=au%2Crdu&mv=m&mvi=4&pl=16&initcwndbps=841250&vprv=1&mime=audio%2Fwebm&ns=OpKnbfQA3ipljorru-gHmiMF&gir=yes&clen=36743251&dur=1960.981&lmt=1540133702461897&mt=1609138367&fvip=4&keepalive=yes&c=WEB&txp=5511222&n=_qr-UFhrpvKJ5PYk&sparams=expire%2Cei%2Cip%2Cid%2Citag%2Csource%2Crequiressl%2Cvprv%2Cmime%2Cns%2Cgir%2Cclen%2Cdur%2Clmt&lsparams=mh%2Cmm%2Cmn%2Cms%2Cmv%2Cmvi%2Cpl%2Cinitcwndbps&lsig=AG3C_xAwRgIhALfT6WrPUsn2puKf-FmZCVXUkiPyFYfNzkJoqikXPU8tAiEAlVD4IqThzVSlrUH6oOFv0-0Eiu9WJUu-1iFQit0_Qt0%3D&sig=AOq0QJ8wRgIhAMUGRLFHjzCAUbWgohGMXK1bVxca4FeSKRGUtk2G1H2nAiEA8M-HAj93fTlw71g5uQq8BoNweLSrE0Y5aLdG5Ob_gr0=&ratebypass=yes", "player_url": "/s/player/5dd3f3b2/player_ias.vflset/en_US/base.js", "ext": "webm", "format_note": "tiny", "acodec": "opus", "abr": 160, "asr": 48000, "filesize": 36743251, "fps": null, "height": null, "tbr": 167.277, "width": null, "vcodec": "none", "downloader_options": {"http_chunk_size": 10485760}, "format": "251 - audio only (tiny)", "protocol": "https", "http_headers": {"User-Agent": "Mozilla/5.0 (Windows NT 10.0; Win64; x64) AppleWebKit/537.36 (KHTML, like Gecko) Chrome/72.0.3623.3 Safari/537.36", "Accept-Charset": "ISO-8859-1,utf-8;q=0.7,*;q=0.7", "Accept": "text/html,application/xhtml+xml,application/xml;q=0.9,*/*;q=0.8", "Accept-Encoding": "gzip, deflate", "Accept-Language": "en-us,en;q=0.5"}}