{"id": "POaIGvLsp5M", "uploader": "Akira Kosemura - Topic", "uploader_id": "UCq1vNFMV5YGbK63O0COxYqA", "uploader_url": "http://www.youtube.com/channel/UCq1vNFMV5YGbK63O0COxYqA", "channel_id": "UCq1vNFMV5YGbK63O0COxYqA", "channel_url": "http://www.youtube.com/channel/UCq1vNFMV5YGbK63O0COxYqA", "upload_date": "20191217", "license": null, "creator": "Akira Kosemura", "title": "First Love (Light Dance)", "alt_title": "First Love (Light Dance)", "thumbnails": [{"url": "https://i.ytimg.com/vi/POaIGvLsp5M/hqdefault.jpg?sqp=-oaymwEbCKgBEF5IVfKriqkDDggBFQAAiEIYAXABwAEG&rs=AOn4CLDqV6WxtB_bU5AXzQxy6U00MNA2vg", "width": 168, "height": 94, "resolution": "168x94", "id": "0"}, {"url": "https://i.ytimg.com/vi/POaIGvLsp5M/hqdefault.jpg?sqp=-oaymwEbCMQBEG5IVfKriqkDDggBFQAAiEIYAXABwAEG&rs=AOn4CLDsN0EwVBkNeA9tHuYy647PR2LR-Q", "width": 196, "height": 110, "resolution": "196x110", "id": "1"}, {"url": "https://i.ytimg.com/vi/POaIGvLsp5M/hqdefault.jpg?sqp=-oaymwEcCPYBEIoBSFXyq4qpAw4IARUAAIhCGAFwAcABBg==&rs=AOn4CLAShzPb1-FT3eckpcnxcAP9TmgFGw", "width": 246, "height": 138, "resolution": "246x138", "id": "2"}, {"url": "https://i.ytimg.com/vi/POaIGvLsp5M/hqdefault.jpg?sqp=-oaymwEcCNACELwBSFXyq4qpAw4IARUAAIhCGAFwAcABBg==&rs=AOn4CLANL9UO9dgeRpRr4wWnjNirGojnsA", "width": 336, "height": 188, "resolution": "336x188", "id": "3"}, {"url": "https://i.ytimg.com/vi_webp/POaIGvLsp5M/maxresdefault.webp", "width": 1920, "height": 1080, "resolution": "1920x1080", "id": "4"}], "description": "Provided to YouTube by TuneCore Japan\n\nFirst Love (Light Dance) \u00b7 Akira Kosemura\n\nMANON (Music for the Contemporary Ballet Theatre)\n\n\u2117 2012 schole\n\nReleased on: 2012-05-23\n\nComposer: Akira Kosemura\n\nAuto-generated by YouTube.", "categories": ["Music"], "tags": ["Akira", "Kosemura", "\u5c0f\u702c\u6751\u6676", "\u30b3\u30bb\u30e0\u30e9\u30fb\u30a2\u30ad\u30e9", "MANON", "(Music", "for", "the", "Contemporary", "Ballet", "Theatre)", "First", "Love", "(Light", "Dance)"], "subtitles": {}, "automatic_captions": {}, "duration": 280, "age_limit": 0, "annotations": null, "chapters": null, "webpage_url": "https://www.youtube.com/watch?v=POaIGvLsp5M", "view_count": 773, "like_count": 32, "dislike_count": 3, "average_rating": 4.6571426, "formats": [{"format_id": "249", "url": "https://r4---sn-5njj-u2xe.googlevideo.com/videoplayback?expire=1612200403&ei=c-UXYMaCBc_UgQOE85DwBg&ip=140.109.135.76&id=o-AHMrh_n_5A1-d8APoDzbnIp6wRiQhB7Wa3kz91y37HXR&itag=249&source=youtube&requiressl=yes&mh=lJ&mm=31%2C29&mn=sn-5njj-u2xe%2Csn-un57en7s&ms=au%2Crdu&mv=m&mvi=4&pcm2cms=yes&pl=16&gcr=tw&initcwndbps=410000&vprv=1&mime=audio%2Fwebm&ns=IlTm0cKqNb5-78_MRMTA8nQF&gir=yes&clen=2188807&dur=280.281&lmt=1610714509290022&mt=1612178454&fvip=4&keepalive=yes&c=WEB&txp=2311222&n=1DiBbBOmrKdq9IVTN&sparams=expire%2Cei%2Cip%2Cid%2Citag%2Csource%2Crequiressl%2Cgcr%2Cvprv%2Cmime%2Cns%2Cgir%2Cclen%2Cdur%2Clmt&lsparams=mh%2Cmm%2Cmn%2Cms%2Cmv%2Cmvi%2Cpcm2cms%2Cpl%2Cinitcwndbps&lsig=AG3C_xAwRQIgOjpHXLqYEZFVT1Lc4lZHqB4iJX1zQlcwN2E-nso372ECIQCOffr1U9Da_ZxTcEwTu506Jdjn--Rs4HWCKRVuf3dUrg%3D%3D&sig=AOq0QJ8wRQIgLWn4yyk1plRnP_JEbs9ad0LfC2eTnzata7kLmQ1ENp0CIQClIgbnpg-wUVrp65zU0DqqlCBRhFwIgK5F3OgC6terkA==&ratebypass=yes", "player_url": "/s/player/7bc032d0/player_ias.vflset/en_US/base.js", "ext": "webm", "format_note": "tiny", "acodec": "opus", "abr": 50, "asr": 48000, "filesize": 2188807, "fps": null, "height": null, "tbr": 68.943, "width": null, "vcodec": "none", "downloader_options": {"http_chunk_size": 10485760}, "format": "249 - audio only (tiny)", "protocol": "https", "http_headers": {"User-Agent": "Mozilla/5.0 (Windows NT 10.0; Win64; x64) AppleWebKit/537.36 (KHTML, like Gecko) Chrome/74.0.3729.116 Safari/537.36", "Accept-Charset": "ISO-8859-1,utf-8;q=0.7,*;q=0.7", "Accept": "text/html,application/xhtml+xml,application/xml;q=0.9,*/*;q=0.8", "Accept-Encoding": "gzip, deflate", "Accept-Language": "en-us,en;q=0.5"}}, {"format_id": "250", "url": "https://r4---sn-5njj-u2xe.googlevideo.com/videoplayback?expire=1612200403&ei=c-UXYMaCBc_UgQOE85DwBg&ip=140.109.135.76&id=o-AHMrh_n_5A1-d8APoDzbnIp6wRiQhB7Wa3kz91y37HXR&itag=250&source=youtube&requiressl=yes&mh=lJ&mm=31%2C29&mn=sn-5njj-u2xe%2Csn-un57en7s&ms=au%2Crdu&mv=m&mvi=4&pcm2cms=yes&pl=16&gcr=tw&initcwndbps=410000&vprv=1&mime=audio%2Fwebm&ns=IlTm0cKqNb5-78_MRMTA8nQF&gir=yes&clen=2850889&dur=280.281&lmt=1610714509293921&mt=1612178454&fvip=4&keepalive=yes&c=WEB&txp=2311222&n=1DiBbBOmrKdq9IVTN&sparams=expire%2Cei%2Cip%2Cid%2Citag%2Csource%2Crequiressl%2Cgcr%2Cvprv%2Cmime%2Cns%2Cgir%2Cclen%2Cdur%2Clmt&lsparams=mh%2Cmm%2Cmn%2Cms%2Cmv%2Cmvi%2Cpcm2cms%2Cpl%2Cinitcwndbps&lsig=AG3C_xAwRAIgX8yKXfE8jGHc5HFVp5IrJqcUPXVO5OBMVC2fPFHZ7e4CIBN1lnAQy0D1nwCJh07b4s_F48iZxDOEanhNZGKAAmrY&sig=AOq0QJ8wRAIgPRxXadEUtfcT97SUYrTq35x_EOiSjoJlV8FWb8Z9NcACIGWamQQOqfvpfYMQGazIiS027SyZvIUXAEfMSLeaV7qS&ratebypass=yes", "player_url": "/s/player/7bc032d0/player_ias.vflset/en_US/base.js", "ext": "webm", "format_note": "tiny", "acodec": "opus", "abr": 70, "asr": 48000, "filesize": 2850889, "fps": null, "height": null, "tbr": 88.496, "width": null, "vcodec": "none", "downloader_options": {"http_chunk_size": 10485760}, "format": "250 - audio only (tiny)", "protocol": "https", "http_headers": {"User-Agent": "Mozilla/5.0 (Windows NT 10.0; Win64; x64) AppleWebKit/537.36 (KHTML, like Gecko) Chrome/74.0.3729.116 Safari/537.36", "Accept-Charset": "ISO-8859-1,utf-8;q=0.7,*;q=0.7", "Accept": "text/html,application/xhtml+xml,application/xml;q=0.9,*/*;q=0.8", "Accept-Encoding": "gzip, deflate", "Accept-Language": "en-us,en;q=0.5"}}, {"format_id": "140", "url": "https://r4---sn-5njj-u2xe.googlevideo.com/videoplayback?expire=1612200403&ei=c-UXYMaCBc_UgQOE85DwBg&ip=140.109.135.76&id=o-AHMrh_n_5A1-d8APoDzbnIp6wRiQhB7Wa3kz91y37HXR&itag=140&source=youtube&requiressl=yes&mh=lJ&mm=31%2C29&mn=sn-5njj-u2xe%2Csn-un57en7s&ms=au%2Crdu&mv=m&mvi=4&pcm2cms=yes&pl=16&gcr=tw&initcwndbps=410000&vprv=1&mime=audio%2Fmp4&ns=IlTm0cKqNb5-78_MRMTA8nQF&gir=yes&clen=4537456&dur=280.266&lmt=1576584085813304&mt=1612178454&fvip=4&keepalive=yes&c=WEB&txp=2311222&n=1DiBbBOmrKdq9IVTN&sparams=expire%2Cei%2Cip%2Cid%2Citag%2Csource%2Crequiressl%2Cgcr%2Cvprv%2Cmime%2Cns%2Cgir%2Cclen%2Cdur%2Clmt&lsparams=mh%2Cmm%2Cmn%2Cms%2Cmv%2Cmvi%2Cpcm2cms%2Cpl%2Cinitcwndbps&lsig=AG3C_xAwRQIgKDG9Txy057MmzTEY9wJrNWH6kV28tiuyS8wjv_8-IA0CIQCtfhRPdpDlK4ipHX2RqcW6b_PHG1K_GxOS2ut6gj5aBw%3D%3D&sig=AOq0QJ8wRQIhALmve5aePmjkdXp671dldC9Mno7vQ27wR_MEy8_mxumDAiBNaegZRRWqo_VILMbsa_aJgtZlLjxNhsIEvCJNGs8jXQ==&ratebypass=yes", "player_url": "/s/player/7bc032d0/player_ias.vflset/en_US/base.js", "ext": "m4a", "format_note": "tiny", "acodec": "mp4a.40.2", "abr": 128, "container": "m4a_dash", "asr": 44100, "filesize": 4537456, "fps": null, "height": null, "tbr": 131.069, "width": null, "vcodec": "none", "downloader_options": {"http_chunk_size": 10485760}, "format": "140 - audio only (tiny)", "protocol": "https", "http_headers": {"User-Agent": "Mozilla/5.0 (Windows NT 10.0; Win64; x64) AppleWebKit/537.36 (KHTML, like Gecko) Chrome/74.0.3729.116 Safari/537.36", "Accept-Charset": "ISO-8859-1,utf-8;q=0.7,*;q=0.7", "Accept": "text/html,application/xhtml+xml,application/xml;q=0.9,*/*;q=0.8", "Accept-Encoding": "gzip, deflate", "Accept-Language": "en-us,en;q=0.5"}}, {"format_id": "251", "url": "https://r4---sn-5njj-u2xe.googlevideo.com/videoplayback?expire=1612200403&ei=c-UXYMaCBc_UgQOE85DwBg&ip=140.109.135.76&id=o-AHMrh_n_5A1-d8APoDzbnIp6wRiQhB7Wa3kz91y37HXR&itag=251&source=youtube&requiressl=yes&mh=lJ&mm=31%2C29&mn=sn-5njj-u2xe%2Csn-un57en7s&ms=au%2Crdu&mv=m&mvi=4&pcm2cms=yes&pl=16&gcr=tw&initcwndbps=410000&vprv=1&mime=audio%2Fwebm&ns=IlTm0cKqNb5-78_MRMTA8nQF&gir=yes&clen=5844391&dur=280.281&lmt=1610714509649166&mt=1612178454&fvip=4&keepalive=yes&c=WEB&txp=2311222&n=1DiBbBOmrKdq9IVTN&sparams=expire%2Cei%2Cip%2Cid%2Citag%2Csource%2Crequiressl%2Cgcr%2Cvprv%2Cmime%2Cns%2Cgir%2Cclen%2Cdur%2Clmt&lsparams=mh%2Cmm%2Cmn%2Cms%2Cmv%2Cmvi%2Cpcm2cms%2Cpl%2Cinitcwndbps&lsig=AG3C_xAwRAIgEyQxQPiCFVcpO5G70BHYpnwjvy0RMfeUJ743wSb84tUCIHiZ3wbAeGdfbdQvdie6HgkRDUngkS7iVBT9viqYRf-b&sig=AOq0QJ8wRgIhAImguLsv4LNDeXEOKoAnX7gAptuG5nLd2PfQ-yw-pK-5AiEAlIFuc09u2cEyExnYxo3PgM6-mkfLdoN5ddFWn7bD-Ls=&ratebypass=yes", "player_url": "/s/player/7bc032d0/player_ias.vflset/en_US/base.js", "ext": "webm", "format_note": "tiny", "acodec": "opus", "abr": 160, "asr": 48000, "filesize": 5844391, "fps": null, "height": null, "tbr": 175.694, "width": null, "vcodec": "none", "downloader_options": {"http_chunk_size": 10485760}, "format": "251 - audio only (tiny)", "protocol": "https", "http_headers": {"User-Agent": "Mozilla/5.0 (Windows NT 10.0; Win64; x64) AppleWebKit/537.36 (KHTML, like Gecko) Chrome/74.0.3729.116 Safari/537.36", "Accept-Charset": "ISO-8859-1,utf-8;q=0.7,*;q=0.7", "Accept": "text/html,application/xhtml+xml,application/xml;q=0.9,*/*;q=0.8", "Accept-Encoding": "gzip, deflate", "Accept-Language": "en-us,en;q=0.5"}}, {"format_id": "242", "url": "https://r4---sn-5njj-u2xe.googlevideo.com/videoplayback?expire=1612200403&ei=c-UXYMaCBc_UgQOE85DwBg&ip=140.109.135.76&id=o-AHMrh_n_5A1-d8APoDzbnIp6wRiQhB7Wa3kz91y37HXR&itag=242&aitags=133%2C134%2C135%2C136%2C137%2C160%2C242%2C243%2C244%2C247%2C248%2C278&source=youtube&requiressl=yes&mh=lJ&mm=31%2C29&mn=sn-5njj-u2xe%2Csn-un57en7s&ms=au%2Crdu&mv=m&mvi=4&pcm2cms=yes&pl=16&gcr=tw&initcwndbps=410000&vprv=1&mime=video%2Fwebm&ns=IlTm0cKqNb5-78_MRMTA8nQF&gir=yes&clen=236111&dur=280.240&lmt=1576584092516324&mt=1612178454&fvip=4&keepalive=yes&c=WEB&txp=2316222&n=1DiBbBOmrKdq9IVTN&sparams=expire%2Cei%2Cip%2Cid%2Caitags%2Csource%2Crequiressl%2Cgcr%2Cvprv%2Cmime%2Cns%2Cgir%2Cclen%2Cdur%2Clmt&lsparams=mh%2Cmm%2Cmn%2Cms%2Cmv%2Cmvi%2Cpcm2cms%2Cpl%2Cinitcwndbps&lsig=AG3C_xAwRQIgTRaUlDyR8M7OI0mE5cfTUYXeR-4TbObwswc2bvUn718CIQDohNYH64EVfMtn1UcPeXAjQ7FwbHtJgMObAH_5bgL5Fg%3D%3D&sig=AOq0QJ8wRQIhAIfTqS3YrPZ7YGxHs3LdSqvjSOynH89tgxEgwfOXQxuNAiBMVIGUP5bcSUsjLHK1uD0VX1QdAyhBSHz3mplSQtAQIA==&ratebypass=yes", "player_url": "/s/player/7bc032d0/player_ias.vflset/en_US/base.js", "ext": "webm", "height": 240, "format_note": "240p", "vcodec": "vp9", "asr": null, "filesize": 236111, "fps": 25, "tbr": 8.434, "width": 240, "acodec": "none", "downloader_options": {"http_chunk_size": 10485760}, "format": "242 - 240x240 (240p)", "protocol": "https", "http_headers": {"User-Agent": "Mozilla/5.0 (Windows NT 10.0; Win64; x64) AppleWebKit/537.36 (KHTML, like Gecko) Chrome/74.0.3729.116 Safari/537.36", "Accept-Charset": "ISO-8859-1,utf-8;q=0.7,*;q=0.7", "Accept": "text/html,application/xhtml+xml,application/xml;q=0.9,*/*;q=0.8", "Accept-Encoding": "gzip, deflate", "Accept-Language": "en-us,en;q=0.5"}}, {"format_id": "278", "url": "https://r4---sn-5njj-u2xe.googlevideo.com/videoplayback?expire=1612200403&ei=c-UXYMaCBc_UgQOE85DwBg&ip=140.109.135.76&id=o-AHMrh_n_5A1-d8APoDzbnIp6wRiQhB7Wa3kz91y37HXR&itag=278&aitags=133%2C134%2C135%2C136%2C137%2C160%2C242%2C243%2C244%2C247%2C248%2C278&source=youtube&requiressl=yes&mh=lJ&mm=31%2C29&mn=sn-5njj-u2xe%2Csn-un57en7s&ms=au%2Crdu&mv=m&mvi=4&pcm2cms=yes&pl=16&gcr=tw&initcwndbps=410000&vprv=1&mime=video%2Fwebm&ns=IlTm0cKqNb5-78_MRMTA8nQF&gir=yes&clen=248109&dur=280.240&lmt=1576584092516855&mt=1612178454&fvip=4&keepalive=yes&c=WEB&txp=2316222&n=1DiBbBOmrKdq9IVTN&sparams=expire%2Cei%2Cip%2Cid%2Caitags%2Csource%2Crequiressl%2Cgcr%2Cvprv%2Cmime%2Cns%2Cgir%2Cclen%2Cdur%2Clmt&lsparams=mh%2Cmm%2Cmn%2Cms%2Cmv%2Cmvi%2Cpcm2cms%2Cpl%2Cinitcwndbps&lsig=AG3C_xAwRQIhAKMBcdStxDK17EU3jbYySHxDHOd-JanVI_Zy4cnaQX_-AiAPWO2hgfoZwd2jbt9yM1IW0w-8hrlT3zxBd-lT8vyY8Q%3D%3D&sig=AOq0QJ8wRQIhAOSTbcXBZkpG-4p-jP8nzsTj6NiBytdzTsdpndhuhZXuAiBlMKBJgoIprHDNbboh65OvKXMHIUGhWgO0ub3eNDNt0w==&ratebypass=yes", "player_url": "/s/player/7bc032d0/player_ias.vflset/en_US/base.js", "ext": "webm", "height": 144, "format_note": "144p", "container": "webm", "vcodec": "vp9", "asr": null, "filesize": 248109, "fps": 25, "tbr": 8.768, "width": 144, "acodec": "none", "downloader_options": {"http_chunk_size": 10485760}, "format": "278 - 144x144 (144p)", "protocol": "https", "http_headers": {"User-Agent": "Mozilla/5.0 (Windows NT 10.0; Win64; x64) AppleWebKit/537.36 (KHTML, like Gecko) Chrome/74.0.3729.116 Safari/537.36", "Accept-Charset": "ISO-8859-1,utf-8;q=0.7,*;q=0.7", "Accept": "text/html,application/xhtml+xml,application/xml;q=0.9,*/*;q=0.8", "Accept-Encoding": "gzip, deflate", "Accept-Language": "en-us,en;q=0.5"}}, {"format_id": "160", "url": "https://r4---sn-5njj-u2xe.googlevideo.com/videoplayback?expire=1612200403&ei=c-UXYMaCBc_UgQOE85DwBg&ip=140.109.135.76&id=o-AHMrh_n_5A1-d8APoDzbnIp6wRiQhB7Wa3kz91y37HXR&itag=160&aitags=133%2C134%2C135%2C136%2C137%2C160%2C242%2C243%2C244%2C247%2C248%2C278&source=youtube&requiressl=yes&mh=lJ&mm=31%2C29&mn=sn-5njj-u2xe%2Csn-un57en7s&ms=au%2Crdu&mv=m&mvi=4&pcm2cms=yes&pl=16&gcr=tw&initcwndbps=410000&vprv=1&mime=video%2Fmp4&ns=IlTm0cKqNb5-78_MRMTA8nQF&gir=yes&clen=250247&dur=280.240&lmt=1576584088907033&mt=1612178454&fvip=4&keepalive=yes&c=WEB&txp=2316222&n=1DiBbBOmrKdq9IVTN&sparams=expire%2Cei%2Cip%2Cid%2Caitags%2Csource%2Crequiressl%2Cgcr%2Cvprv%2Cmime%2Cns%2Cgir%2Cclen%2Cdur%2Clmt&lsparams=mh%2Cmm%2Cmn%2Cms%2Cmv%2Cmvi%2Cpcm2cms%2Cpl%2Cinitcwndbps&lsig=AG3C_xAwRAIgejcdHoeUe1L5dBf_iTD2_gpkm1ihqjsXWouOEC8Txm0CIAcbF-NCcCyI8XA3t2Fa3YXcBxV31udlB_GeZlajfQlL&sig=AOq0QJ8wRQIgDWivzggTLrnZpDeTXhRcD2x2j8CBMALcUtLKW_0wIDsCIQDKa3vqBDB2QYAb8rT3haii-3mBlHbWVsIqIF8zeKAk-Q==&ratebypass=yes", "player_url": "/s/player/7bc032d0/player_ias.vflset/en_US/base.js", "ext": "mp4", "height": 144, "format_note": "144p", "vcodec": "avc1.4d400b", "asr": null, "filesize": 250247, "fps": 25, "tbr": 9.321, "width": 144, "acodec": "none", "downloader_options": {"http_chunk_size": 10485760}, "format": "160 - 144x144 (144p)", "protocol": "https", "http_headers": {"User-Agent": "Mozilla/5.0 (Windows NT 10.0; Win64; x64) AppleWebKit/537.36 (KHTML, like Gecko) Chrome/74.0.3729.116 Safari/537.36", "Accept-Charset": "ISO-8859-1,utf-8;q=0.7,*;q=0.7", "Accept": "text/html,application/xhtml+xml,application/xml;q=0.9,*/*;q=0.8", "Accept-Encoding": "gzip, deflate", "Accept-Language": "en-us,en;q=0.5"}}, {"format_id": "243", "url": "https://r4---sn-5njj-u2xe.googlevideo.com/videoplayback?expire=1612200403&ei=c-UXYMaCBc_UgQOE85DwBg&ip=140.109.135.76&id=o-AHMrh_n_5A1-d8APoDzbnIp6wRiQhB7Wa3kz91y37HXR&itag=243&aitags=133%2C134%2C135%2C136%2C137%2C160%2C242%2C243%2C244%2C247%2C248%2C278&source=youtube&requiressl=yes&mh=lJ&mm=31%2C29&mn=sn-5njj-u2xe%2Csn-un57en7s&ms=au%2Crdu&mv=m&mvi=4&pcm2cms=yes&pl=16&gcr=tw&initcwndbps=410000&vprv=1&mime=video%2Fwebm&ns=IlTm0cKqNb5-78_MRMTA8nQF&gir=yes&clen=290842&dur=280.240&lmt=1576584092514581&mt=1612178454&fvip=4&keepalive=yes&c=WEB&txp=2316222&n=1DiBbBOmrKdq9IVTN&sparams=expire%2Cei%2Cip%2Cid%2Caitags%2Csource%2Crequiressl%2Cgcr%2Cvprv%2Cmime%2Cns%2Cgir%2Cclen%2Cdur%2Clmt&lsparams=mh%2Cmm%2Cmn%2Cms%2Cmv%2Cmvi%2Cpcm2cms%2Cpl%2Cinitcwndbps&lsig=AG3C_xAwRAIgDV-Nm0MJZx8VaYES1nBpCLzIDcx8NUnzaN7TB04QfqMCICC43IhMwenGLY0YUwufDybJ__AXQOGgjNayeVQMEiWH&sig=AOq0QJ8wRgIhAJEijjbtLMSoGVT0SsPjUW6JDDSlvOxDqrRv8Tb1OSNmAiEAscmfnLpyFDQpYB3lOLQfWjjS38rTTxbQr4Rjupwe_S8=&ratebypass=yes", "player_url": "/s/player/7bc032d0/player_ias.vflset/en_US/base.js", "ext": "webm", "height": 360, "format_note": "360p", "vcodec": "vp9", "asr": null, "filesize": 290842, "fps": 25, "tbr": 10.003, "width": 360, "acodec": "none", "downloader_options": {"http_chunk_size": 10485760}, "format": "243 - 360x360 (360p)", "protocol": "https", "http_headers": {"User-Agent": "Mozilla/5.0 (Windows NT 10.0; Win64; x64) AppleWebKit/537.36 (KHTML, like Gecko) Chrome/74.0.3729.116 Safari/537.36", "Accept-Charset": "ISO-8859-1,utf-8;q=0.7,*;q=0.7", "Accept": "text/html,application/xhtml+xml,application/xml;q=0.9,*/*;q=0.8", "Accept-Encoding": "gzip, deflate", "Accept-Language": "en-us,en;q=0.5"}}, {"format_id": "244", "url": "https://r4---sn-5njj-u2xe.googlevideo.com/videoplayback?expire=1612200403&ei=c-UXYMaCBc_UgQOE85DwBg&ip=140.109.135.76&id=o-AHMrh_n_5A1-d8APoDzbnIp6wRiQhB7Wa3kz91y37HXR&itag=244&aitags=133%2C134%2C135%2C136%2C137%2C160%2C242%2C243%2C244%2C247%2C248%2C278&source=youtube&requiressl=yes&mh=lJ&mm=31%2C29&mn=sn-5njj-u2xe%2Csn-un57en7s&ms=au%2Crdu&mv=m&mvi=4&pcm2cms=yes&pl=16&gcr=tw&initcwndbps=410000&vprv=1&mime=video%2Fwebm&ns=IlTm0cKqNb5-78_MRMTA8nQF&gir=yes&clen=308562&dur=280.240&lmt=1576584092516752&mt=1612178454&fvip=4&keepalive=yes&c=WEB&txp=2316222&n=1DiBbBOmrKdq9IVTN&sparams=expire%2Cei%2Cip%2Cid%2Caitags%2Csource%2Crequiressl%2Cgcr%2Cvprv%2Cmime%2Cns%2Cgir%2Cclen%2Cdur%2Clmt&lsparams=mh%2Cmm%2Cmn%2Cms%2Cmv%2Cmvi%2Cpcm2cms%2Cpl%2Cinitcwndbps&lsig=AG3C_xAwRQIgZxpVvmo9uiXBimFGb3I-0IF804KWqMa_WHKxPSbjWEoCIQCLbILIy3uKQbLRltrl0W2gaVTBPUlE4HurkG7R7ANOuw%3D%3D&sig=AOq0QJ8wRAIgURbZj_R283we6faDePgX_nwq4GGMokRkB0d0bQp1FzQCIEVYRySSJgDdnHJcm9JJDou5Myq793bmCPPICaSsRx7m&ratebypass=yes", "player_url": "/s/player/7bc032d0/player_ias.vflset/en_US/base.js", "ext": "webm", "height": 480, "format_note": "480p", "vcodec": "vp9", "asr": null, "filesize": 308562, "fps": 25, "tbr": 10.509, "width": 480, "acodec": "none", "downloader_options": {"http_chunk_size": 10485760}, "format": "244 - 480x480 (480p)", "protocol": "https", "http_headers": {"User-Agent": "Mozilla/5.0 (Windows NT 10.0; Win64; x64) AppleWebKit/537.36 (KHTML, like Gecko) Chrome/74.0.3729.116 Safari/537.36", "Accept-Charset": "ISO-8859-1,utf-8;q=0.7,*;q=0.7", "Accept": "text/html,application/xhtml+xml,application/xml;q=0.9,*/*;q=0.8", "Accept-Encoding": "gzip, deflate", "Accept-Language": "en-us,en;q=0.5"}}, {"format_id": "133", "url": "https://r4---sn-5njj-u2xe.googlevideo.com/videoplayback?expire=1612200403&ei=c-UXYMaCBc_UgQOE85DwBg&ip=140.109.135.76&id=o-AHMrh_n_5A1-d8APoDzbnIp6wRiQhB7Wa3kz91y37HXR&itag=133&aitags=133%2C134%2C135%2C136%2C137%2C160%2C242%2C243%2C244%2C247%2C248%2C278&source=youtube&requiressl=yes&mh=lJ&mm=31%2C29&mn=sn-5njj-u2xe%2Csn-un57en7s&ms=au%2Crdu&mv=m&mvi=4&pcm2cms=yes&pl=16&gcr=tw&initcwndbps=410000&vprv=1&mime=video%2Fmp4&ns=IlTm0cKqNb5-78_MRMTA8nQF&gir=yes&clen=417339&dur=280.240&lmt=1576584088913426&mt=1612178454&fvip=4&keepalive=yes&c=WEB&txp=2316222&n=1DiBbBOmrKdq9IVTN&sparams=expire%2Cei%2Cip%2Cid%2Caitags%2Csource%2Crequiressl%2Cgcr%2Cvprv%2Cmime%2Cns%2Cgir%2Cclen%2Cdur%2Clmt&lsparams=mh%2Cmm%2Cmn%2Cms%2Cmv%2Cmvi%2Cpcm2cms%2Cpl%2Cinitcwndbps&lsig=AG3C_xAwRQIgLlXF70RfW2Ai_OzDhofymnzq_7daxh97hgscn3A9aHACIQCXm5rlI2EzPOT23fbk-6YIyqNKg1tyl_mb-Kw0LC327w%3D%3D&sig=AOq0QJ8wRAIgTXglnbzLtg0j9QohnpQY2E0Yi2zPB0NX2bS0yopcRigCIFTEuEi5wA8vgh22snWJNnQx7XaMLkB3UdUazb6n1-g8&ratebypass=yes", "player_url": "/s/player/7bc032d0/player_ias.vflset/en_US/base.js", "ext": "mp4", "height": 240, "format_note": "240p", "vcodec": "avc1.4d400c", "asr": null, "filesize": 417339, "fps": 25, "tbr": 14.37, "width": 240, "acodec": "none", "downloader_options": {"http_chunk_size": 10485760}, "format": "133 - 240x240 (240p)", "protocol": "https", "http_headers": {"User-Agent": "Mozilla/5.0 (Windows NT 10.0; Win64; x64) AppleWebKit/537.36 (KHTML, like Gecko) Chrome/74.0.3729.116 Safari/537.36", "Accept-Charset": "ISO-8859-1,utf-8;q=0.7,*;q=0.7", "Accept": "text/html,application/xhtml+xml,application/xml;q=0.9,*/*;q=0.8", "Accept-Encoding": "gzip, deflate", "Accept-Language": "en-us,en;q=0.5"}}, {"format_id": "247", "url": "https://r4---sn-5njj-u2xe.googlevideo.com/videoplayback?expire=1612200403&ei=c-UXYMaCBc_UgQOE85DwBg&ip=140.109.135.76&id=o-AHMrh_n_5A1-d8APoDzbnIp6wRiQhB7Wa3kz91y37HXR&itag=247&aitags=133%2C134%2C135%2C136%2C137%2C160%2C242%2C243%2C244%2C247%2C248%2C278&source=youtube&requiressl=yes&mh=lJ&mm=31%2C29&mn=sn-5njj-u2xe%2Csn-un57en7s&ms=au%2Crdu&mv=m&mvi=4&pcm2cms=yes&pl=16&gcr=tw&initcwndbps=410000&vprv=1&mime=video%2Fwebm&ns=IlTm0cKqNb5-78_MRMTA8nQF&gir=yes&clen=643953&dur=280.240&lmt=1576584092516869&mt=1612178454&fvip=4&keepalive=yes&c=WEB&txp=2316222&n=1DiBbBOmrKdq9IVTN&sparams=expire%2Cei%2Cip%2Cid%2Caitags%2Csource%2Crequiressl%2Cgcr%2Cvprv%2Cmime%2Cns%2Cgir%2Cclen%2Cdur%2Clmt&lsparams=mh%2Cmm%2Cmn%2Cms%2Cmv%2Cmvi%2Cpcm2cms%2Cpl%2Cinitcwndbps&lsig=AG3C_xAwRQIhAPX7O8T03Fks5fiVNmy5tT40d4bccjR7bCYv9egg-UnPAiAQhg-Tfik8bwLWVJpzEPZ7i_GZupqyEdI-otuPgkY8sA%3D%3D&sig=AOq0QJ8wRAIgJL-FmPeq3ZckuOxoek15afKj8abCWq3ik8xWmNElSv0CIGRB_oHvzydVeDXRZ6oJYbLuTq9K-L0wmMZ8sx8ZYLlY&ratebypass=yes", "player_url": "/s/player/7bc032d0/player_ias.vflset/en_US/base.js", "ext": "webm", "height": 720, "format_note": "720p", "vcodec": "vp9", "asr": null, "filesize": 643953, "fps": 25, "tbr": 22.468, "width": 720, "acodec": "none", "downloader_options": {"http_chunk_size": 10485760}, "format": "247 - 720x720 (720p)", "protocol": "https", "http_headers": {"User-Agent": "Mozilla/5.0 (Windows NT 10.0; Win64; x64) AppleWebKit/537.36 (KHTML, like Gecko) Chrome/74.0.3729.116 Safari/537.36", "Accept-Charset": "ISO-8859-1,utf-8;q=0.7,*;q=0.7", "Accept": "text/html,application/xhtml+xml,application/xml;q=0.9,*/*;q=0.8", "Accept-Encoding": "gzip, deflate", "Accept-Language": "en-us,en;q=0.5"}}, {"format_id": "134", "url": "https://r4---sn-5njj-u2xe.googlevideo.com/videoplayback?expire=1612200403&ei=c-UXYMaCBc_UgQOE85DwBg&ip=140.109.135.76&id=o-AHMrh_n_5A1-d8APoDzbnIp6wRiQhB7Wa3kz91y37HXR&itag=134&aitags=133%2C134%2C135%2C136%2C137%2C160%2C242%2C243%2C244%2C247%2C248%2C278&source=youtube&requiressl=yes&mh=lJ&mm=31%2C29&mn=sn-5njj-u2xe%2Csn-un57en7s&ms=au%2Crdu&mv=m&mvi=4&pcm2cms=yes&pl=16&gcr=tw&initcwndbps=410000&vprv=1&mime=video%2Fmp4&ns=IlTm0cKqNb5-78_MRMTA8nQF&gir=yes&clen=780602&dur=280.240&lmt=1576584088913761&mt=1612178454&fvip=4&keepalive=yes&c=WEB&txp=2316222&n=1DiBbBOmrKdq9IVTN&sparams=expire%2Cei%2Cip%2Cid%2Caitags%2Csource%2Crequiressl%2Cgcr%2Cvprv%2Cmime%2Cns%2Cgir%2Cclen%2Cdur%2Clmt&lsparams=mh%2Cmm%2Cmn%2Cms%2Cmv%2Cmvi%2Cpcm2cms%2Cpl%2Cinitcwndbps&lsig=AG3C_xAwRgIhAL8vuHwNxFsXcXARjL3p3zxPo7I-D2s2kmD3reHX7OjuAiEA23rEY7-Btwoz7NISjbyNFu4_xGSzKc_2qkfmjKOvW2A%3D&sig=AOq0QJ8wRAIgKoDHGJ_zc308TxcCfRzqEYqzAXOnxOgPpOlVNedrlyUCIArIYvr7dIhpwdwuABLfsfQg4JYFh501Y7KIWw7CW2Gz&ratebypass=yes", "player_url": "/s/player/7bc032d0/player_ias.vflset/en_US/base.js", "ext": "mp4", "height": 360, "format_note": "360p", "vcodec": "avc1.4d4015", "asr": null, "filesize": 780602, "fps": 25, "tbr": 24.946, "width": 360, "acodec": "none", "downloader_options": {"http_chunk_size": 10485760}, "format": "134 - 360x360 (360p)", "protocol": "https", "http_headers": {"User-Agent": "Mozilla/5.0 (Windows NT 10.0; Win64; x64) AppleWebKit/537.36 (KHTML, like Gecko) Chrome/74.0.3729.116 Safari/537.36", "Accept-Charset": "ISO-8859-1,utf-8;q=0.7,*;q=0.7", "Accept": "text/html,application/xhtml+xml,application/xml;q=0.9,*/*;q=0.8", "Accept-Encoding": "gzip, deflate", "Accept-Language": "en-us,en;q=0.5"}}, {"format_id": "248", "url": "https://r4---sn-5njj-u2xe.googlevideo.com/videoplayback?expire=1612200403&ei=c-UXYMaCBc_UgQOE85DwBg&ip=140.109.135.76&id=o-AHMrh_n_5A1-d8APoDzbnIp6wRiQhB7Wa3kz91y37HXR&itag=248&aitags=133%2C134%2C135%2C136%2C137%2C160%2C242%2C243%2C244%2C247%2C248%2C278&source=youtube&requiressl=yes&mh=lJ&mm=31%2C29&mn=sn-5njj-u2xe%2Csn-un57en7s&ms=au%2Crdu&mv=m&mvi=4&pcm2cms=yes&pl=16&gcr=tw&initcwndbps=410000&vprv=1&mime=video%2Fwebm&ns=IlTm0cKqNb5-78_MRMTA8nQF&gir=yes&clen=1398624&dur=280.240&lmt=1576584092516700&mt=1612178454&fvip=4&keepalive=yes&c=WEB&txp=2316222&n=1DiBbBOmrKdq9IVTN&sparams=expire%2Cei%2Cip%2Cid%2Caitags%2Csource%2Crequiressl%2Cgcr%2Cvprv%2Cmime%2Cns%2Cgir%2Cclen%2Cdur%2Clmt&lsparams=mh%2Cmm%2Cmn%2Cms%2Cmv%2Cmvi%2Cpcm2cms%2Cpl%2Cinitcwndbps&lsig=AG3C_xAwRQIgfj5wPAAjLoffdDV-ML82FFuGW5heuSxJMAwxEAuLlyoCIQCCRcKTtl_gqwTDQZPFwaED-WEFAVgR7mF-2pIy3tDgIg%3D%3D&sig=AOq0QJ8wRQIhAOY3oA_VrbhmcGN9juKduJTC7Bdr7MlVv7N86mSKQvd6AiAuRw1C48Ei9LAHsOZv-Fu8SVKUDTV3iswm31qScFEGgQ==&ratebypass=yes", "player_url": "/s/player/7bc032d0/player_ias.vflset/en_US/base.js", "ext": "webm", "height": 1080, "format_note": "1080p", "vcodec": "vp9", "asr": null, "filesize": 1398624, "fps": 25, "tbr": 44.68, "width": 1080, "acodec": "none", "downloader_options": {"http_chunk_size": 10485760}, "format": "248 - 1080x1080 (1080p)", "protocol": "https", "http_headers": {"User-Agent": "Mozilla/5.0 (Windows NT 10.0; Win64; x64) AppleWebKit/537.36 (KHTML, like Gecko) Chrome/74.0.3729.116 Safari/537.36", "Accept-Charset": "ISO-8859-1,utf-8;q=0.7,*;q=0.7", "Accept": "text/html,application/xhtml+xml,application/xml;q=0.9,*/*;q=0.8", "Accept-Encoding": "gzip, deflate", "Accept-Language": "en-us,en;q=0.5"}}, {"format_id": "135", "url": "https://r4---sn-5njj-u2xe.googlevideo.com/videoplayback?expire=1612200403&ei=c-UXYMaCBc_UgQOE85DwBg&ip=140.109.135.76&id=o-AHMrh_n_5A1-d8APoDzbnIp6wRiQhB7Wa3kz91y37HXR&itag=135&aitags=133%2C134%2C135%2C136%2C137%2C160%2C242%2C243%2C244%2C247%2C248%2C278&source=youtube&requiressl=yes&mh=lJ&mm=31%2C29&mn=sn-5njj-u2xe%2Csn-un57en7s&ms=au%2Crdu&mv=m&mvi=4&pcm2cms=yes&pl=16&gcr=tw&initcwndbps=410000&vprv=1&mime=video%2Fmp4&ns=IlTm0cKqNb5-78_MRMTA8nQF&gir=yes&clen=1316883&dur=280.240&lmt=1576584088913955&mt=1612178454&fvip=4&keepalive=yes&c=WEB&txp=2316222&n=1DiBbBOmrKdq9IVTN&sparams=expire%2Cei%2Cip%2Cid%2Caitags%2Csource%2Crequiressl%2Cgcr%2Cvprv%2Cmime%2Cns%2Cgir%2Cclen%2Cdur%2Clmt&lsparams=mh%2Cmm%2Cmn%2Cms%2Cmv%2Cmvi%2Cpcm2cms%2Cpl%2Cinitcwndbps&lsig=AG3C_xAwRQIgN05nsZ4ZlYzN--oWgMVQoBqqyUeS7rzgQpMVdu9z8K8CIQCWzLMNGAKbpik53Oyzqlsm8L8ELNW0x-Vpmn9rFpl_-w%3D%3D&sig=AOq0QJ8wRgIhANUEcmXp0q57Ey_FBPfNq9RDVFCmeoOWiza9GDvUoc8rAiEA71Zkdys7sRhbczrJkG1LHpjhenF8WwENpYY3iY6ISlo=&ratebypass=yes", "player_url": "/s/player/7bc032d0/player_ias.vflset/en_US/base.js", "ext": "mp4", "height": 480, "format_note": "480p", "vcodec": "avc1.4d401e", "asr": null, "filesize": 1316883, "fps": 25, "tbr": 48.861, "width": 480, "acodec": "none", "downloader_options": {"http_chunk_size": 10485760}, "format": "135 - 480x480 (480p)", "protocol": "https", "http_headers": {"User-Agent": "Mozilla/5.0 (Windows NT 10.0; Win64; x64) AppleWebKit/537.36 (KHTML, like Gecko) Chrome/74.0.3729.116 Safari/537.36", "Accept-Charset": "ISO-8859-1,utf-8;q=0.7,*;q=0.7", "Accept": "text/html,application/xhtml+xml,application/xml;q=0.9,*/*;q=0.8", "Accept-Encoding": "gzip, deflate", "Accept-Language": "en-us,en;q=0.5"}}, {"format_id": "136", "url": "https://r4---sn-5njj-u2xe.googlevideo.com/videoplayback?expire=1612200403&ei=c-UXYMaCBc_UgQOE85DwBg&ip=140.109.135.76&id=o-AHMrh_n_5A1-d8APoDzbnIp6wRiQhB7Wa3kz91y37HXR&itag=136&aitags=133%2C134%2C135%2C136%2C137%2C160%2C242%2C243%2C244%2C247%2C248%2C278&source=youtube&requiressl=yes&mh=lJ&mm=31%2C29&mn=sn-5njj-u2xe%2Csn-un57en7s&ms=au%2Crdu&mv=m&mvi=4&pcm2cms=yes&pl=16&gcr=tw&initcwndbps=410000&vprv=1&mime=video%2Fmp4&ns=IlTm0cKqNb5-78_MRMTA8nQF&gir=yes&clen=2822706&dur=280.240&lmt=1576584088906651&mt=1612178454&fvip=4&keepalive=yes&c=WEB&txp=2316222&n=1DiBbBOmrKdq9IVTN&sparams=expire%2Cei%2Cip%2Cid%2Caitags%2Csource%2Crequiressl%2Cgcr%2Cvprv%2Cmime%2Cns%2Cgir%2Cclen%2Cdur%2Clmt&lsparams=mh%2Cmm%2Cmn%2Cms%2Cmv%2Cmvi%2Cpcm2cms%2Cpl%2Cinitcwndbps&lsig=AG3C_xAwRQIhAOJR3OeheUr11OnaDTRghycSr214tXrUBCHuB-7UtktFAiBBGsM36EyH21F6TdY_BOIGHOsQgX5CtPS6ZV1e5u5J2A%3D%3D&sig=AOq0QJ8wRAIgDiqRlf2XDus_tHjxIzr0xKVgMjXABqLiESlUYLzs_qoCICQVwsBrK8tTx7hoGiKiaCzGWqHqrjgTMGxvU7n-zak-&ratebypass=yes", "player_url": "/s/player/7bc032d0/player_ias.vflset/en_US/base.js", "ext": "mp4", "height": 720, "format_note": "720p", "vcodec": "avc1.4d401f", "asr": null, "filesize": 2822706, "fps": 25, "tbr": 106.493, "width": 720, "acodec": "none", "downloader_options": {"http_chunk_size": 10485760}, "format": "136 - 720x720 (720p)", "protocol": "https", "http_headers": {"User-Agent": "Mozilla/5.0 (Windows NT 10.0; Win64; x64) AppleWebKit/537.36 (KHTML, like Gecko) Chrome/74.0.3729.116 Safari/537.36", "Accept-Charset": "ISO-8859-1,utf-8;q=0.7,*;q=0.7", "Accept": "text/html,application/xhtml+xml,application/xml;q=0.9,*/*;q=0.8", "Accept-Encoding": "gzip, deflate", "Accept-Language": "en-us,en;q=0.5"}}, {"format_id": "137", "url": "https://r4---sn-5njj-u2xe.googlevideo.com/videoplayback?expire=1612200403&ei=c-UXYMaCBc_UgQOE85DwBg&ip=140.109.135.76&id=o-AHMrh_n_5A1-d8APoDzbnIp6wRiQhB7Wa3kz91y37HXR&itag=137&aitags=133%2C134%2C135%2C136%2C137%2C160%2C242%2C243%2C244%2C247%2C248%2C278&source=youtube&requiressl=yes&mh=lJ&mm=31%2C29&mn=sn-5njj-u2xe%2Csn-un57en7s&ms=au%2Crdu&mv=m&mvi=4&pcm2cms=yes&pl=16&gcr=tw&initcwndbps=410000&vprv=1&mime=video%2Fmp4&ns=IlTm0cKqNb5-78_MRMTA8nQF&gir=yes&clen=6412388&dur=280.240&lmt=1576584088906615&mt=1612178454&fvip=4&keepalive=yes&c=WEB&txp=2316222&n=1DiBbBOmrKdq9IVTN&sparams=expire%2Cei%2Cip%2Cid%2Caitags%2Csource%2Crequiressl%2Cgcr%2Cvprv%2Cmime%2Cns%2Cgir%2Cclen%2Cdur%2Clmt&lsparams=mh%2Cmm%2Cmn%2Cms%2Cmv%2Cmvi%2Cpcm2cms%2Cpl%2Cinitcwndbps&lsig=AG3C_xAwRAIgIQO9M5f_RmXwPAmxsPtaqSQVK4DaAtZMirnpJM9BB18CIEsCc1fRAu0Th_5ZJ1EO8q9A4qnnqFUBcRc_1E23xCcy&sig=AOq0QJ8wRQIhAPP2cdg7Cw6A1x4Ezrt8C07yymC-T_go1jsLRSiszKkCAiBBLU7s9-SCC-kyJ7hZWA0CcL3rFMpwCum0vgjE5xnq_g==&ratebypass=yes", "player_url": "/s/player/7bc032d0/player_ias.vflset/en_US/base.js", "ext": "mp4", "height": 1080, "format_note": "1080p", "vcodec": "avc1.640020", "asr": null, "filesize": 6412388, "fps": 25, "tbr": 244.082, "width": 1080, "acodec": "none", "downloader_options": {"http_chunk_size": 10485760}, "format": "137 - 1080x1080 (1080p)", "protocol": "https", "http_headers": {"User-Agent": "Mozilla/5.0 (Windows NT 10.0; Win64; x64) AppleWebKit/537.36 (KHTML, like Gecko) Chrome/74.0.3729.116 Safari/537.36", "Accept-Charset": "ISO-8859-1,utf-8;q=0.7,*;q=0.7", "Accept": "text/html,application/xhtml+xml,application/xml;q=0.9,*/*;q=0.8", "Accept-Encoding": "gzip, deflate", "Accept-Language": "en-us,en;q=0.5"}}, {"format_id": "18", "url": "https://r4---sn-5njj-u2xe.googlevideo.com/videoplayback?expire=1612200403&ei=c-UXYMaCBc_UgQOE85DwBg&ip=140.109.135.76&id=o-AHMrh_n_5A1-d8APoDzbnIp6wRiQhB7Wa3kz91y37HXR&itag=18&source=youtube&requiressl=yes&mh=lJ&mm=31%2C29&mn=sn-5njj-u2xe%2Csn-un57en7s&ms=au%2Crdu&mv=m&mvi=4&pcm2cms=yes&pl=16&gcr=tw&initcwndbps=410000&vprv=1&mime=video%2Fmp4&ns=RtgAnnFWkDn91WYeHEuecwIF&gir=yes&clen=4222576&ratebypass=yes&dur=280.311&lmt=1576584067080964&mt=1612178454&fvip=4&c=WEB&txp=2316222&n=jNB6OhxG2hOVXVc2t&sparams=expire%2Cei%2Cip%2Cid%2Citag%2Csource%2Crequiressl%2Cgcr%2Cvprv%2Cmime%2Cns%2Cgir%2Cclen%2Cratebypass%2Cdur%2Clmt&lsparams=mh%2Cmm%2Cmn%2Cms%2Cmv%2Cmvi%2Cpcm2cms%2Cpl%2Cinitcwndbps&lsig=AG3C_xAwRQIhAKBbqp5gFL9iubxu_Ep6GVxWkYKRG-9MpYctePkVonp7AiAgA0uAcZdZ5-j3SkqHfUzBt3lb1wSolAZOuIyJCpAQsQ%3D%3D&sig=AOq0QJ8wRAIgd42k-oiP_UN_6AGv8u0eU8wZmA1HQsptI9f6AeaYb4sCID-4XgflWPEt1jvJI3sVoxvXd4t9PfszPj37hSyKSOXB", "player_url": "/s/player/7bc032d0/player_ias.vflset/en_US/base.js", "ext": "mp4", "width": 360, "height": 360, "acodec": "mp4a.40.2", "abr": 96, "vcodec": "avc1.42001E", "asr": 44100, "filesize": 4222576, "format_note": "360p", "fps": 25, "tbr": 120.541, "format": "18 - 360x360 (360p)", "protocol": "https", "http_headers": {"User-Agent": "Mozilla/5.0 (Windows NT 10.0; Win64; x64) AppleWebKit/537.36 (KHTML, like Gecko) Chrome/74.0.3729.116 Safari/537.36", "Accept-Charset": "ISO-8859-1,utf-8;q=0.7,*;q=0.7", "Accept": "text/html,application/xhtml+xml,application/xml;q=0.9,*/*;q=0.8", "Accept-Encoding": "gzip, deflate", "Accept-Language": "en-us,en;q=0.5"}}], "is_live": null, "start_time": null, "end_time": null, "series": null, "season_number": null, "episode_number": null, "track": "First Love (Light Dance)", "artist": "Akira Kosemura", "album": "MANON (Music for the Contemporary Ballet Theatre)", "release_date": "20120523", "release_year": 2012, "extractor": "youtube", "webpage_url_basename": "watch", "extractor_key": "Youtube", "playlist": null, "playlist_index": null, "thumbnail": "https://i.ytimg.com/vi_webp/POaIGvLsp5M/maxresdefault.webp", "display_id": "POaIGvLsp5M", "requested_subtitles": null, "format_id": "251", "url": "https://r4---sn-5njj-u2xe.googlevideo.com/videoplayback?expire=1612200403&ei=c-UXYMaCBc_UgQOE85DwBg&ip=140.109.135.76&id=o-AHMrh_n_5A1-d8APoDzbnIp6wRiQhB7Wa3kz91y37HXR&itag=251&source=youtube&requiressl=yes&mh=lJ&mm=31%2C29&mn=sn-5njj-u2xe%2Csn-un57en7s&ms=au%2Crdu&mv=m&mvi=4&pcm2cms=yes&pl=16&gcr=tw&initcwndbps=410000&vprv=1&mime=audio%2Fwebm&ns=IlTm0cKqNb5-78_MRMTA8nQF&gir=yes&clen=5844391&dur=280.281&lmt=1610714509649166&mt=1612178454&fvip=4&keepalive=yes&c=WEB&txp=2311222&n=1DiBbBOmrKdq9IVTN&sparams=expire%2Cei%2Cip%2Cid%2Citag%2Csource%2Crequiressl%2Cgcr%2Cvprv%2Cmime%2Cns%2Cgir%2Cclen%2Cdur%2Clmt&lsparams=mh%2Cmm%2Cmn%2Cms%2Cmv%2Cmvi%2Cpcm2cms%2Cpl%2Cinitcwndbps&lsig=AG3C_xAwRAIgEyQxQPiCFVcpO5G70BHYpnwjvy0RMfeUJ743wSb84tUCIHiZ3wbAeGdfbdQvdie6HgkRDUngkS7iVBT9viqYRf-b&sig=AOq0QJ8wRgIhAImguLsv4LNDeXEOKoAnX7gAptuG5nLd2PfQ-yw-pK-5AiEAlIFuc09u2cEyExnYxo3PgM6-mkfLdoN5ddFWn7bD-Ls=&ratebypass=yes", "player_url": "/s/player/7bc032d0/player_ias.vflset/en_US/base.js", "ext": "webm", "format_note": "tiny", "acodec": "opus", "abr": 160, "asr": 48000, "filesize": 5844391, "fps": null, "height": null, "tbr": 175.694, "width": null, "vcodec": "none", "downloader_options": {"http_chunk_size": 10485760}, "format": "251 - audio only (tiny)", "protocol": "https", "http_headers": {"User-Agent": "Mozilla/5.0 (Windows NT 10.0; Win64; x64) AppleWebKit/537.36 (KHTML, like Gecko) Chrome/74.0.3729.116 Safari/537.36", "Accept-Charset": "ISO-8859-1,utf-8;q=0.7,*;q=0.7", "Accept": "text/html,application/xhtml+xml,application/xml;q=0.9,*/*;q=0.8", "Accept-Encoding": "gzip, deflate", "Accept-Language": "en-us,en;q=0.5"}}