{"id": "PE1pxcgs604", "uploader": "pianodoc82", "uploader_id": "pianodoc82", "uploader_url": "http://www.youtube.com/user/pianodoc82", "channel_id": "UCy5Cd34isUZj7sJHFDmbVvA", "channel_url": "http://www.youtube.com/channel/UCy5Cd34isUZj7sJHFDmbVvA", "upload_date": "20180804", "license": null, "creator": null, "title": "John Tesh Piano Medley", "alt_title": null, "thumbnails": [{"url": "https://i.ytimg.com/vi/PE1pxcgs604/hqdefault.jpg?sqp=-oaymwEbCKgBEF5IVfKriqkDDggBFQAAiEIYAXABwAEG&rs=AOn4CLBVeSw8iehBefwodBODlBRgZeHnjA", "width": 168, "height": 94, "resolution": "168x94", "id": "0"}, {"url": "https://i.ytimg.com/vi/PE1pxcgs604/hqdefault.jpg?sqp=-oaymwEbCMQBEG5IVfKriqkDDggBFQAAiEIYAXABwAEG&rs=AOn4CLAlJGHLwukqlyf8Gu6ITzP8uLNeLw", "width": 196, "height": 110, "resolution": "196x110", "id": "1"}, {"url": "https://i.ytimg.com/vi/PE1pxcgs604/hqdefault.jpg?sqp=-oaymwEcCPYBEIoBSFXyq4qpAw4IARUAAIhCGAFwAcABBg==&rs=AOn4CLAzgAA3L9Z59WIDdoSXEG0evqNlSg", "width": 246, "height": 138, "resolution": "246x138", "id": "2"}, {"url": "https://i.ytimg.com/vi/PE1pxcgs604/hqdefault.jpg?sqp=-oaymwEcCNACELwBSFXyq4qpAw4IARUAAIhCGAFwAcABBg==&rs=AOn4CLAjgJ16vV2JCKVPwVDHHWJQ4LRTpA", "width": 336, "height": 188, "resolution": "336x188", "id": "3"}, {"url": "https://i.ytimg.com/vi_webp/PE1pxcgs604/maxresdefault.webp", "width": 1920, "height": 1080, "resolution": "1920x1080", "id": "4"}], "description": "Hey Youtube!\n\nI was going through piano medley withdrawal so figured it was about time to post a new one. I\u2019m not sure why of all the things I could have posted I picked this. I had A CD of John Tesh music in the late 90\u2019s called Avalon that I used to like to study to while in high school. I know what you\u2019re thinking \u2013 I swear I did have friends (they just weren\u2019t aware of my J Tesh related study habits). Anyway \u2013 I\u2019ve had this music in my head for years. I know there\u2019s someone else out there who has heard this music \u2013 this is for you! Enjoy!\n\nIn order, the songs are:\n\nRoundball Rock (NBA on NBC theme)\nPolar Express\nSeven Fourty Seven\nAvalon\nGoodnight Moon", "categories": ["Music"], "tags": ["pianodoc82", "john tesh", "piano", "medley", "roundball rock", "nba on nbc theme", "polar express", "seven fourty seven", "avalon", "goodnight moon"], "subtitles": {}, "automatic_captions": {}, "duration": 264, "age_limit": 0, "annotations": null, "chapters": null, "webpage_url": "https://www.youtube.com/watch?v=PE1pxcgs604", "view_count": 3424, "like_count": 108, "dislike_count": 2, "average_rating": 4.9272728, "formats": [{"format_id": "249", "url": "https://r6---sn-5njj-u2xl.googlevideo.com/videoplayback?expire=1612426603&ei=C1kbYOaUGdSD1d8PwOwv&ip=140.109.135.76&id=o-AAcZ0p9cKVBQ_oLH9Yg1xypWbESCFxqi6qYVpfKGlLs9&itag=249&source=youtube&requiressl=yes&mh=5P&mm=31%2C29&mn=sn-5njj-u2xl%2Csn-un57sn7s&ms=au%2Crdu&mv=m&mvi=6&pcm2cms=yes&pl=16&initcwndbps=375000&vprv=1&mime=audio%2Fwebm&ns=4eJ89tYD3vnVYHU4-KO0qvkF&gir=yes&clen=2026048&dur=264.161&lmt=1533420825660493&mt=1612404299&fvip=6&keepalive=yes&beids=9466586&c=WEB&n=WvA68dDzS_IUdfkau&sparams=expire%2Cei%2Cip%2Cid%2Citag%2Csource%2Crequiressl%2Cvprv%2Cmime%2Cns%2Cgir%2Cclen%2Cdur%2Clmt&sig=AOq0QJ8wRgIhAOOIdN-l43lh48Xwu8Q1Bc5N6X9tqf6MY6hbTgvbeF07AiEAq3WJNg5wWEM-g8GTKnaw1kGZbaudLOysmJFBKOg_JHI%3D&lsparams=mh%2Cmm%2Cmn%2Cms%2Cmv%2Cmvi%2Cpcm2cms%2Cpl%2Cinitcwndbps&lsig=AG3C_xAwRQIgepYgEcULIdE8Or6ztT2HRJZ908_Rxal-1IMdpTPHovoCIQD9MQAAA6IG1HxvwTsXol3uznXzG9aSVmq5kGdin9mt5w%3D%3D&ratebypass=yes", "player_url": null, "ext": "webm", "format_note": "tiny", "acodec": "opus", "abr": 50, "asr": 48000, "filesize": 2026048, "fps": null, "height": null, "tbr": 67.064, "width": null, "vcodec": "none", "downloader_options": {"http_chunk_size": 10485760}, "format": "249 - audio only (tiny)", "protocol": "https", "http_headers": {"User-Agent": "Mozilla/5.0 (Windows NT 10.0; Win64; x64) AppleWebKit/537.36 (KHTML, like Gecko) Chrome/70.0.3538.122 Safari/537.36", "Accept-Charset": "ISO-8859-1,utf-8;q=0.7,*;q=0.7", "Accept": "text/html,application/xhtml+xml,application/xml;q=0.9,*/*;q=0.8", "Accept-Encoding": "gzip, deflate", "Accept-Language": "en-us,en;q=0.5"}}, {"format_id": "250", "url": "https://r6---sn-5njj-u2xl.googlevideo.com/videoplayback?expire=1612426603&ei=C1kbYOaUGdSD1d8PwOwv&ip=140.109.135.76&id=o-AAcZ0p9cKVBQ_oLH9Yg1xypWbESCFxqi6qYVpfKGlLs9&itag=250&source=youtube&requiressl=yes&mh=5P&mm=31%2C29&mn=sn-5njj-u2xl%2Csn-un57sn7s&ms=au%2Crdu&mv=m&mvi=6&pcm2cms=yes&pl=16&initcwndbps=375000&vprv=1&mime=audio%2Fwebm&ns=4eJ89tYD3vnVYHU4-KO0qvkF&gir=yes&clen=2721743&dur=264.161&lmt=1533420826883674&mt=1612404299&fvip=6&keepalive=yes&beids=9466586&c=WEB&n=WvA68dDzS_IUdfkau&sparams=expire%2Cei%2Cip%2Cid%2Citag%2Csource%2Crequiressl%2Cvprv%2Cmime%2Cns%2Cgir%2Cclen%2Cdur%2Clmt&sig=AOq0QJ8wRQIhAMMMRpp7vzPLBiFJcAnEEC-JyMbZnftdvIitZiI6AFB8AiBYR4z4AewDekF-t4E_9kG2XmVh2WtHldYJ4voRWV4Zsg%3D%3D&lsparams=mh%2Cmm%2Cmn%2Cms%2Cmv%2Cmvi%2Cpcm2cms%2Cpl%2Cinitcwndbps&lsig=AG3C_xAwRQIgepYgEcULIdE8Or6ztT2HRJZ908_Rxal-1IMdpTPHovoCIQD9MQAAA6IG1HxvwTsXol3uznXzG9aSVmq5kGdin9mt5w%3D%3D&ratebypass=yes", "player_url": null, "ext": "webm", "format_note": "tiny", "acodec": "opus", "abr": 70, "asr": 48000, "filesize": 2721743, "fps": null, "height": null, "tbr": 89.353, "width": null, "vcodec": "none", "downloader_options": {"http_chunk_size": 10485760}, "format": "250 - audio only (tiny)", "protocol": "https", "http_headers": {"User-Agent": "Mozilla/5.0 (Windows NT 10.0; Win64; x64) AppleWebKit/537.36 (KHTML, like Gecko) Chrome/70.0.3538.122 Safari/537.36", "Accept-Charset": "ISO-8859-1,utf-8;q=0.7,*;q=0.7", "Accept": "text/html,application/xhtml+xml,application/xml;q=0.9,*/*;q=0.8", "Accept-Encoding": "gzip, deflate", "Accept-Language": "en-us,en;q=0.5"}}, {"format_id": "140", "url": "https://r6---sn-5njj-u2xl.googlevideo.com/videoplayback?expire=1612426603&ei=C1kbYOaUGdSD1d8PwOwv&ip=140.109.135.76&id=o-AAcZ0p9cKVBQ_oLH9Yg1xypWbESCFxqi6qYVpfKGlLs9&itag=140&source=youtube&requiressl=yes&mh=5P&mm=31%2C29&mn=sn-5njj-u2xl%2Csn-un57sn7s&ms=au%2Crdu&mv=m&mvi=6&pcm2cms=yes&pl=16&initcwndbps=375000&vprv=1&mime=audio%2Fmp4&ns=4eJ89tYD3vnVYHU4-KO0qvkF&gir=yes&clen=4196768&dur=264.196&lmt=1533419959765197&mt=1612404299&fvip=6&keepalive=yes&beids=9466586&c=WEB&n=WvA68dDzS_IUdfkau&sparams=expire%2Cei%2Cip%2Cid%2Citag%2Csource%2Crequiressl%2Cvprv%2Cmime%2Cns%2Cgir%2Cclen%2Cdur%2Clmt&sig=AOq0QJ8wRgIhAMQbTfhcE71LRNJimaCAeHM4M9hwhjfWDJj0Dh5cx9gqAiEAhD31L6plJN9eI-irXC0nyMesKjbA8Zf7i3X-rx5Oupw%3D&lsparams=mh%2Cmm%2Cmn%2Cms%2Cmv%2Cmvi%2Cpcm2cms%2Cpl%2Cinitcwndbps&lsig=AG3C_xAwRQIgepYgEcULIdE8Or6ztT2HRJZ908_Rxal-1IMdpTPHovoCIQD9MQAAA6IG1HxvwTsXol3uznXzG9aSVmq5kGdin9mt5w%3D%3D&ratebypass=yes", "player_url": null, "ext": "m4a", "format_note": "tiny", "acodec": "mp4a.40.2", "abr": 128, "container": "m4a_dash", "asr": 44100, "filesize": 4196768, "fps": null, "height": null, "tbr": 128.02, "width": null, "vcodec": "none", "downloader_options": {"http_chunk_size": 10485760}, "format": "140 - audio only (tiny)", "protocol": "https", "http_headers": {"User-Agent": "Mozilla/5.0 (Windows NT 10.0; Win64; x64) AppleWebKit/537.36 (KHTML, like Gecko) Chrome/70.0.3538.122 Safari/537.36", "Accept-Charset": "ISO-8859-1,utf-8;q=0.7,*;q=0.7", "Accept": "text/html,application/xhtml+xml,application/xml;q=0.9,*/*;q=0.8", "Accept-Encoding": "gzip, deflate", "Accept-Language": "en-us,en;q=0.5"}}, {"format_id": "251", "url": "https://r6---sn-5njj-u2xl.googlevideo.com/videoplayback?expire=1612426603&ei=C1kbYOaUGdSD1d8PwOwv&ip=140.109.135.76&id=o-AAcZ0p9cKVBQ_oLH9Yg1xypWbESCFxqi6qYVpfKGlLs9&itag=251&source=youtube&requiressl=yes&mh=5P&mm=31%2C29&mn=sn-5njj-u2xl%2Csn-un57sn7s&ms=au%2Crdu&mv=m&mvi=6&pcm2cms=yes&pl=16&initcwndbps=375000&vprv=1&mime=audio%2Fwebm&ns=4eJ89tYD3vnVYHU4-KO0qvkF&gir=yes&clen=5212558&dur=264.161&lmt=1533420825359331&mt=1612404299&fvip=6&keepalive=yes&beids=9466586&c=WEB&n=WvA68dDzS_IUdfkau&sparams=expire%2Cei%2Cip%2Cid%2Citag%2Csource%2Crequiressl%2Cvprv%2Cmime%2Cns%2Cgir%2Cclen%2Cdur%2Clmt&sig=AOq0QJ8wRQIhALXXGcPuIJPrY8f6XCSBm0EklBWESNBlNcyY0T03J6FbAiACEfu6J6QJwPKgaNoYVhuO29DYTataatsPMx3KbzBltA%3D%3D&lsparams=mh%2Cmm%2Cmn%2Cms%2Cmv%2Cmvi%2Cpcm2cms%2Cpl%2Cinitcwndbps&lsig=AG3C_xAwRQIgepYgEcULIdE8Or6ztT2HRJZ908_Rxal-1IMdpTPHovoCIQD9MQAAA6IG1HxvwTsXol3uznXzG9aSVmq5kGdin9mt5w%3D%3D&ratebypass=yes", "player_url": null, "ext": "webm", "format_note": "tiny", "acodec": "opus", "abr": 160, "asr": 48000, "filesize": 5212558, "fps": null, "height": null, "tbr": 168.687, "width": null, "vcodec": "none", "downloader_options": {"http_chunk_size": 10485760}, "format": "251 - audio only (tiny)", "protocol": "https", "http_headers": {"User-Agent": "Mozilla/5.0 (Windows NT 10.0; Win64; x64) AppleWebKit/537.36 (KHTML, like Gecko) Chrome/70.0.3538.122 Safari/537.36", "Accept-Charset": "ISO-8859-1,utf-8;q=0.7,*;q=0.7", "Accept": "text/html,application/xhtml+xml,application/xml;q=0.9,*/*;q=0.8", "Accept-Encoding": "gzip, deflate", "Accept-Language": "en-us,en;q=0.5"}}, {"format_id": "160", "url": "https://r6---sn-5njj-u2xl.googlevideo.com/videoplayback?expire=1612426603&ei=C1kbYOaUGdSD1d8PwOwv&ip=140.109.135.76&id=o-AAcZ0p9cKVBQ_oLH9Yg1xypWbESCFxqi6qYVpfKGlLs9&itag=160&aitags=133%2C134%2C135%2C136%2C160%2C242%2C243%2C244%2C247%2C278&source=youtube&requiressl=yes&mh=5P&mm=31%2C29&mn=sn-5njj-u2xl%2Csn-un57sn7s&ms=au%2Crdu&mv=m&mvi=6&pcm2cms=yes&pl=16&initcwndbps=375000&vprv=1&mime=video%2Fmp4&ns=4eJ89tYD3vnVYHU4-KO0qvkF&gir=yes&clen=1733960&dur=264.130&lmt=1533419972639399&mt=1612404299&fvip=6&keepalive=yes&beids=9466586&c=WEB&n=WvA68dDzS_IUdfkau&sparams=expire%2Cei%2Cip%2Cid%2Caitags%2Csource%2Crequiressl%2Cvprv%2Cmime%2Cns%2Cgir%2Cclen%2Cdur%2Clmt&sig=AOq0QJ8wRQIgIHWZRXn3-yxzxIZilDOAGp4uyxZGWQ-4kzzHUYLohiYCIQDd3BBzWkJUzC49mGQy76gnVs84VNE8BWqYly8gqBVoMA%3D%3D&lsparams=mh%2Cmm%2Cmn%2Cms%2Cmv%2Cmvi%2Cpcm2cms%2Cpl%2Cinitcwndbps&lsig=AG3C_xAwRQIgepYgEcULIdE8Or6ztT2HRJZ908_Rxal-1IMdpTPHovoCIQD9MQAAA6IG1HxvwTsXol3uznXzG9aSVmq5kGdin9mt5w%3D%3D&ratebypass=yes", "player_url": null, "ext": "mp4", "height": 144, "format_note": "144p", "vcodec": "avc1.4d400c", "asr": null, "filesize": 1733960, "fps": 30, "tbr": 84.173, "width": 256, "acodec": "none", "downloader_options": {"http_chunk_size": 10485760}, "format": "160 - 256x144 (144p)", "protocol": "https", "http_headers": {"User-Agent": "Mozilla/5.0 (Windows NT 10.0; Win64; x64) AppleWebKit/537.36 (KHTML, like Gecko) Chrome/70.0.3538.122 Safari/537.36", "Accept-Charset": "ISO-8859-1,utf-8;q=0.7,*;q=0.7", "Accept": "text/html,application/xhtml+xml,application/xml;q=0.9,*/*;q=0.8", "Accept-Encoding": "gzip, deflate", "Accept-Language": "en-us,en;q=0.5"}}, {"format_id": "278", "url": "https://r6---sn-5njj-u2xl.googlevideo.com/videoplayback?expire=1612426603&ei=C1kbYOaUGdSD1d8PwOwv&ip=140.109.135.76&id=o-AAcZ0p9cKVBQ_oLH9Yg1xypWbESCFxqi6qYVpfKGlLs9&itag=278&aitags=133%2C134%2C135%2C136%2C160%2C242%2C243%2C244%2C247%2C278&source=youtube&requiressl=yes&mh=5P&mm=31%2C29&mn=sn-5njj-u2xl%2Csn-un57sn7s&ms=au%2Crdu&mv=m&mvi=6&pcm2cms=yes&pl=16&initcwndbps=375000&vprv=1&mime=video%2Fwebm&ns=4eJ89tYD3vnVYHU4-KO0qvkF&gir=yes&clen=3116990&dur=264.131&lmt=1533421695575506&mt=1612404299&fvip=6&keepalive=yes&beids=9466586&c=WEB&n=WvA68dDzS_IUdfkau&sparams=expire%2Cei%2Cip%2Cid%2Caitags%2Csource%2Crequiressl%2Cvprv%2Cmime%2Cns%2Cgir%2Cclen%2Cdur%2Clmt&sig=AOq0QJ8wRAIgdyyl6t0KB0EChuvFT9pCs8RqcJeFXVg1iH4Z7BRdBocCIBa42QQ419l-sILRCgldDt7VL1ywPKE5P-JLz2F1fF5C&lsparams=mh%2Cmm%2Cmn%2Cms%2Cmv%2Cmvi%2Cpcm2cms%2Cpl%2Cinitcwndbps&lsig=AG3C_xAwRQIgepYgEcULIdE8Or6ztT2HRJZ908_Rxal-1IMdpTPHovoCIQD9MQAAA6IG1HxvwTsXol3uznXzG9aSVmq5kGdin9mt5w%3D%3D&ratebypass=yes", "player_url": null, "ext": "webm", "height": 144, "format_note": "144p", "container": "webm", "vcodec": "vp9", "asr": null, "filesize": 3116990, "fps": 30, "tbr": 98.704, "width": 256, "acodec": "none", "downloader_options": {"http_chunk_size": 10485760}, "format": "278 - 256x144 (144p)", "protocol": "https", "http_headers": {"User-Agent": "Mozilla/5.0 (Windows NT 10.0; Win64; x64) AppleWebKit/537.36 (KHTML, like Gecko) Chrome/70.0.3538.122 Safari/537.36", "Accept-Charset": "ISO-8859-1,utf-8;q=0.7,*;q=0.7", "Accept": "text/html,application/xhtml+xml,application/xml;q=0.9,*/*;q=0.8", "Accept-Encoding": "gzip, deflate", "Accept-Language": "en-us,en;q=0.5"}}, {"format_id": "242", "url": "https://r6---sn-5njj-u2xl.googlevideo.com/videoplayback?expire=1612426603&ei=C1kbYOaUGdSD1d8PwOwv&ip=140.109.135.76&id=o-AAcZ0p9cKVBQ_oLH9Yg1xypWbESCFxqi6qYVpfKGlLs9&itag=242&aitags=133%2C134%2C135%2C136%2C160%2C242%2C243%2C244%2C247%2C278&source=youtube&requiressl=yes&mh=5P&mm=31%2C29&mn=sn-5njj-u2xl%2Csn-un57sn7s&ms=au%2Crdu&mv=m&mvi=6&pcm2cms=yes&pl=16&initcwndbps=375000&vprv=1&mime=video%2Fwebm&ns=4eJ89tYD3vnVYHU4-KO0qvkF&gir=yes&clen=4501450&dur=264.131&lmt=1533421695622030&mt=1612404299&fvip=6&keepalive=yes&beids=9466586&c=WEB&n=WvA68dDzS_IUdfkau&sparams=expire%2Cei%2Cip%2Cid%2Caitags%2Csource%2Crequiressl%2Cvprv%2Cmime%2Cns%2Cgir%2Cclen%2Cdur%2Clmt&sig=AOq0QJ8wRgIhAJnG5MYzf0VtZRLBCUxQfnsQkZnigU4NgxGgj0zupqJ_AiEAoCCbTA2yL38k0CvqBdUp6V6qjUsgLThzxmK5FAuG-0g%3D&lsparams=mh%2Cmm%2Cmn%2Cms%2Cmv%2Cmvi%2Cpcm2cms%2Cpl%2Cinitcwndbps&lsig=AG3C_xAwRQIgepYgEcULIdE8Or6ztT2HRJZ908_Rxal-1IMdpTPHovoCIQD9MQAAA6IG1HxvwTsXol3uznXzG9aSVmq5kGdin9mt5w%3D%3D&ratebypass=yes", "player_url": null, "ext": "webm", "height": 240, "format_note": "240p", "vcodec": "vp9", "asr": null, "filesize": 4501450, "fps": 30, "tbr": 164.29, "width": 426, "acodec": "none", "downloader_options": {"http_chunk_size": 10485760}, "format": "242 - 426x240 (240p)", "protocol": "https", "http_headers": {"User-Agent": "Mozilla/5.0 (Windows NT 10.0; Win64; x64) AppleWebKit/537.36 (KHTML, like Gecko) Chrome/70.0.3538.122 Safari/537.36", "Accept-Charset": "ISO-8859-1,utf-8;q=0.7,*;q=0.7", "Accept": "text/html,application/xhtml+xml,application/xml;q=0.9,*/*;q=0.8", "Accept-Encoding": "gzip, deflate", "Accept-Language": "en-us,en;q=0.5"}}, {"format_id": "133", "url": "https://r6---sn-5njj-u2xl.googlevideo.com/videoplayback?expire=1612426603&ei=C1kbYOaUGdSD1d8PwOwv&ip=140.109.135.76&id=o-AAcZ0p9cKVBQ_oLH9Yg1xypWbESCFxqi6qYVpfKGlLs9&itag=133&aitags=133%2C134%2C135%2C136%2C160%2C242%2C243%2C244%2C247%2C278&source=youtube&requiressl=yes&mh=5P&mm=31%2C29&mn=sn-5njj-u2xl%2Csn-un57sn7s&ms=au%2Crdu&mv=m&mvi=6&pcm2cms=yes&pl=16&initcwndbps=375000&vprv=1&mime=video%2Fmp4&ns=4eJ89tYD3vnVYHU4-KO0qvkF&gir=yes&clen=3647955&dur=264.130&lmt=1533419972734464&mt=1612404299&fvip=6&keepalive=yes&beids=9466586&c=WEB&n=WvA68dDzS_IUdfkau&sparams=expire%2Cei%2Cip%2Cid%2Caitags%2Csource%2Crequiressl%2Cvprv%2Cmime%2Cns%2Cgir%2Cclen%2Cdur%2Clmt&sig=AOq0QJ8wRAIgacNp9c5lLw5_l5u0Wdn8HmApIIu2BjIvIODe4MIijyoCIEaoGjC4jGtLWb7nUDdfZEZAdMbdh88P4LDdiS2dMkDJ&lsparams=mh%2Cmm%2Cmn%2Cms%2Cmv%2Cmvi%2Cpcm2cms%2Cpl%2Cinitcwndbps&lsig=AG3C_xAwRQIgepYgEcULIdE8Or6ztT2HRJZ908_Rxal-1IMdpTPHovoCIQD9MQAAA6IG1HxvwTsXol3uznXzG9aSVmq5kGdin9mt5w%3D%3D&ratebypass=yes", "player_url": null, "ext": "mp4", "height": 240, "format_note": "240p", "vcodec": "avc1.4d4015", "asr": null, "filesize": 3647955, "fps": 30, "tbr": 174.716, "width": 426, "acodec": "none", "downloader_options": {"http_chunk_size": 10485760}, "format": "133 - 426x240 (240p)", "protocol": "https", "http_headers": {"User-Agent": "Mozilla/5.0 (Windows NT 10.0; Win64; x64) AppleWebKit/537.36 (KHTML, like Gecko) Chrome/70.0.3538.122 Safari/537.36", "Accept-Charset": "ISO-8859-1,utf-8;q=0.7,*;q=0.7", "Accept": "text/html,application/xhtml+xml,application/xml;q=0.9,*/*;q=0.8", "Accept-Encoding": "gzip, deflate", "Accept-Language": "en-us,en;q=0.5"}}, {"format_id": "134", "url": "https://r6---sn-5njj-u2xl.googlevideo.com/videoplayback?expire=1612426603&ei=C1kbYOaUGdSD1d8PwOwv&ip=140.109.135.76&id=o-AAcZ0p9cKVBQ_oLH9Yg1xypWbESCFxqi6qYVpfKGlLs9&itag=134&aitags=133%2C134%2C135%2C136%2C160%2C242%2C243%2C244%2C247%2C278&source=youtube&requiressl=yes&mh=5P&mm=31%2C29&mn=sn-5njj-u2xl%2Csn-un57sn7s&ms=au%2Crdu&mv=m&mvi=6&pcm2cms=yes&pl=16&initcwndbps=375000&vprv=1&mime=video%2Fmp4&ns=4eJ89tYD3vnVYHU4-KO0qvkF&gir=yes&clen=5378105&dur=264.130&lmt=1533419972732253&mt=1612404299&fvip=6&keepalive=yes&beids=9466586&c=WEB&n=WvA68dDzS_IUdfkau&sparams=expire%2Cei%2Cip%2Cid%2Caitags%2Csource%2Crequiressl%2Cvprv%2Cmime%2Cns%2Cgir%2Cclen%2Cdur%2Clmt&sig=AOq0QJ8wRgIhAOTRQXNN4q5xCnOsaoB7MlC-wV8aXlpIDfv_CkvY1309AiEAr4GDHHvzzFLYAoqkUW5aOU_kINlwsu-Jbq5HPs7Thv4%3D&lsparams=mh%2Cmm%2Cmn%2Cms%2Cmv%2Cmvi%2Cpcm2cms%2Cpl%2Cinitcwndbps&lsig=AG3C_xAwRQIgepYgEcULIdE8Or6ztT2HRJZ908_Rxal-1IMdpTPHovoCIQD9MQAAA6IG1HxvwTsXol3uznXzG9aSVmq5kGdin9mt5w%3D%3D&ratebypass=yes", "player_url": null, "ext": "mp4", "height": 360, "format_note": "360p", "vcodec": "avc1.4d401e", "asr": null, "filesize": 5378105, "fps": 30, "tbr": 251.533, "width": 640, "acodec": "none", "downloader_options": {"http_chunk_size": 10485760}, "format": "134 - 640x360 (360p)", "protocol": "https", "http_headers": {"User-Agent": "Mozilla/5.0 (Windows NT 10.0; Win64; x64) AppleWebKit/537.36 (KHTML, like Gecko) Chrome/70.0.3538.122 Safari/537.36", "Accept-Charset": "ISO-8859-1,utf-8;q=0.7,*;q=0.7", "Accept": "text/html,application/xhtml+xml,application/xml;q=0.9,*/*;q=0.8", "Accept-Encoding": "gzip, deflate", "Accept-Language": "en-us,en;q=0.5"}}, {"format_id": "243", "url": "https://r6---sn-5njj-u2xl.googlevideo.com/videoplayback?expire=1612426603&ei=C1kbYOaUGdSD1d8PwOwv&ip=140.109.135.76&id=o-AAcZ0p9cKVBQ_oLH9Yg1xypWbESCFxqi6qYVpfKGlLs9&itag=243&aitags=133%2C134%2C135%2C136%2C160%2C242%2C243%2C244%2C247%2C278&source=youtube&requiressl=yes&mh=5P&mm=31%2C29&mn=sn-5njj-u2xl%2Csn-un57sn7s&ms=au%2Crdu&mv=m&mvi=6&pcm2cms=yes&pl=16&initcwndbps=375000&vprv=1&mime=video%2Fwebm&ns=4eJ89tYD3vnVYHU4-KO0qvkF&gir=yes&clen=8450316&dur=264.131&lmt=1533421695631652&mt=1612404299&fvip=6&keepalive=yes&beids=9466586&c=WEB&n=WvA68dDzS_IUdfkau&sparams=expire%2Cei%2Cip%2Cid%2Caitags%2Csource%2Crequiressl%2Cvprv%2Cmime%2Cns%2Cgir%2Cclen%2Cdur%2Clmt&sig=AOq0QJ8wRQIhAKk38naGe5GWfe4ptBXQgp36uW4K4HbLc7GIZMcFePs2AiBWzEcwUcNzw-y9IlPQHImkE7lL9l4Uy-ybun80Hh4JGQ%3D%3D&lsparams=mh%2Cmm%2Cmn%2Cms%2Cmv%2Cmvi%2Cpcm2cms%2Cpl%2Cinitcwndbps&lsig=AG3C_xAwRQIgepYgEcULIdE8Or6ztT2HRJZ908_Rxal-1IMdpTPHovoCIQD9MQAAA6IG1HxvwTsXol3uznXzG9aSVmq5kGdin9mt5w%3D%3D&ratebypass=yes", "player_url": null, "ext": "webm", "height": 360, "format_note": "360p", "vcodec": "vp9", "asr": null, "filesize": 8450316, "fps": 30, "tbr": 310.958, "width": 640, "acodec": "none", "downloader_options": {"http_chunk_size": 10485760}, "format": "243 - 640x360 (360p)", "protocol": "https", "http_headers": {"User-Agent": "Mozilla/5.0 (Windows NT 10.0; Win64; x64) AppleWebKit/537.36 (KHTML, like Gecko) Chrome/70.0.3538.122 Safari/537.36", "Accept-Charset": "ISO-8859-1,utf-8;q=0.7,*;q=0.7", "Accept": "text/html,application/xhtml+xml,application/xml;q=0.9,*/*;q=0.8", "Accept-Encoding": "gzip, deflate", "Accept-Language": "en-us,en;q=0.5"}}, {"format_id": "135", "url": "https://r6---sn-5njj-u2xl.googlevideo.com/videoplayback?expire=1612426603&ei=C1kbYOaUGdSD1d8PwOwv&ip=140.109.135.76&id=o-AAcZ0p9cKVBQ_oLH9Yg1xypWbESCFxqi6qYVpfKGlLs9&itag=135&aitags=133%2C134%2C135%2C136%2C160%2C242%2C243%2C244%2C247%2C278&source=youtube&requiressl=yes&mh=5P&mm=31%2C29&mn=sn-5njj-u2xl%2Csn-un57sn7s&ms=au%2Crdu&mv=m&mvi=6&pcm2cms=yes&pl=16&initcwndbps=375000&vprv=1&mime=video%2Fmp4&ns=4eJ89tYD3vnVYHU4-KO0qvkF&gir=yes&clen=11391006&dur=264.130&lmt=1533419972834052&mt=1612404299&fvip=6&keepalive=yes&beids=9466586&c=WEB&n=WvA68dDzS_IUdfkau&sparams=expire%2Cei%2Cip%2Cid%2Caitags%2Csource%2Crequiressl%2Cvprv%2Cmime%2Cns%2Cgir%2Cclen%2Cdur%2Clmt&sig=AOq0QJ8wRAIgPL-cbJX457x29p8Vo6sW6qhk-NRO5dGk4knwE_9yv-sCICgr7Le13HMnNdG1AV2J3NEgvlpz1_XAd-e5ryW4WAUt&lsparams=mh%2Cmm%2Cmn%2Cms%2Cmv%2Cmvi%2Cpcm2cms%2Cpl%2Cinitcwndbps&lsig=AG3C_xAwRQIgepYgEcULIdE8Or6ztT2HRJZ908_Rxal-1IMdpTPHovoCIQD9MQAAA6IG1HxvwTsXol3uznXzG9aSVmq5kGdin9mt5w%3D%3D&ratebypass=yes", "player_url": null, "ext": "mp4", "height": 480, "format_note": "480p", "vcodec": "avc1.4d401f", "asr": null, "filesize": 11391006, "fps": 30, "tbr": 493.589, "width": 854, "acodec": "none", "downloader_options": {"http_chunk_size": 10485760}, "format": "135 - 854x480 (480p)", "protocol": "https", "http_headers": {"User-Agent": "Mozilla/5.0 (Windows NT 10.0; Win64; x64) AppleWebKit/537.36 (KHTML, like Gecko) Chrome/70.0.3538.122 Safari/537.36", "Accept-Charset": "ISO-8859-1,utf-8;q=0.7,*;q=0.7", "Accept": "text/html,application/xhtml+xml,application/xml;q=0.9,*/*;q=0.8", "Accept-Encoding": "gzip, deflate", "Accept-Language": "en-us,en;q=0.5"}}, {"format_id": "244", "url": "https://r6---sn-5njj-u2xl.googlevideo.com/videoplayback?expire=1612426603&ei=C1kbYOaUGdSD1d8PwOwv&ip=140.109.135.76&id=o-AAcZ0p9cKVBQ_oLH9Yg1xypWbESCFxqi6qYVpfKGlLs9&itag=244&aitags=133%2C134%2C135%2C136%2C160%2C242%2C243%2C244%2C247%2C278&source=youtube&requiressl=yes&mh=5P&mm=31%2C29&mn=sn-5njj-u2xl%2Csn-un57sn7s&ms=au%2Crdu&mv=m&mvi=6&pcm2cms=yes&pl=16&initcwndbps=375000&vprv=1&mime=video%2Fwebm&ns=4eJ89tYD3vnVYHU4-KO0qvkF&gir=yes&clen=13658370&dur=264.131&lmt=1533421695597956&mt=1612404299&fvip=6&keepalive=yes&beids=9466586&c=WEB&n=WvA68dDzS_IUdfkau&sparams=expire%2Cei%2Cip%2Cid%2Caitags%2Csource%2Crequiressl%2Cvprv%2Cmime%2Cns%2Cgir%2Cclen%2Cdur%2Clmt&sig=AOq0QJ8wRQIgDEqtLJWynhfb4rIcXrqFBLbNwcI9DP9VG009KK9pOWoCIQDmck7I4i7bIKJ8LfZxvofpc2koKAECo-WKCBy4hKRDgA%3D%3D&lsparams=mh%2Cmm%2Cmn%2Cms%2Cmv%2Cmvi%2Cpcm2cms%2Cpl%2Cinitcwndbps&lsig=AG3C_xAwRQIgepYgEcULIdE8Or6ztT2HRJZ908_Rxal-1IMdpTPHovoCIQD9MQAAA6IG1HxvwTsXol3uznXzG9aSVmq5kGdin9mt5w%3D%3D&ratebypass=yes", "player_url": null, "ext": "webm", "height": 480, "format_note": "480p", "vcodec": "vp9", "asr": null, "filesize": 13658370, "fps": 30, "tbr": 499.785, "width": 854, "acodec": "none", "downloader_options": {"http_chunk_size": 10485760}, "format": "244 - 854x480 (480p)", "protocol": "https", "http_headers": {"User-Agent": "Mozilla/5.0 (Windows NT 10.0; Win64; x64) AppleWebKit/537.36 (KHTML, like Gecko) Chrome/70.0.3538.122 Safari/537.36", "Accept-Charset": "ISO-8859-1,utf-8;q=0.7,*;q=0.7", "Accept": "text/html,application/xhtml+xml,application/xml;q=0.9,*/*;q=0.8", "Accept-Encoding": "gzip, deflate", "Accept-Language": "en-us,en;q=0.5"}}, {"format_id": "136", "url": "https://r6---sn-5njj-u2xl.googlevideo.com/videoplayback?expire=1612426603&ei=C1kbYOaUGdSD1d8PwOwv&ip=140.109.135.76&id=o-AAcZ0p9cKVBQ_oLH9Yg1xypWbESCFxqi6qYVpfKGlLs9&itag=136&aitags=133%2C134%2C135%2C136%2C160%2C242%2C243%2C244%2C247%2C278&source=youtube&requiressl=yes&mh=5P&mm=31%2C29&mn=sn-5njj-u2xl%2Csn-un57sn7s&ms=au%2Crdu&mv=m&mvi=6&pcm2cms=yes&pl=16&initcwndbps=375000&vprv=1&mime=video%2Fmp4&ns=4eJ89tYD3vnVYHU4-KO0qvkF&gir=yes&clen=27366263&dur=264.130&lmt=1533419972830987&mt=1612404299&fvip=6&keepalive=yes&beids=9466586&c=WEB&n=WvA68dDzS_IUdfkau&sparams=expire%2Cei%2Cip%2Cid%2Caitags%2Csource%2Crequiressl%2Cvprv%2Cmime%2Cns%2Cgir%2Cclen%2Cdur%2Clmt&sig=AOq0QJ8wRAIgdbZPaG4Ha3LXMan7e8ZVHhu5sTtsQBoH25UBuQXXTdQCIDEMZ739_qt4Hft8mDVUu7EkyqGP4ynPavKrqGaQeAt5&lsparams=mh%2Cmm%2Cmn%2Cms%2Cmv%2Cmvi%2Cpcm2cms%2Cpl%2Cinitcwndbps&lsig=AG3C_xAwRQIgepYgEcULIdE8Or6ztT2HRJZ908_Rxal-1IMdpTPHovoCIQD9MQAAA6IG1HxvwTsXol3uznXzG9aSVmq5kGdin9mt5w%3D%3D&ratebypass=yes", "player_url": null, "ext": "mp4", "height": 720, "format_note": "720p", "vcodec": "avc1.4d401f", "asr": null, "filesize": 27366263, "fps": 30, "tbr": 1027.958, "width": 1280, "acodec": "none", "downloader_options": {"http_chunk_size": 10485760}, "format": "136 - 1280x720 (720p)", "protocol": "https", "http_headers": {"User-Agent": "Mozilla/5.0 (Windows NT 10.0; Win64; x64) AppleWebKit/537.36 (KHTML, like Gecko) Chrome/70.0.3538.122 Safari/537.36", "Accept-Charset": "ISO-8859-1,utf-8;q=0.7,*;q=0.7", "Accept": "text/html,application/xhtml+xml,application/xml;q=0.9,*/*;q=0.8", "Accept-Encoding": "gzip, deflate", "Accept-Language": "en-us,en;q=0.5"}}, {"format_id": "247", "url": "https://r6---sn-5njj-u2xl.googlevideo.com/videoplayback?expire=1612426603&ei=C1kbYOaUGdSD1d8PwOwv&ip=140.109.135.76&id=o-AAcZ0p9cKVBQ_oLH9Yg1xypWbESCFxqi6qYVpfKGlLs9&itag=247&aitags=133%2C134%2C135%2C136%2C160%2C242%2C243%2C244%2C247%2C278&source=youtube&requiressl=yes&mh=5P&mm=31%2C29&mn=sn-5njj-u2xl%2Csn-un57sn7s&ms=au%2Crdu&mv=m&mvi=6&pcm2cms=yes&pl=16&initcwndbps=375000&vprv=1&mime=video%2Fwebm&ns=4eJ89tYD3vnVYHU4-KO0qvkF&gir=yes&clen=31854758&dur=264.131&lmt=1533421695567143&mt=1612404299&fvip=6&keepalive=yes&beids=9466586&c=WEB&n=WvA68dDzS_IUdfkau&sparams=expire%2Cei%2Cip%2Cid%2Caitags%2Csource%2Crequiressl%2Cvprv%2Cmime%2Cns%2Cgir%2Cclen%2Cdur%2Clmt&sig=AOq0QJ8wRAIganO1MEmR4tSIS8gJQKyVrg02CmcH-oTWRKxt_taNKJMCIGX5_FbFgsIA3_gkxP2FANLfHCmAeBYFUzkSt_mF3asF&lsparams=mh%2Cmm%2Cmn%2Cms%2Cmv%2Cmvi%2Cpcm2cms%2Cpl%2Cinitcwndbps&lsig=AG3C_xAwRQIgepYgEcULIdE8Or6ztT2HRJZ908_Rxal-1IMdpTPHovoCIQD9MQAAA6IG1HxvwTsXol3uznXzG9aSVmq5kGdin9mt5w%3D%3D&ratebypass=yes", "player_url": null, "ext": "webm", "height": 720, "format_note": "720p", "vcodec": "vp9", "asr": null, "filesize": 31854758, "fps": 30, "tbr": 1052.788, "width": 1280, "acodec": "none", "downloader_options": {"http_chunk_size": 10485760}, "format": "247 - 1280x720 (720p)", "protocol": "https", "http_headers": {"User-Agent": "Mozilla/5.0 (Windows NT 10.0; Win64; x64) AppleWebKit/537.36 (KHTML, like Gecko) Chrome/70.0.3538.122 Safari/537.36", "Accept-Charset": "ISO-8859-1,utf-8;q=0.7,*;q=0.7", "Accept": "text/html,application/xhtml+xml,application/xml;q=0.9,*/*;q=0.8", "Accept-Encoding": "gzip, deflate", "Accept-Language": "en-us,en;q=0.5"}}, {"format_id": "18", "url": "https://r6---sn-5njj-u2xl.googlevideo.com/videoplayback?expire=1612426603&ei=C1kbYOaUGdSD1d8PwOwv&ip=140.109.135.76&id=o-AAcZ0p9cKVBQ_oLH9Yg1xypWbESCFxqi6qYVpfKGlLs9&itag=18&source=youtube&requiressl=yes&mh=5P&mm=31%2C29&mn=sn-5njj-u2xl%2Csn-un57sn7s&ms=au%2Crdu&mv=m&mvi=6&pcm2cms=yes&pl=16&initcwndbps=375000&vprv=1&mime=video%2Fmp4&ns=jewlihMZ20Vca3M76nBMPWIF&gir=yes&clen=12978845&ratebypass=yes&dur=264.196&lmt=1533419990969435&mt=1612404299&fvip=6&beids=9466586&c=WEB&n=nrNGoS3de6v6PJ9bf&sparams=expire%2Cei%2Cip%2Cid%2Citag%2Csource%2Crequiressl%2Cvprv%2Cmime%2Cns%2Cgir%2Cclen%2Cratebypass%2Cdur%2Clmt&sig=AOq0QJ8wRQIgdA29Z7nlPOOunx6x__9ClXZMWYBW_B3vxQQ-ON0cDhUCIQDd6tch36YCq7cUzGwOpvO-8zC7NfyBg4jFpkyLTIkqVQ%3D%3D&lsparams=mh%2Cmm%2Cmn%2Cms%2Cmv%2Cmvi%2Cpcm2cms%2Cpl%2Cinitcwndbps&lsig=AG3C_xAwRQIgepYgEcULIdE8Or6ztT2HRJZ908_Rxal-1IMdpTPHovoCIQD9MQAAA6IG1HxvwTsXol3uznXzG9aSVmq5kGdin9mt5w%3D%3D", "player_url": null, "ext": "mp4", "width": 640, "height": 360, "acodec": "mp4a.40.2", "abr": 96, "vcodec": "avc1.42001E", "asr": 44100, "filesize": 12978845, "format_note": "360p", "fps": 30, "tbr": 393.104, "format": "18 - 640x360 (360p)", "protocol": "https", "http_headers": {"User-Agent": "Mozilla/5.0 (Windows NT 10.0; Win64; x64) AppleWebKit/537.36 (KHTML, like Gecko) Chrome/70.0.3538.122 Safari/537.36", "Accept-Charset": "ISO-8859-1,utf-8;q=0.7,*;q=0.7", "Accept": "text/html,application/xhtml+xml,application/xml;q=0.9,*/*;q=0.8", "Accept-Encoding": "gzip, deflate", "Accept-Language": "en-us,en;q=0.5"}}], "is_live": null, "start_time": null, "end_time": null, "series": null, "season_number": null, "episode_number": null, "track": null, "artist": null, "album": null, "release_date": null, "release_year": null, "extractor": "youtube", "webpage_url_basename": "watch", "extractor_key": "Youtube", "playlist": null, "playlist_index": null, "thumbnail": "https://i.ytimg.com/vi_webp/PE1pxcgs604/maxresdefault.webp", "display_id": "PE1pxcgs604", "requested_subtitles": null, "format_id": "251", "url": "https://r6---sn-5njj-u2xl.googlevideo.com/videoplayback?expire=1612426603&ei=C1kbYOaUGdSD1d8PwOwv&ip=140.109.135.76&id=o-AAcZ0p9cKVBQ_oLH9Yg1xypWbESCFxqi6qYVpfKGlLs9&itag=251&source=youtube&requiressl=yes&mh=5P&mm=31%2C29&mn=sn-5njj-u2xl%2Csn-un57sn7s&ms=au%2Crdu&mv=m&mvi=6&pcm2cms=yes&pl=16&initcwndbps=375000&vprv=1&mime=audio%2Fwebm&ns=4eJ89tYD3vnVYHU4-KO0qvkF&gir=yes&clen=5212558&dur=264.161&lmt=1533420825359331&mt=1612404299&fvip=6&keepalive=yes&beids=9466586&c=WEB&n=WvA68dDzS_IUdfkau&sparams=expire%2Cei%2Cip%2Cid%2Citag%2Csource%2Crequiressl%2Cvprv%2Cmime%2Cns%2Cgir%2Cclen%2Cdur%2Clmt&sig=AOq0QJ8wRQIhALXXGcPuIJPrY8f6XCSBm0EklBWESNBlNcyY0T03J6FbAiACEfu6J6QJwPKgaNoYVhuO29DYTataatsPMx3KbzBltA%3D%3D&lsparams=mh%2Cmm%2Cmn%2Cms%2Cmv%2Cmvi%2Cpcm2cms%2Cpl%2Cinitcwndbps&lsig=AG3C_xAwRQIgepYgEcULIdE8Or6ztT2HRJZ908_Rxal-1IMdpTPHovoCIQD9MQAAA6IG1HxvwTsXol3uznXzG9aSVmq5kGdin9mt5w%3D%3D&ratebypass=yes", "player_url": null, "ext": "webm", "format_note": "tiny", "acodec": "opus", "abr": 160, "asr": 48000, "filesize": 5212558, "fps": null, "height": null, "tbr": 168.687, "width": null, "vcodec": "none", "downloader_options": {"http_chunk_size": 10485760}, "format": "251 - audio only (tiny)", "protocol": "https", "http_headers": {"User-Agent": "Mozilla/5.0 (Windows NT 10.0; Win64; x64) AppleWebKit/537.36 (KHTML, like Gecko) Chrome/70.0.3538.122 Safari/537.36", "Accept-Charset": "ISO-8859-1,utf-8;q=0.7,*;q=0.7", "Accept": "text/html,application/xhtml+xml,application/xml;q=0.9,*/*;q=0.8", "Accept-Encoding": "gzip, deflate", "Accept-Language": "en-us,en;q=0.5"}}