{"id": "SKn3qsWf29c", "uploader": "Peter Bence", "uploader_id": "BencePeterOfficial", "uploader_url": "http://www.youtube.com/user/BencePeterOfficial", "channel_id": "UCeP0-mA85a1UM05qFMub7Ow", "channel_url": "http://www.youtube.com/channel/UCeP0-mA85a1UM05qFMub7Ow", "upload_date": "20200629", "license": null, "creator": null, "title": "Coffin Dance - Piano and Kick Drum Improvisation", "alt_title": null, "thumbnails": [{"url": "https://i.ytimg.com/vi/SKn3qsWf29c/hqdefault.jpg?sqp=-oaymwEbCKgBEF5IVfKriqkDDggBFQAAiEIYAXABwAEG&rs=AOn4CLCXgILyMgmOgG50dJ2wOyNXE3SwXg", "width": 168, "height": 94, "resolution": "168x94", "id": "0"}, {"url": "https://i.ytimg.com/vi/SKn3qsWf29c/hqdefault.jpg?sqp=-oaymwEbCMQBEG5IVfKriqkDDggBFQAAiEIYAXABwAEG&rs=AOn4CLBI_3Qf24f5B7Xt5_GYBxEb0D9RWQ", "width": 196, "height": 110, "resolution": "196x110", "id": "1"}, {"url": "https://i.ytimg.com/vi/SKn3qsWf29c/hqdefault.jpg?sqp=-oaymwEcCPYBEIoBSFXyq4qpAw4IARUAAIhCGAFwAcABBg==&rs=AOn4CLDXrJk4lvyUmRi7_hgIrdMZrkbdYQ", "width": 246, "height": 138, "resolution": "246x138", "id": "2"}, {"url": "https://i.ytimg.com/vi/SKn3qsWf29c/hqdefault.jpg?sqp=-oaymwEcCNACELwBSFXyq4qpAw4IARUAAIhCGAFwAcABBg==&rs=AOn4CLAyiMu9nZ42Uuu_4XBHKYl1Q2Zd8A", "width": 336, "height": 188, "resolution": "336x188", "id": "3"}, {"url": "https://i.ytimg.com/vi_webp/SKn3qsWf29c/maxresdefault.webp", "width": 1920, "height": 1080, "resolution": "1920x1080", "id": "4"}], "description": "A little messing around with Astronomia, the \"coffin dance\" meme song...\nFOLLOW ME:\nhttps://www.instagram.com/bencepetermusic\nhttp://www.facebook.com/BencePeterMusic\nhttps://www.twitter.com/bencepeter\n\nMy album is out! Stream / Download it here: https://lnk.to/theawesomepiano\n\nOriginal song: Astronomia by Vicetone & Tony Igy\nCamera: Kamilla Peter\n\nhttp://www.peterbence.com", "categories": ["Music"], "tags": null, "subtitles": {}, "automatic_captions": {}, "duration": 111, "age_limit": 0, "annotations": null, "chapters": null, "webpage_url": "https://www.youtube.com/watch?v=SKn3qsWf29c", "view_count": 605717, "like_count": 24921, "dislike_count": 265, "average_rating": 4.9579129, "formats": [{"format_id": "249", "url": "https://r2---sn-5njj-u2xl.googlevideo.com/videoplayback?expire=1612426619&ei=G1kbYI-vOcKoqQGYjKuoDQ&ip=140.109.135.76&id=o-APLmQtvo4quYaq14KIKBpSEOPnOiyQHt3WfvkZn2_0iv&itag=249&source=youtube&requiressl=yes&mh=JG&mm=31%2C29&mn=sn-5njj-u2xl%2Csn-un57en7e&ms=au%2Crdu&mv=m&mvi=2&pl=16&initcwndbps=335000&vprv=1&mime=audio%2Fwebm&ns=iHYMN2FjpXK0NShEtfC2ZvkF&gir=yes&clen=766114&dur=110.861&lmt=1593452935037854&mt=1612404782&fvip=2&keepalive=yes&c=WEB&txp=5511222&n=HsOrUkTcVb2tU75w2&sparams=expire%2Cei%2Cip%2Cid%2Citag%2Csource%2Crequiressl%2Cvprv%2Cmime%2Cns%2Cgir%2Cclen%2Cdur%2Clmt&lsparams=mh%2Cmm%2Cmn%2Cms%2Cmv%2Cmvi%2Cpl%2Cinitcwndbps&lsig=AG3C_xAwRQIhAMQPmm9ZTKHOqGgrMGHG280xWkVNUlGzJEBXEjjkyoEgAiBdIvMk63FMdFOHtNZqBsgiwUjK0BuN7gKlR_lRDjKxEg%3D%3D&sig=AOq0QJ8wRgIhAKYklW-RHRWyxjlFPWHfL4-3hJFDJCE46V29PGVIMAPfAiEA24SgG12xEzYKaWO05T9t8HP5Trkhg6t82jxYEm46piI=&ratebypass=yes", "player_url": "/s/player/4bc55fd6/player_ias.vflset/en_US/base.js", "ext": "webm", "format_note": "tiny", "acodec": "opus", "abr": 50, "asr": 48000, "filesize": 766114, "fps": null, "height": null, "tbr": 59.598, "width": null, "vcodec": "none", "downloader_options": {"http_chunk_size": 10485760}, "format": "249 - audio only (tiny)", "protocol": "https", "http_headers": {"User-Agent": "Mozilla/5.0 (Windows NT 10.0; Win64; x64) AppleWebKit/537.36 (KHTML, like Gecko) Chrome/70.0.3538.122 Safari/537.36", "Accept-Charset": "ISO-8859-1,utf-8;q=0.7,*;q=0.7", "Accept": "text/html,application/xhtml+xml,application/xml;q=0.9,*/*;q=0.8", "Accept-Encoding": "gzip, deflate", "Accept-Language": "en-us,en;q=0.5"}}, {"format_id": "250", "url": "https://r2---sn-5njj-u2xl.googlevideo.com/videoplayback?expire=1612426619&ei=G1kbYI-vOcKoqQGYjKuoDQ&ip=140.109.135.76&id=o-APLmQtvo4quYaq14KIKBpSEOPnOiyQHt3WfvkZn2_0iv&itag=250&source=youtube&requiressl=yes&mh=JG&mm=31%2C29&mn=sn-5njj-u2xl%2Csn-un57en7e&ms=au%2Crdu&mv=m&mvi=2&pl=16&initcwndbps=335000&vprv=1&mime=audio%2Fwebm&ns=iHYMN2FjpXK0NShEtfC2ZvkF&gir=yes&clen=1022363&dur=110.861&lmt=1593452935047702&mt=1612404782&fvip=2&keepalive=yes&c=WEB&txp=5511222&n=HsOrUkTcVb2tU75w2&sparams=expire%2Cei%2Cip%2Cid%2Citag%2Csource%2Crequiressl%2Cvprv%2Cmime%2Cns%2Cgir%2Cclen%2Cdur%2Clmt&lsparams=mh%2Cmm%2Cmn%2Cms%2Cmv%2Cmvi%2Cpl%2Cinitcwndbps&lsig=AG3C_xAwRQIgHwBVws0ryMueYRQ7yFjDF3cHis6Dx0ZzIFOskA6FhxACIQCi2gniVItjISNNg-HCBZcFiyZSyszOjaz2stCmYY3aXQ%3D%3D&sig=AOq0QJ8wRQIhAKM7ePytFtAwQgqGj_6aTub9MK3TLdPH0_aqrUk0mirgAiBuygXvA5c0DsWQV89IG14ajW2abmqI0-GbXdfKBMHlfQ==&ratebypass=yes", "player_url": "/s/player/4bc55fd6/player_ias.vflset/en_US/base.js", "ext": "webm", "format_note": "tiny", "acodec": "opus", "abr": 70, "asr": 48000, "filesize": 1022363, "fps": null, "height": null, "tbr": 80.078, "width": null, "vcodec": "none", "downloader_options": {"http_chunk_size": 10485760}, "format": "250 - audio only (tiny)", "protocol": "https", "http_headers": {"User-Agent": "Mozilla/5.0 (Windows NT 10.0; Win64; x64) AppleWebKit/537.36 (KHTML, like Gecko) Chrome/70.0.3538.122 Safari/537.36", "Accept-Charset": "ISO-8859-1,utf-8;q=0.7,*;q=0.7", "Accept": "text/html,application/xhtml+xml,application/xml;q=0.9,*/*;q=0.8", "Accept-Encoding": "gzip, deflate", "Accept-Language": "en-us,en;q=0.5"}}, {"format_id": "140", "url": "https://r2---sn-5njj-u2xl.googlevideo.com/videoplayback?expire=1612426619&ei=G1kbYI-vOcKoqQGYjKuoDQ&ip=140.109.135.76&id=o-APLmQtvo4quYaq14KIKBpSEOPnOiyQHt3WfvkZn2_0iv&itag=140&source=youtube&requiressl=yes&mh=JG&mm=31%2C29&mn=sn-5njj-u2xl%2Csn-un57en7e&ms=au%2Crdu&mv=m&mvi=2&pl=16&initcwndbps=335000&vprv=1&mime=audio%2Fmp4&ns=iHYMN2FjpXK0NShEtfC2ZvkF&gir=yes&clen=1795536&dur=110.898&lmt=1593456370379661&mt=1612404782&fvip=2&keepalive=yes&c=WEB&txp=5531432&n=HsOrUkTcVb2tU75w2&sparams=expire%2Cei%2Cip%2Cid%2Citag%2Csource%2Crequiressl%2Cvprv%2Cmime%2Cns%2Cgir%2Cclen%2Cdur%2Clmt&lsparams=mh%2Cmm%2Cmn%2Cms%2Cmv%2Cmvi%2Cpl%2Cinitcwndbps&lsig=AG3C_xAwRAIgNKUTJq4QpgTPq_nn0YiyOB4GWTdHBiSy2tu0bkDIploCIGzrM1KvzfVsw2kjilMIFpGh9_5WY3RbwpyUmdeeuMqE&sig=AOq0QJ8wRAIgS1iS1H2dpnPtZDe-iQpPF-G5gj504D5YDk5PazSMkgwCIA0T52APVW7A4ZfnplQREw_lU628U3YD3ct36-NYzZ4S&ratebypass=yes", "player_url": "/s/player/4bc55fd6/player_ias.vflset/en_US/base.js", "ext": "m4a", "format_note": "tiny", "acodec": "mp4a.40.2", "abr": 128, "container": "m4a_dash", "asr": 44100, "filesize": 1795536, "fps": null, "height": null, "tbr": 130.322, "width": null, "vcodec": "none", "downloader_options": {"http_chunk_size": 10485760}, "format": "140 - audio only (tiny)", "protocol": "https", "http_headers": {"User-Agent": "Mozilla/5.0 (Windows NT 10.0; Win64; x64) AppleWebKit/537.36 (KHTML, like Gecko) Chrome/70.0.3538.122 Safari/537.36", "Accept-Charset": "ISO-8859-1,utf-8;q=0.7,*;q=0.7", "Accept": "text/html,application/xhtml+xml,application/xml;q=0.9,*/*;q=0.8", "Accept-Encoding": "gzip, deflate", "Accept-Language": "en-us,en;q=0.5"}}, {"format_id": "251", "url": "https://r2---sn-5njj-u2xl.googlevideo.com/videoplayback?expire=1612426619&ei=G1kbYI-vOcKoqQGYjKuoDQ&ip=140.109.135.76&id=o-APLmQtvo4quYaq14KIKBpSEOPnOiyQHt3WfvkZn2_0iv&itag=251&source=youtube&requiressl=yes&mh=JG&mm=31%2C29&mn=sn-5njj-u2xl%2Csn-un57en7e&ms=au%2Crdu&mv=m&mvi=2&pl=16&initcwndbps=335000&vprv=1&mime=audio%2Fwebm&ns=iHYMN2FjpXK0NShEtfC2ZvkF&gir=yes&clen=1985988&dur=110.861&lmt=1593452935547668&mt=1612404782&fvip=2&keepalive=yes&c=WEB&txp=5511222&n=HsOrUkTcVb2tU75w2&sparams=expire%2Cei%2Cip%2Cid%2Citag%2Csource%2Crequiressl%2Cvprv%2Cmime%2Cns%2Cgir%2Cclen%2Cdur%2Clmt&lsparams=mh%2Cmm%2Cmn%2Cms%2Cmv%2Cmvi%2Cpl%2Cinitcwndbps&lsig=AG3C_xAwRgIhAPgYO1MazNSSit3OwkzfD1puOkn4oJEpmpf9NZDmSj_8AiEA8Z1wU860ntF3miBhEdcA1Yvj78qGP527A3MUWUQN1VQ%3D&sig=AOq0QJ8wRQIhAPJScixQPyEL4BT8zS0mfwwttm0VlUe6cOC2QGd9eBrPAiBPobu28_LxzVLlLkkxtu4tRVRQToC-seSzKPLiUB1T3w==&ratebypass=yes", "player_url": "/s/player/4bc55fd6/player_ias.vflset/en_US/base.js", "ext": "webm", "format_note": "tiny", "acodec": "opus", "abr": 160, "asr": 48000, "filesize": 1985988, "fps": null, "height": null, "tbr": 152.261, "width": null, "vcodec": "none", "downloader_options": {"http_chunk_size": 10485760}, "format": "251 - audio only (tiny)", "protocol": "https", "http_headers": {"User-Agent": "Mozilla/5.0 (Windows NT 10.0; Win64; x64) AppleWebKit/537.36 (KHTML, like Gecko) Chrome/70.0.3538.122 Safari/537.36", "Accept-Charset": "ISO-8859-1,utf-8;q=0.7,*;q=0.7", "Accept": "text/html,application/xhtml+xml,application/xml;q=0.9,*/*;q=0.8", "Accept-Encoding": "gzip, deflate", "Accept-Language": "en-us,en;q=0.5"}}, {"format_id": "394", "url": "https://r2---sn-5njj-u2xl.googlevideo.com/videoplayback?expire=1612426619&ei=G1kbYI-vOcKoqQGYjKuoDQ&ip=140.109.135.76&id=o-APLmQtvo4quYaq14KIKBpSEOPnOiyQHt3WfvkZn2_0iv&itag=394&aitags=133%2C134%2C135%2C136%2C137%2C160%2C242%2C243%2C244%2C247%2C248%2C271%2C278%2C313%2C394%2C395%2C396%2C397%2C398%2C399&source=youtube&requiressl=yes&mh=JG&mm=31%2C29&mn=sn-5njj-u2xl%2Csn-un57en7e&ms=au%2Crdu&mv=m&mvi=2&pl=16&initcwndbps=335000&vprv=1&mime=video%2Fmp4&ns=iHYMN2FjpXK0NShEtfC2ZvkF&gir=yes&clen=957508&dur=110.840&lmt=1593849798196356&mt=1612404782&fvip=2&keepalive=yes&c=WEB&txp=5531432&n=HsOrUkTcVb2tU75w2&sparams=expire%2Cei%2Cip%2Cid%2Caitags%2Csource%2Crequiressl%2Cvprv%2Cmime%2Cns%2Cgir%2Cclen%2Cdur%2Clmt&lsparams=mh%2Cmm%2Cmn%2Cms%2Cmv%2Cmvi%2Cpl%2Cinitcwndbps&lsig=AG3C_xAwRgIhAM3RtCR1Xi6J7dqjGOJREmMAPxQC5COqfgScUjTmkxW2AiEA99jGgh2jLnxajQKv8SgRTA__RCJShjNx74C-LmqYXqc%3D&sig=AOq0QJ8wRgIhAOjrYu3l-u8pBpRhsnxTFK-QhSZ9Oq-IpMtQ9_Q7nEABAiEA-4YxXWqE4z0OnwpNq-sY6CKIZ6Wky5ZThxXZOxe0QoM=&ratebypass=yes", "player_url": "/s/player/4bc55fd6/player_ias.vflset/en_US/base.js", "acodec": "none", "vcodec": "av01.0.00M.08", "asr": null, "filesize": 957508, "format_note": "144p", "fps": 25, "height": 144, "tbr": 76.181, "width": 256, "ext": "mp4", "downloader_options": {"http_chunk_size": 10485760}, "format": "394 - 256x144 (144p)", "protocol": "https", "http_headers": {"User-Agent": "Mozilla/5.0 (Windows NT 10.0; Win64; x64) AppleWebKit/537.36 (KHTML, like Gecko) Chrome/70.0.3538.122 Safari/537.36", "Accept-Charset": "ISO-8859-1,utf-8;q=0.7,*;q=0.7", "Accept": "text/html,application/xhtml+xml,application/xml;q=0.9,*/*;q=0.8", "Accept-Encoding": "gzip, deflate", "Accept-Language": "en-us,en;q=0.5"}}, {"format_id": "160", "url": "https://r2---sn-5njj-u2xl.googlevideo.com/videoplayback?expire=1612426619&ei=G1kbYI-vOcKoqQGYjKuoDQ&ip=140.109.135.76&id=o-APLmQtvo4quYaq14KIKBpSEOPnOiyQHt3WfvkZn2_0iv&itag=160&aitags=133%2C134%2C135%2C136%2C137%2C160%2C242%2C243%2C244%2C247%2C248%2C271%2C278%2C313%2C394%2C395%2C396%2C397%2C398%2C399&source=youtube&requiressl=yes&mh=JG&mm=31%2C29&mn=sn-5njj-u2xl%2Csn-un57en7e&ms=au%2Crdu&mv=m&mvi=2&pl=16&initcwndbps=335000&vprv=1&mime=video%2Fmp4&ns=iHYMN2FjpXK0NShEtfC2ZvkF&gir=yes&clen=847036&dur=110.840&lmt=1593456769313873&mt=1612404782&fvip=2&keepalive=yes&c=WEB&txp=5532432&n=HsOrUkTcVb2tU75w2&sparams=expire%2Cei%2Cip%2Cid%2Caitags%2Csource%2Crequiressl%2Cvprv%2Cmime%2Cns%2Cgir%2Cclen%2Cdur%2Clmt&lsparams=mh%2Cmm%2Cmn%2Cms%2Cmv%2Cmvi%2Cpl%2Cinitcwndbps&lsig=AG3C_xAwRAIgHGUMg9C-SEiPoeOvSKqXhMKC5qe2LNxZcfV2oc4NDqwCIC7Bj4cZwC_Wn428qYW6rKRFmfxpF8VnNI7ivl2CNez_&sig=AOq0QJ8wRQIgUWXYUqSgrmXNz2GWexhjlL3K1l0EXxyncPzcGWBwl58CIQD7fTIuHju8Wc2qoWprhSnbPuxSkzF6aytxJ7nyHNRMtQ==&ratebypass=yes", "player_url": "/s/player/4bc55fd6/player_ias.vflset/en_US/base.js", "ext": "mp4", "height": 144, "format_note": "144p", "vcodec": "avc1.4d400c", "asr": null, "filesize": 847036, "fps": 25, "tbr": 83.65, "width": 256, "acodec": "none", "downloader_options": {"http_chunk_size": 10485760}, "format": "160 - 256x144 (144p)", "protocol": "https", "http_headers": {"User-Agent": "Mozilla/5.0 (Windows NT 10.0; Win64; x64) AppleWebKit/537.36 (KHTML, like Gecko) Chrome/70.0.3538.122 Safari/537.36", "Accept-Charset": "ISO-8859-1,utf-8;q=0.7,*;q=0.7", "Accept": "text/html,application/xhtml+xml,application/xml;q=0.9,*/*;q=0.8", "Accept-Encoding": "gzip, deflate", "Accept-Language": "en-us,en;q=0.5"}}, {"format_id": "278", "url": "https://r2---sn-5njj-u2xl.googlevideo.com/videoplayback?expire=1612426619&ei=G1kbYI-vOcKoqQGYjKuoDQ&ip=140.109.135.76&id=o-APLmQtvo4quYaq14KIKBpSEOPnOiyQHt3WfvkZn2_0iv&itag=278&aitags=133%2C134%2C135%2C136%2C137%2C160%2C242%2C243%2C244%2C247%2C248%2C271%2C278%2C313%2C394%2C395%2C396%2C397%2C398%2C399&source=youtube&requiressl=yes&mh=JG&mm=31%2C29&mn=sn-5njj-u2xl%2Csn-un57en7e&ms=au%2Crdu&mv=m&mvi=2&pl=16&initcwndbps=335000&vprv=1&mime=video%2Fwebm&ns=iHYMN2FjpXK0NShEtfC2ZvkF&gir=yes&clen=1141261&dur=110.840&lmt=1593456998318361&mt=1612404782&fvip=2&keepalive=yes&c=WEB&txp=5532432&n=HsOrUkTcVb2tU75w2&sparams=expire%2Cei%2Cip%2Cid%2Caitags%2Csource%2Crequiressl%2Cvprv%2Cmime%2Cns%2Cgir%2Cclen%2Cdur%2Clmt&lsparams=mh%2Cmm%2Cmn%2Cms%2Cmv%2Cmvi%2Cpl%2Cinitcwndbps&lsig=AG3C_xAwRQIge27NRiJi42j9PMcbMWUsrlLqSECD3gNZzsr3TRDHcuECIQDaYXNcLkLJzZ8cqL7Htha4yuqj1Gs6PdfzFAFOJKfVEw%3D%3D&sig=AOq0QJ8wRQIhAJd1YN29PMzLg8wmRkkzhstmcqwn3wr81DVm_Gsic7pnAiB3so99-oT8omo__maE3p9mc1FQJ8dlrx7z_U0MpSKMTQ==&ratebypass=yes", "player_url": "/s/player/4bc55fd6/player_ias.vflset/en_US/base.js", "ext": "webm", "height": 144, "format_note": "144p", "container": "webm", "vcodec": "vp9", "asr": null, "filesize": 1141261, "fps": 25, "tbr": 87.317, "width": 256, "acodec": "none", "downloader_options": {"http_chunk_size": 10485760}, "format": "278 - 256x144 (144p)", "protocol": "https", "http_headers": {"User-Agent": "Mozilla/5.0 (Windows NT 10.0; Win64; x64) AppleWebKit/537.36 (KHTML, like Gecko) Chrome/70.0.3538.122 Safari/537.36", "Accept-Charset": "ISO-8859-1,utf-8;q=0.7,*;q=0.7", "Accept": "text/html,application/xhtml+xml,application/xml;q=0.9,*/*;q=0.8", "Accept-Encoding": "gzip, deflate", "Accept-Language": "en-us,en;q=0.5"}}, {"format_id": "395", "url": "https://r2---sn-5njj-u2xl.googlevideo.com/videoplayback?expire=1612426619&ei=G1kbYI-vOcKoqQGYjKuoDQ&ip=140.109.135.76&id=o-APLmQtvo4quYaq14KIKBpSEOPnOiyQHt3WfvkZn2_0iv&itag=395&aitags=133%2C134%2C135%2C136%2C137%2C160%2C242%2C243%2C244%2C247%2C248%2C271%2C278%2C313%2C394%2C395%2C396%2C397%2C398%2C399&source=youtube&requiressl=yes&mh=JG&mm=31%2C29&mn=sn-5njj-u2xl%2Csn-un57en7e&ms=au%2Crdu&mv=m&mvi=2&pl=16&initcwndbps=335000&vprv=1&mime=video%2Fmp4&ns=iHYMN2FjpXK0NShEtfC2ZvkF&gir=yes&clen=2011576&dur=110.840&lmt=1593849953165097&mt=1612404782&fvip=2&keepalive=yes&c=WEB&txp=5531432&n=HsOrUkTcVb2tU75w2&sparams=expire%2Cei%2Cip%2Cid%2Caitags%2Csource%2Crequiressl%2Cvprv%2Cmime%2Cns%2Cgir%2Cclen%2Cdur%2Clmt&lsparams=mh%2Cmm%2Cmn%2Cms%2Cmv%2Cmvi%2Cpl%2Cinitcwndbps&lsig=AG3C_xAwRQIhALzDfYKoldZKjpfH0NQ-GCj8lKbnxgQH_PQevD5BhMU4AiBpfyoX0ePp3h4Be4DEyfPiJQLarkPreyvxg6SN8BQr7A%3D%3D&sig=AOq0QJ8wRgIhALRcNi3neidhfkIToowhQT-xyfgDDOdkcQpKaNbgHw44AiEA_estW65NiVAyWLF_LS6jJsdAP4wALz-uEpwSF0J4afk=&ratebypass=yes", "player_url": "/s/player/4bc55fd6/player_ias.vflset/en_US/base.js", "acodec": "none", "vcodec": "av01.0.00M.08", "asr": null, "filesize": 2011576, "format_note": "240p", "fps": 25, "height": 240, "tbr": 160.928, "width": 426, "ext": "mp4", "downloader_options": {"http_chunk_size": 10485760}, "format": "395 - 426x240 (240p)", "protocol": "https", "http_headers": {"User-Agent": "Mozilla/5.0 (Windows NT 10.0; Win64; x64) AppleWebKit/537.36 (KHTML, like Gecko) Chrome/70.0.3538.122 Safari/537.36", "Accept-Charset": "ISO-8859-1,utf-8;q=0.7,*;q=0.7", "Accept": "text/html,application/xhtml+xml,application/xml;q=0.9,*/*;q=0.8", "Accept-Encoding": "gzip, deflate", "Accept-Language": "en-us,en;q=0.5"}}, {"format_id": "133", "url": "https://r2---sn-5njj-u2xl.googlevideo.com/videoplayback?expire=1612426619&ei=G1kbYI-vOcKoqQGYjKuoDQ&ip=140.109.135.76&id=o-APLmQtvo4quYaq14KIKBpSEOPnOiyQHt3WfvkZn2_0iv&itag=133&aitags=133%2C134%2C135%2C136%2C137%2C160%2C242%2C243%2C244%2C247%2C248%2C271%2C278%2C313%2C394%2C395%2C396%2C397%2C398%2C399&source=youtube&requiressl=yes&mh=JG&mm=31%2C29&mn=sn-5njj-u2xl%2Csn-un57en7e&ms=au%2Crdu&mv=m&mvi=2&pl=16&initcwndbps=335000&vprv=1&mime=video%2Fmp4&ns=iHYMN2FjpXK0NShEtfC2ZvkF&gir=yes&clen=1878805&dur=110.840&lmt=1593456769313384&mt=1612404782&fvip=2&keepalive=yes&c=WEB&txp=5532432&n=HsOrUkTcVb2tU75w2&sparams=expire%2Cei%2Cip%2Cid%2Caitags%2Csource%2Crequiressl%2Cvprv%2Cmime%2Cns%2Cgir%2Cclen%2Cdur%2Clmt&lsparams=mh%2Cmm%2Cmn%2Cms%2Cmv%2Cmvi%2Cpl%2Cinitcwndbps&lsig=AG3C_xAwRAIgH-0LnPyjINf1eTpLtXSHNw5uawe7vWlPw6RSU2F7gc8CIEjKxjgziAaqCriVLWsu_SFZ8zCay-d6iJPd-25fVZkq&sig=AOq0QJ8wRgIhAKStqZidIbcwDWVLXwgKdtvuTghqi5evFCcCTCBC4H0lAiEA7-n4PDIIAh3eGQ3W9nt99wlmN4F69xV_Q-Pp977XrDs=&ratebypass=yes", "player_url": "/s/player/4bc55fd6/player_ias.vflset/en_US/base.js", "ext": "mp4", "height": 240, "format_note": "240p", "vcodec": "avc1.4d4015", "asr": null, "filesize": 1878805, "fps": 25, "tbr": 185.82, "width": 426, "acodec": "none", "downloader_options": {"http_chunk_size": 10485760}, "format": "133 - 426x240 (240p)", "protocol": "https", "http_headers": {"User-Agent": "Mozilla/5.0 (Windows NT 10.0; Win64; x64) AppleWebKit/537.36 (KHTML, like Gecko) Chrome/70.0.3538.122 Safari/537.36", "Accept-Charset": "ISO-8859-1,utf-8;q=0.7,*;q=0.7", "Accept": "text/html,application/xhtml+xml,application/xml;q=0.9,*/*;q=0.8", "Accept-Encoding": "gzip, deflate", "Accept-Language": "en-us,en;q=0.5"}}, {"format_id": "242", "url": "https://r2---sn-5njj-u2xl.googlevideo.com/videoplayback?expire=1612426619&ei=G1kbYI-vOcKoqQGYjKuoDQ&ip=140.109.135.76&id=o-APLmQtvo4quYaq14KIKBpSEOPnOiyQHt3WfvkZn2_0iv&itag=242&aitags=133%2C134%2C135%2C136%2C137%2C160%2C242%2C243%2C244%2C247%2C248%2C271%2C278%2C313%2C394%2C395%2C396%2C397%2C398%2C399&source=youtube&requiressl=yes&mh=JG&mm=31%2C29&mn=sn-5njj-u2xl%2Csn-un57en7e&ms=au%2Crdu&mv=m&mvi=2&pl=16&initcwndbps=335000&vprv=1&mime=video%2Fwebm&ns=iHYMN2FjpXK0NShEtfC2ZvkF&gir=yes&clen=2433634&dur=110.840&lmt=1593456998318146&mt=1612404782&fvip=2&keepalive=yes&c=WEB&txp=5532432&n=HsOrUkTcVb2tU75w2&sparams=expire%2Cei%2Cip%2Cid%2Caitags%2Csource%2Crequiressl%2Cvprv%2Cmime%2Cns%2Cgir%2Cclen%2Cdur%2Clmt&lsparams=mh%2Cmm%2Cmn%2Cms%2Cmv%2Cmvi%2Cpl%2Cinitcwndbps&lsig=AG3C_xAwRQIgKfQ8Mx3iuV_xyn_dxKvSS7rin5j_0ARgwd8Am7y-BBECIQDgSOAHdIsgE-ZeFQuKBG5xR4n6CTgwT7yJzQQjrqD8QQ%3D%3D&sig=AOq0QJ8wRAIgM3OFkwU1XauyTOlZweeO4rWjBnZ17DqK15sU2sMWSH0CIFigDK6BzVSMrC-YBKGP8kx-BaUOufRM_Psg72PP7Efv&ratebypass=yes", "player_url": "/s/player/4bc55fd6/player_ias.vflset/en_US/base.js", "ext": "webm", "height": 240, "format_note": "240p", "vcodec": "vp9", "asr": null, "filesize": 2433634, "fps": 25, "tbr": 191.748, "width": 426, "acodec": "none", "downloader_options": {"http_chunk_size": 10485760}, "format": "242 - 426x240 (240p)", "protocol": "https", "http_headers": {"User-Agent": "Mozilla/5.0 (Windows NT 10.0; Win64; x64) AppleWebKit/537.36 (KHTML, like Gecko) Chrome/70.0.3538.122 Safari/537.36", "Accept-Charset": "ISO-8859-1,utf-8;q=0.7,*;q=0.7", "Accept": "text/html,application/xhtml+xml,application/xml;q=0.9,*/*;q=0.8", "Accept-Encoding": "gzip, deflate", "Accept-Language": "en-us,en;q=0.5"}}, {"format_id": "396", "url": "https://r2---sn-5njj-u2xl.googlevideo.com/videoplayback?expire=1612426619&ei=G1kbYI-vOcKoqQGYjKuoDQ&ip=140.109.135.76&id=o-APLmQtvo4quYaq14KIKBpSEOPnOiyQHt3WfvkZn2_0iv&itag=396&aitags=133%2C134%2C135%2C136%2C137%2C160%2C242%2C243%2C244%2C247%2C248%2C271%2C278%2C313%2C394%2C395%2C396%2C397%2C398%2C399&source=youtube&requiressl=yes&mh=JG&mm=31%2C29&mn=sn-5njj-u2xl%2Csn-un57en7e&ms=au%2Crdu&mv=m&mvi=2&pl=16&initcwndbps=335000&vprv=1&mime=video%2Fmp4&ns=iHYMN2FjpXK0NShEtfC2ZvkF&gir=yes&clen=4069983&dur=110.840&lmt=1593850081085154&mt=1612404782&fvip=2&keepalive=yes&c=WEB&txp=5531432&n=HsOrUkTcVb2tU75w2&sparams=expire%2Cei%2Cip%2Cid%2Caitags%2Csource%2Crequiressl%2Cvprv%2Cmime%2Cns%2Cgir%2Cclen%2Cdur%2Clmt&lsparams=mh%2Cmm%2Cmn%2Cms%2Cmv%2Cmvi%2Cpl%2Cinitcwndbps&lsig=AG3C_xAwRgIhAOkGUYU63yyKakjSeYFCOcAsGGNr2t0c0WzFpw8ZaVPIAiEA1mWLg6sC4HjQ3KC6LBWFSOQGenA9iQEnfUO4jBBcquo%3D&sig=AOq0QJ8wRQIgdJpZHlLIUCzQrNDWzn93ADE10HZIQUbiLMKu_NokN0cCIQCYO3jLgO5cyj2KSS4_WG25TF2Y3haYH69Qj0vPHyXKFQ==&ratebypass=yes", "player_url": "/s/player/4bc55fd6/player_ias.vflset/en_US/base.js", "acodec": "none", "vcodec": "av01.0.01M.08", "asr": null, "filesize": 4069983, "format_note": "360p", "fps": 25, "height": 360, "tbr": 329.117, "width": 640, "ext": "mp4", "downloader_options": {"http_chunk_size": 10485760}, "format": "396 - 640x360 (360p)", "protocol": "https", "http_headers": {"User-Agent": "Mozilla/5.0 (Windows NT 10.0; Win64; x64) AppleWebKit/537.36 (KHTML, like Gecko) Chrome/70.0.3538.122 Safari/537.36", "Accept-Charset": "ISO-8859-1,utf-8;q=0.7,*;q=0.7", "Accept": "text/html,application/xhtml+xml,application/xml;q=0.9,*/*;q=0.8", "Accept-Encoding": "gzip, deflate", "Accept-Language": "en-us,en;q=0.5"}}, {"format_id": "134", "url": "https://r2---sn-5njj-u2xl.googlevideo.com/videoplayback?expire=1612426619&ei=G1kbYI-vOcKoqQGYjKuoDQ&ip=140.109.135.76&id=o-APLmQtvo4quYaq14KIKBpSEOPnOiyQHt3WfvkZn2_0iv&itag=134&aitags=133%2C134%2C135%2C136%2C137%2C160%2C242%2C243%2C244%2C247%2C248%2C271%2C278%2C313%2C394%2C395%2C396%2C397%2C398%2C399&source=youtube&requiressl=yes&mh=JG&mm=31%2C29&mn=sn-5njj-u2xl%2Csn-un57en7e&ms=au%2Crdu&mv=m&mvi=2&pl=16&initcwndbps=335000&vprv=1&mime=video%2Fmp4&ns=iHYMN2FjpXK0NShEtfC2ZvkF&gir=yes&clen=3605559&dur=110.840&lmt=1593456769315774&mt=1612404782&fvip=2&keepalive=yes&c=WEB&txp=5532432&n=HsOrUkTcVb2tU75w2&sparams=expire%2Cei%2Cip%2Cid%2Caitags%2Csource%2Crequiressl%2Cvprv%2Cmime%2Cns%2Cgir%2Cclen%2Cdur%2Clmt&lsparams=mh%2Cmm%2Cmn%2Cms%2Cmv%2Cmvi%2Cpl%2Cinitcwndbps&lsig=AG3C_xAwRQIhAK0QPHS7MBunASFViMHefa6eh6R02PnoYUENT5UOGKIBAiBrDcyP_Lo39pKy3ARyZmZdxtkn50VukW6XjH7Q9CaY4Q%3D%3D&sig=AOq0QJ8wRAIgK4vGOxSA6uFo5xKA-DdDxEQGMqD1Y5RLCwmyDOlrWnkCIEl7qIXOQRHKgmzeACu0nrqvzBpJaP2zw3BSXyYblwQY&ratebypass=yes", "player_url": "/s/player/4bc55fd6/player_ias.vflset/en_US/base.js", "ext": "mp4", "height": 360, "format_note": "360p", "vcodec": "avc1.4d401e", "asr": null, "filesize": 3605559, "fps": 25, "tbr": 354.45, "width": 640, "acodec": "none", "downloader_options": {"http_chunk_size": 10485760}, "format": "134 - 640x360 (360p)", "protocol": "https", "http_headers": {"User-Agent": "Mozilla/5.0 (Windows NT 10.0; Win64; x64) AppleWebKit/537.36 (KHTML, like Gecko) Chrome/70.0.3538.122 Safari/537.36", "Accept-Charset": "ISO-8859-1,utf-8;q=0.7,*;q=0.7", "Accept": "text/html,application/xhtml+xml,application/xml;q=0.9,*/*;q=0.8", "Accept-Encoding": "gzip, deflate", "Accept-Language": "en-us,en;q=0.5"}}, {"format_id": "243", "url": "https://r2---sn-5njj-u2xl.googlevideo.com/videoplayback?expire=1612426619&ei=G1kbYI-vOcKoqQGYjKuoDQ&ip=140.109.135.76&id=o-APLmQtvo4quYaq14KIKBpSEOPnOiyQHt3WfvkZn2_0iv&itag=243&aitags=133%2C134%2C135%2C136%2C137%2C160%2C242%2C243%2C244%2C247%2C248%2C271%2C278%2C313%2C394%2C395%2C396%2C397%2C398%2C399&source=youtube&requiressl=yes&mh=JG&mm=31%2C29&mn=sn-5njj-u2xl%2Csn-un57en7e&ms=au%2Crdu&mv=m&mvi=2&pl=16&initcwndbps=335000&vprv=1&mime=video%2Fwebm&ns=iHYMN2FjpXK0NShEtfC2ZvkF&gir=yes&clen=5231087&dur=110.840&lmt=1593456998327202&mt=1612404782&fvip=2&keepalive=yes&c=WEB&txp=5532432&n=HsOrUkTcVb2tU75w2&sparams=expire%2Cei%2Cip%2Cid%2Caitags%2Csource%2Crequiressl%2Cvprv%2Cmime%2Cns%2Cgir%2Cclen%2Cdur%2Clmt&lsparams=mh%2Cmm%2Cmn%2Cms%2Cmv%2Cmvi%2Cpl%2Cinitcwndbps&lsig=AG3C_xAwRQIhANclKfE6DoV2F_hKespXS0I_UhI3WjH2q9co0dgeMRIGAiAvcNtmFOyPHWHfJmnq5Gr85kJjzaH2ao5zzvqnu0baFQ%3D%3D&sig=AOq0QJ8wRQIhAJUd6fHlyeQo6Qyzqu2CspQ3rtu2NFrOX0ZBtWdtcgD_AiA_jVdCz9jVi2DE3Fj5szNQyCMhGdEF10H-9iawWLw5Tw==&ratebypass=yes", "player_url": "/s/player/4bc55fd6/player_ias.vflset/en_US/base.js", "ext": "webm", "height": 360, "format_note": "360p", "vcodec": "vp9", "asr": null, "filesize": 5231087, "fps": 25, "tbr": 411.57, "width": 640, "acodec": "none", "downloader_options": {"http_chunk_size": 10485760}, "format": "243 - 640x360 (360p)", "protocol": "https", "http_headers": {"User-Agent": "Mozilla/5.0 (Windows NT 10.0; Win64; x64) AppleWebKit/537.36 (KHTML, like Gecko) Chrome/70.0.3538.122 Safari/537.36", "Accept-Charset": "ISO-8859-1,utf-8;q=0.7,*;q=0.7", "Accept": "text/html,application/xhtml+xml,application/xml;q=0.9,*/*;q=0.8", "Accept-Encoding": "gzip, deflate", "Accept-Language": "en-us,en;q=0.5"}}, {"format_id": "135", "url": "https://r2---sn-5njj-u2xl.googlevideo.com/videoplayback?expire=1612426619&ei=G1kbYI-vOcKoqQGYjKuoDQ&ip=140.109.135.76&id=o-APLmQtvo4quYaq14KIKBpSEOPnOiyQHt3WfvkZn2_0iv&itag=135&aitags=133%2C134%2C135%2C136%2C137%2C160%2C242%2C243%2C244%2C247%2C248%2C271%2C278%2C313%2C394%2C395%2C396%2C397%2C398%2C399&source=youtube&requiressl=yes&mh=JG&mm=31%2C29&mn=sn-5njj-u2xl%2Csn-un57en7e&ms=au%2Crdu&mv=m&mvi=2&pl=16&initcwndbps=335000&vprv=1&mime=video%2Fmp4&ns=iHYMN2FjpXK0NShEtfC2ZvkF&gir=yes&clen=6333408&dur=110.840&lmt=1593456769313068&mt=1612404782&fvip=2&keepalive=yes&c=WEB&txp=5532432&n=HsOrUkTcVb2tU75w2&sparams=expire%2Cei%2Cip%2Cid%2Caitags%2Csource%2Crequiressl%2Cvprv%2Cmime%2Cns%2Cgir%2Cclen%2Cdur%2Clmt&lsparams=mh%2Cmm%2Cmn%2Cms%2Cmv%2Cmvi%2Cpl%2Cinitcwndbps&lsig=AG3C_xAwRAIgRYaohCR9_UYPZ2RDMNQ7P0rdYM5JeMpPypyzgXC-eFQCIBUfSNatK1c7obI62WmjtMXYvM7LH5ARP79CxKzkFaCm&sig=AOq0QJ8wRQIgRza0GeybcvSJWYbHnhM_yaPV_5jm7zmYasw7jGhe-ToCIQDN60gPUnxTZ4-m9c7IJPwH54KMq43COxFtcjIkdtguJA==&ratebypass=yes", "player_url": "/s/player/4bc55fd6/player_ias.vflset/en_US/base.js", "ext": "mp4", "height": 480, "format_note": "480p", "vcodec": "avc1.4d401e", "asr": null, "filesize": 6333408, "fps": 25, "tbr": 559.759, "width": 854, "acodec": "none", "downloader_options": {"http_chunk_size": 10485760}, "format": "135 - 854x480 (480p)", "protocol": "https", "http_headers": {"User-Agent": "Mozilla/5.0 (Windows NT 10.0; Win64; x64) AppleWebKit/537.36 (KHTML, like Gecko) Chrome/70.0.3538.122 Safari/537.36", "Accept-Charset": "ISO-8859-1,utf-8;q=0.7,*;q=0.7", "Accept": "text/html,application/xhtml+xml,application/xml;q=0.9,*/*;q=0.8", "Accept-Encoding": "gzip, deflate", "Accept-Language": "en-us,en;q=0.5"}}, {"format_id": "397", "url": "https://r2---sn-5njj-u2xl.googlevideo.com/videoplayback?expire=1612426619&ei=G1kbYI-vOcKoqQGYjKuoDQ&ip=140.109.135.76&id=o-APLmQtvo4quYaq14KIKBpSEOPnOiyQHt3WfvkZn2_0iv&itag=397&aitags=133%2C134%2C135%2C136%2C137%2C160%2C242%2C243%2C244%2C247%2C248%2C271%2C278%2C313%2C394%2C395%2C396%2C397%2C398%2C399&source=youtube&requiressl=yes&mh=JG&mm=31%2C29&mn=sn-5njj-u2xl%2Csn-un57en7e&ms=au%2Crdu&mv=m&mvi=2&pl=16&initcwndbps=335000&vprv=1&mime=video%2Fmp4&ns=iHYMN2FjpXK0NShEtfC2ZvkF&gir=yes&clen=7295546&dur=110.840&lmt=1593850417748912&mt=1612404782&fvip=2&keepalive=yes&c=WEB&txp=5531432&n=HsOrUkTcVb2tU75w2&sparams=expire%2Cei%2Cip%2Cid%2Caitags%2Csource%2Crequiressl%2Cvprv%2Cmime%2Cns%2Cgir%2Cclen%2Cdur%2Clmt&lsparams=mh%2Cmm%2Cmn%2Cms%2Cmv%2Cmvi%2Cpl%2Cinitcwndbps&lsig=AG3C_xAwRgIhAITT1yTtK1K3hCBfVOXWt_HfmGGk3cJeSkIKVJ-55gB5AiEA-eaFf_7QNP8ka-RJj05xXmkm5-LpXxj54HMF2dwZUt0%3D&sig=AOq0QJ8wRQIhAIeF-SYAavg-I5-BB9G-q-DkuilyHP5GqdsdfJhEEBT4AiB3kK_XCH6FgfTkE0KzPrHqpsyd2P8fx7rIkGUhkqMwTw==&ratebypass=yes", "player_url": "/s/player/4bc55fd6/player_ias.vflset/en_US/base.js", "acodec": "none", "vcodec": "av01.0.04M.08", "asr": null, "filesize": 7295546, "format_note": "480p", "fps": 25, "height": 480, "tbr": 591.15, "width": 854, "ext": "mp4", "downloader_options": {"http_chunk_size": 10485760}, "format": "397 - 854x480 (480p)", "protocol": "https", "http_headers": {"User-Agent": "Mozilla/5.0 (Windows NT 10.0; Win64; x64) AppleWebKit/537.36 (KHTML, like Gecko) Chrome/70.0.3538.122 Safari/537.36", "Accept-Charset": "ISO-8859-1,utf-8;q=0.7,*;q=0.7", "Accept": "text/html,application/xhtml+xml,application/xml;q=0.9,*/*;q=0.8", "Accept-Encoding": "gzip, deflate", "Accept-Language": "en-us,en;q=0.5"}}, {"format_id": "244", "url": "https://r2---sn-5njj-u2xl.googlevideo.com/videoplayback?expire=1612426619&ei=G1kbYI-vOcKoqQGYjKuoDQ&ip=140.109.135.76&id=o-APLmQtvo4quYaq14KIKBpSEOPnOiyQHt3WfvkZn2_0iv&itag=244&aitags=133%2C134%2C135%2C136%2C137%2C160%2C242%2C243%2C244%2C247%2C248%2C271%2C278%2C313%2C394%2C395%2C396%2C397%2C398%2C399&source=youtube&requiressl=yes&mh=JG&mm=31%2C29&mn=sn-5njj-u2xl%2Csn-un57en7e&ms=au%2Crdu&mv=m&mvi=2&pl=16&initcwndbps=335000&vprv=1&mime=video%2Fwebm&ns=iHYMN2FjpXK0NShEtfC2ZvkF&gir=yes&clen=9516086&dur=110.840&lmt=1593456998686818&mt=1612404782&fvip=2&keepalive=yes&c=WEB&txp=5532432&n=HsOrUkTcVb2tU75w2&sparams=expire%2Cei%2Cip%2Cid%2Caitags%2Csource%2Crequiressl%2Cvprv%2Cmime%2Cns%2Cgir%2Cclen%2Cdur%2Clmt&lsparams=mh%2Cmm%2Cmn%2Cms%2Cmv%2Cmvi%2Cpl%2Cinitcwndbps&lsig=AG3C_xAwRQIhAPi2R52W6tV7nNjKfblq7Hxk0WMKQ8nrHtvpkTcYcoKFAiBZeUGCuVR4sjwRu2chRSbTIAJBwjEA-6_yIcDSCuWTPw%3D%3D&sig=AOq0QJ8wRAIgJ7td9z0BCyRg3VUt3QHASBuVdTE5FkmeFsKrX96ryJQCIHR6g1LLGgE083vBfiRm6ONJgpPmJJeEBvW26jrS5aSM&ratebypass=yes", "player_url": "/s/player/4bc55fd6/player_ias.vflset/en_US/base.js", "ext": "webm", "height": 480, "format_note": "480p", "vcodec": "vp9", "asr": null, "filesize": 9516086, "fps": 25, "tbr": 760.185, "width": 854, "acodec": "none", "downloader_options": {"http_chunk_size": 10485760}, "format": "244 - 854x480 (480p)", "protocol": "https", "http_headers": {"User-Agent": "Mozilla/5.0 (Windows NT 10.0; Win64; x64) AppleWebKit/537.36 (KHTML, like Gecko) Chrome/70.0.3538.122 Safari/537.36", "Accept-Charset": "ISO-8859-1,utf-8;q=0.7,*;q=0.7", "Accept": "text/html,application/xhtml+xml,application/xml;q=0.9,*/*;q=0.8", "Accept-Encoding": "gzip, deflate", "Accept-Language": "en-us,en;q=0.5"}}, {"format_id": "136", "url": "https://r2---sn-5njj-u2xl.googlevideo.com/videoplayback?expire=1612426619&ei=G1kbYI-vOcKoqQGYjKuoDQ&ip=140.109.135.76&id=o-APLmQtvo4quYaq14KIKBpSEOPnOiyQHt3WfvkZn2_0iv&itag=136&aitags=133%2C134%2C135%2C136%2C137%2C160%2C242%2C243%2C244%2C247%2C248%2C271%2C278%2C313%2C394%2C395%2C396%2C397%2C398%2C399&source=youtube&requiressl=yes&mh=JG&mm=31%2C29&mn=sn-5njj-u2xl%2Csn-un57en7e&ms=au%2Crdu&mv=m&mvi=2&pl=16&initcwndbps=335000&vprv=1&mime=video%2Fmp4&ns=iHYMN2FjpXK0NShEtfC2ZvkF&gir=yes&clen=12511640&dur=110.840&lmt=1593456769307044&mt=1612404782&fvip=2&keepalive=yes&c=WEB&txp=5532432&n=HsOrUkTcVb2tU75w2&sparams=expire%2Cei%2Cip%2Cid%2Caitags%2Csource%2Crequiressl%2Cvprv%2Cmime%2Cns%2Cgir%2Cclen%2Cdur%2Clmt&lsparams=mh%2Cmm%2Cmn%2Cms%2Cmv%2Cmvi%2Cpl%2Cinitcwndbps&lsig=AG3C_xAwRQIhAOKUkJqPG44D9sKZ9CiDZsq7ikBcRacE9Ea92zd-_7fuAiA5A7lK6wif85qambYCA70fBC8dOjUuo19TItIOQpSVlA%3D%3D&sig=AOq0QJ8wRQIhAPxq1WuuASL4P-e-BQouXf8vdliqwP2Sn5CI-nNvM-fmAiAQ8YtZTAH8F_eGBm4lUzKDclHPuSTZ7V3JZgs6z6lcyw==&ratebypass=yes", "player_url": "/s/player/4bc55fd6/player_ias.vflset/en_US/base.js", "ext": "mp4", "height": 720, "format_note": "720p", "vcodec": "avc1.4d401f", "asr": null, "filesize": 12511640, "fps": 25, "tbr": 1089.567, "width": 1280, "acodec": "none", "downloader_options": {"http_chunk_size": 10485760}, "format": "136 - 1280x720 (720p)", "protocol": "https", "http_headers": {"User-Agent": "Mozilla/5.0 (Windows NT 10.0; Win64; x64) AppleWebKit/537.36 (KHTML, like Gecko) Chrome/70.0.3538.122 Safari/537.36", "Accept-Charset": "ISO-8859-1,utf-8;q=0.7,*;q=0.7", "Accept": "text/html,application/xhtml+xml,application/xml;q=0.9,*/*;q=0.8", "Accept-Encoding": "gzip, deflate", "Accept-Language": "en-us,en;q=0.5"}}, {"format_id": "398", "url": "https://r2---sn-5njj-u2xl.googlevideo.com/videoplayback?expire=1612426619&ei=G1kbYI-vOcKoqQGYjKuoDQ&ip=140.109.135.76&id=o-APLmQtvo4quYaq14KIKBpSEOPnOiyQHt3WfvkZn2_0iv&itag=398&aitags=133%2C134%2C135%2C136%2C137%2C160%2C242%2C243%2C244%2C247%2C248%2C271%2C278%2C313%2C394%2C395%2C396%2C397%2C398%2C399&source=youtube&requiressl=yes&mh=JG&mm=31%2C29&mn=sn-5njj-u2xl%2Csn-un57en7e&ms=au%2Crdu&mv=m&mvi=2&pl=16&initcwndbps=335000&vprv=1&mime=video%2Fmp4&ns=iHYMN2FjpXK0NShEtfC2ZvkF&gir=yes&clen=13750188&dur=110.840&lmt=1593850457932007&mt=1612404782&fvip=2&keepalive=yes&c=WEB&txp=5531432&n=HsOrUkTcVb2tU75w2&sparams=expire%2Cei%2Cip%2Cid%2Caitags%2Csource%2Crequiressl%2Cvprv%2Cmime%2Cns%2Cgir%2Cclen%2Cdur%2Clmt&lsparams=mh%2Cmm%2Cmn%2Cms%2Cmv%2Cmvi%2Cpl%2Cinitcwndbps&lsig=AG3C_xAwRQIgV3PRtbzi5qT4mDJmtd7-6_Kcy8-Csz9dp_A8I-NiSVECIQDikIjIZEzOgdb0KEr_KSwhLMfQ4kyxYN17ML7AmZ_anQ%3D%3D&sig=AOq0QJ8wRQIgDZ3f4jeTe6xG-kAhxZbEZqU_s4_sr9tpoRyvcZGdc4gCIQDYCs2jbfvn9-Uu4zcOkfVonYeeoZw6OWqlwMZsh03ong==&ratebypass=yes", "player_url": "/s/player/4bc55fd6/player_ias.vflset/en_US/base.js", "asr": null, "filesize": 13750188, "format_note": "720p", "fps": 25, "height": 720, "tbr": 1111.607, "width": 1280, "ext": "mp4", "vcodec": "av01.0.05M.08", "acodec": "none", "downloader_options": {"http_chunk_size": 10485760}, "format": "398 - 1280x720 (720p)", "protocol": "https", "http_headers": {"User-Agent": "Mozilla/5.0 (Windows NT 10.0; Win64; x64) AppleWebKit/537.36 (KHTML, like Gecko) Chrome/70.0.3538.122 Safari/537.36", "Accept-Charset": "ISO-8859-1,utf-8;q=0.7,*;q=0.7", "Accept": "text/html,application/xhtml+xml,application/xml;q=0.9,*/*;q=0.8", "Accept-Encoding": "gzip, deflate", "Accept-Language": "en-us,en;q=0.5"}}, {"format_id": "247", "url": "https://r2---sn-5njj-u2xl.googlevideo.com/videoplayback?expire=1612426619&ei=G1kbYI-vOcKoqQGYjKuoDQ&ip=140.109.135.76&id=o-APLmQtvo4quYaq14KIKBpSEOPnOiyQHt3WfvkZn2_0iv&itag=247&aitags=133%2C134%2C135%2C136%2C137%2C160%2C242%2C243%2C244%2C247%2C248%2C271%2C278%2C313%2C394%2C395%2C396%2C397%2C398%2C399&source=youtube&requiressl=yes&mh=JG&mm=31%2C29&mn=sn-5njj-u2xl%2Csn-un57en7e&ms=au%2Crdu&mv=m&mvi=2&pl=16&initcwndbps=335000&vprv=1&mime=video%2Fwebm&ns=iHYMN2FjpXK0NShEtfC2ZvkF&gir=yes&clen=19134601&dur=110.840&lmt=1593456998375697&mt=1612404782&fvip=2&keepalive=yes&c=WEB&txp=5532432&n=HsOrUkTcVb2tU75w2&sparams=expire%2Cei%2Cip%2Cid%2Caitags%2Csource%2Crequiressl%2Cvprv%2Cmime%2Cns%2Cgir%2Cclen%2Cdur%2Clmt&lsparams=mh%2Cmm%2Cmn%2Cms%2Cmv%2Cmvi%2Cpl%2Cinitcwndbps&lsig=AG3C_xAwRQIhAP9FS75_XwwVPo5xZtftdApD2JMmc3OjEVQzWDn5L6SwAiBkw9wAObbDShivEY_xSWW1eSe8kG7sJatLcAksKbLqow%3D%3D&sig=AOq0QJ8wRAIgUcJAtALLHhrOe3Zb7Selt4ZevWIX8TL4MzAuEhlh23ECIFCJ7tDzf6iigtJCxkTso4OvZV2yozscN4k0Pw4_cHfR&ratebypass=yes", "player_url": "/s/player/4bc55fd6/player_ias.vflset/en_US/base.js", "ext": "webm", "height": 720, "format_note": "720p", "vcodec": "vp9", "asr": null, "filesize": 19134601, "fps": 25, "tbr": 1514.5, "width": 1280, "acodec": "none", "downloader_options": {"http_chunk_size": 10485760}, "format": "247 - 1280x720 (720p)", "protocol": "https", "http_headers": {"User-Agent": "Mozilla/5.0 (Windows NT 10.0; Win64; x64) AppleWebKit/537.36 (KHTML, like Gecko) Chrome/70.0.3538.122 Safari/537.36", "Accept-Charset": "ISO-8859-1,utf-8;q=0.7,*;q=0.7", "Accept": "text/html,application/xhtml+xml,application/xml;q=0.9,*/*;q=0.8", "Accept-Encoding": "gzip, deflate", "Accept-Language": "en-us,en;q=0.5"}}, {"format_id": "399", "url": "https://r2---sn-5njj-u2xl.googlevideo.com/videoplayback?expire=1612426619&ei=G1kbYI-vOcKoqQGYjKuoDQ&ip=140.109.135.76&id=o-APLmQtvo4quYaq14KIKBpSEOPnOiyQHt3WfvkZn2_0iv&itag=399&aitags=133%2C134%2C135%2C136%2C137%2C160%2C242%2C243%2C244%2C247%2C248%2C271%2C278%2C313%2C394%2C395%2C396%2C397%2C398%2C399&source=youtube&requiressl=yes&mh=JG&mm=31%2C29&mn=sn-5njj-u2xl%2Csn-un57en7e&ms=au%2Crdu&mv=m&mvi=2&pl=16&initcwndbps=335000&vprv=1&mime=video%2Fmp4&ns=iHYMN2FjpXK0NShEtfC2ZvkF&gir=yes&clen=24019572&dur=110.840&lmt=1593851259529652&mt=1612404782&fvip=2&keepalive=yes&c=WEB&txp=5531432&n=HsOrUkTcVb2tU75w2&sparams=expire%2Cei%2Cip%2Cid%2Caitags%2Csource%2Crequiressl%2Cvprv%2Cmime%2Cns%2Cgir%2Cclen%2Cdur%2Clmt&lsparams=mh%2Cmm%2Cmn%2Cms%2Cmv%2Cmvi%2Cpl%2Cinitcwndbps&lsig=AG3C_xAwRgIhAMY0CCN7qbJsUQGZLHnlf9HxNV5CqMQTeDVy1tvnqm-oAiEA7N1p16Ak-qwnYbFWE6sDXBCuaGnousKuYrtGfwCIZac%3D&sig=AOq0QJ8wRAIgYv3fDvoHLVUxH-GaqaazfaXiyxuARW0xMT8KP8XxyF8CIF8AzFiXixDPQpMe2_opka7Lgz9IeR64h70MONg7oUlc&ratebypass=yes", "player_url": "/s/player/4bc55fd6/player_ias.vflset/en_US/base.js", "asr": null, "filesize": 24019572, "format_note": "1080p", "fps": 25, "height": 1080, "tbr": 1907.52, "width": 1920, "ext": "mp4", "vcodec": "av01.0.08M.08", "acodec": "none", "downloader_options": {"http_chunk_size": 10485760}, "format": "399 - 1920x1080 (1080p)", "protocol": "https", "http_headers": {"User-Agent": "Mozilla/5.0 (Windows NT 10.0; Win64; x64) AppleWebKit/537.36 (KHTML, like Gecko) Chrome/70.0.3538.122 Safari/537.36", "Accept-Charset": "ISO-8859-1,utf-8;q=0.7,*;q=0.7", "Accept": "text/html,application/xhtml+xml,application/xml;q=0.9,*/*;q=0.8", "Accept-Encoding": "gzip, deflate", "Accept-Language": "en-us,en;q=0.5"}}, {"format_id": "248", "url": "https://r2---sn-5njj-u2xl.googlevideo.com/videoplayback?expire=1612426619&ei=G1kbYI-vOcKoqQGYjKuoDQ&ip=140.109.135.76&id=o-APLmQtvo4quYaq14KIKBpSEOPnOiyQHt3WfvkZn2_0iv&itag=248&aitags=133%2C134%2C135%2C136%2C137%2C160%2C242%2C243%2C244%2C247%2C248%2C271%2C278%2C313%2C394%2C395%2C396%2C397%2C398%2C399&source=youtube&requiressl=yes&mh=JG&mm=31%2C29&mn=sn-5njj-u2xl%2Csn-un57en7e&ms=au%2Crdu&mv=m&mvi=2&pl=16&initcwndbps=335000&vprv=1&mime=video%2Fwebm&ns=iHYMN2FjpXK0NShEtfC2ZvkF&gir=yes&clen=34060304&dur=110.840&lmt=1593456697632847&mt=1612404782&fvip=2&keepalive=yes&c=WEB&txp=5532432&n=HsOrUkTcVb2tU75w2&sparams=expire%2Cei%2Cip%2Cid%2Caitags%2Csource%2Crequiressl%2Cvprv%2Cmime%2Cns%2Cgir%2Cclen%2Cdur%2Clmt&lsparams=mh%2Cmm%2Cmn%2Cms%2Cmv%2Cmvi%2Cpl%2Cinitcwndbps&lsig=AG3C_xAwRQIgFxMhV2GgwMdluhVS0aeBL0_XdF4BpuyRBk9VL_rXpeUCIQCvTiB0M7IG09gIHe4xiEFQYOMB4jCO6L57YK8LIQGy1Q%3D%3D&sig=AOq0QJ8wRgIhAKGYjQ4c3XcVy8Rerb87Y83d4h87ioO-QGTgf2pjwvVsAiEAhdOADxtp6hF5uKMLHYlHPSYZBMPuLHsh4l56D6Q_6O0=&ratebypass=yes", "player_url": "/s/player/4bc55fd6/player_ias.vflset/en_US/base.js", "ext": "webm", "height": 1080, "format_note": "1080p", "vcodec": "vp9", "asr": null, "filesize": 34060304, "fps": 25, "tbr": 2643.298, "width": 1920, "acodec": "none", "downloader_options": {"http_chunk_size": 10485760}, "format": "248 - 1920x1080 (1080p)", "protocol": "https", "http_headers": {"User-Agent": "Mozilla/5.0 (Windows NT 10.0; Win64; x64) AppleWebKit/537.36 (KHTML, like Gecko) Chrome/70.0.3538.122 Safari/537.36", "Accept-Charset": "ISO-8859-1,utf-8;q=0.7,*;q=0.7", "Accept": "text/html,application/xhtml+xml,application/xml;q=0.9,*/*;q=0.8", "Accept-Encoding": "gzip, deflate", "Accept-Language": "en-us,en;q=0.5"}}, {"format_id": "137", "url": "https://r2---sn-5njj-u2xl.googlevideo.com/videoplayback?expire=1612426619&ei=G1kbYI-vOcKoqQGYjKuoDQ&ip=140.109.135.76&id=o-APLmQtvo4quYaq14KIKBpSEOPnOiyQHt3WfvkZn2_0iv&itag=137&aitags=133%2C134%2C135%2C136%2C137%2C160%2C242%2C243%2C244%2C247%2C248%2C271%2C278%2C313%2C394%2C395%2C396%2C397%2C398%2C399&source=youtube&requiressl=yes&mh=JG&mm=31%2C29&mn=sn-5njj-u2xl%2Csn-un57en7e&ms=au%2Crdu&mv=m&mvi=2&pl=16&initcwndbps=335000&vprv=1&mime=video%2Fmp4&ns=iHYMN2FjpXK0NShEtfC2ZvkF&gir=yes&clen=32857832&dur=110.840&lmt=1593456450111235&mt=1612404782&fvip=2&keepalive=yes&c=WEB&txp=5532432&n=HsOrUkTcVb2tU75w2&sparams=expire%2Cei%2Cip%2Cid%2Caitags%2Csource%2Crequiressl%2Cvprv%2Cmime%2Cns%2Cgir%2Cclen%2Cdur%2Clmt&lsparams=mh%2Cmm%2Cmn%2Cms%2Cmv%2Cmvi%2Cpl%2Cinitcwndbps&lsig=AG3C_xAwRAIgEMuUoJa0ZGIWeoJmndc0c3SIDePIczl5e3mKyYWzKqECIEHYAPDlIoi31fAWnDo3xmWU9LF4qgjXxqXzigvSjSIr&sig=AOq0QJ8wRQIhANCWQStKuVG2HpMfy9tHkjvtRI6hef4d3hsquT6Zxj1PAiBbC93ndqoiec7uH_LUIIK84JfObOclDoa00bWRf5tZAg==&ratebypass=yes", "player_url": "/s/player/4bc55fd6/player_ias.vflset/en_US/base.js", "ext": "mp4", "height": 1080, "format_note": "1080p", "vcodec": "avc1.640028", "asr": null, "filesize": 32857832, "fps": 25, "tbr": 3157.556, "width": 1920, "acodec": "none", "downloader_options": {"http_chunk_size": 10485760}, "format": "137 - 1920x1080 (1080p)", "protocol": "https", "http_headers": {"User-Agent": "Mozilla/5.0 (Windows NT 10.0; Win64; x64) AppleWebKit/537.36 (KHTML, like Gecko) Chrome/70.0.3538.122 Safari/537.36", "Accept-Charset": "ISO-8859-1,utf-8;q=0.7,*;q=0.7", "Accept": "text/html,application/xhtml+xml,application/xml;q=0.9,*/*;q=0.8", "Accept-Encoding": "gzip, deflate", "Accept-Language": "en-us,en;q=0.5"}}, {"format_id": "271", "url": "https://r2---sn-5njj-u2xl.googlevideo.com/videoplayback?expire=1612426619&ei=G1kbYI-vOcKoqQGYjKuoDQ&ip=140.109.135.76&id=o-APLmQtvo4quYaq14KIKBpSEOPnOiyQHt3WfvkZn2_0iv&itag=271&aitags=133%2C134%2C135%2C136%2C137%2C160%2C242%2C243%2C244%2C247%2C248%2C271%2C278%2C313%2C394%2C395%2C396%2C397%2C398%2C399&source=youtube&requiressl=yes&mh=JG&mm=31%2C29&mn=sn-5njj-u2xl%2Csn-un57en7e&ms=au%2Crdu&mv=m&mvi=2&pl=16&initcwndbps=335000&vprv=1&mime=video%2Fwebm&ns=iHYMN2FjpXK0NShEtfC2ZvkF&gir=yes&clen=92139373&dur=110.840&lmt=1593456796465371&mt=1612404782&fvip=2&keepalive=yes&c=WEB&txp=5532432&n=HsOrUkTcVb2tU75w2&sparams=expire%2Cei%2Cip%2Cid%2Caitags%2Csource%2Crequiressl%2Cvprv%2Cmime%2Cns%2Cgir%2Cclen%2Cdur%2Clmt&lsparams=mh%2Cmm%2Cmn%2Cms%2Cmv%2Cmvi%2Cpl%2Cinitcwndbps&lsig=AG3C_xAwRgIhAIZWJWtbyRuOMPEIr5uUNKL70A33EqygXP_noKRMzkSPAiEAkNnpFbwifS4_-6nr2aokWVC3Kt6PV2Y5NhtPU6yD2NA%3D&sig=AOq0QJ8wRQIgTvz3bIubT9exFUcWUx5Sc4uF25bCKqY_4XThzjrkJZECIQDJNvjYWyGa6qSjRbC03U0aefOKOrl87BmsGAfr6vVE9A==&ratebypass=yes", "player_url": "/s/player/4bc55fd6/player_ias.vflset/en_US/base.js", "ext": "webm", "height": 1440, "format_note": "1440p", "vcodec": "vp9", "asr": null, "filesize": 92139373, "fps": 25, "tbr": 8091.617, "width": 2560, "acodec": "none", "downloader_options": {"http_chunk_size": 10485760}, "format": "271 - 2560x1440 (1440p)", "protocol": "https", "http_headers": {"User-Agent": "Mozilla/5.0 (Windows NT 10.0; Win64; x64) AppleWebKit/537.36 (KHTML, like Gecko) Chrome/70.0.3538.122 Safari/537.36", "Accept-Charset": "ISO-8859-1,utf-8;q=0.7,*;q=0.7", "Accept": "text/html,application/xhtml+xml,application/xml;q=0.9,*/*;q=0.8", "Accept-Encoding": "gzip, deflate", "Accept-Language": "en-us,en;q=0.5"}}, {"format_id": "313", "url": "https://r2---sn-5njj-u2xl.googlevideo.com/videoplayback?expire=1612426619&ei=G1kbYI-vOcKoqQGYjKuoDQ&ip=140.109.135.76&id=o-APLmQtvo4quYaq14KIKBpSEOPnOiyQHt3WfvkZn2_0iv&itag=313&aitags=133%2C134%2C135%2C136%2C137%2C160%2C242%2C243%2C244%2C247%2C248%2C271%2C278%2C313%2C394%2C395%2C396%2C397%2C398%2C399&source=youtube&requiressl=yes&mh=JG&mm=31%2C29&mn=sn-5njj-u2xl%2Csn-un57en7e&ms=au%2Crdu&mv=m&mvi=2&pl=16&initcwndbps=335000&vprv=1&mime=video%2Fwebm&ns=iHYMN2FjpXK0NShEtfC2ZvkF&gir=yes&clen=229920070&dur=110.840&lmt=1593457333118165&mt=1612404782&fvip=2&keepalive=yes&c=WEB&txp=5532432&n=HsOrUkTcVb2tU75w2&sparams=expire%2Cei%2Cip%2Cid%2Caitags%2Csource%2Crequiressl%2Cvprv%2Cmime%2Cns%2Cgir%2Cclen%2Cdur%2Clmt&lsparams=mh%2Cmm%2Cmn%2Cms%2Cmv%2Cmvi%2Cpl%2Cinitcwndbps&lsig=AG3C_xAwRAIgC9HpdBnGT-Cel6qY2HBxV5CkngxDJ_KbB-GJd3m71oYCIEqNYqg4eUa3XSaBDMcwgeF5azBAMrp25MEncIqZ555Z&sig=AOq0QJ8wRQIgKgtCDqVVpouYFRY3HjmqWpMoHtLHOPdoUQ_VDCs1Ig4CIQDU-pQfb9Ra-WYdnPwx9FImgbRS6RFtGm5UJO7502vV6Q==&ratebypass=yes", "player_url": "/s/player/4bc55fd6/player_ias.vflset/en_US/base.js", "ext": "webm", "height": 2160, "format_note": "2160p", "vcodec": "vp9", "asr": null, "filesize": 229920070, "fps": 25, "tbr": 17385.207, "width": 3840, "acodec": "none", "downloader_options": {"http_chunk_size": 10485760}, "format": "313 - 3840x2160 (2160p)", "protocol": "https", "http_headers": {"User-Agent": "Mozilla/5.0 (Windows NT 10.0; Win64; x64) AppleWebKit/537.36 (KHTML, like Gecko) Chrome/70.0.3538.122 Safari/537.36", "Accept-Charset": "ISO-8859-1,utf-8;q=0.7,*;q=0.7", "Accept": "text/html,application/xhtml+xml,application/xml;q=0.9,*/*;q=0.8", "Accept-Encoding": "gzip, deflate", "Accept-Language": "en-us,en;q=0.5"}}, {"format_id": "18", "url": "https://r2---sn-5njj-u2xl.googlevideo.com/videoplayback?expire=1612426620&ei=G1kbYI-vOcKoqQGYjKuoDQ&ip=140.109.135.76&id=o-APLmQtvo4quYaq14KIKBpSEOPnOiyQHt3WfvkZn2_0iv&itag=18&source=youtube&requiressl=yes&mh=JG&mm=31%2C29&mn=sn-5njj-u2xl%2Csn-un57en7e&ms=au%2Crdu&mv=m&mvi=2&pl=16&initcwndbps=335000&vprv=1&mime=video%2Fmp4&ns=nPaYtPMO2Rifm75Dh3v8_OoF&gir=yes&clen=9591762&ratebypass=yes&dur=110.898&lmt=1593456379690099&mt=1612404782&fvip=2&c=WEB&txp=5531432&n=B3V-NapmUyxccFu4I&sparams=expire%2Cei%2Cip%2Cid%2Citag%2Csource%2Crequiressl%2Cvprv%2Cmime%2Cns%2Cgir%2Cclen%2Cratebypass%2Cdur%2Clmt&lsparams=mh%2Cmm%2Cmn%2Cms%2Cmv%2Cmvi%2Cpl%2Cinitcwndbps&lsig=AG3C_xAwRQIgLiXLM5HUFD5-tWo6KKPhvzjjvTPi_bokIkfaiHbx9SkCIQDvveiVV4Clb7za5fHTfy6D7eupgfdHcl8V5rwIfWf0Vw%3D%3D&sig=AOq0QJ8wRQIgULKL8JBSYFIBBFutsQ6ruQQ6GWOIqk936M2Fbywuws4CIQDt6X0BO65Xtqh9YGgsp9sPKfRSfaZkw-TwkvY2Nn6Qgg==", "player_url": "/s/player/4bc55fd6/player_ias.vflset/en_US/base.js", "ext": "mp4", "width": 640, "height": 360, "acodec": "mp4a.40.2", "abr": 96, "vcodec": "avc1.42001E", "asr": 44100, "filesize": 9591762, "format_note": "360p", "fps": 25, "tbr": 692.296, "format": "18 - 640x360 (360p)", "protocol": "https", "http_headers": {"User-Agent": "Mozilla/5.0 (Windows NT 10.0; Win64; x64) AppleWebKit/537.36 (KHTML, like Gecko) Chrome/70.0.3538.122 Safari/537.36", "Accept-Charset": "ISO-8859-1,utf-8;q=0.7,*;q=0.7", "Accept": "text/html,application/xhtml+xml,application/xml;q=0.9,*/*;q=0.8", "Accept-Encoding": "gzip, deflate", "Accept-Language": "en-us,en;q=0.5"}}], "is_live": null, "start_time": null, "end_time": null, "series": null, "season_number": null, "episode_number": null, "track": null, "artist": null, "album": null, "release_date": null, "release_year": null, "extractor": "youtube", "webpage_url_basename": "watch", "extractor_key": "Youtube", "playlist": null, "playlist_index": null, "thumbnail": "https://i.ytimg.com/vi_webp/SKn3qsWf29c/maxresdefault.webp", "display_id": "SKn3qsWf29c", "requested_subtitles": null, "format_id": "251", "url": "https://r2---sn-5njj-u2xl.googlevideo.com/videoplayback?expire=1612426619&ei=G1kbYI-vOcKoqQGYjKuoDQ&ip=140.109.135.76&id=o-APLmQtvo4quYaq14KIKBpSEOPnOiyQHt3WfvkZn2_0iv&itag=251&source=youtube&requiressl=yes&mh=JG&mm=31%2C29&mn=sn-5njj-u2xl%2Csn-un57en7e&ms=au%2Crdu&mv=m&mvi=2&pl=16&initcwndbps=335000&vprv=1&mime=audio%2Fwebm&ns=iHYMN2FjpXK0NShEtfC2ZvkF&gir=yes&clen=1985988&dur=110.861&lmt=1593452935547668&mt=1612404782&fvip=2&keepalive=yes&c=WEB&txp=5511222&n=HsOrUkTcVb2tU75w2&sparams=expire%2Cei%2Cip%2Cid%2Citag%2Csource%2Crequiressl%2Cvprv%2Cmime%2Cns%2Cgir%2Cclen%2Cdur%2Clmt&lsparams=mh%2Cmm%2Cmn%2Cms%2Cmv%2Cmvi%2Cpl%2Cinitcwndbps&lsig=AG3C_xAwRgIhAPgYO1MazNSSit3OwkzfD1puOkn4oJEpmpf9NZDmSj_8AiEA8Z1wU860ntF3miBhEdcA1Yvj78qGP527A3MUWUQN1VQ%3D&sig=AOq0QJ8wRQIhAPJScixQPyEL4BT8zS0mfwwttm0VlUe6cOC2QGd9eBrPAiBPobu28_LxzVLlLkkxtu4tRVRQToC-seSzKPLiUB1T3w==&ratebypass=yes", "player_url": "/s/player/4bc55fd6/player_ias.vflset/en_US/base.js", "ext": "webm", "format_note": "tiny", "acodec": "opus", "abr": 160, "asr": 48000, "filesize": 1985988, "fps": null, "height": null, "tbr": 152.261, "width": null, "vcodec": "none", "downloader_options": {"http_chunk_size": 10485760}, "format": "251 - audio only (tiny)", "protocol": "https", "http_headers": {"User-Agent": "Mozilla/5.0 (Windows NT 10.0; Win64; x64) AppleWebKit/537.36 (KHTML, like Gecko) Chrome/70.0.3538.122 Safari/537.36", "Accept-Charset": "ISO-8859-1,utf-8;q=0.7,*;q=0.7", "Accept": "text/html,application/xhtml+xml,application/xml;q=0.9,*/*;q=0.8", "Accept-Encoding": "gzip, deflate", "Accept-Language": "en-us,en;q=0.5"}}