{"id": "sZe3IB1OVfw", "uploader": "Emma Chen \u5c0f i", "uploader_id": "UCZiVgBFR8RObqlLd7e9Bm4w", "uploader_url": "http://www.youtube.com/channel/UCZiVgBFR8RObqlLd7e9Bm4w", "channel_id": "UCZiVgBFR8RObqlLd7e9Bm4w", "channel_url": "http://www.youtube.com/channel/UCZiVgBFR8RObqlLd7e9Bm4w", "upload_date": "20201211", "license": null, "creator": null, "title": "\u8036\u7a4c\u7962\u5df2\u5f97\u52dd / \u5929\u97fb\u5408\u5531\u5718 - piano cover / \u92fc\u7434\u6f14\u594f", "alt_title": null, "thumbnails": [{"url": "https://i.ytimg.com/vi/sZe3IB1OVfw/hqdefault.jpg?sqp=-oaymwEbCKgBEF5IVfKriqkDDggBFQAAiEIYAXABwAEG&rs=AOn4CLAeEmB4T5B2EO8GyuqRgdhAnRWVdA", "width": 168, "height": 94, "resolution": "168x94", "id": "0"}, {"url": "https://i.ytimg.com/vi/sZe3IB1OVfw/hqdefault.jpg?sqp=-oaymwEbCMQBEG5IVfKriqkDDggBFQAAiEIYAXABwAEG&rs=AOn4CLDEKzzBycsLV55Q18Y5eixdSvdHaA", "width": 196, "height": 110, "resolution": "196x110", "id": "1"}, {"url": "https://i.ytimg.com/vi/sZe3IB1OVfw/hqdefault.jpg?sqp=-oaymwEcCPYBEIoBSFXyq4qpAw4IARUAAIhCGAFwAcABBg==&rs=AOn4CLBBEqcTkfb9ORWCwJUOv7i1EknCOg", "width": 246, "height": 138, "resolution": "246x138", "id": "2"}, {"url": "https://i.ytimg.com/vi/sZe3IB1OVfw/hqdefault.jpg?sqp=-oaymwEcCNACELwBSFXyq4qpAw4IARUAAIhCGAFwAcABBg==&rs=AOn4CLAq6wcOdKR7BEj-JVMqB9wI2TYhqw", "width": 336, "height": 188, "resolution": "336x188", "id": "3"}, {"url": "https://i.ytimg.com/vi_webp/sZe3IB1OVfw/maxresdefault.webp", "width": 1920, "height": 1080, "resolution": "1920x1080", "id": "4"}], "description": "\u6b61\u8fce\u4eab\u7528\u3002\nby Emma Chen. (FB:kiki10017@hotmail.com)", "categories": ["Music"], "tags": ["\u8036\u7a4c\u7962\u5df2\u5f97\u52dd", "\u5929\u97fb", "christian songs"], "subtitles": {}, "automatic_captions": {}, "duration": 260, "age_limit": 0, "annotations": null, "chapters": null, "webpage_url": "https://www.youtube.com/watch?v=sZe3IB1OVfw", "view_count": 470, "like_count": 10, "dislike_count": null, "average_rating": 5.0, "formats": [{"ext": "m4a", "format_note": "DASH audio", "acodec": "mp4a.40.5", "abr": 48, "container": "m4a_dash", "format_id": "139", "manifest_url": "https://manifest.googlevideo.com/api/manifest/dash/expire/1613497621/ei/tbArYJ7PCoOy4QKP0pg4/ip/140.109.135.76/id/b197b7201d4e55fc/source/youtube/requiressl/yes/playback_host/r4---sn-5njj-u2xl.googlevideo.com/mh/1R/mm/31%2C29/mn/sn-5njj-u2xl%2Csn-un57sn7z/ms/au%2Crdu/mv/m/mvi/4/pl/16/hfr/all/as/fmp4_audio_clear%2Cwebm_audio_clear%2Cwebm2_audio_clear%2Cfmp4_sd_hd_clear%2Cwebm2_sd_hd_clear/initcwndbps/1022500/vprv/1/mt/1613475655/fvip/4/keepalive/yes/itag/0/sparams/expire%2Cei%2Cip%2Cid%2Csource%2Crequiressl%2Chfr%2Cas%2Cvprv%2Citag/sig/AOq0QJ8wRQIhAOrbuo4M7VR57udFH4ob80vafi-rRLQ_tjdEpi1yKSHlAiA3abgRtKOTM5Kd4GarG23TMXZyBtU4gDiqwvRMyc6UaA%3D%3D/lsparams/playback_host%2Cmh%2Cmm%2Cmn%2Cms%2Cmv%2Cmvi%2Cpl%2Cinitcwndbps/lsig/AG3C_xAwRgIhALWseJGjUZuQq3TAXjlrNvkgJ1Ns20WHtCm6Lpy6TQCiAiEApOHF-Yw1ne2dQKZ2AwwQ-2pBPnuVvzeyysHoD_kQJXs%3D", "width": null, "height": null, "tbr": 50.133, "asr": 22050, "fps": null, "language": null, "filesize": null, "vcodec": "none", "url": "https://manifest.googlevideo.com/api/manifest/dash/expire/1613497621/ei/tbArYJ7PCoOy4QKP0pg4/ip/140.109.135.76/id/b197b7201d4e55fc/source/youtube/requiressl/yes/playback_host/r4---sn-5njj-u2xl.googlevideo.com/mh/1R/mm/31%2C29/mn/sn-5njj-u2xl%2Csn-un57sn7z/ms/au%2Crdu/mv/m/mvi/4/pl/16/hfr/all/as/fmp4_audio_clear%2Cwebm_audio_clear%2Cwebm2_audio_clear%2Cfmp4_sd_hd_clear%2Cwebm2_sd_hd_clear/initcwndbps/1022500/vprv/1/mt/1613475655/fvip/4/keepalive/yes/itag/0/sparams/expire%2Cei%2Cip%2Cid%2Csource%2Crequiressl%2Chfr%2Cas%2Cvprv%2Citag/sig/AOq0QJ8wRQIhAOrbuo4M7VR57udFH4ob80vafi-rRLQ_tjdEpi1yKSHlAiA3abgRtKOTM5Kd4GarG23TMXZyBtU4gDiqwvRMyc6UaA%3D%3D/lsparams/playback_host%2Cmh%2Cmm%2Cmn%2Cms%2Cmv%2Cmvi%2Cpl%2Cinitcwndbps/lsig/AG3C_xAwRgIhALWseJGjUZuQq3TAXjlrNvkgJ1Ns20WHtCm6Lpy6TQCiAiEApOHF-Yw1ne2dQKZ2AwwQ-2pBPnuVvzeyysHoD_kQJXs%3D", "fragment_base_url": "https://r4---sn-5njj-u2xl.googlevideo.com/videoplayback/expire/1613497621/ei/tbArYJ7PCoOy4QKP0pg4/ip/140.109.135.76/id/b197b7201d4e55fc/itag/139/source/youtube/requiressl/yes/mh/1R/mm/31,29/mn/sn-5njj-u2xl,sn-un57sn7z/ms/au,rdu/mv/m/mvi/4/pl/16/initcwndbps/1022500/vprv/1/ratebypass/yes/mime/audio%2Fmp4/otfp/1/gir/yes/clen/1587756/lmt/1607711692774103/dur/260.202/mt/1613475655/fvip/4/keepalive/yes/sparams/expire,ei,ip,id,itag,source,requiressl,vprv,ratebypass,mime,otfp,gir,clen,lmt,dur/sig/AOq0QJ8wRgIhAOmVXBbqtWltCd4Ejnx0k9_Mv0920mqEx512cnah7D30AiEAydvleOS-VepMnWl1FsHl3YqyrZWZhpjSJZaZiTDWSsM%3D/lsparams/mh,mm,mn,ms,mv,mvi,pl,initcwndbps/lsig/AG3C_xAwRgIhAI1b1LZWg4kirpl3KRAch2ZjBPDl5uSImXKWlrGLXBb3AiEA6SW2BeZAtIkJd1_4gacSL5r7YiEqBtSrRRBGrLnyoqc%3D/", "fragments": [{"path": "range/0-640"}, {"path": "range/997-62572", "duration": 9.985}, {"path": "range/62573-123346", "duration": 9.984}, {"path": "range/123347-184190", "duration": 9.985}, {"path": "range/184191-245012", "duration": 9.984}, {"path": "range/245013-305949", "duration": 9.985}, {"path": "range/305950-366824", "duration": 9.984}, {"path": "range/366825-427685", "duration": 9.985}, {"path": "range/427686-488510", "duration": 9.985}, {"path": "range/488511-549432", "duration": 9.984}, {"path": "range/549433-610299", "duration": 9.985}, {"path": "range/610300-671163", "duration": 9.984}, {"path": "range/671164-732062", "duration": 9.985}, {"path": "range/732063-792888", "duration": 9.985}, {"path": "range/792889-853830", "duration": 9.984}, {"path": "range/853831-914601", "duration": 9.985}, {"path": "range/914602-975374", "duration": 9.984}, {"path": "range/975375-1036300", "duration": 9.985}, {"path": "range/1036301-1097255", "duration": 9.984}, {"path": "range/1097256-1158224", "duration": 9.985}, {"path": "range/1158225-1219032", "duration": 9.985}, {"path": "range/1219033-1279860", "duration": 9.984}, {"path": "range/1279861-1340730", "duration": 9.985}, {"path": "range/1340731-1401555", "duration": 9.984}, {"path": "range/1401556-1462357", "duration": 9.985}, {"path": "range/1462358-1523315", "duration": 9.984}, {"path": "range/1523316-1584177", "duration": 9.985}, {"path": "range/1584178-1587755", "duration": 0.604}], "protocol": "http_dash_segments", "format": "139 - audio only (DASH audio)", "http_headers": {"User-Agent": "Mozilla/5.0 (Windows NT 10.0; Win64; x64) AppleWebKit/537.36 (KHTML, like Gecko) Chrome/74.0.3729.24 Safari/537.36", "Accept-Charset": "ISO-8859-1,utf-8;q=0.7,*;q=0.7", "Accept": "text/html,application/xhtml+xml,application/xml;q=0.9,*/*;q=0.8", "Accept-Encoding": "gzip, deflate", "Accept-Language": "en-us,en;q=0.5"}}, {"ext": "m4a", "format_note": "DASH audio", "acodec": "mp4a.40.2", "abr": 128, "container": "m4a_dash", "format_id": "140", "manifest_url": "https://manifest.googlevideo.com/api/manifest/dash/expire/1613497621/ei/tbArYJ7PCoOy4QKP0pg4/ip/140.109.135.76/id/b197b7201d4e55fc/source/youtube/requiressl/yes/playback_host/r4---sn-5njj-u2xl.googlevideo.com/mh/1R/mm/31%2C29/mn/sn-5njj-u2xl%2Csn-un57sn7z/ms/au%2Crdu/mv/m/mvi/4/pl/16/hfr/all/as/fmp4_audio_clear%2Cwebm_audio_clear%2Cwebm2_audio_clear%2Cfmp4_sd_hd_clear%2Cwebm2_sd_hd_clear/initcwndbps/1022500/vprv/1/mt/1613475655/fvip/4/keepalive/yes/itag/0/sparams/expire%2Cei%2Cip%2Cid%2Csource%2Crequiressl%2Chfr%2Cas%2Cvprv%2Citag/sig/AOq0QJ8wRQIhAOrbuo4M7VR57udFH4ob80vafi-rRLQ_tjdEpi1yKSHlAiA3abgRtKOTM5Kd4GarG23TMXZyBtU4gDiqwvRMyc6UaA%3D%3D/lsparams/playback_host%2Cmh%2Cmm%2Cmn%2Cms%2Cmv%2Cmvi%2Cpl%2Cinitcwndbps/lsig/AG3C_xAwRgIhALWseJGjUZuQq3TAXjlrNvkgJ1Ns20WHtCm6Lpy6TQCiAiEApOHF-Yw1ne2dQKZ2AwwQ-2pBPnuVvzeyysHoD_kQJXs%3D", "width": null, "height": null, "tbr": 130.51, "asr": 44100, "fps": null, "language": null, "filesize": null, "vcodec": "none", "url": "https://manifest.googlevideo.com/api/manifest/dash/expire/1613497621/ei/tbArYJ7PCoOy4QKP0pg4/ip/140.109.135.76/id/b197b7201d4e55fc/source/youtube/requiressl/yes/playback_host/r4---sn-5njj-u2xl.googlevideo.com/mh/1R/mm/31%2C29/mn/sn-5njj-u2xl%2Csn-un57sn7z/ms/au%2Crdu/mv/m/mvi/4/pl/16/hfr/all/as/fmp4_audio_clear%2Cwebm_audio_clear%2Cwebm2_audio_clear%2Cfmp4_sd_hd_clear%2Cwebm2_sd_hd_clear/initcwndbps/1022500/vprv/1/mt/1613475655/fvip/4/keepalive/yes/itag/0/sparams/expire%2Cei%2Cip%2Cid%2Csource%2Crequiressl%2Chfr%2Cas%2Cvprv%2Citag/sig/AOq0QJ8wRQIhAOrbuo4M7VR57udFH4ob80vafi-rRLQ_tjdEpi1yKSHlAiA3abgRtKOTM5Kd4GarG23TMXZyBtU4gDiqwvRMyc6UaA%3D%3D/lsparams/playback_host%2Cmh%2Cmm%2Cmn%2Cms%2Cmv%2Cmvi%2Cpl%2Cinitcwndbps/lsig/AG3C_xAwRgIhALWseJGjUZuQq3TAXjlrNvkgJ1Ns20WHtCm6Lpy6TQCiAiEApOHF-Yw1ne2dQKZ2AwwQ-2pBPnuVvzeyysHoD_kQJXs%3D", "fragment_base_url": "https://r4---sn-5njj-u2xl.googlevideo.com/videoplayback/expire/1613497621/ei/tbArYJ7PCoOy4QKP0pg4/ip/140.109.135.76/id/b197b7201d4e55fc/itag/140/source/youtube/requiressl/yes/mh/1R/mm/31,29/mn/sn-5njj-u2xl,sn-un57sn7z/ms/au,rdu/mv/m/mvi/4/pl/16/initcwndbps/1022500/vprv/1/ratebypass/yes/mime/audio%2Fmp4/otfp/1/gir/yes/clen/4210362/lmt/1607711692774231/dur/260.109/mt/1613475655/fvip/4/keepalive/yes/sparams/expire,ei,ip,id,itag,source,requiressl,vprv,ratebypass,mime,otfp,gir,clen,lmt,dur/sig/AOq0QJ8wRgIhANYgxOS7icAbqiVTVFTnAZXiNCho1s1qs_yKO71AGfYAAiEAoGOdY1aLnjhbgKKJUO5_sdYGnLXkNuxhUS2RyNjiUDQ%3D/lsparams/mh,mm,mn,ms,mv,mvi,pl,initcwndbps/lsig/AG3C_xAwRQIhAOrW2FMwaXITUyvNymvjO3HotAUD40FClFdIabnUKbxLAiA7t58MMN0r0wzBBPZrB2Z_qRRw_aoxHve6P5Tsahf24g%3D%3D/", "fragments": [{"path": "range/0-631"}, {"path": "range/988-162892", "duration": 9.985}, {"path": "range/162893-324566", "duration": 9.984}, {"path": "range/324567-486049", "duration": 9.985}, {"path": "range/486050-647514", "duration": 9.984}, {"path": "range/647515-809316", "duration": 9.985}, {"path": "range/809317-970705", "duration": 9.984}, {"path": "range/970706-1132334", "duration": 9.985}, {"path": "range/1132335-1293838", "duration": 9.985}, {"path": "range/1293839-1455462", "duration": 9.984}, {"path": "range/1455463-1616980", "duration": 9.985}, {"path": "range/1616981-1778612", "duration": 9.984}, {"path": "range/1778613-1940183", "duration": 9.985}, {"path": "range/1940184-2101767", "duration": 9.985}, {"path": "range/2101768-2263358", "duration": 9.984}, {"path": "range/2263359-2424897", "duration": 9.985}, {"path": "range/2424898-2586453", "duration": 9.984}, {"path": "range/2586454-2748041", "duration": 9.985}, {"path": "range/2748042-2909654", "duration": 9.984}, {"path": "range/2909655-3071325", "duration": 9.985}, {"path": "range/3071326-3232690", "duration": 9.985}, {"path": "range/3232691-3394295", "duration": 9.984}, {"path": "range/3394296-3556065", "duration": 9.985}, {"path": "range/3556066-3717522", "duration": 9.984}, {"path": "range/3717523-3879067", "duration": 9.985}, {"path": "range/3879068-4040669", "duration": 9.984}, {"path": "range/4040670-4202332", "duration": 9.985}, {"path": "range/4202333-4210361", "duration": 0.604}], "protocol": "http_dash_segments", "format": "140 - audio only (DASH audio)", "http_headers": {"User-Agent": "Mozilla/5.0 (Windows NT 10.0; Win64; x64) AppleWebKit/537.36 (KHTML, like Gecko) Chrome/74.0.3729.24 Safari/537.36", "Accept-Charset": "ISO-8859-1,utf-8;q=0.7,*;q=0.7", "Accept": "text/html,application/xhtml+xml,application/xml;q=0.9,*/*;q=0.8", "Accept-Encoding": "gzip, deflate", "Accept-Language": "en-us,en;q=0.5"}}, {"ext": "webm", "format_note": "DASH audio", "acodec": "opus", "abr": 160, "format_id": "251", "manifest_url": "https://manifest.googlevideo.com/api/manifest/dash/expire/1613497621/ei/tbArYJ7PCoOy4QKP0pg4/ip/140.109.135.76/id/b197b7201d4e55fc/source/youtube/requiressl/yes/playback_host/r4---sn-5njj-u2xl.googlevideo.com/mh/1R/mm/31%2C29/mn/sn-5njj-u2xl%2Csn-un57sn7z/ms/au%2Crdu/mv/m/mvi/4/pl/16/hfr/all/as/fmp4_audio_clear%2Cwebm_audio_clear%2Cwebm2_audio_clear%2Cfmp4_sd_hd_clear%2Cwebm2_sd_hd_clear/initcwndbps/1022500/vprv/1/mt/1613475655/fvip/4/keepalive/yes/itag/0/sparams/expire%2Cei%2Cip%2Cid%2Csource%2Crequiressl%2Chfr%2Cas%2Cvprv%2Citag/sig/AOq0QJ8wRQIhAOrbuo4M7VR57udFH4ob80vafi-rRLQ_tjdEpi1yKSHlAiA3abgRtKOTM5Kd4GarG23TMXZyBtU4gDiqwvRMyc6UaA%3D%3D/lsparams/playback_host%2Cmh%2Cmm%2Cmn%2Cms%2Cmv%2Cmvi%2Cpl%2Cinitcwndbps/lsig/AG3C_xAwRgIhALWseJGjUZuQq3TAXjlrNvkgJ1Ns20WHtCm6Lpy6TQCiAiEApOHF-Yw1ne2dQKZ2AwwQ-2pBPnuVvzeyysHoD_kQJXs%3D", "width": null, "height": null, "tbr": 158.022, "asr": 48000, "fps": null, "language": null, "filesize": null, "container": "webm_dash", "vcodec": "none", "url": "https://manifest.googlevideo.com/api/manifest/dash/expire/1613497621/ei/tbArYJ7PCoOy4QKP0pg4/ip/140.109.135.76/id/b197b7201d4e55fc/source/youtube/requiressl/yes/playback_host/r4---sn-5njj-u2xl.googlevideo.com/mh/1R/mm/31%2C29/mn/sn-5njj-u2xl%2Csn-un57sn7z/ms/au%2Crdu/mv/m/mvi/4/pl/16/hfr/all/as/fmp4_audio_clear%2Cwebm_audio_clear%2Cwebm2_audio_clear%2Cfmp4_sd_hd_clear%2Cwebm2_sd_hd_clear/initcwndbps/1022500/vprv/1/mt/1613475655/fvip/4/keepalive/yes/itag/0/sparams/expire%2Cei%2Cip%2Cid%2Csource%2Crequiressl%2Chfr%2Cas%2Cvprv%2Citag/sig/AOq0QJ8wRQIhAOrbuo4M7VR57udFH4ob80vafi-rRLQ_tjdEpi1yKSHlAiA3abgRtKOTM5Kd4GarG23TMXZyBtU4gDiqwvRMyc6UaA%3D%3D/lsparams/playback_host%2Cmh%2Cmm%2Cmn%2Cms%2Cmv%2Cmvi%2Cpl%2Cinitcwndbps/lsig/AG3C_xAwRgIhALWseJGjUZuQq3TAXjlrNvkgJ1Ns20WHtCm6Lpy6TQCiAiEApOHF-Yw1ne2dQKZ2AwwQ-2pBPnuVvzeyysHoD_kQJXs%3D", "fragment_base_url": "https://r4---sn-5njj-u2xl.googlevideo.com/videoplayback/expire/1613497621/ei/tbArYJ7PCoOy4QKP0pg4/ip/140.109.135.76/id/b197b7201d4e55fc/itag/251/source/youtube/requiressl/yes/mh/1R/mm/31,29/mn/sn-5njj-u2xl,sn-un57sn7z/ms/au,rdu/mv/m/mvi/4/pl/16/initcwndbps/1022500/vprv/1/ratebypass/yes/mime/audio%2Fwebm/otfp/1/gir/yes/clen/4933458/lmt/1607711685861152/dur/260.081/mt/1613475655/fvip/4/keepalive/yes/sparams/expire,ei,ip,id,itag,source,requiressl,vprv,ratebypass,mime,otfp,gir,clen,lmt,dur/sig/AOq0QJ8wRQIhAKX4WitsW5yTb9D0mtpPnkAM3-5a0wvmV_cU0bF6K8eLAiAiWYC6U6-Fu-mn-lJibM56_MjiA0F-PDaAhNDOt9k4sQ%3D%3D/lsparams/mh,mm,mn,ms,mv,mvi,pl,initcwndbps/lsig/AG3C_xAwRgIhAI87QLtlR3qTMrbxaAhTCRk9v3d3JNuPogk1t4KHSszPAiEAqwwTs4L-ADt0P4EyWNzVJS3hwl1m0nvh69xFRa9arBw%3D/", "fragments": [{"path": "range/0-258"}, {"path": "range/715-175227", "duration": 10.001}, {"path": "range/175228-365949", "duration": 10.0}, {"path": "range/365950-550578", "duration": 10.0}, {"path": "range/550579-737360", "duration": 10.0}, {"path": "range/737361-928463", "duration": 10.0}, {"path": "range/928464-1121073", "duration": 10.0}, {"path": "range/1121074-1315671", "duration": 10.0}, {"path": "range/1315672-1507563", "duration": 10.0}, {"path": "range/1507564-1697796", "duration": 10.0}, {"path": "range/1697797-1886739", "duration": 10.0}, {"path": "range/1886740-2070613", "duration": 10.0}, {"path": "range/2070614-2260485", "duration": 10.0}, {"path": "range/2260486-2444042", "duration": 10.0}, {"path": "range/2444043-2637326", "duration": 10.0}, {"path": "range/2637327-2833011", "duration": 10.0}, {"path": "range/2833012-3026991", "duration": 10.0}, {"path": "range/3026992-3214286", "duration": 10.0}, {"path": "range/3214287-3404247", "duration": 10.0}, {"path": "range/3404248-3595820", "duration": 10.0}, {"path": "range/3595821-3782314", "duration": 10.0}, {"path": "range/3782315-3973057", "duration": 10.0}, {"path": "range/3973058-4169259", "duration": 10.0}, {"path": "range/4169260-4365848", "duration": 10.0}, {"path": "range/4365849-4563376", "duration": 10.0}, {"path": "range/4563377-4758288", "duration": 10.0}, {"path": "range/4758289-4932520", "duration": 10.0}, {"path": "range/4932521-4933457", "duration": 0.08}], "protocol": "http_dash_segments", "format": "251 - audio only (DASH audio)", "http_headers": {"User-Agent": "Mozilla/5.0 (Windows NT 10.0; Win64; x64) AppleWebKit/537.36 (KHTML, like Gecko) Chrome/74.0.3729.24 Safari/537.36", "Accept-Charset": "ISO-8859-1,utf-8;q=0.7,*;q=0.7", "Accept": "text/html,application/xhtml+xml,application/xml;q=0.9,*/*;q=0.8", "Accept-Encoding": "gzip, deflate", "Accept-Language": "en-us,en;q=0.5"}}, {"ext": "mp4", "height": 360, "format_note": "DASH video", "vcodec": "avc1.4d401e", "format_id": "134", "manifest_url": "https://manifest.googlevideo.com/api/manifest/dash/expire/1613497621/ei/tbArYJ7PCoOy4QKP0pg4/ip/140.109.135.76/id/b197b7201d4e55fc/source/youtube/requiressl/yes/playback_host/r4---sn-5njj-u2xl.googlevideo.com/mh/1R/mm/31%2C29/mn/sn-5njj-u2xl%2Csn-un57sn7z/ms/au%2Crdu/mv/m/mvi/4/pl/16/hfr/all/as/fmp4_audio_clear%2Cwebm_audio_clear%2Cwebm2_audio_clear%2Cfmp4_sd_hd_clear%2Cwebm2_sd_hd_clear/initcwndbps/1022500/vprv/1/mt/1613475655/fvip/4/keepalive/yes/itag/0/sparams/expire%2Cei%2Cip%2Cid%2Csource%2Crequiressl%2Chfr%2Cas%2Cvprv%2Citag/sig/AOq0QJ8wRQIhAOrbuo4M7VR57udFH4ob80vafi-rRLQ_tjdEpi1yKSHlAiA3abgRtKOTM5Kd4GarG23TMXZyBtU4gDiqwvRMyc6UaA%3D%3D/lsparams/playback_host%2Cmh%2Cmm%2Cmn%2Cms%2Cmv%2Cmvi%2Cpl%2Cinitcwndbps/lsig/AG3C_xAwRgIhALWseJGjUZuQq3TAXjlrNvkgJ1Ns20WHtCm6Lpy6TQCiAiEApOHF-Yw1ne2dQKZ2AwwQ-2pBPnuVvzeyysHoD_kQJXs%3D", "width": 640, "tbr": 54.187, "asr": null, "fps": 30, "language": null, "filesize": null, "container": "mp4_dash", "acodec": "none", "url": "https://manifest.googlevideo.com/api/manifest/dash/expire/1613497621/ei/tbArYJ7PCoOy4QKP0pg4/ip/140.109.135.76/id/b197b7201d4e55fc/source/youtube/requiressl/yes/playback_host/r4---sn-5njj-u2xl.googlevideo.com/mh/1R/mm/31%2C29/mn/sn-5njj-u2xl%2Csn-un57sn7z/ms/au%2Crdu/mv/m/mvi/4/pl/16/hfr/all/as/fmp4_audio_clear%2Cwebm_audio_clear%2Cwebm2_audio_clear%2Cfmp4_sd_hd_clear%2Cwebm2_sd_hd_clear/initcwndbps/1022500/vprv/1/mt/1613475655/fvip/4/keepalive/yes/itag/0/sparams/expire%2Cei%2Cip%2Cid%2Csource%2Crequiressl%2Chfr%2Cas%2Cvprv%2Citag/sig/AOq0QJ8wRQIhAOrbuo4M7VR57udFH4ob80vafi-rRLQ_tjdEpi1yKSHlAiA3abgRtKOTM5Kd4GarG23TMXZyBtU4gDiqwvRMyc6UaA%3D%3D/lsparams/playback_host%2Cmh%2Cmm%2Cmn%2Cms%2Cmv%2Cmvi%2Cpl%2Cinitcwndbps/lsig/AG3C_xAwRgIhALWseJGjUZuQq3TAXjlrNvkgJ1Ns20WHtCm6Lpy6TQCiAiEApOHF-Yw1ne2dQKZ2AwwQ-2pBPnuVvzeyysHoD_kQJXs%3D", "fragment_base_url": "https://r4---sn-5njj-u2xl.googlevideo.com/videoplayback/expire/1613497621/ei/tbArYJ7PCoOy4QKP0pg4/ip/140.109.135.76/id/b197b7201d4e55fc/itag/134/source/youtube/requiressl/yes/mh/1R/mm/31,29/mn/sn-5njj-u2xl,sn-un57sn7z/ms/au,rdu/mv/m/mvi/4/pl/16/initcwndbps/1022500/vprv/1/ratebypass/yes/mime/video%2Fmp4/otfp/1/gir/yes/clen/1528734/lmt/1607711689769090/dur/260.059/mt/1613475655/fvip/4/keepalive/yes/sparams/expire,ei,ip,id,itag,source,requiressl,vprv,ratebypass,mime,otfp,gir,clen,lmt,dur/sig/AOq0QJ8wRgIhAM-QL4-nwIiXSO76h0lpldm5n-jOr77AxQfFtmgZ0AS0AiEA4lqeFXM7dj-8xgtKc_Z45TOWHbOxgmWTgV9F364Q54c%3D/lsparams/mh,mm,mn,ms,mv,mvi,pl,initcwndbps/lsig/AG3C_xAwRQIhANpypZRxoqltIaZYejtK5jCSu2Q17Cb8nKBwinukAhTnAiA69dGcqIA362j319y02b0baGYgDC9jABnDkMq_ZGdhqw%3D%3D/", "fragments": [{"path": "range/0-738"}, {"path": "range/1359-25293", "duration": 5.339}, {"path": "range/25294-51205", "duration": 5.338}, {"path": "range/51206-78420", "duration": 5.339}, {"path": "range/78421-104317", "duration": 5.339}, {"path": "range/104318-133176", "duration": 5.338}, {"path": "range/133177-160164", "duration": 5.339}, {"path": "range/160165-190113", "duration": 5.339}, {"path": "range/190114-218352", "duration": 5.338}, {"path": "range/218353-247416", "duration": 5.339}, {"path": "range/247417-276711", "duration": 5.339}, {"path": "range/276712-306547", "duration": 5.338}, {"path": "range/306548-336501", "duration": 5.339}, {"path": "range/336502-366828", "duration": 5.339}, {"path": "range/366829-397563", "duration": 5.338}, {"path": "range/397564-428180", "duration": 5.339}, {"path": "range/428181-458715", "duration": 5.339}, {"path": "range/458716-489494", "duration": 5.338}, {"path": "range/489495-520823", "duration": 5.339}, {"path": "range/520824-551864", "duration": 5.339}, {"path": "range/551865-583234", "duration": 5.338}, {"path": "range/583235-615080", "duration": 5.339}, {"path": "range/615081-646781", "duration": 5.339}, {"path": "range/646782-678778", "duration": 5.338}, {"path": "range/678779-711111", "duration": 5.339}, {"path": "range/711112-743471", "duration": 5.339}, {"path": "range/743472-775729", "duration": 5.338}, {"path": "range/775730-808076", "duration": 5.339}, {"path": "range/808077-840652", "duration": 5.339}, {"path": "range/840653-873597", "duration": 5.338}, {"path": "range/873598-906431", "duration": 5.339}, {"path": "range/906432-939410", "duration": 5.339}, {"path": "range/939411-972790", "duration": 5.338}, {"path": "range/972791-1006154", "duration": 5.339}, {"path": "range/1006155-1039419", "duration": 5.339}, {"path": "range/1039420-1073136", "duration": 5.338}, {"path": "range/1073137-1107102", "duration": 5.339}, {"path": "range/1107103-1141173", "duration": 5.339}, {"path": "range/1141174-1175203", "duration": 5.338}, {"path": "range/1175204-1209329", "duration": 5.339}, {"path": "range/1209330-1243241", "duration": 5.339}, {"path": "range/1243242-1276985", "duration": 5.338}, {"path": "range/1276986-1310978", "duration": 5.339}, {"path": "range/1310979-1344494", "duration": 5.339}, {"path": "range/1344495-1377487", "duration": 5.338}, {"path": "range/1377488-1409759", "duration": 5.339}, {"path": "range/1409760-1441482", "duration": 5.339}, {"path": "range/1441483-1472767", "duration": 5.338}, {"path": "range/1472768-1502967", "duration": 5.339}, {"path": "range/1502968-1528733", "duration": 3.804}], "protocol": "http_dash_segments", "format": "134 - 640x360 (DASH video)", "http_headers": {"User-Agent": "Mozilla/5.0 (Windows NT 10.0; Win64; x64) AppleWebKit/537.36 (KHTML, like Gecko) Chrome/74.0.3729.24 Safari/537.36", "Accept-Charset": "ISO-8859-1,utf-8;q=0.7,*;q=0.7", "Accept": "text/html,application/xhtml+xml,application/xml;q=0.9,*/*;q=0.8", "Accept-Encoding": "gzip, deflate", "Accept-Language": "en-us,en;q=0.5"}}, {"ext": "webm", "height": 144, "format_note": "DASH video", "container": "webm_dash", "vcodec": "vp9", "format_id": "278", "manifest_url": "https://manifest.googlevideo.com/api/manifest/dash/expire/1613497621/ei/tbArYJ7PCoOy4QKP0pg4/ip/140.109.135.76/id/b197b7201d4e55fc/source/youtube/requiressl/yes/playback_host/r4---sn-5njj-u2xl.googlevideo.com/mh/1R/mm/31%2C29/mn/sn-5njj-u2xl%2Csn-un57sn7z/ms/au%2Crdu/mv/m/mvi/4/pl/16/hfr/all/as/fmp4_audio_clear%2Cwebm_audio_clear%2Cwebm2_audio_clear%2Cfmp4_sd_hd_clear%2Cwebm2_sd_hd_clear/initcwndbps/1022500/vprv/1/mt/1613475655/fvip/4/keepalive/yes/itag/0/sparams/expire%2Cei%2Cip%2Cid%2Csource%2Crequiressl%2Chfr%2Cas%2Cvprv%2Citag/sig/AOq0QJ8wRQIhAOrbuo4M7VR57udFH4ob80vafi-rRLQ_tjdEpi1yKSHlAiA3abgRtKOTM5Kd4GarG23TMXZyBtU4gDiqwvRMyc6UaA%3D%3D/lsparams/playback_host%2Cmh%2Cmm%2Cmn%2Cms%2Cmv%2Cmvi%2Cpl%2Cinitcwndbps/lsig/AG3C_xAwRgIhALWseJGjUZuQq3TAXjlrNvkgJ1Ns20WHtCm6Lpy6TQCiAiEApOHF-Yw1ne2dQKZ2AwwQ-2pBPnuVvzeyysHoD_kQJXs%3D", "width": 256, "tbr": 95.0, "asr": null, "fps": 30, "language": null, "filesize": null, "acodec": "none", "url": "https://manifest.googlevideo.com/api/manifest/dash/expire/1613497621/ei/tbArYJ7PCoOy4QKP0pg4/ip/140.109.135.76/id/b197b7201d4e55fc/source/youtube/requiressl/yes/playback_host/r4---sn-5njj-u2xl.googlevideo.com/mh/1R/mm/31%2C29/mn/sn-5njj-u2xl%2Csn-un57sn7z/ms/au%2Crdu/mv/m/mvi/4/pl/16/hfr/all/as/fmp4_audio_clear%2Cwebm_audio_clear%2Cwebm2_audio_clear%2Cfmp4_sd_hd_clear%2Cwebm2_sd_hd_clear/initcwndbps/1022500/vprv/1/mt/1613475655/fvip/4/keepalive/yes/itag/0/sparams/expire%2Cei%2Cip%2Cid%2Csource%2Crequiressl%2Chfr%2Cas%2Cvprv%2Citag/sig/AOq0QJ8wRQIhAOrbuo4M7VR57udFH4ob80vafi-rRLQ_tjdEpi1yKSHlAiA3abgRtKOTM5Kd4GarG23TMXZyBtU4gDiqwvRMyc6UaA%3D%3D/lsparams/playback_host%2Cmh%2Cmm%2Cmn%2Cms%2Cmv%2Cmvi%2Cpl%2Cinitcwndbps/lsig/AG3C_xAwRgIhALWseJGjUZuQq3TAXjlrNvkgJ1Ns20WHtCm6Lpy6TQCiAiEApOHF-Yw1ne2dQKZ2AwwQ-2pBPnuVvzeyysHoD_kQJXs%3D", "fragment_base_url": "https://r4---sn-5njj-u2xl.googlevideo.com/videoplayback/expire/1613497621/ei/tbArYJ7PCoOy4QKP0pg4/ip/140.109.135.76/id/b197b7201d4e55fc/itag/278/source/yt_otf/requiressl/yes/mh/1R/mm/31,29/mn/sn-5njj-u2xl,sn-un57sn7z/ms/au,rdu/mv/m/mvi/4/pl/16/initcwndbps/1022500/vprv/1/ratebypass/yes/mime/video%2Fwebm/otfp/1/otf/1/lmt/1607711689767247/mt/1613475655/fvip/4/keepalive/yes/sparams/expire,ei,ip,id,itag,source,requiressl,vprv,ratebypass,mime,otfp,otf,lmt/sig/AOq0QJ8wRAIgQv9NQOvd_rVmwvmOh18rv6a0Hp7B9PgYXAH618cOOEwCIG-qJ7Rg8MWpG3gzt8-CCiXo_hvPHgBhXRptHZENcwAJ/lsparams/mh,mm,mn,ms,mv,mvi,pl,initcwndbps/lsig/AG3C_xAwRAIgRN5sVq_XzcAN1epJ2zR78WbmoHc5PKchTCh-cvclLrICIFtbkiU25axbDBR1pWFhIrM_PfmoAyDIqJInWXxOiQbn/", "fragments": [{"path": "sq/0"}, {"path": "sq/1/dur/5.339", "duration": 5.339}, {"path": "sq/2/dur/5.338", "duration": 5.338}, {"path": "sq/3/dur/5.339", "duration": 5.339}, {"path": "sq/4/dur/5.339", "duration": 5.339}, {"path": "sq/5/dur/5.338", "duration": 5.338}, {"path": "sq/6/dur/5.339", "duration": 5.339}, {"path": "sq/7/dur/5.339", "duration": 5.339}, {"path": "sq/8/dur/5.338", "duration": 5.338}, {"path": "sq/9/dur/5.339", "duration": 5.339}, {"path": "sq/10/dur/5.339", "duration": 5.339}, {"path": "sq/11/dur/5.338", "duration": 5.338}, {"path": "sq/12/dur/5.339", "duration": 5.339}, {"path": "sq/13/dur/5.339", "duration": 5.339}, {"path": "sq/14/dur/5.338", "duration": 5.338}, {"path": "sq/15/dur/5.339", "duration": 5.339}, {"path": "sq/16/dur/5.339", "duration": 5.339}, {"path": "sq/17/dur/5.338", "duration": 5.338}, {"path": "sq/18/dur/5.339", "duration": 5.339}, {"path": "sq/19/dur/5.339", "duration": 5.339}, {"path": "sq/20/dur/5.338", "duration": 5.338}, {"path": "sq/21/dur/5.339", "duration": 5.339}, {"path": "sq/22/dur/5.339", "duration": 5.339}, {"path": "sq/23/dur/5.338", "duration": 5.338}, {"path": "sq/24/dur/5.339", "duration": 5.339}, {"path": "sq/25/dur/5.339", "duration": 5.339}, {"path": "sq/26/dur/5.338", "duration": 5.338}, {"path": "sq/27/dur/5.339", "duration": 5.339}, {"path": "sq/28/dur/5.339", "duration": 5.339}, {"path": "sq/29/dur/5.338", "duration": 5.338}, {"path": "sq/30/dur/5.339", "duration": 5.339}, {"path": "sq/31/dur/5.339", "duration": 5.339}, {"path": "sq/32/dur/5.338", "duration": 5.338}, {"path": "sq/33/dur/5.339", "duration": 5.339}, {"path": "sq/34/dur/5.339", "duration": 5.339}, {"path": "sq/35/dur/5.338", "duration": 5.338}, {"path": "sq/36/dur/5.339", "duration": 5.339}, {"path": "sq/37/dur/5.339", "duration": 5.339}, {"path": "sq/38/dur/5.338", "duration": 5.338}, {"path": "sq/39/dur/5.339", "duration": 5.339}, {"path": "sq/40/dur/5.339", "duration": 5.339}, {"path": "sq/41/dur/5.338", "duration": 5.338}, {"path": "sq/42/dur/5.339", "duration": 5.339}, {"path": "sq/43/dur/5.339", "duration": 5.339}, {"path": "sq/44/dur/5.338", "duration": 5.338}, {"path": "sq/45/dur/5.339", "duration": 5.339}, {"path": "sq/46/dur/5.339", "duration": 5.339}, {"path": "sq/47/dur/5.338", "duration": 5.338}, {"path": "sq/48/dur/5.339", "duration": 5.339}, {"path": "sq/49/dur/3.804", "duration": 3.804}], "protocol": "http_dash_segments", "format": "278 - 256x144 (DASH video)", "http_headers": {"User-Agent": "Mozilla/5.0 (Windows NT 10.0; Win64; x64) AppleWebKit/537.36 (KHTML, like Gecko) Chrome/74.0.3729.24 Safari/537.36", "Accept-Charset": "ISO-8859-1,utf-8;q=0.7,*;q=0.7", "Accept": "text/html,application/xhtml+xml,application/xml;q=0.9,*/*;q=0.8", "Accept-Encoding": "gzip, deflate", "Accept-Language": "en-us,en;q=0.5"}}, {"ext": "mp4", "height": 144, "format_note": "DASH video", "vcodec": "avc1.4d400b", "format_id": "160", "manifest_url": "https://manifest.googlevideo.com/api/manifest/dash/expire/1613497621/ei/tbArYJ7PCoOy4QKP0pg4/ip/140.109.135.76/id/b197b7201d4e55fc/source/youtube/requiressl/yes/playback_host/r4---sn-5njj-u2xl.googlevideo.com/mh/1R/mm/31%2C29/mn/sn-5njj-u2xl%2Csn-un57sn7z/ms/au%2Crdu/mv/m/mvi/4/pl/16/hfr/all/as/fmp4_audio_clear%2Cwebm_audio_clear%2Cwebm2_audio_clear%2Cfmp4_sd_hd_clear%2Cwebm2_sd_hd_clear/initcwndbps/1022500/vprv/1/mt/1613475655/fvip/4/keepalive/yes/itag/0/sparams/expire%2Cei%2Cip%2Cid%2Csource%2Crequiressl%2Chfr%2Cas%2Cvprv%2Citag/sig/AOq0QJ8wRQIhAOrbuo4M7VR57udFH4ob80vafi-rRLQ_tjdEpi1yKSHlAiA3abgRtKOTM5Kd4GarG23TMXZyBtU4gDiqwvRMyc6UaA%3D%3D/lsparams/playback_host%2Cmh%2Cmm%2Cmn%2Cms%2Cmv%2Cmvi%2Cpl%2Cinitcwndbps/lsig/AG3C_xAwRgIhALWseJGjUZuQq3TAXjlrNvkgJ1Ns20WHtCm6Lpy6TQCiAiEApOHF-Yw1ne2dQKZ2AwwQ-2pBPnuVvzeyysHoD_kQJXs%3D", "width": 256, "tbr": 108.0, "asr": null, "fps": 30, "language": null, "filesize": null, "container": "mp4_dash", "acodec": "none", "url": "https://manifest.googlevideo.com/api/manifest/dash/expire/1613497621/ei/tbArYJ7PCoOy4QKP0pg4/ip/140.109.135.76/id/b197b7201d4e55fc/source/youtube/requiressl/yes/playback_host/r4---sn-5njj-u2xl.googlevideo.com/mh/1R/mm/31%2C29/mn/sn-5njj-u2xl%2Csn-un57sn7z/ms/au%2Crdu/mv/m/mvi/4/pl/16/hfr/all/as/fmp4_audio_clear%2Cwebm_audio_clear%2Cwebm2_audio_clear%2Cfmp4_sd_hd_clear%2Cwebm2_sd_hd_clear/initcwndbps/1022500/vprv/1/mt/1613475655/fvip/4/keepalive/yes/itag/0/sparams/expire%2Cei%2Cip%2Cid%2Csource%2Crequiressl%2Chfr%2Cas%2Cvprv%2Citag/sig/AOq0QJ8wRQIhAOrbuo4M7VR57udFH4ob80vafi-rRLQ_tjdEpi1yKSHlAiA3abgRtKOTM5Kd4GarG23TMXZyBtU4gDiqwvRMyc6UaA%3D%3D/lsparams/playback_host%2Cmh%2Cmm%2Cmn%2Cms%2Cmv%2Cmvi%2Cpl%2Cinitcwndbps/lsig/AG3C_xAwRgIhALWseJGjUZuQq3TAXjlrNvkgJ1Ns20WHtCm6Lpy6TQCiAiEApOHF-Yw1ne2dQKZ2AwwQ-2pBPnuVvzeyysHoD_kQJXs%3D", "fragment_base_url": "https://r4---sn-5njj-u2xl.googlevideo.com/videoplayback/expire/1613497621/ei/tbArYJ7PCoOy4QKP0pg4/ip/140.109.135.76/id/b197b7201d4e55fc/itag/160/source/yt_otf/requiressl/yes/mh/1R/mm/31,29/mn/sn-5njj-u2xl,sn-un57sn7z/ms/au,rdu/mv/m/mvi/4/pl/16/initcwndbps/1022500/vprv/1/ratebypass/yes/mime/video%2Fmp4/otfp/1/otf/1/lmt/1607711689767247/mt/1613475655/fvip/4/keepalive/yes/sparams/expire,ei,ip,id,itag,source,requiressl,vprv,ratebypass,mime,otfp,otf,lmt/sig/AOq0QJ8wRQIgFLeItOrbWn3qPfz84Gq7EgGTZ6VYU35BTCnUQ2tmsDUCIQC7JMAF6LLWpFQuAGxADTcao6Vhaj5xbzXy_NeH3p7MpA%3D%3D/lsparams/mh,mm,mn,ms,mv,mvi,pl,initcwndbps/lsig/AG3C_xAwRgIhAOEeqSTmPvuYyOPxtkOm1nqtCPtV4gz2uP3kUl1yzJijAiEA06qlvlHs5fasFqOXV3X4Lr7LAnEcieePnUsel1M4qmU%3D/", "fragments": [{"path": "sq/0"}, {"path": "sq/1/dur/5.339", "duration": 5.339}, {"path": "sq/2/dur/5.338", "duration": 5.338}, {"path": "sq/3/dur/5.339", "duration": 5.339}, {"path": "sq/4/dur/5.339", "duration": 5.339}, {"path": "sq/5/dur/5.338", "duration": 5.338}, {"path": "sq/6/dur/5.339", "duration": 5.339}, {"path": "sq/7/dur/5.339", "duration": 5.339}, {"path": "sq/8/dur/5.338", "duration": 5.338}, {"path": "sq/9/dur/5.339", "duration": 5.339}, {"path": "sq/10/dur/5.339", "duration": 5.339}, {"path": "sq/11/dur/5.338", "duration": 5.338}, {"path": "sq/12/dur/5.339", "duration": 5.339}, {"path": "sq/13/dur/5.339", "duration": 5.339}, {"path": "sq/14/dur/5.338", "duration": 5.338}, {"path": "sq/15/dur/5.339", "duration": 5.339}, {"path": "sq/16/dur/5.339", "duration": 5.339}, {"path": "sq/17/dur/5.338", "duration": 5.338}, {"path": "sq/18/dur/5.339", "duration": 5.339}, {"path": "sq/19/dur/5.339", "duration": 5.339}, {"path": "sq/20/dur/5.338", "duration": 5.338}, {"path": "sq/21/dur/5.339", "duration": 5.339}, {"path": "sq/22/dur/5.339", "duration": 5.339}, {"path": "sq/23/dur/5.338", "duration": 5.338}, {"path": "sq/24/dur/5.339", "duration": 5.339}, {"path": "sq/25/dur/5.339", "duration": 5.339}, {"path": "sq/26/dur/5.338", "duration": 5.338}, {"path": "sq/27/dur/5.339", "duration": 5.339}, {"path": "sq/28/dur/5.339", "duration": 5.339}, {"path": "sq/29/dur/5.338", "duration": 5.338}, {"path": "sq/30/dur/5.339", "duration": 5.339}, {"path": "sq/31/dur/5.339", "duration": 5.339}, {"path": "sq/32/dur/5.338", "duration": 5.338}, {"path": "sq/33/dur/5.339", "duration": 5.339}, {"path": "sq/34/dur/5.339", "duration": 5.339}, {"path": "sq/35/dur/5.338", "duration": 5.338}, {"path": "sq/36/dur/5.339", "duration": 5.339}, {"path": "sq/37/dur/5.339", "duration": 5.339}, {"path": "sq/38/dur/5.338", "duration": 5.338}, {"path": "sq/39/dur/5.339", "duration": 5.339}, {"path": "sq/40/dur/5.339", "duration": 5.339}, {"path": "sq/41/dur/5.338", "duration": 5.338}, {"path": "sq/42/dur/5.339", "duration": 5.339}, {"path": "sq/43/dur/5.339", "duration": 5.339}, {"path": "sq/44/dur/5.338", "duration": 5.338}, {"path": "sq/45/dur/5.339", "duration": 5.339}, {"path": "sq/46/dur/5.339", "duration": 5.339}, {"path": "sq/47/dur/5.338", "duration": 5.338}, {"path": "sq/48/dur/5.339", "duration": 5.339}, {"path": "sq/49/dur/3.804", "duration": 3.804}], "protocol": "http_dash_segments", "format": "160 - 256x144 (DASH video)", "http_headers": {"User-Agent": "Mozilla/5.0 (Windows NT 10.0; Win64; x64) AppleWebKit/537.36 (KHTML, like Gecko) Chrome/74.0.3729.24 Safari/537.36", "Accept-Charset": "ISO-8859-1,utf-8;q=0.7,*;q=0.7", "Accept": "text/html,application/xhtml+xml,application/xml;q=0.9,*/*;q=0.8", "Accept-Encoding": "gzip, deflate", "Accept-Language": "en-us,en;q=0.5"}}, {"ext": "webm", "height": 240, "format_note": "DASH video", "vcodec": "vp9", "format_id": "242", "manifest_url": "https://manifest.googlevideo.com/api/manifest/dash/expire/1613497621/ei/tbArYJ7PCoOy4QKP0pg4/ip/140.109.135.76/id/b197b7201d4e55fc/source/youtube/requiressl/yes/playback_host/r4---sn-5njj-u2xl.googlevideo.com/mh/1R/mm/31%2C29/mn/sn-5njj-u2xl%2Csn-un57sn7z/ms/au%2Crdu/mv/m/mvi/4/pl/16/hfr/all/as/fmp4_audio_clear%2Cwebm_audio_clear%2Cwebm2_audio_clear%2Cfmp4_sd_hd_clear%2Cwebm2_sd_hd_clear/initcwndbps/1022500/vprv/1/mt/1613475655/fvip/4/keepalive/yes/itag/0/sparams/expire%2Cei%2Cip%2Cid%2Csource%2Crequiressl%2Chfr%2Cas%2Cvprv%2Citag/sig/AOq0QJ8wRQIhAOrbuo4M7VR57udFH4ob80vafi-rRLQ_tjdEpi1yKSHlAiA3abgRtKOTM5Kd4GarG23TMXZyBtU4gDiqwvRMyc6UaA%3D%3D/lsparams/playback_host%2Cmh%2Cmm%2Cmn%2Cms%2Cmv%2Cmvi%2Cpl%2Cinitcwndbps/lsig/AG3C_xAwRgIhALWseJGjUZuQq3TAXjlrNvkgJ1Ns20WHtCm6Lpy6TQCiAiEApOHF-Yw1ne2dQKZ2AwwQ-2pBPnuVvzeyysHoD_kQJXs%3D", "width": 426, "tbr": 220.5, "asr": null, "fps": 30, "language": null, "filesize": null, "container": "webm_dash", "acodec": "none", "url": "https://manifest.googlevideo.com/api/manifest/dash/expire/1613497621/ei/tbArYJ7PCoOy4QKP0pg4/ip/140.109.135.76/id/b197b7201d4e55fc/source/youtube/requiressl/yes/playback_host/r4---sn-5njj-u2xl.googlevideo.com/mh/1R/mm/31%2C29/mn/sn-5njj-u2xl%2Csn-un57sn7z/ms/au%2Crdu/mv/m/mvi/4/pl/16/hfr/all/as/fmp4_audio_clear%2Cwebm_audio_clear%2Cwebm2_audio_clear%2Cfmp4_sd_hd_clear%2Cwebm2_sd_hd_clear/initcwndbps/1022500/vprv/1/mt/1613475655/fvip/4/keepalive/yes/itag/0/sparams/expire%2Cei%2Cip%2Cid%2Csource%2Crequiressl%2Chfr%2Cas%2Cvprv%2Citag/sig/AOq0QJ8wRQIhAOrbuo4M7VR57udFH4ob80vafi-rRLQ_tjdEpi1yKSHlAiA3abgRtKOTM5Kd4GarG23TMXZyBtU4gDiqwvRMyc6UaA%3D%3D/lsparams/playback_host%2Cmh%2Cmm%2Cmn%2Cms%2Cmv%2Cmvi%2Cpl%2Cinitcwndbps/lsig/AG3C_xAwRgIhALWseJGjUZuQq3TAXjlrNvkgJ1Ns20WHtCm6Lpy6TQCiAiEApOHF-Yw1ne2dQKZ2AwwQ-2pBPnuVvzeyysHoD_kQJXs%3D", "fragment_base_url": "https://r4---sn-5njj-u2xl.googlevideo.com/videoplayback/expire/1613497621/ei/tbArYJ7PCoOy4QKP0pg4/ip/140.109.135.76/id/b197b7201d4e55fc/itag/242/source/yt_otf/requiressl/yes/mh/1R/mm/31,29/mn/sn-5njj-u2xl,sn-un57sn7z/ms/au,rdu/mv/m/mvi/4/pl/16/initcwndbps/1022500/vprv/1/ratebypass/yes/mime/video%2Fwebm/otfp/1/otf/1/lmt/1607711689767247/mt/1613475655/fvip/4/keepalive/yes/sparams/expire,ei,ip,id,itag,source,requiressl,vprv,ratebypass,mime,otfp,otf,lmt/sig/AOq0QJ8wRAIgG0-kLuQ_LM143v8lYx6QwqkKXKUcKlttJ2cB3MJPFygCICKloOrI1dG6iJuJeHYP8pHQUxX8yRZzS1hjK80idBEe/lsparams/mh,mm,mn,ms,mv,mvi,pl,initcwndbps/lsig/AG3C_xAwRQIhAPCHjPe3OpaCi-bRfTA_9j-eFnmsMZdqSjVxcil2VW0dAiAspy0fvWC4L38_wQnMTfXRZL45tTmQUJ4-dVVKtHmcBw%3D%3D/", "fragments": [{"path": "sq/0"}, {"path": "sq/1/dur/5.339", "duration": 5.339}, {"path": "sq/2/dur/5.338", "duration": 5.338}, {"path": "sq/3/dur/5.339", "duration": 5.339}, {"path": "sq/4/dur/5.339", "duration": 5.339}, {"path": "sq/5/dur/5.338", "duration": 5.338}, {"path": "sq/6/dur/5.339", "duration": 5.339}, {"path": "sq/7/dur/5.339", "duration": 5.339}, {"path": "sq/8/dur/5.338", "duration": 5.338}, {"path": "sq/9/dur/5.339", "duration": 5.339}, {"path": "sq/10/dur/5.339", "duration": 5.339}, {"path": "sq/11/dur/5.338", "duration": 5.338}, {"path": "sq/12/dur/5.339", "duration": 5.339}, {"path": "sq/13/dur/5.339", "duration": 5.339}, {"path": "sq/14/dur/5.338", "duration": 5.338}, {"path": "sq/15/dur/5.339", "duration": 5.339}, {"path": "sq/16/dur/5.339", "duration": 5.339}, {"path": "sq/17/dur/5.338", "duration": 5.338}, {"path": "sq/18/dur/5.339", "duration": 5.339}, {"path": "sq/19/dur/5.339", "duration": 5.339}, {"path": "sq/20/dur/5.338", "duration": 5.338}, {"path": "sq/21/dur/5.339", "duration": 5.339}, {"path": "sq/22/dur/5.339", "duration": 5.339}, {"path": "sq/23/dur/5.338", "duration": 5.338}, {"path": "sq/24/dur/5.339", "duration": 5.339}, {"path": "sq/25/dur/5.339", "duration": 5.339}, {"path": "sq/26/dur/5.338", "duration": 5.338}, {"path": "sq/27/dur/5.339", "duration": 5.339}, {"path": "sq/28/dur/5.339", "duration": 5.339}, {"path": "sq/29/dur/5.338", "duration": 5.338}, {"path": "sq/30/dur/5.339", "duration": 5.339}, {"path": "sq/31/dur/5.339", "duration": 5.339}, {"path": "sq/32/dur/5.338", "duration": 5.338}, {"path": "sq/33/dur/5.339", "duration": 5.339}, {"path": "sq/34/dur/5.339", "duration": 5.339}, {"path": "sq/35/dur/5.338", "duration": 5.338}, {"path": "sq/36/dur/5.339", "duration": 5.339}, {"path": "sq/37/dur/5.339", "duration": 5.339}, {"path": "sq/38/dur/5.338", "duration": 5.338}, {"path": "sq/39/dur/5.339", "duration": 5.339}, {"path": "sq/40/dur/5.339", "duration": 5.339}, {"path": "sq/41/dur/5.338", "duration": 5.338}, {"path": "sq/42/dur/5.339", "duration": 5.339}, {"path": "sq/43/dur/5.339", "duration": 5.339}, {"path": "sq/44/dur/5.338", "duration": 5.338}, {"path": "sq/45/dur/5.339", "duration": 5.339}, {"path": "sq/46/dur/5.339", "duration": 5.339}, {"path": "sq/47/dur/5.338", "duration": 5.338}, {"path": "sq/48/dur/5.339", "duration": 5.339}, {"path": "sq/49/dur/3.804", "duration": 3.804}], "protocol": "http_dash_segments", "format": "242 - 426x240 (DASH video)", "http_headers": {"User-Agent": "Mozilla/5.0 (Windows NT 10.0; Win64; x64) AppleWebKit/537.36 (KHTML, like Gecko) Chrome/74.0.3729.24 Safari/537.36", "Accept-Charset": "ISO-8859-1,utf-8;q=0.7,*;q=0.7", "Accept": "text/html,application/xhtml+xml,application/xml;q=0.9,*/*;q=0.8", "Accept-Encoding": "gzip, deflate", "Accept-Language": "en-us,en;q=0.5"}}, {"ext": "mp4", "height": 240, "format_note": "DASH video", "vcodec": "avc1.4d400c", "format_id": "133", "manifest_url": "https://manifest.googlevideo.com/api/manifest/dash/expire/1613497621/ei/tbArYJ7PCoOy4QKP0pg4/ip/140.109.135.76/id/b197b7201d4e55fc/source/youtube/requiressl/yes/playback_host/r4---sn-5njj-u2xl.googlevideo.com/mh/1R/mm/31%2C29/mn/sn-5njj-u2xl%2Csn-un57sn7z/ms/au%2Crdu/mv/m/mvi/4/pl/16/hfr/all/as/fmp4_audio_clear%2Cwebm_audio_clear%2Cwebm2_audio_clear%2Cfmp4_sd_hd_clear%2Cwebm2_sd_hd_clear/initcwndbps/1022500/vprv/1/mt/1613475655/fvip/4/keepalive/yes/itag/0/sparams/expire%2Cei%2Cip%2Cid%2Csource%2Crequiressl%2Chfr%2Cas%2Cvprv%2Citag/sig/AOq0QJ8wRQIhAOrbuo4M7VR57udFH4ob80vafi-rRLQ_tjdEpi1yKSHlAiA3abgRtKOTM5Kd4GarG23TMXZyBtU4gDiqwvRMyc6UaA%3D%3D/lsparams/playback_host%2Cmh%2Cmm%2Cmn%2Cms%2Cmv%2Cmvi%2Cpl%2Cinitcwndbps/lsig/AG3C_xAwRgIhALWseJGjUZuQq3TAXjlrNvkgJ1Ns20WHtCm6Lpy6TQCiAiEApOHF-Yw1ne2dQKZ2AwwQ-2pBPnuVvzeyysHoD_kQJXs%3D", "width": 426, "tbr": 242.0, "asr": null, "fps": 30, "language": null, "filesize": null, "container": "mp4_dash", "acodec": "none", "url": "https://manifest.googlevideo.com/api/manifest/dash/expire/1613497621/ei/tbArYJ7PCoOy4QKP0pg4/ip/140.109.135.76/id/b197b7201d4e55fc/source/youtube/requiressl/yes/playback_host/r4---sn-5njj-u2xl.googlevideo.com/mh/1R/mm/31%2C29/mn/sn-5njj-u2xl%2Csn-un57sn7z/ms/au%2Crdu/mv/m/mvi/4/pl/16/hfr/all/as/fmp4_audio_clear%2Cwebm_audio_clear%2Cwebm2_audio_clear%2Cfmp4_sd_hd_clear%2Cwebm2_sd_hd_clear/initcwndbps/1022500/vprv/1/mt/1613475655/fvip/4/keepalive/yes/itag/0/sparams/expire%2Cei%2Cip%2Cid%2Csource%2Crequiressl%2Chfr%2Cas%2Cvprv%2Citag/sig/AOq0QJ8wRQIhAOrbuo4M7VR57udFH4ob80vafi-rRLQ_tjdEpi1yKSHlAiA3abgRtKOTM5Kd4GarG23TMXZyBtU4gDiqwvRMyc6UaA%3D%3D/lsparams/playback_host%2Cmh%2Cmm%2Cmn%2Cms%2Cmv%2Cmvi%2Cpl%2Cinitcwndbps/lsig/AG3C_xAwRgIhALWseJGjUZuQq3TAXjlrNvkgJ1Ns20WHtCm6Lpy6TQCiAiEApOHF-Yw1ne2dQKZ2AwwQ-2pBPnuVvzeyysHoD_kQJXs%3D", "fragment_base_url": "https://r4---sn-5njj-u2xl.googlevideo.com/videoplayback/expire/1613497621/ei/tbArYJ7PCoOy4QKP0pg4/ip/140.109.135.76/id/b197b7201d4e55fc/itag/133/source/yt_otf/requiressl/yes/mh/1R/mm/31,29/mn/sn-5njj-u2xl,sn-un57sn7z/ms/au,rdu/mv/m/mvi/4/pl/16/initcwndbps/1022500/vprv/1/ratebypass/yes/mime/video%2Fmp4/otfp/1/otf/1/lmt/1607711689767247/mt/1613475655/fvip/4/keepalive/yes/sparams/expire,ei,ip,id,itag,source,requiressl,vprv,ratebypass,mime,otfp,otf,lmt/sig/AOq0QJ8wRQIhAJNTWXuVh8gwGvgJSoYKoudLIpYQap-EuNQL2fRTnYriAiA7Xm5tAxzFJvVYenN-KQEDYC0OlYc2z5N288lmJUdU-A%3D%3D/lsparams/mh,mm,mn,ms,mv,mvi,pl,initcwndbps/lsig/AG3C_xAwRAIgEIWDSGcM1Z8IMG9_0F0Ovx2O-K54hl99VlsjYJ7CUo8CIAalCWT_OM9YfcdAWxhMK0ASuMoLe2uv3EBdNhfmJ7AK/", "fragments": [{"path": "sq/0"}, {"path": "sq/1/dur/5.339", "duration": 5.339}, {"path": "sq/2/dur/5.338", "duration": 5.338}, {"path": "sq/3/dur/5.339", "duration": 5.339}, {"path": "sq/4/dur/5.339", "duration": 5.339}, {"path": "sq/5/dur/5.338", "duration": 5.338}, {"path": "sq/6/dur/5.339", "duration": 5.339}, {"path": "sq/7/dur/5.339", "duration": 5.339}, {"path": "sq/8/dur/5.338", "duration": 5.338}, {"path": "sq/9/dur/5.339", "duration": 5.339}, {"path": "sq/10/dur/5.339", "duration": 5.339}, {"path": "sq/11/dur/5.338", "duration": 5.338}, {"path": "sq/12/dur/5.339", "duration": 5.339}, {"path": "sq/13/dur/5.339", "duration": 5.339}, {"path": "sq/14/dur/5.338", "duration": 5.338}, {"path": "sq/15/dur/5.339", "duration": 5.339}, {"path": "sq/16/dur/5.339", "duration": 5.339}, {"path": "sq/17/dur/5.338", "duration": 5.338}, {"path": "sq/18/dur/5.339", "duration": 5.339}, {"path": "sq/19/dur/5.339", "duration": 5.339}, {"path": "sq/20/dur/5.338", "duration": 5.338}, {"path": "sq/21/dur/5.339", "duration": 5.339}, {"path": "sq/22/dur/5.339", "duration": 5.339}, {"path": "sq/23/dur/5.338", "duration": 5.338}, {"path": "sq/24/dur/5.339", "duration": 5.339}, {"path": "sq/25/dur/5.339", "duration": 5.339}, {"path": "sq/26/dur/5.338", "duration": 5.338}, {"path": "sq/27/dur/5.339", "duration": 5.339}, {"path": "sq/28/dur/5.339", "duration": 5.339}, {"path": "sq/29/dur/5.338", "duration": 5.338}, {"path": "sq/30/dur/5.339", "duration": 5.339}, {"path": "sq/31/dur/5.339", "duration": 5.339}, {"path": "sq/32/dur/5.338", "duration": 5.338}, {"path": "sq/33/dur/5.339", "duration": 5.339}, {"path": "sq/34/dur/5.339", "duration": 5.339}, {"path": "sq/35/dur/5.338", "duration": 5.338}, {"path": "sq/36/dur/5.339", "duration": 5.339}, {"path": "sq/37/dur/5.339", "duration": 5.339}, {"path": "sq/38/dur/5.338", "duration": 5.338}, {"path": "sq/39/dur/5.339", "duration": 5.339}, {"path": "sq/40/dur/5.339", "duration": 5.339}, {"path": "sq/41/dur/5.338", "duration": 5.338}, {"path": "sq/42/dur/5.339", "duration": 5.339}, {"path": "sq/43/dur/5.339", "duration": 5.339}, {"path": "sq/44/dur/5.338", "duration": 5.338}, {"path": "sq/45/dur/5.339", "duration": 5.339}, {"path": "sq/46/dur/5.339", "duration": 5.339}, {"path": "sq/47/dur/5.338", "duration": 5.338}, {"path": "sq/48/dur/5.339", "duration": 5.339}, {"path": "sq/49/dur/3.804", "duration": 3.804}], "protocol": "http_dash_segments", "format": "133 - 426x240 (DASH video)", "http_headers": {"User-Agent": "Mozilla/5.0 (Windows NT 10.0; Win64; x64) AppleWebKit/537.36 (KHTML, like Gecko) Chrome/74.0.3729.24 Safari/537.36", "Accept-Charset": "ISO-8859-1,utf-8;q=0.7,*;q=0.7", "Accept": "text/html,application/xhtml+xml,application/xml;q=0.9,*/*;q=0.8", "Accept-Encoding": "gzip, deflate", "Accept-Language": "en-us,en;q=0.5"}}, {"ext": "webm", "height": 360, "format_note": "DASH video", "vcodec": "vp9", "format_id": "243", "manifest_url": "https://manifest.googlevideo.com/api/manifest/dash/expire/1613497621/ei/tbArYJ7PCoOy4QKP0pg4/ip/140.109.135.76/id/b197b7201d4e55fc/source/youtube/requiressl/yes/playback_host/r4---sn-5njj-u2xl.googlevideo.com/mh/1R/mm/31%2C29/mn/sn-5njj-u2xl%2Csn-un57sn7z/ms/au%2Crdu/mv/m/mvi/4/pl/16/hfr/all/as/fmp4_audio_clear%2Cwebm_audio_clear%2Cwebm2_audio_clear%2Cfmp4_sd_hd_clear%2Cwebm2_sd_hd_clear/initcwndbps/1022500/vprv/1/mt/1613475655/fvip/4/keepalive/yes/itag/0/sparams/expire%2Cei%2Cip%2Cid%2Csource%2Crequiressl%2Chfr%2Cas%2Cvprv%2Citag/sig/AOq0QJ8wRQIhAOrbuo4M7VR57udFH4ob80vafi-rRLQ_tjdEpi1yKSHlAiA3abgRtKOTM5Kd4GarG23TMXZyBtU4gDiqwvRMyc6UaA%3D%3D/lsparams/playback_host%2Cmh%2Cmm%2Cmn%2Cms%2Cmv%2Cmvi%2Cpl%2Cinitcwndbps/lsig/AG3C_xAwRgIhALWseJGjUZuQq3TAXjlrNvkgJ1Ns20WHtCm6Lpy6TQCiAiEApOHF-Yw1ne2dQKZ2AwwQ-2pBPnuVvzeyysHoD_kQJXs%3D", "width": 640, "tbr": 405.72, "asr": null, "fps": 30, "language": null, "filesize": null, "container": "webm_dash", "acodec": "none", "url": "https://manifest.googlevideo.com/api/manifest/dash/expire/1613497621/ei/tbArYJ7PCoOy4QKP0pg4/ip/140.109.135.76/id/b197b7201d4e55fc/source/youtube/requiressl/yes/playback_host/r4---sn-5njj-u2xl.googlevideo.com/mh/1R/mm/31%2C29/mn/sn-5njj-u2xl%2Csn-un57sn7z/ms/au%2Crdu/mv/m/mvi/4/pl/16/hfr/all/as/fmp4_audio_clear%2Cwebm_audio_clear%2Cwebm2_audio_clear%2Cfmp4_sd_hd_clear%2Cwebm2_sd_hd_clear/initcwndbps/1022500/vprv/1/mt/1613475655/fvip/4/keepalive/yes/itag/0/sparams/expire%2Cei%2Cip%2Cid%2Csource%2Crequiressl%2Chfr%2Cas%2Cvprv%2Citag/sig/AOq0QJ8wRQIhAOrbuo4M7VR57udFH4ob80vafi-rRLQ_tjdEpi1yKSHlAiA3abgRtKOTM5Kd4GarG23TMXZyBtU4gDiqwvRMyc6UaA%3D%3D/lsparams/playback_host%2Cmh%2Cmm%2Cmn%2Cms%2Cmv%2Cmvi%2Cpl%2Cinitcwndbps/lsig/AG3C_xAwRgIhALWseJGjUZuQq3TAXjlrNvkgJ1Ns20WHtCm6Lpy6TQCiAiEApOHF-Yw1ne2dQKZ2AwwQ-2pBPnuVvzeyysHoD_kQJXs%3D", "fragment_base_url": "https://r4---sn-5njj-u2xl.googlevideo.com/videoplayback/expire/1613497621/ei/tbArYJ7PCoOy4QKP0pg4/ip/140.109.135.76/id/b197b7201d4e55fc/itag/243/source/yt_otf/requiressl/yes/mh/1R/mm/31,29/mn/sn-5njj-u2xl,sn-un57sn7z/ms/au,rdu/mv/m/mvi/4/pl/16/initcwndbps/1022500/vprv/1/ratebypass/yes/mime/video%2Fwebm/otfp/1/otf/1/lmt/1607711689767247/mt/1613475655/fvip/4/keepalive/yes/sparams/expire,ei,ip,id,itag,source,requiressl,vprv,ratebypass,mime,otfp,otf,lmt/sig/AOq0QJ8wRgIhAM3Mz4TUq3CF2XfRqOUH1M8laRMaIUZuaCQjwbjh-U7vAiEApP2W3KAflNebeRXoqGI2n-pb8w4gee1hwrLHhZHEwqY%3D/lsparams/mh,mm,mn,ms,mv,mvi,pl,initcwndbps/lsig/AG3C_xAwRgIhAJdcr-WpGFF-Besr4FsOPXKz-Rd_7hCAQOsBqbN-YY1gAiEAtVPSHQvlUjjyDfNMoCjWCn8lXU5k6pbLEfBWPZxbfg8%3D/", "fragments": [{"path": "sq/0"}, {"path": "sq/1/dur/5.339", "duration": 5.339}, {"path": "sq/2/dur/5.338", "duration": 5.338}, {"path": "sq/3/dur/5.339", "duration": 5.339}, {"path": "sq/4/dur/5.339", "duration": 5.339}, {"path": "sq/5/dur/5.338", "duration": 5.338}, {"path": "sq/6/dur/5.339", "duration": 5.339}, {"path": "sq/7/dur/5.339", "duration": 5.339}, {"path": "sq/8/dur/5.338", "duration": 5.338}, {"path": "sq/9/dur/5.339", "duration": 5.339}, {"path": "sq/10/dur/5.339", "duration": 5.339}, {"path": "sq/11/dur/5.338", "duration": 5.338}, {"path": "sq/12/dur/5.339", "duration": 5.339}, {"path": "sq/13/dur/5.339", "duration": 5.339}, {"path": "sq/14/dur/5.338", "duration": 5.338}, {"path": "sq/15/dur/5.339", "duration": 5.339}, {"path": "sq/16/dur/5.339", "duration": 5.339}, {"path": "sq/17/dur/5.338", "duration": 5.338}, {"path": "sq/18/dur/5.339", "duration": 5.339}, {"path": "sq/19/dur/5.339", "duration": 5.339}, {"path": "sq/20/dur/5.338", "duration": 5.338}, {"path": "sq/21/dur/5.339", "duration": 5.339}, {"path": "sq/22/dur/5.339", "duration": 5.339}, {"path": "sq/23/dur/5.338", "duration": 5.338}, {"path": "sq/24/dur/5.339", "duration": 5.339}, {"path": "sq/25/dur/5.339", "duration": 5.339}, {"path": "sq/26/dur/5.338", "duration": 5.338}, {"path": "sq/27/dur/5.339", "duration": 5.339}, {"path": "sq/28/dur/5.339", "duration": 5.339}, {"path": "sq/29/dur/5.338", "duration": 5.338}, {"path": "sq/30/dur/5.339", "duration": 5.339}, {"path": "sq/31/dur/5.339", "duration": 5.339}, {"path": "sq/32/dur/5.338", "duration": 5.338}, {"path": "sq/33/dur/5.339", "duration": 5.339}, {"path": "sq/34/dur/5.339", "duration": 5.339}, {"path": "sq/35/dur/5.338", "duration": 5.338}, {"path": "sq/36/dur/5.339", "duration": 5.339}, {"path": "sq/37/dur/5.339", "duration": 5.339}, {"path": "sq/38/dur/5.338", "duration": 5.338}, {"path": "sq/39/dur/5.339", "duration": 5.339}, {"path": "sq/40/dur/5.339", "duration": 5.339}, {"path": "sq/41/dur/5.338", "duration": 5.338}, {"path": "sq/42/dur/5.339", "duration": 5.339}, {"path": "sq/43/dur/5.339", "duration": 5.339}, {"path": "sq/44/dur/5.338", "duration": 5.338}, {"path": "sq/45/dur/5.339", "duration": 5.339}, {"path": "sq/46/dur/5.339", "duration": 5.339}, {"path": "sq/47/dur/5.338", "duration": 5.338}, {"path": "sq/48/dur/5.339", "duration": 5.339}, {"path": "sq/49/dur/3.804", "duration": 3.804}], "protocol": "http_dash_segments", "format": "243 - 640x360 (DASH video)", "http_headers": {"User-Agent": "Mozilla/5.0 (Windows NT 10.0; Win64; x64) AppleWebKit/537.36 (KHTML, like Gecko) Chrome/74.0.3729.24 Safari/537.36", "Accept-Charset": "ISO-8859-1,utf-8;q=0.7,*;q=0.7", "Accept": "text/html,application/xhtml+xml,application/xml;q=0.9,*/*;q=0.8", "Accept-Encoding": "gzip, deflate", "Accept-Language": "en-us,en;q=0.5"}}, {"ext": "mp4", "height": 1080, "format_note": "DASH video", "vcodec": "avc1.640028", "format_id": "137", "manifest_url": "https://manifest.googlevideo.com/api/manifest/dash/expire/1613497621/ei/tbArYJ7PCoOy4QKP0pg4/ip/140.109.135.76/id/b197b7201d4e55fc/source/youtube/requiressl/yes/playback_host/r4---sn-5njj-u2xl.googlevideo.com/mh/1R/mm/31%2C29/mn/sn-5njj-u2xl%2Csn-un57sn7z/ms/au%2Crdu/mv/m/mvi/4/pl/16/hfr/all/as/fmp4_audio_clear%2Cwebm_audio_clear%2Cwebm2_audio_clear%2Cfmp4_sd_hd_clear%2Cwebm2_sd_hd_clear/initcwndbps/1022500/vprv/1/mt/1613475655/fvip/4/keepalive/yes/itag/0/sparams/expire%2Cei%2Cip%2Cid%2Csource%2Crequiressl%2Chfr%2Cas%2Cvprv%2Citag/sig/AOq0QJ8wRQIhAOrbuo4M7VR57udFH4ob80vafi-rRLQ_tjdEpi1yKSHlAiA3abgRtKOTM5Kd4GarG23TMXZyBtU4gDiqwvRMyc6UaA%3D%3D/lsparams/playback_host%2Cmh%2Cmm%2Cmn%2Cms%2Cmv%2Cmvi%2Cpl%2Cinitcwndbps/lsig/AG3C_xAwRgIhALWseJGjUZuQq3TAXjlrNvkgJ1Ns20WHtCm6Lpy6TQCiAiEApOHF-Yw1ne2dQKZ2AwwQ-2pBPnuVvzeyysHoD_kQJXs%3D", "width": 1920, "tbr": 581.059, "asr": null, "fps": 30, "language": null, "filesize": null, "container": "mp4_dash", "acodec": "none", "url": "https://manifest.googlevideo.com/api/manifest/dash/expire/1613497621/ei/tbArYJ7PCoOy4QKP0pg4/ip/140.109.135.76/id/b197b7201d4e55fc/source/youtube/requiressl/yes/playback_host/r4---sn-5njj-u2xl.googlevideo.com/mh/1R/mm/31%2C29/mn/sn-5njj-u2xl%2Csn-un57sn7z/ms/au%2Crdu/mv/m/mvi/4/pl/16/hfr/all/as/fmp4_audio_clear%2Cwebm_audio_clear%2Cwebm2_audio_clear%2Cfmp4_sd_hd_clear%2Cwebm2_sd_hd_clear/initcwndbps/1022500/vprv/1/mt/1613475655/fvip/4/keepalive/yes/itag/0/sparams/expire%2Cei%2Cip%2Cid%2Csource%2Crequiressl%2Chfr%2Cas%2Cvprv%2Citag/sig/AOq0QJ8wRQIhAOrbuo4M7VR57udFH4ob80vafi-rRLQ_tjdEpi1yKSHlAiA3abgRtKOTM5Kd4GarG23TMXZyBtU4gDiqwvRMyc6UaA%3D%3D/lsparams/playback_host%2Cmh%2Cmm%2Cmn%2Cms%2Cmv%2Cmvi%2Cpl%2Cinitcwndbps/lsig/AG3C_xAwRgIhALWseJGjUZuQq3TAXjlrNvkgJ1Ns20WHtCm6Lpy6TQCiAiEApOHF-Yw1ne2dQKZ2AwwQ-2pBPnuVvzeyysHoD_kQJXs%3D", "fragment_base_url": "https://r4---sn-5njj-u2xl.googlevideo.com/videoplayback/expire/1613497621/ei/tbArYJ7PCoOy4QKP0pg4/ip/140.109.135.76/id/b197b7201d4e55fc/itag/137/source/youtube/requiressl/yes/mh/1R/mm/31,29/mn/sn-5njj-u2xl,sn-un57sn7z/ms/au,rdu/mv/m/mvi/4/pl/16/initcwndbps/1022500/vprv/1/ratebypass/yes/mime/video%2Fmp4/otfp/1/gir/yes/clen/15422849/lmt/1607711689767247/dur/260.059/mt/1613475655/fvip/4/keepalive/yes/sparams/expire,ei,ip,id,itag,source,requiressl,vprv,ratebypass,mime,otfp,gir,clen,lmt,dur/sig/AOq0QJ8wRQIhAKs4kNtqltMbfS6iEbuJCDdfkFoVc48N4CuRxcqUhldhAiAzaXMuPRfU7S1Xjz1EQ-JUx5WRdetHUZPGMN1ZHJ8SNA%3D%3D/lsparams/mh,mm,mn,ms,mv,mvi,pl,initcwndbps/lsig/AG3C_xAwRAIgAmm57MQpMq4Z3eS3E9vRcyxbqwAC3uiTB7kxiAodShoCIF7JZYrXCzE-OmETSUihgsq4ug9UuecvL-P1jEhYLfu0/", "fragments": [{"path": "range/0-740"}, {"path": "range/1361-202152", "duration": 5.339}, {"path": "range/202153-433678", "duration": 5.338}, {"path": "range/433679-670325", "duration": 5.339}, {"path": "range/670326-910296", "duration": 5.339}, {"path": "range/910297-1156272", "duration": 5.338}, {"path": "range/1156273-1407846", "duration": 5.339}, {"path": "range/1407847-1661174", "duration": 5.339}, {"path": "range/1661175-1945293", "duration": 5.338}, {"path": "range/1945294-2239809", "duration": 5.339}, {"path": "range/2239810-2536338", "duration": 5.339}, {"path": "range/2536339-2837682", "duration": 5.338}, {"path": "range/2837683-3149891", "duration": 5.339}, {"path": "range/3149892-3460794", "duration": 5.339}, {"path": "range/3460795-3773206", "duration": 5.338}, {"path": "range/3773207-4093335", "duration": 5.339}, {"path": "range/4093336-4409442", "duration": 5.339}, {"path": "range/4409443-4727136", "duration": 5.338}, {"path": "range/4727137-5052166", "duration": 5.339}, {"path": "range/5052167-5375971", "duration": 5.339}, {"path": "range/5375972-5696874", "duration": 5.338}, {"path": "range/5696875-6027018", "duration": 5.339}, {"path": "range/6027019-6352428", "duration": 5.339}, {"path": "range/6352429-6679582", "duration": 5.338}, {"path": "range/6679583-7013316", "duration": 5.339}, {"path": "range/7013317-7344980", "duration": 5.339}, {"path": "range/7344981-7674124", "duration": 5.338}, {"path": "range/7674125-8012114", "duration": 5.339}, {"path": "range/8012115-8342834", "duration": 5.339}, {"path": "range/8342835-8684202", "duration": 5.338}, {"path": "range/8684203-9028184", "duration": 5.339}, {"path": "range/9028185-9369862", "duration": 5.339}, {"path": "range/9369863-9712871", "duration": 5.338}, {"path": "range/9712872-10063293", "duration": 5.339}, {"path": "range/10063294-10409327", "duration": 5.339}, {"path": "range/10409328-10761281", "duration": 5.338}, {"path": "range/10761282-11120463", "duration": 5.339}, {"path": "range/11120464-11474312", "duration": 5.339}, {"path": "range/11474313-11826155", "duration": 5.338}, {"path": "range/11826156-12179111", "duration": 5.339}, {"path": "range/12179112-12525038", "duration": 5.339}, {"path": "range/12525039-12867890", "duration": 5.338}, {"path": "range/12867891-13212778", "duration": 5.339}, {"path": "range/13212779-13549234", "duration": 5.339}, {"path": "range/13549235-13880709", "duration": 5.338}, {"path": "range/13880710-14206939", "duration": 5.339}, {"path": "range/14206940-14526889", "duration": 5.339}, {"path": "range/14526890-14839443", "duration": 5.338}, {"path": "range/14839444-15146554", "duration": 5.339}, {"path": "range/15146555-15422848", "duration": 3.804}], "protocol": "http_dash_segments", "format": "137 - 1920x1080 (DASH video)", "http_headers": {"User-Agent": "Mozilla/5.0 (Windows NT 10.0; Win64; x64) AppleWebKit/537.36 (KHTML, like Gecko) Chrome/74.0.3729.24 Safari/537.36", "Accept-Charset": "ISO-8859-1,utf-8;q=0.7,*;q=0.7", "Accept": "text/html,application/xhtml+xml,application/xml;q=0.9,*/*;q=0.8", "Accept-Encoding": "gzip, deflate", "Accept-Language": "en-us,en;q=0.5"}}, {"ext": "webm", "height": 480, "format_note": "DASH video", "vcodec": "vp9", "format_id": "244", "manifest_url": "https://manifest.googlevideo.com/api/manifest/dash/expire/1613497621/ei/tbArYJ7PCoOy4QKP0pg4/ip/140.109.135.76/id/b197b7201d4e55fc/source/youtube/requiressl/yes/playback_host/r4---sn-5njj-u2xl.googlevideo.com/mh/1R/mm/31%2C29/mn/sn-5njj-u2xl%2Csn-un57sn7z/ms/au%2Crdu/mv/m/mvi/4/pl/16/hfr/all/as/fmp4_audio_clear%2Cwebm_audio_clear%2Cwebm2_audio_clear%2Cfmp4_sd_hd_clear%2Cwebm2_sd_hd_clear/initcwndbps/1022500/vprv/1/mt/1613475655/fvip/4/keepalive/yes/itag/0/sparams/expire%2Cei%2Cip%2Cid%2Csource%2Crequiressl%2Chfr%2Cas%2Cvprv%2Citag/sig/AOq0QJ8wRQIhAOrbuo4M7VR57udFH4ob80vafi-rRLQ_tjdEpi1yKSHlAiA3abgRtKOTM5Kd4GarG23TMXZyBtU4gDiqwvRMyc6UaA%3D%3D/lsparams/playback_host%2Cmh%2Cmm%2Cmn%2Cms%2Cmv%2Cmvi%2Cpl%2Cinitcwndbps/lsig/AG3C_xAwRgIhALWseJGjUZuQq3TAXjlrNvkgJ1Ns20WHtCm6Lpy6TQCiAiEApOHF-Yw1ne2dQKZ2AwwQ-2pBPnuVvzeyysHoD_kQJXs%3D", "width": 854, "tbr": 752.64, "asr": null, "fps": 30, "language": null, "filesize": null, "container": "webm_dash", "acodec": "none", "url": "https://manifest.googlevideo.com/api/manifest/dash/expire/1613497621/ei/tbArYJ7PCoOy4QKP0pg4/ip/140.109.135.76/id/b197b7201d4e55fc/source/youtube/requiressl/yes/playback_host/r4---sn-5njj-u2xl.googlevideo.com/mh/1R/mm/31%2C29/mn/sn-5njj-u2xl%2Csn-un57sn7z/ms/au%2Crdu/mv/m/mvi/4/pl/16/hfr/all/as/fmp4_audio_clear%2Cwebm_audio_clear%2Cwebm2_audio_clear%2Cfmp4_sd_hd_clear%2Cwebm2_sd_hd_clear/initcwndbps/1022500/vprv/1/mt/1613475655/fvip/4/keepalive/yes/itag/0/sparams/expire%2Cei%2Cip%2Cid%2Csource%2Crequiressl%2Chfr%2Cas%2Cvprv%2Citag/sig/AOq0QJ8wRQIhAOrbuo4M7VR57udFH4ob80vafi-rRLQ_tjdEpi1yKSHlAiA3abgRtKOTM5Kd4GarG23TMXZyBtU4gDiqwvRMyc6UaA%3D%3D/lsparams/playback_host%2Cmh%2Cmm%2Cmn%2Cms%2Cmv%2Cmvi%2Cpl%2Cinitcwndbps/lsig/AG3C_xAwRgIhALWseJGjUZuQq3TAXjlrNvkgJ1Ns20WHtCm6Lpy6TQCiAiEApOHF-Yw1ne2dQKZ2AwwQ-2pBPnuVvzeyysHoD_kQJXs%3D", "fragment_base_url": "https://r4---sn-5njj-u2xl.googlevideo.com/videoplayback/expire/1613497621/ei/tbArYJ7PCoOy4QKP0pg4/ip/140.109.135.76/id/b197b7201d4e55fc/itag/244/source/yt_otf/requiressl/yes/mh/1R/mm/31,29/mn/sn-5njj-u2xl,sn-un57sn7z/ms/au,rdu/mv/m/mvi/4/pl/16/initcwndbps/1022500/vprv/1/ratebypass/yes/mime/video%2Fwebm/otfp/1/otf/1/lmt/1607711689767247/mt/1613475655/fvip/4/keepalive/yes/sparams/expire,ei,ip,id,itag,source,requiressl,vprv,ratebypass,mime,otfp,otf,lmt/sig/AOq0QJ8wRAIgKO7LqvCu1lK7eV2IbbD0RJGPyfnJAMYuheEGK6NGLBoCIByPd2b_SIA8h9FdhktuYipcinkKnsC8usNQ_Mz_578F/lsparams/mh,mm,mn,ms,mv,mvi,pl,initcwndbps/lsig/AG3C_xAwRQIgFjCoq0PX07emFVUl1zSxYFMFpp1P4Edv-AU16qEI2z4CIQC4U1Jki2Ux-vDwNncnf-xWz1NmV4NWcC1xRjrkm6QiOg%3D%3D/", "fragments": [{"path": "sq/0"}, {"path": "sq/1/dur/5.339", "duration": 5.339}, {"path": "sq/2/dur/5.338", "duration": 5.338}, {"path": "sq/3/dur/5.339", "duration": 5.339}, {"path": "sq/4/dur/5.339", "duration": 5.339}, {"path": "sq/5/dur/5.338", "duration": 5.338}, {"path": "sq/6/dur/5.339", "duration": 5.339}, {"path": "sq/7/dur/5.339", "duration": 5.339}, {"path": "sq/8/dur/5.338", "duration": 5.338}, {"path": "sq/9/dur/5.339", "duration": 5.339}, {"path": "sq/10/dur/5.339", "duration": 5.339}, {"path": "sq/11/dur/5.338", "duration": 5.338}, {"path": "sq/12/dur/5.339", "duration": 5.339}, {"path": "sq/13/dur/5.339", "duration": 5.339}, {"path": "sq/14/dur/5.338", "duration": 5.338}, {"path": "sq/15/dur/5.339", "duration": 5.339}, {"path": "sq/16/dur/5.339", "duration": 5.339}, {"path": "sq/17/dur/5.338", "duration": 5.338}, {"path": "sq/18/dur/5.339", "duration": 5.339}, {"path": "sq/19/dur/5.339", "duration": 5.339}, {"path": "sq/20/dur/5.338", "duration": 5.338}, {"path": "sq/21/dur/5.339", "duration": 5.339}, {"path": "sq/22/dur/5.339", "duration": 5.339}, {"path": "sq/23/dur/5.338", "duration": 5.338}, {"path": "sq/24/dur/5.339", "duration": 5.339}, {"path": "sq/25/dur/5.339", "duration": 5.339}, {"path": "sq/26/dur/5.338", "duration": 5.338}, {"path": "sq/27/dur/5.339", "duration": 5.339}, {"path": "sq/28/dur/5.339", "duration": 5.339}, {"path": "sq/29/dur/5.338", "duration": 5.338}, {"path": "sq/30/dur/5.339", "duration": 5.339}, {"path": "sq/31/dur/5.339", "duration": 5.339}, {"path": "sq/32/dur/5.338", "duration": 5.338}, {"path": "sq/33/dur/5.339", "duration": 5.339}, {"path": "sq/34/dur/5.339", "duration": 5.339}, {"path": "sq/35/dur/5.338", "duration": 5.338}, {"path": "sq/36/dur/5.339", "duration": 5.339}, {"path": "sq/37/dur/5.339", "duration": 5.339}, {"path": "sq/38/dur/5.338", "duration": 5.338}, {"path": "sq/39/dur/5.339", "duration": 5.339}, {"path": "sq/40/dur/5.339", "duration": 5.339}, {"path": "sq/41/dur/5.338", "duration": 5.338}, {"path": "sq/42/dur/5.339", "duration": 5.339}, {"path": "sq/43/dur/5.339", "duration": 5.339}, {"path": "sq/44/dur/5.338", "duration": 5.338}, {"path": "sq/45/dur/5.339", "duration": 5.339}, {"path": "sq/46/dur/5.339", "duration": 5.339}, {"path": "sq/47/dur/5.338", "duration": 5.338}, {"path": "sq/48/dur/5.339", "duration": 5.339}, {"path": "sq/49/dur/3.804", "duration": 3.804}], "protocol": "http_dash_segments", "format": "244 - 854x480 (DASH video)", "http_headers": {"User-Agent": "Mozilla/5.0 (Windows NT 10.0; Win64; x64) AppleWebKit/537.36 (KHTML, like Gecko) Chrome/74.0.3729.24 Safari/537.36", "Accept-Charset": "ISO-8859-1,utf-8;q=0.7,*;q=0.7", "Accept": "text/html,application/xhtml+xml,application/xml;q=0.9,*/*;q=0.8", "Accept-Encoding": "gzip, deflate", "Accept-Language": "en-us,en;q=0.5"}}, {"ext": "mp4", "height": 480, "format_note": "DASH video", "vcodec": "avc1.4d4014", "format_id": "135", "manifest_url": "https://manifest.googlevideo.com/api/manifest/dash/expire/1613497621/ei/tbArYJ7PCoOy4QKP0pg4/ip/140.109.135.76/id/b197b7201d4e55fc/source/youtube/requiressl/yes/playback_host/r4---sn-5njj-u2xl.googlevideo.com/mh/1R/mm/31%2C29/mn/sn-5njj-u2xl%2Csn-un57sn7z/ms/au%2Crdu/mv/m/mvi/4/pl/16/hfr/all/as/fmp4_audio_clear%2Cwebm_audio_clear%2Cwebm2_audio_clear%2Cfmp4_sd_hd_clear%2Cwebm2_sd_hd_clear/initcwndbps/1022500/vprv/1/mt/1613475655/fvip/4/keepalive/yes/itag/0/sparams/expire%2Cei%2Cip%2Cid%2Csource%2Crequiressl%2Chfr%2Cas%2Cvprv%2Citag/sig/AOq0QJ8wRQIhAOrbuo4M7VR57udFH4ob80vafi-rRLQ_tjdEpi1yKSHlAiA3abgRtKOTM5Kd4GarG23TMXZyBtU4gDiqwvRMyc6UaA%3D%3D/lsparams/playback_host%2Cmh%2Cmm%2Cmn%2Cms%2Cmv%2Cmvi%2Cpl%2Cinitcwndbps/lsig/AG3C_xAwRgIhALWseJGjUZuQq3TAXjlrNvkgJ1Ns20WHtCm6Lpy6TQCiAiEApOHF-Yw1ne2dQKZ2AwwQ-2pBPnuVvzeyysHoD_kQJXs%3D", "width": 854, "tbr": 1155.0, "asr": null, "fps": 30, "language": null, "filesize": null, "container": "mp4_dash", "acodec": "none", "url": "https://manifest.googlevideo.com/api/manifest/dash/expire/1613497621/ei/tbArYJ7PCoOy4QKP0pg4/ip/140.109.135.76/id/b197b7201d4e55fc/source/youtube/requiressl/yes/playback_host/r4---sn-5njj-u2xl.googlevideo.com/mh/1R/mm/31%2C29/mn/sn-5njj-u2xl%2Csn-un57sn7z/ms/au%2Crdu/mv/m/mvi/4/pl/16/hfr/all/as/fmp4_audio_clear%2Cwebm_audio_clear%2Cwebm2_audio_clear%2Cfmp4_sd_hd_clear%2Cwebm2_sd_hd_clear/initcwndbps/1022500/vprv/1/mt/1613475655/fvip/4/keepalive/yes/itag/0/sparams/expire%2Cei%2Cip%2Cid%2Csource%2Crequiressl%2Chfr%2Cas%2Cvprv%2Citag/sig/AOq0QJ8wRQIhAOrbuo4M7VR57udFH4ob80vafi-rRLQ_tjdEpi1yKSHlAiA3abgRtKOTM5Kd4GarG23TMXZyBtU4gDiqwvRMyc6UaA%3D%3D/lsparams/playback_host%2Cmh%2Cmm%2Cmn%2Cms%2Cmv%2Cmvi%2Cpl%2Cinitcwndbps/lsig/AG3C_xAwRgIhALWseJGjUZuQq3TAXjlrNvkgJ1Ns20WHtCm6Lpy6TQCiAiEApOHF-Yw1ne2dQKZ2AwwQ-2pBPnuVvzeyysHoD_kQJXs%3D", "fragment_base_url": "https://r4---sn-5njj-u2xl.googlevideo.com/videoplayback/expire/1613497621/ei/tbArYJ7PCoOy4QKP0pg4/ip/140.109.135.76/id/b197b7201d4e55fc/itag/135/source/yt_otf/requiressl/yes/mh/1R/mm/31,29/mn/sn-5njj-u2xl,sn-un57sn7z/ms/au,rdu/mv/m/mvi/4/pl/16/initcwndbps/1022500/vprv/1/ratebypass/yes/mime/video%2Fmp4/otfp/1/otf/1/lmt/1607711689767247/mt/1613475655/fvip/4/keepalive/yes/sparams/expire,ei,ip,id,itag,source,requiressl,vprv,ratebypass,mime,otfp,otf,lmt/sig/AOq0QJ8wRQIgfUN6MQY7BrGG2ksH0ThtdNjfIIF9j9c2otr0sMu7q4sCIQDog1HrGkww_V41-ST7Gz53Yy4mK3pIW2iyxJVwRjMBLA%3D%3D/lsparams/mh,mm,mn,ms,mv,mvi,pl,initcwndbps/lsig/AG3C_xAwRQIhAJip4d1FcPFVHd6c7GChoWEtE51-tRlCUOFnkJPIsSI5AiAYRb2iM4jP4JTYgZneo5iXLjkKjBxNtVcn_cOfAaaIJg%3D%3D/", "fragments": [{"path": "sq/0"}, {"path": "sq/1/dur/5.339", "duration": 5.339}, {"path": "sq/2/dur/5.338", "duration": 5.338}, {"path": "sq/3/dur/5.339", "duration": 5.339}, {"path": "sq/4/dur/5.339", "duration": 5.339}, {"path": "sq/5/dur/5.338", "duration": 5.338}, {"path": "sq/6/dur/5.339", "duration": 5.339}, {"path": "sq/7/dur/5.339", "duration": 5.339}, {"path": "sq/8/dur/5.338", "duration": 5.338}, {"path": "sq/9/dur/5.339", "duration": 5.339}, {"path": "sq/10/dur/5.339", "duration": 5.339}, {"path": "sq/11/dur/5.338", "duration": 5.338}, {"path": "sq/12/dur/5.339", "duration": 5.339}, {"path": "sq/13/dur/5.339", "duration": 5.339}, {"path": "sq/14/dur/5.338", "duration": 5.338}, {"path": "sq/15/dur/5.339", "duration": 5.339}, {"path": "sq/16/dur/5.339", "duration": 5.339}, {"path": "sq/17/dur/5.338", "duration": 5.338}, {"path": "sq/18/dur/5.339", "duration": 5.339}, {"path": "sq/19/dur/5.339", "duration": 5.339}, {"path": "sq/20/dur/5.338", "duration": 5.338}, {"path": "sq/21/dur/5.339", "duration": 5.339}, {"path": "sq/22/dur/5.339", "duration": 5.339}, {"path": "sq/23/dur/5.338", "duration": 5.338}, {"path": "sq/24/dur/5.339", "duration": 5.339}, {"path": "sq/25/dur/5.339", "duration": 5.339}, {"path": "sq/26/dur/5.338", "duration": 5.338}, {"path": "sq/27/dur/5.339", "duration": 5.339}, {"path": "sq/28/dur/5.339", "duration": 5.339}, {"path": "sq/29/dur/5.338", "duration": 5.338}, {"path": "sq/30/dur/5.339", "duration": 5.339}, {"path": "sq/31/dur/5.339", "duration": 5.339}, {"path": "sq/32/dur/5.338", "duration": 5.338}, {"path": "sq/33/dur/5.339", "duration": 5.339}, {"path": "sq/34/dur/5.339", "duration": 5.339}, {"path": "sq/35/dur/5.338", "duration": 5.338}, {"path": "sq/36/dur/5.339", "duration": 5.339}, {"path": "sq/37/dur/5.339", "duration": 5.339}, {"path": "sq/38/dur/5.338", "duration": 5.338}, {"path": "sq/39/dur/5.339", "duration": 5.339}, {"path": "sq/40/dur/5.339", "duration": 5.339}, {"path": "sq/41/dur/5.338", "duration": 5.338}, {"path": "sq/42/dur/5.339", "duration": 5.339}, {"path": "sq/43/dur/5.339", "duration": 5.339}, {"path": "sq/44/dur/5.338", "duration": 5.338}, {"path": "sq/45/dur/5.339", "duration": 5.339}, {"path": "sq/46/dur/5.339", "duration": 5.339}, {"path": "sq/47/dur/5.338", "duration": 5.338}, {"path": "sq/48/dur/5.339", "duration": 5.339}, {"path": "sq/49/dur/3.804", "duration": 3.804}], "protocol": "http_dash_segments", "format": "135 - 854x480 (DASH video)", "http_headers": {"User-Agent": "Mozilla/5.0 (Windows NT 10.0; Win64; x64) AppleWebKit/537.36 (KHTML, like Gecko) Chrome/74.0.3729.24 Safari/537.36", "Accept-Charset": "ISO-8859-1,utf-8;q=0.7,*;q=0.7", "Accept": "text/html,application/xhtml+xml,application/xml;q=0.9,*/*;q=0.8", "Accept-Encoding": "gzip, deflate", "Accept-Language": "en-us,en;q=0.5"}}, {"ext": "webm", "height": 720, "format_note": "DASH video", "vcodec": "vp9", "format_id": "247", "manifest_url": "https://manifest.googlevideo.com/api/manifest/dash/expire/1613497621/ei/tbArYJ7PCoOy4QKP0pg4/ip/140.109.135.76/id/b197b7201d4e55fc/source/youtube/requiressl/yes/playback_host/r4---sn-5njj-u2xl.googlevideo.com/mh/1R/mm/31%2C29/mn/sn-5njj-u2xl%2Csn-un57sn7z/ms/au%2Crdu/mv/m/mvi/4/pl/16/hfr/all/as/fmp4_audio_clear%2Cwebm_audio_clear%2Cwebm2_audio_clear%2Cfmp4_sd_hd_clear%2Cwebm2_sd_hd_clear/initcwndbps/1022500/vprv/1/mt/1613475655/fvip/4/keepalive/yes/itag/0/sparams/expire%2Cei%2Cip%2Cid%2Csource%2Crequiressl%2Chfr%2Cas%2Cvprv%2Citag/sig/AOq0QJ8wRQIhAOrbuo4M7VR57udFH4ob80vafi-rRLQ_tjdEpi1yKSHlAiA3abgRtKOTM5Kd4GarG23TMXZyBtU4gDiqwvRMyc6UaA%3D%3D/lsparams/playback_host%2Cmh%2Cmm%2Cmn%2Cms%2Cmv%2Cmvi%2Cpl%2Cinitcwndbps/lsig/AG3C_xAwRgIhALWseJGjUZuQq3TAXjlrNvkgJ1Ns20WHtCm6Lpy6TQCiAiEApOHF-Yw1ne2dQKZ2AwwQ-2pBPnuVvzeyysHoD_kQJXs%3D", "width": 1280, "tbr": 1505.28, "asr": null, "fps": 30, "language": null, "filesize": null, "container": "webm_dash", "acodec": "none", "url": "https://manifest.googlevideo.com/api/manifest/dash/expire/1613497621/ei/tbArYJ7PCoOy4QKP0pg4/ip/140.109.135.76/id/b197b7201d4e55fc/source/youtube/requiressl/yes/playback_host/r4---sn-5njj-u2xl.googlevideo.com/mh/1R/mm/31%2C29/mn/sn-5njj-u2xl%2Csn-un57sn7z/ms/au%2Crdu/mv/m/mvi/4/pl/16/hfr/all/as/fmp4_audio_clear%2Cwebm_audio_clear%2Cwebm2_audio_clear%2Cfmp4_sd_hd_clear%2Cwebm2_sd_hd_clear/initcwndbps/1022500/vprv/1/mt/1613475655/fvip/4/keepalive/yes/itag/0/sparams/expire%2Cei%2Cip%2Cid%2Csource%2Crequiressl%2Chfr%2Cas%2Cvprv%2Citag/sig/AOq0QJ8wRQIhAOrbuo4M7VR57udFH4ob80vafi-rRLQ_tjdEpi1yKSHlAiA3abgRtKOTM5Kd4GarG23TMXZyBtU4gDiqwvRMyc6UaA%3D%3D/lsparams/playback_host%2Cmh%2Cmm%2Cmn%2Cms%2Cmv%2Cmvi%2Cpl%2Cinitcwndbps/lsig/AG3C_xAwRgIhALWseJGjUZuQq3TAXjlrNvkgJ1Ns20WHtCm6Lpy6TQCiAiEApOHF-Yw1ne2dQKZ2AwwQ-2pBPnuVvzeyysHoD_kQJXs%3D", "fragment_base_url": "https://r4---sn-5njj-u2xl.googlevideo.com/videoplayback/expire/1613497621/ei/tbArYJ7PCoOy4QKP0pg4/ip/140.109.135.76/id/b197b7201d4e55fc/itag/247/source/yt_otf/requiressl/yes/mh/1R/mm/31,29/mn/sn-5njj-u2xl,sn-un57sn7z/ms/au,rdu/mv/m/mvi/4/pl/16/initcwndbps/1022500/vprv/1/ratebypass/yes/mime/video%2Fwebm/otfp/1/otf/1/lmt/1607711689767247/mt/1613475655/fvip/4/keepalive/yes/sparams/expire,ei,ip,id,itag,source,requiressl,vprv,ratebypass,mime,otfp,otf,lmt/sig/AOq0QJ8wRQIgbT_MNfzJ6SkrfkPbh29lHUiPVVt8ojjwXlB6ppjG9DICIQDltxXe0RUWG1LPNrl1jA_OrlZlUSYk7Qp9YVaOd-LK_A%3D%3D/lsparams/mh,mm,mn,ms,mv,mvi,pl,initcwndbps/lsig/AG3C_xAwRgIhAO_7VSPMMO-8KiEL14L5ilXQruZOINAFQZzEJLmxBL2DAiEAx-sFmxyHMWt3wKnzwL7NblLwYhMdcIKj6bJ-4O2MonA%3D/", "fragments": [{"path": "sq/0"}, {"path": "sq/1/dur/5.339", "duration": 5.339}, {"path": "sq/2/dur/5.338", "duration": 5.338}, {"path": "sq/3/dur/5.339", "duration": 5.339}, {"path": "sq/4/dur/5.339", "duration": 5.339}, {"path": "sq/5/dur/5.338", "duration": 5.338}, {"path": "sq/6/dur/5.339", "duration": 5.339}, {"path": "sq/7/dur/5.339", "duration": 5.339}, {"path": "sq/8/dur/5.338", "duration": 5.338}, {"path": "sq/9/dur/5.339", "duration": 5.339}, {"path": "sq/10/dur/5.339", "duration": 5.339}, {"path": "sq/11/dur/5.338", "duration": 5.338}, {"path": "sq/12/dur/5.339", "duration": 5.339}, {"path": "sq/13/dur/5.339", "duration": 5.339}, {"path": "sq/14/dur/5.338", "duration": 5.338}, {"path": "sq/15/dur/5.339", "duration": 5.339}, {"path": "sq/16/dur/5.339", "duration": 5.339}, {"path": "sq/17/dur/5.338", "duration": 5.338}, {"path": "sq/18/dur/5.339", "duration": 5.339}, {"path": "sq/19/dur/5.339", "duration": 5.339}, {"path": "sq/20/dur/5.338", "duration": 5.338}, {"path": "sq/21/dur/5.339", "duration": 5.339}, {"path": "sq/22/dur/5.339", "duration": 5.339}, {"path": "sq/23/dur/5.338", "duration": 5.338}, {"path": "sq/24/dur/5.339", "duration": 5.339}, {"path": "sq/25/dur/5.339", "duration": 5.339}, {"path": "sq/26/dur/5.338", "duration": 5.338}, {"path": "sq/27/dur/5.339", "duration": 5.339}, {"path": "sq/28/dur/5.339", "duration": 5.339}, {"path": "sq/29/dur/5.338", "duration": 5.338}, {"path": "sq/30/dur/5.339", "duration": 5.339}, {"path": "sq/31/dur/5.339", "duration": 5.339}, {"path": "sq/32/dur/5.338", "duration": 5.338}, {"path": "sq/33/dur/5.339", "duration": 5.339}, {"path": "sq/34/dur/5.339", "duration": 5.339}, {"path": "sq/35/dur/5.338", "duration": 5.338}, {"path": "sq/36/dur/5.339", "duration": 5.339}, {"path": "sq/37/dur/5.339", "duration": 5.339}, {"path": "sq/38/dur/5.338", "duration": 5.338}, {"path": "sq/39/dur/5.339", "duration": 5.339}, {"path": "sq/40/dur/5.339", "duration": 5.339}, {"path": "sq/41/dur/5.338", "duration": 5.338}, {"path": "sq/42/dur/5.339", "duration": 5.339}, {"path": "sq/43/dur/5.339", "duration": 5.339}, {"path": "sq/44/dur/5.338", "duration": 5.338}, {"path": "sq/45/dur/5.339", "duration": 5.339}, {"path": "sq/46/dur/5.339", "duration": 5.339}, {"path": "sq/47/dur/5.338", "duration": 5.338}, {"path": "sq/48/dur/5.339", "duration": 5.339}, {"path": "sq/49/dur/3.804", "duration": 3.804}], "protocol": "http_dash_segments", "format": "247 - 1280x720 (DASH video)", "http_headers": {"User-Agent": "Mozilla/5.0 (Windows NT 10.0; Win64; x64) AppleWebKit/537.36 (KHTML, like Gecko) Chrome/74.0.3729.24 Safari/537.36", "Accept-Charset": "ISO-8859-1,utf-8;q=0.7,*;q=0.7", "Accept": "text/html,application/xhtml+xml,application/xml;q=0.9,*/*;q=0.8", "Accept-Encoding": "gzip, deflate", "Accept-Language": "en-us,en;q=0.5"}}, {"ext": "mp4", "height": 720, "format_note": "DASH video", "vcodec": "avc1.4d400b", "format_id": "136", "manifest_url": "https://manifest.googlevideo.com/api/manifest/dash/expire/1613497621/ei/tbArYJ7PCoOy4QKP0pg4/ip/140.109.135.76/id/b197b7201d4e55fc/source/youtube/requiressl/yes/playback_host/r4---sn-5njj-u2xl.googlevideo.com/mh/1R/mm/31%2C29/mn/sn-5njj-u2xl%2Csn-un57sn7z/ms/au%2Crdu/mv/m/mvi/4/pl/16/hfr/all/as/fmp4_audio_clear%2Cwebm_audio_clear%2Cwebm2_audio_clear%2Cfmp4_sd_hd_clear%2Cwebm2_sd_hd_clear/initcwndbps/1022500/vprv/1/mt/1613475655/fvip/4/keepalive/yes/itag/0/sparams/expire%2Cei%2Cip%2Cid%2Csource%2Crequiressl%2Chfr%2Cas%2Cvprv%2Citag/sig/AOq0QJ8wRQIhAOrbuo4M7VR57udFH4ob80vafi-rRLQ_tjdEpi1yKSHlAiA3abgRtKOTM5Kd4GarG23TMXZyBtU4gDiqwvRMyc6UaA%3D%3D/lsparams/playback_host%2Cmh%2Cmm%2Cmn%2Cms%2Cmv%2Cmvi%2Cpl%2Cinitcwndbps/lsig/AG3C_xAwRgIhALWseJGjUZuQq3TAXjlrNvkgJ1Ns20WHtCm6Lpy6TQCiAiEApOHF-Yw1ne2dQKZ2AwwQ-2pBPnuVvzeyysHoD_kQJXs%3D", "width": 1280, "tbr": 2310.0, "asr": null, "fps": 30, "language": null, "filesize": null, "container": "mp4_dash", "acodec": "none", "url": "https://manifest.googlevideo.com/api/manifest/dash/expire/1613497621/ei/tbArYJ7PCoOy4QKP0pg4/ip/140.109.135.76/id/b197b7201d4e55fc/source/youtube/requiressl/yes/playback_host/r4---sn-5njj-u2xl.googlevideo.com/mh/1R/mm/31%2C29/mn/sn-5njj-u2xl%2Csn-un57sn7z/ms/au%2Crdu/mv/m/mvi/4/pl/16/hfr/all/as/fmp4_audio_clear%2Cwebm_audio_clear%2Cwebm2_audio_clear%2Cfmp4_sd_hd_clear%2Cwebm2_sd_hd_clear/initcwndbps/1022500/vprv/1/mt/1613475655/fvip/4/keepalive/yes/itag/0/sparams/expire%2Cei%2Cip%2Cid%2Csource%2Crequiressl%2Chfr%2Cas%2Cvprv%2Citag/sig/AOq0QJ8wRQIhAOrbuo4M7VR57udFH4ob80vafi-rRLQ_tjdEpi1yKSHlAiA3abgRtKOTM5Kd4GarG23TMXZyBtU4gDiqwvRMyc6UaA%3D%3D/lsparams/playback_host%2Cmh%2Cmm%2Cmn%2Cms%2Cmv%2Cmvi%2Cpl%2Cinitcwndbps/lsig/AG3C_xAwRgIhALWseJGjUZuQq3TAXjlrNvkgJ1Ns20WHtCm6Lpy6TQCiAiEApOHF-Yw1ne2dQKZ2AwwQ-2pBPnuVvzeyysHoD_kQJXs%3D", "fragment_base_url": "https://r4---sn-5njj-u2xl.googlevideo.com/videoplayback/expire/1613497621/ei/tbArYJ7PCoOy4QKP0pg4/ip/140.109.135.76/id/b197b7201d4e55fc/itag/136/source/yt_otf/requiressl/yes/mh/1R/mm/31,29/mn/sn-5njj-u2xl,sn-un57sn7z/ms/au,rdu/mv/m/mvi/4/pl/16/initcwndbps/1022500/vprv/1/ratebypass/yes/mime/video%2Fmp4/otfp/1/otf/1/lmt/1607711689767247/mt/1613475655/fvip/4/keepalive/yes/sparams/expire,ei,ip,id,itag,source,requiressl,vprv,ratebypass,mime,otfp,otf,lmt/sig/AOq0QJ8wRAIgU6eq7aEvd5aojBKDNMyTOXe52c3UJ2I1mD_RTaXrIEYCIH-R19eEUOZgKMYHpI_4lHm4TjB-CsGR546nz-SpN2Px/lsparams/mh,mm,mn,ms,mv,mvi,pl,initcwndbps/lsig/AG3C_xAwRgIhAJ3bydwUI-SQPd4AgoxILtLNi0w3IuKjFz3YLKNNLwCNAiEA-xqH5f_DLjVCaXBujv5E0XFkRpRnPzSTd02TNJrufoo%3D/", "fragments": [{"path": "sq/0"}, {"path": "sq/1/dur/5.339", "duration": 5.339}, {"path": "sq/2/dur/5.338", "duration": 5.338}, {"path": "sq/3/dur/5.339", "duration": 5.339}, {"path": "sq/4/dur/5.339", "duration": 5.339}, {"path": "sq/5/dur/5.338", "duration": 5.338}, {"path": "sq/6/dur/5.339", "duration": 5.339}, {"path": "sq/7/dur/5.339", "duration": 5.339}, {"path": "sq/8/dur/5.338", "duration": 5.338}, {"path": "sq/9/dur/5.339", "duration": 5.339}, {"path": "sq/10/dur/5.339", "duration": 5.339}, {"path": "sq/11/dur/5.338", "duration": 5.338}, {"path": "sq/12/dur/5.339", "duration": 5.339}, {"path": "sq/13/dur/5.339", "duration": 5.339}, {"path": "sq/14/dur/5.338", "duration": 5.338}, {"path": "sq/15/dur/5.339", "duration": 5.339}, {"path": "sq/16/dur/5.339", "duration": 5.339}, {"path": "sq/17/dur/5.338", "duration": 5.338}, {"path": "sq/18/dur/5.339", "duration": 5.339}, {"path": "sq/19/dur/5.339", "duration": 5.339}, {"path": "sq/20/dur/5.338", "duration": 5.338}, {"path": "sq/21/dur/5.339", "duration": 5.339}, {"path": "sq/22/dur/5.339", "duration": 5.339}, {"path": "sq/23/dur/5.338", "duration": 5.338}, {"path": "sq/24/dur/5.339", "duration": 5.339}, {"path": "sq/25/dur/5.339", "duration": 5.339}, {"path": "sq/26/dur/5.338", "duration": 5.338}, {"path": "sq/27/dur/5.339", "duration": 5.339}, {"path": "sq/28/dur/5.339", "duration": 5.339}, {"path": "sq/29/dur/5.338", "duration": 5.338}, {"path": "sq/30/dur/5.339", "duration": 5.339}, {"path": "sq/31/dur/5.339", "duration": 5.339}, {"path": "sq/32/dur/5.338", "duration": 5.338}, {"path": "sq/33/dur/5.339", "duration": 5.339}, {"path": "sq/34/dur/5.339", "duration": 5.339}, {"path": "sq/35/dur/5.338", "duration": 5.338}, {"path": "sq/36/dur/5.339", "duration": 5.339}, {"path": "sq/37/dur/5.339", "duration": 5.339}, {"path": "sq/38/dur/5.338", "duration": 5.338}, {"path": "sq/39/dur/5.339", "duration": 5.339}, {"path": "sq/40/dur/5.339", "duration": 5.339}, {"path": "sq/41/dur/5.338", "duration": 5.338}, {"path": "sq/42/dur/5.339", "duration": 5.339}, {"path": "sq/43/dur/5.339", "duration": 5.339}, {"path": "sq/44/dur/5.338", "duration": 5.338}, {"path": "sq/45/dur/5.339", "duration": 5.339}, {"path": "sq/46/dur/5.339", "duration": 5.339}, {"path": "sq/47/dur/5.338", "duration": 5.338}, {"path": "sq/48/dur/5.339", "duration": 5.339}, {"path": "sq/49/dur/3.804", "duration": 3.804}], "protocol": "http_dash_segments", "format": "136 - 1280x720 (DASH video)", "http_headers": {"User-Agent": "Mozilla/5.0 (Windows NT 10.0; Win64; x64) AppleWebKit/537.36 (KHTML, like Gecko) Chrome/74.0.3729.24 Safari/537.36", "Accept-Charset": "ISO-8859-1,utf-8;q=0.7,*;q=0.7", "Accept": "text/html,application/xhtml+xml,application/xml;q=0.9,*/*;q=0.8", "Accept-Encoding": "gzip, deflate", "Accept-Language": "en-us,en;q=0.5"}}, {"ext": "webm", "height": 1080, "format_note": "DASH video", "vcodec": "vp9", "format_id": "248", "manifest_url": "https://manifest.googlevideo.com/api/manifest/dash/expire/1613497621/ei/tbArYJ7PCoOy4QKP0pg4/ip/140.109.135.76/id/b197b7201d4e55fc/source/youtube/requiressl/yes/playback_host/r4---sn-5njj-u2xl.googlevideo.com/mh/1R/mm/31%2C29/mn/sn-5njj-u2xl%2Csn-un57sn7z/ms/au%2Crdu/mv/m/mvi/4/pl/16/hfr/all/as/fmp4_audio_clear%2Cwebm_audio_clear%2Cwebm2_audio_clear%2Cfmp4_sd_hd_clear%2Cwebm2_sd_hd_clear/initcwndbps/1022500/vprv/1/mt/1613475655/fvip/4/keepalive/yes/itag/0/sparams/expire%2Cei%2Cip%2Cid%2Csource%2Crequiressl%2Chfr%2Cas%2Cvprv%2Citag/sig/AOq0QJ8wRQIhAOrbuo4M7VR57udFH4ob80vafi-rRLQ_tjdEpi1yKSHlAiA3abgRtKOTM5Kd4GarG23TMXZyBtU4gDiqwvRMyc6UaA%3D%3D/lsparams/playback_host%2Cmh%2Cmm%2Cmn%2Cms%2Cmv%2Cmvi%2Cpl%2Cinitcwndbps/lsig/AG3C_xAwRgIhALWseJGjUZuQq3TAXjlrNvkgJ1Ns20WHtCm6Lpy6TQCiAiEApOHF-Yw1ne2dQKZ2AwwQ-2pBPnuVvzeyysHoD_kQJXs%3D", "width": 1920, "tbr": 2646.0, "asr": null, "fps": 30, "language": null, "filesize": null, "container": "webm_dash", "acodec": "none", "url": "https://manifest.googlevideo.com/api/manifest/dash/expire/1613497621/ei/tbArYJ7PCoOy4QKP0pg4/ip/140.109.135.76/id/b197b7201d4e55fc/source/youtube/requiressl/yes/playback_host/r4---sn-5njj-u2xl.googlevideo.com/mh/1R/mm/31%2C29/mn/sn-5njj-u2xl%2Csn-un57sn7z/ms/au%2Crdu/mv/m/mvi/4/pl/16/hfr/all/as/fmp4_audio_clear%2Cwebm_audio_clear%2Cwebm2_audio_clear%2Cfmp4_sd_hd_clear%2Cwebm2_sd_hd_clear/initcwndbps/1022500/vprv/1/mt/1613475655/fvip/4/keepalive/yes/itag/0/sparams/expire%2Cei%2Cip%2Cid%2Csource%2Crequiressl%2Chfr%2Cas%2Cvprv%2Citag/sig/AOq0QJ8wRQIhAOrbuo4M7VR57udFH4ob80vafi-rRLQ_tjdEpi1yKSHlAiA3abgRtKOTM5Kd4GarG23TMXZyBtU4gDiqwvRMyc6UaA%3D%3D/lsparams/playback_host%2Cmh%2Cmm%2Cmn%2Cms%2Cmv%2Cmvi%2Cpl%2Cinitcwndbps/lsig/AG3C_xAwRgIhALWseJGjUZuQq3TAXjlrNvkgJ1Ns20WHtCm6Lpy6TQCiAiEApOHF-Yw1ne2dQKZ2AwwQ-2pBPnuVvzeyysHoD_kQJXs%3D", "fragment_base_url": "https://r4---sn-5njj-u2xl.googlevideo.com/videoplayback/expire/1613497621/ei/tbArYJ7PCoOy4QKP0pg4/ip/140.109.135.76/id/b197b7201d4e55fc/itag/248/source/yt_otf/requiressl/yes/mh/1R/mm/31,29/mn/sn-5njj-u2xl,sn-un57sn7z/ms/au,rdu/mv/m/mvi/4/pl/16/initcwndbps/1022500/vprv/1/ratebypass/yes/mime/video%2Fwebm/otfp/1/otf/1/lmt/1607711689767247/mt/1613475655/fvip/4/keepalive/yes/sparams/expire,ei,ip,id,itag,source,requiressl,vprv,ratebypass,mime,otfp,otf,lmt/sig/AOq0QJ8wRAIgKgOl7qMPHieVhMfdq2jLy4rwU3gbfmg_HVs_9BtqfWoCIEO7uIiGRIlEK37BGkN1tiToUewDmCszTpm47CmZuZg8/lsparams/mh,mm,mn,ms,mv,mvi,pl,initcwndbps/lsig/AG3C_xAwRgIhAL0N8IGU6MSRnfOhIPLszRDnAMox1-7A810UfF-f5al8AiEAgHVZgGbItWvrE8dkTf2aQwlrkW1LVI1iwbrbcbykurQ%3D/", "fragments": [{"path": "sq/0"}, {"path": "sq/1/dur/5.339", "duration": 5.339}, {"path": "sq/2/dur/5.338", "duration": 5.338}, {"path": "sq/3/dur/5.339", "duration": 5.339}, {"path": "sq/4/dur/5.339", "duration": 5.339}, {"path": "sq/5/dur/5.338", "duration": 5.338}, {"path": "sq/6/dur/5.339", "duration": 5.339}, {"path": "sq/7/dur/5.339", "duration": 5.339}, {"path": "sq/8/dur/5.338", "duration": 5.338}, {"path": "sq/9/dur/5.339", "duration": 5.339}, {"path": "sq/10/dur/5.339", "duration": 5.339}, {"path": "sq/11/dur/5.338", "duration": 5.338}, {"path": "sq/12/dur/5.339", "duration": 5.339}, {"path": "sq/13/dur/5.339", "duration": 5.339}, {"path": "sq/14/dur/5.338", "duration": 5.338}, {"path": "sq/15/dur/5.339", "duration": 5.339}, {"path": "sq/16/dur/5.339", "duration": 5.339}, {"path": "sq/17/dur/5.338", "duration": 5.338}, {"path": "sq/18/dur/5.339", "duration": 5.339}, {"path": "sq/19/dur/5.339", "duration": 5.339}, {"path": "sq/20/dur/5.338", "duration": 5.338}, {"path": "sq/21/dur/5.339", "duration": 5.339}, {"path": "sq/22/dur/5.339", "duration": 5.339}, {"path": "sq/23/dur/5.338", "duration": 5.338}, {"path": "sq/24/dur/5.339", "duration": 5.339}, {"path": "sq/25/dur/5.339", "duration": 5.339}, {"path": "sq/26/dur/5.338", "duration": 5.338}, {"path": "sq/27/dur/5.339", "duration": 5.339}, {"path": "sq/28/dur/5.339", "duration": 5.339}, {"path": "sq/29/dur/5.338", "duration": 5.338}, {"path": "sq/30/dur/5.339", "duration": 5.339}, {"path": "sq/31/dur/5.339", "duration": 5.339}, {"path": "sq/32/dur/5.338", "duration": 5.338}, {"path": "sq/33/dur/5.339", "duration": 5.339}, {"path": "sq/34/dur/5.339", "duration": 5.339}, {"path": "sq/35/dur/5.338", "duration": 5.338}, {"path": "sq/36/dur/5.339", "duration": 5.339}, {"path": "sq/37/dur/5.339", "duration": 5.339}, {"path": "sq/38/dur/5.338", "duration": 5.338}, {"path": "sq/39/dur/5.339", "duration": 5.339}, {"path": "sq/40/dur/5.339", "duration": 5.339}, {"path": "sq/41/dur/5.338", "duration": 5.338}, {"path": "sq/42/dur/5.339", "duration": 5.339}, {"path": "sq/43/dur/5.339", "duration": 5.339}, {"path": "sq/44/dur/5.338", "duration": 5.338}, {"path": "sq/45/dur/5.339", "duration": 5.339}, {"path": "sq/46/dur/5.339", "duration": 5.339}, {"path": "sq/47/dur/5.338", "duration": 5.338}, {"path": "sq/48/dur/5.339", "duration": 5.339}, {"path": "sq/49/dur/3.804", "duration": 3.804}], "protocol": "http_dash_segments", "format": "248 - 1920x1080 (DASH video)", "http_headers": {"User-Agent": "Mozilla/5.0 (Windows NT 10.0; Win64; x64) AppleWebKit/537.36 (KHTML, like Gecko) Chrome/74.0.3729.24 Safari/537.36", "Accept-Charset": "ISO-8859-1,utf-8;q=0.7,*;q=0.7", "Accept": "text/html,application/xhtml+xml,application/xml;q=0.9,*/*;q=0.8", "Accept-Encoding": "gzip, deflate", "Accept-Language": "en-us,en;q=0.5"}}, {"format_id": "18", "url": "https://r4---sn-5njj-u2xl.googlevideo.com/videoplayback?expire=1613497621&ei=tbArYJ7PCoOy4QKP0pg4&ip=140.109.135.76&id=o-AEcn980Zy-E4z6iIyRyHuOu2Knd4QW3j0FQuaGRGKS9j&itag=18&source=youtube&requiressl=yes&mh=1R&mm=31%2C29&mn=sn-5njj-u2xl%2Csn-un57sn7z&ms=au%2Crdu&mv=m&mvi=4&pl=16&initcwndbps=1022500&vprv=1&mime=video%2Fmp4&ns=DVlb--WNoHYXDDqh-C7EMBoF&gir=yes&clen=4137965&ratebypass=yes&dur=260.109&lmt=1607711658729087&mt=1613475655&fvip=4&c=WEB&txp=2210222&n=XcjJfEEtg3e60lo5Lv&sparams=expire%2Cei%2Cip%2Cid%2Citag%2Csource%2Crequiressl%2Cvprv%2Cmime%2Cns%2Cgir%2Cclen%2Cratebypass%2Cdur%2Clmt&sig=AOq0QJ8wRQIhAMJiuMbNcomA-mFxaGYqjcKcCkeOsekDxpxqt2bcptgFAiASzJzb_C2Lpkyc0IDyPRpOKOHqMqu8oLoB3GWWpMpYNA%3D%3D&lsparams=mh%2Cmm%2Cmn%2Cms%2Cmv%2Cmvi%2Cpl%2Cinitcwndbps&lsig=AG3C_xAwRQIgfTdG4A64ZzlRnxQW_-yv9PcLZkASMWjBJxkhdR9Slp8CIQDcYndBD01HdDz02TqYApCG0aho6Q7pTYHkvhoo7J3aag%3D%3D", "player_url": null, "ext": "mp4", "width": 640, "height": 360, "acodec": "mp4a.40.2", "abr": 96, "vcodec": "avc1.42001E", "asr": 44100, "filesize": 4137965, "format_note": "360p", "fps": 30, "tbr": 127.293, "format": "18 - 640x360 (360p)", "protocol": "https", "http_headers": {"User-Agent": "Mozilla/5.0 (Windows NT 10.0; Win64; x64) AppleWebKit/537.36 (KHTML, like Gecko) Chrome/74.0.3729.24 Safari/537.36", "Accept-Charset": "ISO-8859-1,utf-8;q=0.7,*;q=0.7", "Accept": "text/html,application/xhtml+xml,application/xml;q=0.9,*/*;q=0.8", "Accept-Encoding": "gzip, deflate", "Accept-Language": "en-us,en;q=0.5"}}], "is_live": null, "start_time": null, "end_time": null, "series": null, "season_number": null, "episode_number": null, "track": null, "artist": null, "album": null, "release_date": null, "release_year": null, "extractor": "youtube", "webpage_url_basename": "watch", "extractor_key": "Youtube", "playlist": null, "playlist_index": null, "thumbnail": "https://i.ytimg.com/vi_webp/sZe3IB1OVfw/maxresdefault.webp", "display_id": "sZe3IB1OVfw", "requested_subtitles": null, "ext": "webm", "format_note": "DASH audio", "acodec": "opus", "abr": 160, "format_id": "251", "manifest_url": "https://manifest.googlevideo.com/api/manifest/dash/expire/1613497621/ei/tbArYJ7PCoOy4QKP0pg4/ip/140.109.135.76/id/b197b7201d4e55fc/source/youtube/requiressl/yes/playback_host/r4---sn-5njj-u2xl.googlevideo.com/mh/1R/mm/31%2C29/mn/sn-5njj-u2xl%2Csn-un57sn7z/ms/au%2Crdu/mv/m/mvi/4/pl/16/hfr/all/as/fmp4_audio_clear%2Cwebm_audio_clear%2Cwebm2_audio_clear%2Cfmp4_sd_hd_clear%2Cwebm2_sd_hd_clear/initcwndbps/1022500/vprv/1/mt/1613475655/fvip/4/keepalive/yes/itag/0/sparams/expire%2Cei%2Cip%2Cid%2Csource%2Crequiressl%2Chfr%2Cas%2Cvprv%2Citag/sig/AOq0QJ8wRQIhAOrbuo4M7VR57udFH4ob80vafi-rRLQ_tjdEpi1yKSHlAiA3abgRtKOTM5Kd4GarG23TMXZyBtU4gDiqwvRMyc6UaA%3D%3D/lsparams/playback_host%2Cmh%2Cmm%2Cmn%2Cms%2Cmv%2Cmvi%2Cpl%2Cinitcwndbps/lsig/AG3C_xAwRgIhALWseJGjUZuQq3TAXjlrNvkgJ1Ns20WHtCm6Lpy6TQCiAiEApOHF-Yw1ne2dQKZ2AwwQ-2pBPnuVvzeyysHoD_kQJXs%3D", "width": null, "height": null, "tbr": 158.022, "asr": 48000, "fps": null, "language": null, "filesize": null, "container": "webm_dash", "vcodec": "none", "url": "https://manifest.googlevideo.com/api/manifest/dash/expire/1613497621/ei/tbArYJ7PCoOy4QKP0pg4/ip/140.109.135.76/id/b197b7201d4e55fc/source/youtube/requiressl/yes/playback_host/r4---sn-5njj-u2xl.googlevideo.com/mh/1R/mm/31%2C29/mn/sn-5njj-u2xl%2Csn-un57sn7z/ms/au%2Crdu/mv/m/mvi/4/pl/16/hfr/all/as/fmp4_audio_clear%2Cwebm_audio_clear%2Cwebm2_audio_clear%2Cfmp4_sd_hd_clear%2Cwebm2_sd_hd_clear/initcwndbps/1022500/vprv/1/mt/1613475655/fvip/4/keepalive/yes/itag/0/sparams/expire%2Cei%2Cip%2Cid%2Csource%2Crequiressl%2Chfr%2Cas%2Cvprv%2Citag/sig/AOq0QJ8wRQIhAOrbuo4M7VR57udFH4ob80vafi-rRLQ_tjdEpi1yKSHlAiA3abgRtKOTM5Kd4GarG23TMXZyBtU4gDiqwvRMyc6UaA%3D%3D/lsparams/playback_host%2Cmh%2Cmm%2Cmn%2Cms%2Cmv%2Cmvi%2Cpl%2Cinitcwndbps/lsig/AG3C_xAwRgIhALWseJGjUZuQq3TAXjlrNvkgJ1Ns20WHtCm6Lpy6TQCiAiEApOHF-Yw1ne2dQKZ2AwwQ-2pBPnuVvzeyysHoD_kQJXs%3D", "fragment_base_url": "https://r4---sn-5njj-u2xl.googlevideo.com/videoplayback/expire/1613497621/ei/tbArYJ7PCoOy4QKP0pg4/ip/140.109.135.76/id/b197b7201d4e55fc/itag/251/source/youtube/requiressl/yes/mh/1R/mm/31,29/mn/sn-5njj-u2xl,sn-un57sn7z/ms/au,rdu/mv/m/mvi/4/pl/16/initcwndbps/1022500/vprv/1/ratebypass/yes/mime/audio%2Fwebm/otfp/1/gir/yes/clen/4933458/lmt/1607711685861152/dur/260.081/mt/1613475655/fvip/4/keepalive/yes/sparams/expire,ei,ip,id,itag,source,requiressl,vprv,ratebypass,mime,otfp,gir,clen,lmt,dur/sig/AOq0QJ8wRQIhAKX4WitsW5yTb9D0mtpPnkAM3-5a0wvmV_cU0bF6K8eLAiAiWYC6U6-Fu-mn-lJibM56_MjiA0F-PDaAhNDOt9k4sQ%3D%3D/lsparams/mh,mm,mn,ms,mv,mvi,pl,initcwndbps/lsig/AG3C_xAwRgIhAI87QLtlR3qTMrbxaAhTCRk9v3d3JNuPogk1t4KHSszPAiEAqwwTs4L-ADt0P4EyWNzVJS3hwl1m0nvh69xFRa9arBw%3D/", "fragments": [{"path": "range/0-258"}, {"path": "range/715-175227", "duration": 10.001}, {"path": "range/175228-365949", "duration": 10.0}, {"path": "range/365950-550578", "duration": 10.0}, {"path": "range/550579-737360", "duration": 10.0}, {"path": "range/737361-928463", "duration": 10.0}, {"path": "range/928464-1121073", "duration": 10.0}, {"path": "range/1121074-1315671", "duration": 10.0}, {"path": "range/1315672-1507563", "duration": 10.0}, {"path": "range/1507564-1697796", "duration": 10.0}, {"path": "range/1697797-1886739", "duration": 10.0}, {"path": "range/1886740-2070613", "duration": 10.0}, {"path": "range/2070614-2260485", "duration": 10.0}, {"path": "range/2260486-2444042", "duration": 10.0}, {"path": "range/2444043-2637326", "duration": 10.0}, {"path": "range/2637327-2833011", "duration": 10.0}, {"path": "range/2833012-3026991", "duration": 10.0}, {"path": "range/3026992-3214286", "duration": 10.0}, {"path": "range/3214287-3404247", "duration": 10.0}, {"path": "range/3404248-3595820", "duration": 10.0}, {"path": "range/3595821-3782314", "duration": 10.0}, {"path": "range/3782315-3973057", "duration": 10.0}, {"path": "range/3973058-4169259", "duration": 10.0}, {"path": "range/4169260-4365848", "duration": 10.0}, {"path": "range/4365849-4563376", "duration": 10.0}, {"path": "range/4563377-4758288", "duration": 10.0}, {"path": "range/4758289-4932520", "duration": 10.0}, {"path": "range/4932521-4933457", "duration": 0.08}], "protocol": "http_dash_segments", "format": "251 - audio only (DASH audio)", "http_headers": {"User-Agent": "Mozilla/5.0 (Windows NT 10.0; Win64; x64) AppleWebKit/537.36 (KHTML, like Gecko) Chrome/74.0.3729.24 Safari/537.36", "Accept-Charset": "ISO-8859-1,utf-8;q=0.7,*;q=0.7", "Accept": "text/html,application/xhtml+xml,application/xml;q=0.9,*/*;q=0.8", "Accept-Encoding": "gzip, deflate", "Accept-Language": "en-us,en;q=0.5"}}