{"id": "vv6nrZ2myXw", "uploader": "DooPiano", "uploader_id": "UCNoN7dpdAlglcQWUn2pFjDA", "uploader_url": "http://www.youtube.com/channel/UCNoN7dpdAlglcQWUn2pFjDA", "channel_id": "UCNoN7dpdAlglcQWUn2pFjDA", "channel_url": "http://www.youtube.com/channel/UCNoN7dpdAlglcQWUn2pFjDA", "upload_date": "20180206", "license": null, "creator": null, "title": "\uc138\ube10\ud2f4 (SEVENTEEN) - \uace0\ub9d9\ub2e4 (THANKS) Piano Cover", "alt_title": null, "thumbnails": [{"url": "https://i.ytimg.com/vi/vv6nrZ2myXw/hqdefault.jpg?sqp=-oaymwEbCKgBEF5IVfKriqkDDggBFQAAiEIYAXABwAEG&rs=AOn4CLApPE7Qa7Cd-o00JIeTmmSXOJ503A", "width": 168, "height": 94, "resolution": "168x94", "id": "0"}, {"url": "https://i.ytimg.com/vi/vv6nrZ2myXw/hqdefault.jpg?sqp=-oaymwEbCMQBEG5IVfKriqkDDggBFQAAiEIYAXABwAEG&rs=AOn4CLBaZC_0pW01RnhQMIZalQKygYStHA", "width": 196, "height": 110, "resolution": "196x110", "id": "1"}, {"url": "https://i.ytimg.com/vi/vv6nrZ2myXw/hqdefault.jpg?sqp=-oaymwEcCPYBEIoBSFXyq4qpAw4IARUAAIhCGAFwAcABBg==&rs=AOn4CLDCdxaH50AMaqglvftzIxAPGIcAiA", "width": 246, "height": 138, "resolution": "246x138", "id": "2"}, {"url": "https://i.ytimg.com/vi/vv6nrZ2myXw/hqdefault.jpg?sqp=-oaymwEcCNACELwBSFXyq4qpAw4IARUAAIhCGAFwAcABBg==&rs=AOn4CLBzkmZ2niGUwxc4zHDSadUa9J__NA", "width": 336, "height": 188, "resolution": "336x188", "id": "3"}, {"url": "https://i.ytimg.com/vi_webp/vv6nrZ2myXw/maxresdefault.webp", "width": 1920, "height": 1080, "resolution": "1920x1080", "id": "4"}], "description": "\uc138\ube10\ud2f4 '\uace0\ub9d9\ub2e4' \ud53c\uc544\ub178 \ucee4\ubc84\uc785\ub2c8\ub2e4.\n\uc990\uac81\uac8c \uac10\uc0c1\ud558\uc138\uc694 :)\n\nPiano cover of 'Thanks' by Seventeen.\nEnjoy!\n\n\u266a \ud53c\uc544\ub178 \uc545\ubcf4: https://doopiano.com/sheetmusic/thanks/\n\u266a Sheet Music: https://doopiano.com/en/sheetmusic/thanks/\n\n\uace0\ub9d9\ub2e4 / THANKS MV:\nhttps://youtu.be/gZItyr1SNjU\n\nWebsite:\nhttps://doopiano.com", "categories": ["Music"], "tags": ["\uc138\ube10\ud2f4", "\uace0\ub9d9\ub2e4", "seventeen", "thanks", "\ud53c\uc544\ub178", "piano", "\uce90\ub7ff", "carat", "\uc545\ubcf4", "sheet music", "sheets"], "subtitles": {}, "automatic_captions": {}, "duration": 225, "age_limit": 0, "annotations": null, "chapters": null, "webpage_url": "https://www.youtube.com/watch?v=vv6nrZ2myXw", "view_count": 1222666, "like_count": 28111, "dislike_count": 119, "average_rating": 4.9831386, "formats": [{"format_id": "249", "url": "https://r4---sn-5njj-u2xe.googlevideo.com/videoplayback?expire=1612167589&ei=RWUXYJi3JIi0gAPJsK6QAg&ip=140.109.135.76&id=o-AGDB86Rqwa55P2SN1VDKej1VF1Ab6QT5vydirj34zZE0&itag=249&source=youtube&requiressl=yes&mh=BU&mm=31%2C29&mn=sn-5njj-u2xe%2Csn-un57en7s&ms=au%2Crdu&mv=m&mvi=4&pcm2cms=yes&pl=16&initcwndbps=378750&vprv=1&mime=audio%2Fwebm&ns=HrgGTgvIPXK4NQNAKOR2WtgF&gir=yes&clen=1673987&dur=224.481&lmt=1540177158794067&mt=1612145563&fvip=4&keepalive=yes&c=WEB&txp=5511222&n=OMofbTbEUIFPP3j0Z&sparams=expire%2Cei%2Cip%2Cid%2Citag%2Csource%2Crequiressl%2Cvprv%2Cmime%2Cns%2Cgir%2Cclen%2Cdur%2Clmt&sig=AOq0QJ8wRQIgeIEKPSKi48vl3x2gasNK859Zfjo8F9ZxQxZ72Gvay-8CIQD0o92zyYCxritqe2-TcN4hOAiqH99rG2ZdPlwBwrToKg%3D%3D&lsparams=mh%2Cmm%2Cmn%2Cms%2Cmv%2Cmvi%2Cpcm2cms%2Cpl%2Cinitcwndbps&lsig=AG3C_xAwRgIhALGRazxB3IlpJy1uXC-qR2wSFnV7VyXzF4kIkvN02a-BAiEAvBy7gu97Ft70JMqypIYwsKvSovflYRuzbBg5DuwdfAE%3D&ratebypass=yes", "player_url": null, "ext": "webm", "format_note": "tiny", "acodec": "opus", "abr": 50, "asr": 48000, "filesize": 1673987, "fps": null, "height": null, "tbr": 66.151, "width": null, "vcodec": "none", "downloader_options": {"http_chunk_size": 10485760}, "format": "249 - audio only (tiny)", "protocol": "https", "http_headers": {"User-Agent": "Mozilla/5.0 (Windows NT 10.0; Win64; x64) AppleWebKit/537.36 (KHTML, like Gecko) Chrome/70.0.3538.79 Safari/537.36", "Accept-Charset": "ISO-8859-1,utf-8;q=0.7,*;q=0.7", "Accept": "text/html,application/xhtml+xml,application/xml;q=0.9,*/*;q=0.8", "Accept-Encoding": "gzip, deflate", "Accept-Language": "en-us,en;q=0.5"}}, {"format_id": "250", "url": "https://r4---sn-5njj-u2xe.googlevideo.com/videoplayback?expire=1612167589&ei=RWUXYJi3JIi0gAPJsK6QAg&ip=140.109.135.76&id=o-AGDB86Rqwa55P2SN1VDKej1VF1Ab6QT5vydirj34zZE0&itag=250&source=youtube&requiressl=yes&mh=BU&mm=31%2C29&mn=sn-5njj-u2xe%2Csn-un57en7s&ms=au%2Crdu&mv=m&mvi=4&pcm2cms=yes&pl=16&initcwndbps=378750&vprv=1&mime=audio%2Fwebm&ns=HrgGTgvIPXK4NQNAKOR2WtgF&gir=yes&clen=2242032&dur=224.481&lmt=1540177157585516&mt=1612145563&fvip=4&keepalive=yes&c=WEB&txp=5511222&n=OMofbTbEUIFPP3j0Z&sparams=expire%2Cei%2Cip%2Cid%2Citag%2Csource%2Crequiressl%2Cvprv%2Cmime%2Cns%2Cgir%2Cclen%2Cdur%2Clmt&sig=AOq0QJ8wRQIgUtl82IXAGbaq0ar_1Ie6kbdD17hucNxgVpF-klsjXJcCIQDG-pM04q2V2dmUpcgbPAbjcBMuxemhOr1Q577FV3G_uw%3D%3D&lsparams=mh%2Cmm%2Cmn%2Cms%2Cmv%2Cmvi%2Cpcm2cms%2Cpl%2Cinitcwndbps&lsig=AG3C_xAwRgIhALGRazxB3IlpJy1uXC-qR2wSFnV7VyXzF4kIkvN02a-BAiEAvBy7gu97Ft70JMqypIYwsKvSovflYRuzbBg5DuwdfAE%3D&ratebypass=yes", "player_url": null, "ext": "webm", "format_note": "tiny", "acodec": "opus", "abr": 70, "asr": 48000, "filesize": 2242032, "fps": null, "height": null, "tbr": 87.622, "width": null, "vcodec": "none", "downloader_options": {"http_chunk_size": 10485760}, "format": "250 - audio only (tiny)", "protocol": "https", "http_headers": {"User-Agent": "Mozilla/5.0 (Windows NT 10.0; Win64; x64) AppleWebKit/537.36 (KHTML, like Gecko) Chrome/70.0.3538.79 Safari/537.36", "Accept-Charset": "ISO-8859-1,utf-8;q=0.7,*;q=0.7", "Accept": "text/html,application/xhtml+xml,application/xml;q=0.9,*/*;q=0.8", "Accept-Encoding": "gzip, deflate", "Accept-Language": "en-us,en;q=0.5"}}, {"format_id": "140", "url": "https://r4---sn-5njj-u2xe.googlevideo.com/videoplayback?expire=1612167589&ei=RWUXYJi3JIi0gAPJsK6QAg&ip=140.109.135.76&id=o-AGDB86Rqwa55P2SN1VDKej1VF1Ab6QT5vydirj34zZE0&itag=140&source=youtube&requiressl=yes&mh=BU&mm=31%2C29&mn=sn-5njj-u2xe%2Csn-un57en7s&ms=au%2Crdu&mv=m&mvi=4&pcm2cms=yes&pl=16&initcwndbps=378750&vprv=1&mime=audio%2Fmp4&ns=HrgGTgvIPXK4NQNAKOR2WtgF&gir=yes&clen=3566504&dur=224.513&lmt=1540175527139589&mt=1612145563&fvip=4&keepalive=yes&c=WEB&txp=5533432&n=OMofbTbEUIFPP3j0Z&sparams=expire%2Cei%2Cip%2Cid%2Citag%2Csource%2Crequiressl%2Cvprv%2Cmime%2Cns%2Cgir%2Cclen%2Cdur%2Clmt&sig=AOq0QJ8wRAIgPVz1Mv9qQv7K5HFyrSGfzQIUIa_4pPdqe-gHgUI9PzcCIATPfL8E3wXCYm50RGmR0jnwtnKKvuQWfnu65FQMG_Dy&lsparams=mh%2Cmm%2Cmn%2Cms%2Cmv%2Cmvi%2Cpcm2cms%2Cpl%2Cinitcwndbps&lsig=AG3C_xAwRgIhALGRazxB3IlpJy1uXC-qR2wSFnV7VyXzF4kIkvN02a-BAiEAvBy7gu97Ft70JMqypIYwsKvSovflYRuzbBg5DuwdfAE%3D&ratebypass=yes", "player_url": null, "ext": "m4a", "format_note": "tiny", "acodec": "mp4a.40.2", "abr": 128, "container": "m4a_dash", "asr": 44100, "filesize": 3566504, "fps": null, "height": null, "tbr": 127.973, "width": null, "vcodec": "none", "downloader_options": {"http_chunk_size": 10485760}, "format": "140 - audio only (tiny)", "protocol": "https", "http_headers": {"User-Agent": "Mozilla/5.0 (Windows NT 10.0; Win64; x64) AppleWebKit/537.36 (KHTML, like Gecko) Chrome/70.0.3538.79 Safari/537.36", "Accept-Charset": "ISO-8859-1,utf-8;q=0.7,*;q=0.7", "Accept": "text/html,application/xhtml+xml,application/xml;q=0.9,*/*;q=0.8", "Accept-Encoding": "gzip, deflate", "Accept-Language": "en-us,en;q=0.5"}}, {"format_id": "251", "url": "https://r4---sn-5njj-u2xe.googlevideo.com/videoplayback?expire=1612167589&ei=RWUXYJi3JIi0gAPJsK6QAg&ip=140.109.135.76&id=o-AGDB86Rqwa55P2SN1VDKej1VF1Ab6QT5vydirj34zZE0&itag=251&source=youtube&requiressl=yes&mh=BU&mm=31%2C29&mn=sn-5njj-u2xe%2Csn-un57en7s&ms=au%2Crdu&mv=m&mvi=4&pcm2cms=yes&pl=16&initcwndbps=378750&vprv=1&mime=audio%2Fwebm&ns=HrgGTgvIPXK4NQNAKOR2WtgF&gir=yes&clen=4279933&dur=224.481&lmt=1540177158891655&mt=1612145563&fvip=4&keepalive=yes&c=WEB&txp=5511222&n=OMofbTbEUIFPP3j0Z&sparams=expire%2Cei%2Cip%2Cid%2Citag%2Csource%2Crequiressl%2Cvprv%2Cmime%2Cns%2Cgir%2Cclen%2Cdur%2Clmt&sig=AOq0QJ8wRAIgPfZGBSeoqWPv2wOr1aFX65FVwj-zm3yfTy6typaqeP0CIE540cfV3ntAt1sc_y73OKezTX99iFS55J2van4Qkoll&lsparams=mh%2Cmm%2Cmn%2Cms%2Cmv%2Cmvi%2Cpcm2cms%2Cpl%2Cinitcwndbps&lsig=AG3C_xAwRgIhALGRazxB3IlpJy1uXC-qR2wSFnV7VyXzF4kIkvN02a-BAiEAvBy7gu97Ft70JMqypIYwsKvSovflYRuzbBg5DuwdfAE%3D&ratebypass=yes", "player_url": null, "ext": "webm", "format_note": "tiny", "acodec": "opus", "abr": 160, "asr": 48000, "filesize": 4279933, "fps": null, "height": null, "tbr": 163.522, "width": null, "vcodec": "none", "downloader_options": {"http_chunk_size": 10485760}, "format": "251 - audio only (tiny)", "protocol": "https", "http_headers": {"User-Agent": "Mozilla/5.0 (Windows NT 10.0; Win64; x64) AppleWebKit/537.36 (KHTML, like Gecko) Chrome/70.0.3538.79 Safari/537.36", "Accept-Charset": "ISO-8859-1,utf-8;q=0.7,*;q=0.7", "Accept": "text/html,application/xhtml+xml,application/xml;q=0.9,*/*;q=0.8", "Accept-Encoding": "gzip, deflate", "Accept-Language": "en-us,en;q=0.5"}}, {"format_id": "160", "url": "https://r4---sn-5njj-u2xe.googlevideo.com/videoplayback?expire=1612167589&ei=RWUXYJi3JIi0gAPJsK6QAg&ip=140.109.135.76&id=o-AGDB86Rqwa55P2SN1VDKej1VF1Ab6QT5vydirj34zZE0&itag=160&aitags=133%2C134%2C135%2C136%2C137%2C160%2C242%2C243%2C244%2C247%2C248%2C278&source=youtube&requiressl=yes&mh=BU&mm=31%2C29&mn=sn-5njj-u2xe%2Csn-un57en7s&ms=au%2Crdu&mv=m&mvi=4&pcm2cms=yes&pl=16&initcwndbps=378750&vprv=1&mime=video%2Fmp4&ns=HrgGTgvIPXK4NQNAKOR2WtgF&gir=yes&clen=397836&dur=224.466&lmt=1540176162412087&mt=1612145563&fvip=4&keepalive=yes&c=WEB&txp=5533432&n=OMofbTbEUIFPP3j0Z&sparams=expire%2Cei%2Cip%2Cid%2Caitags%2Csource%2Crequiressl%2Cvprv%2Cmime%2Cns%2Cgir%2Cclen%2Cdur%2Clmt&sig=AOq0QJ8wRQIhALimaTjGxlLfE8-AP5RN5H9y8AewYDBVFPgtr1EFLzlIAiACHmKmiVERSJZKcwfSo57M0cHD65dYocijcuSJK4NKvA%3D%3D&lsparams=mh%2Cmm%2Cmn%2Cms%2Cmv%2Cmvi%2Cpcm2cms%2Cpl%2Cinitcwndbps&lsig=AG3C_xAwRgIhALGRazxB3IlpJy1uXC-qR2wSFnV7VyXzF4kIkvN02a-BAiEAvBy7gu97Ft70JMqypIYwsKvSovflYRuzbBg5DuwdfAE%3D&ratebypass=yes", "player_url": null, "ext": "mp4", "height": 144, "format_note": "144p", "vcodec": "avc1.4d400c", "asr": null, "filesize": 397836, "fps": 30, "tbr": 52.642, "width": 256, "acodec": "none", "downloader_options": {"http_chunk_size": 10485760}, "format": "160 - 256x144 (144p)", "protocol": "https", "http_headers": {"User-Agent": "Mozilla/5.0 (Windows NT 10.0; Win64; x64) AppleWebKit/537.36 (KHTML, like Gecko) Chrome/70.0.3538.79 Safari/537.36", "Accept-Charset": "ISO-8859-1,utf-8;q=0.7,*;q=0.7", "Accept": "text/html,application/xhtml+xml,application/xml;q=0.9,*/*;q=0.8", "Accept-Encoding": "gzip, deflate", "Accept-Language": "en-us,en;q=0.5"}}, {"format_id": "133", "url": "https://r4---sn-5njj-u2xe.googlevideo.com/videoplayback?expire=1612167589&ei=RWUXYJi3JIi0gAPJsK6QAg&ip=140.109.135.76&id=o-AGDB86Rqwa55P2SN1VDKej1VF1Ab6QT5vydirj34zZE0&itag=133&aitags=133%2C134%2C135%2C136%2C137%2C160%2C242%2C243%2C244%2C247%2C248%2C278&source=youtube&requiressl=yes&mh=BU&mm=31%2C29&mn=sn-5njj-u2xe%2Csn-un57en7s&ms=au%2Crdu&mv=m&mvi=4&pcm2cms=yes&pl=16&initcwndbps=378750&vprv=1&mime=video%2Fmp4&ns=HrgGTgvIPXK4NQNAKOR2WtgF&gir=yes&clen=881875&dur=224.466&lmt=1540176165144712&mt=1612145563&fvip=4&keepalive=yes&c=WEB&txp=5533432&n=OMofbTbEUIFPP3j0Z&sparams=expire%2Cei%2Cip%2Cid%2Caitags%2Csource%2Crequiressl%2Cvprv%2Cmime%2Cns%2Cgir%2Cclen%2Cdur%2Clmt&sig=AOq0QJ8wRQIhAPCt24OX5Yse-Ks_ajR_XK6Jh374IyQ7qYP6Wu19bAkFAiB0CrqHQzE__nr9uFzvGZLrhUn4ZpD0c3P_9nW4S_Vt3g%3D%3D&lsparams=mh%2Cmm%2Cmn%2Cms%2Cmv%2Cmvi%2Cpcm2cms%2Cpl%2Cinitcwndbps&lsig=AG3C_xAwRgIhALGRazxB3IlpJy1uXC-qR2wSFnV7VyXzF4kIkvN02a-BAiEAvBy7gu97Ft70JMqypIYwsKvSovflYRuzbBg5DuwdfAE%3D&ratebypass=yes", "player_url": null, "ext": "mp4", "height": 240, "format_note": "240p", "vcodec": "avc1.4d4015", "asr": null, "filesize": 881875, "fps": 30, "tbr": 91.665, "width": 426, "acodec": "none", "downloader_options": {"http_chunk_size": 10485760}, "format": "133 - 426x240 (240p)", "protocol": "https", "http_headers": {"User-Agent": "Mozilla/5.0 (Windows NT 10.0; Win64; x64) AppleWebKit/537.36 (KHTML, like Gecko) Chrome/70.0.3538.79 Safari/537.36", "Accept-Charset": "ISO-8859-1,utf-8;q=0.7,*;q=0.7", "Accept": "text/html,application/xhtml+xml,application/xml;q=0.9,*/*;q=0.8", "Accept-Encoding": "gzip, deflate", "Accept-Language": "en-us,en;q=0.5"}}, {"format_id": "278", "url": "https://r4---sn-5njj-u2xe.googlevideo.com/videoplayback?expire=1612167589&ei=RWUXYJi3JIi0gAPJsK6QAg&ip=140.109.135.76&id=o-AGDB86Rqwa55P2SN1VDKej1VF1Ab6QT5vydirj34zZE0&itag=278&aitags=133%2C134%2C135%2C136%2C137%2C160%2C242%2C243%2C244%2C247%2C248%2C278&source=youtube&requiressl=yes&mh=BU&mm=31%2C29&mn=sn-5njj-u2xe%2Csn-un57en7s&ms=au%2Crdu&mv=m&mvi=4&pcm2cms=yes&pl=16&initcwndbps=378750&vprv=1&mime=video%2Fwebm&ns=HrgGTgvIPXK4NQNAKOR2WtgF&gir=yes&clen=1279228&dur=224.466&lmt=1540176249325674&mt=1612145563&fvip=4&keepalive=yes&c=WEB&txp=5533432&n=OMofbTbEUIFPP3j0Z&sparams=expire%2Cei%2Cip%2Cid%2Caitags%2Csource%2Crequiressl%2Cvprv%2Cmime%2Cns%2Cgir%2Cclen%2Cdur%2Clmt&sig=AOq0QJ8wRAIgcInqpOsSq5JDrGydsvtshlreVBb1ca1XpbOK_QuTVxACIBNbD-lG2OD-bxxkI5SdpUYDN7Cdoo_66YBKed7qmJIt&lsparams=mh%2Cmm%2Cmn%2Cms%2Cmv%2Cmvi%2Cpcm2cms%2Cpl%2Cinitcwndbps&lsig=AG3C_xAwRgIhALGRazxB3IlpJy1uXC-qR2wSFnV7VyXzF4kIkvN02a-BAiEAvBy7gu97Ft70JMqypIYwsKvSovflYRuzbBg5DuwdfAE%3D&ratebypass=yes", "player_url": null, "ext": "webm", "height": 144, "format_note": "144p", "container": "webm", "vcodec": "vp9", "asr": null, "filesize": 1279228, "fps": 30, "tbr": 131.484, "width": 256, "acodec": "none", "downloader_options": {"http_chunk_size": 10485760}, "format": "278 - 256x144 (144p)", "protocol": "https", "http_headers": {"User-Agent": "Mozilla/5.0 (Windows NT 10.0; Win64; x64) AppleWebKit/537.36 (KHTML, like Gecko) Chrome/70.0.3538.79 Safari/537.36", "Accept-Charset": "ISO-8859-1,utf-8;q=0.7,*;q=0.7", "Accept": "text/html,application/xhtml+xml,application/xml;q=0.9,*/*;q=0.8", "Accept-Encoding": "gzip, deflate", "Accept-Language": "en-us,en;q=0.5"}}, {"format_id": "134", "url": "https://r4---sn-5njj-u2xe.googlevideo.com/videoplayback?expire=1612167589&ei=RWUXYJi3JIi0gAPJsK6QAg&ip=140.109.135.76&id=o-AGDB86Rqwa55P2SN1VDKej1VF1Ab6QT5vydirj34zZE0&itag=134&aitags=133%2C134%2C135%2C136%2C137%2C160%2C242%2C243%2C244%2C247%2C248%2C278&source=youtube&requiressl=yes&mh=BU&mm=31%2C29&mn=sn-5njj-u2xe%2Csn-un57en7s&ms=au%2Crdu&mv=m&mvi=4&pcm2cms=yes&pl=16&initcwndbps=378750&vprv=1&mime=video%2Fmp4&ns=HrgGTgvIPXK4NQNAKOR2WtgF&gir=yes&clen=1484975&dur=224.466&lmt=1540176167104417&mt=1612145563&fvip=4&keepalive=yes&c=WEB&txp=5533432&n=OMofbTbEUIFPP3j0Z&sparams=expire%2Cei%2Cip%2Cid%2Caitags%2Csource%2Crequiressl%2Cvprv%2Cmime%2Cns%2Cgir%2Cclen%2Cdur%2Clmt&sig=AOq0QJ8wRQIgNPhdn98dJjtuGqg37iVNbP5Eus6kbY4jNDAie1BzBzYCIQDo1nY8CULk2RX59bJXxC3BTSyCWV22ZQ52J3-ODyBAhQ%3D%3D&lsparams=mh%2Cmm%2Cmn%2Cms%2Cmv%2Cmvi%2Cpcm2cms%2Cpl%2Cinitcwndbps&lsig=AG3C_xAwRgIhALGRazxB3IlpJy1uXC-qR2wSFnV7VyXzF4kIkvN02a-BAiEAvBy7gu97Ft70JMqypIYwsKvSovflYRuzbBg5DuwdfAE%3D&ratebypass=yes", "player_url": null, "ext": "mp4", "height": 360, "format_note": "360p", "vcodec": "avc1.4d401e", "asr": null, "filesize": 1484975, "fps": 30, "tbr": 158.149, "width": 640, "acodec": "none", "downloader_options": {"http_chunk_size": 10485760}, "format": "134 - 640x360 (360p)", "protocol": "https", "http_headers": {"User-Agent": "Mozilla/5.0 (Windows NT 10.0; Win64; x64) AppleWebKit/537.36 (KHTML, like Gecko) Chrome/70.0.3538.79 Safari/537.36", "Accept-Charset": "ISO-8859-1,utf-8;q=0.7,*;q=0.7", "Accept": "text/html,application/xhtml+xml,application/xml;q=0.9,*/*;q=0.8", "Accept-Encoding": "gzip, deflate", "Accept-Language": "en-us,en;q=0.5"}}, {"format_id": "242", "url": "https://r4---sn-5njj-u2xe.googlevideo.com/videoplayback?expire=1612167589&ei=RWUXYJi3JIi0gAPJsK6QAg&ip=140.109.135.76&id=o-AGDB86Rqwa55P2SN1VDKej1VF1Ab6QT5vydirj34zZE0&itag=242&aitags=133%2C134%2C135%2C136%2C137%2C160%2C242%2C243%2C244%2C247%2C248%2C278&source=youtube&requiressl=yes&mh=BU&mm=31%2C29&mn=sn-5njj-u2xe%2Csn-un57en7s&ms=au%2Crdu&mv=m&mvi=4&pcm2cms=yes&pl=16&initcwndbps=378750&vprv=1&mime=video%2Fwebm&ns=HrgGTgvIPXK4NQNAKOR2WtgF&gir=yes&clen=1396096&dur=224.466&lmt=1540176302982849&mt=1612145563&fvip=4&keepalive=yes&c=WEB&txp=5533432&n=OMofbTbEUIFPP3j0Z&sparams=expire%2Cei%2Cip%2Cid%2Caitags%2Csource%2Crequiressl%2Cvprv%2Cmime%2Cns%2Cgir%2Cclen%2Cdur%2Clmt&sig=AOq0QJ8wRAIgeyX8bbuAR6YRPBjlfj6CuyUbZi0wUtx9BmW1IJQ9qcMCIHUPQSfqkXoQCBV_Clli2Q_sNlMAqTb16yx2MoS5Ohfc&lsparams=mh%2Cmm%2Cmn%2Cms%2Cmv%2Cmvi%2Cpcm2cms%2Cpl%2Cinitcwndbps&lsig=AG3C_xAwRgIhALGRazxB3IlpJy1uXC-qR2wSFnV7VyXzF4kIkvN02a-BAiEAvBy7gu97Ft70JMqypIYwsKvSovflYRuzbBg5DuwdfAE%3D&ratebypass=yes", "player_url": null, "ext": "webm", "height": 240, "format_note": "240p", "vcodec": "vp9", "asr": null, "filesize": 1396096, "fps": 30, "tbr": 193.974, "width": 426, "acodec": "none", "downloader_options": {"http_chunk_size": 10485760}, "format": "242 - 426x240 (240p)", "protocol": "https", "http_headers": {"User-Agent": "Mozilla/5.0 (Windows NT 10.0; Win64; x64) AppleWebKit/537.36 (KHTML, like Gecko) Chrome/70.0.3538.79 Safari/537.36", "Accept-Charset": "ISO-8859-1,utf-8;q=0.7,*;q=0.7", "Accept": "text/html,application/xhtml+xml,application/xml;q=0.9,*/*;q=0.8", "Accept-Encoding": "gzip, deflate", "Accept-Language": "en-us,en;q=0.5"}}, {"format_id": "135", "url": "https://r4---sn-5njj-u2xe.googlevideo.com/videoplayback?expire=1612167589&ei=RWUXYJi3JIi0gAPJsK6QAg&ip=140.109.135.76&id=o-AGDB86Rqwa55P2SN1VDKej1VF1Ab6QT5vydirj34zZE0&itag=135&aitags=133%2C134%2C135%2C136%2C137%2C160%2C242%2C243%2C244%2C247%2C248%2C278&source=youtube&requiressl=yes&mh=BU&mm=31%2C29&mn=sn-5njj-u2xe%2Csn-un57en7s&ms=au%2Crdu&mv=m&mvi=4&pcm2cms=yes&pl=16&initcwndbps=378750&vprv=1&mime=video%2Fmp4&ns=HrgGTgvIPXK4NQNAKOR2WtgF&gir=yes&clen=2268321&dur=224.466&lmt=1540176166695802&mt=1612145563&fvip=4&keepalive=yes&c=WEB&txp=5533432&n=OMofbTbEUIFPP3j0Z&sparams=expire%2Cei%2Cip%2Cid%2Caitags%2Csource%2Crequiressl%2Cvprv%2Cmime%2Cns%2Cgir%2Cclen%2Cdur%2Clmt&sig=AOq0QJ8wRQIhALt9lVSEVB4TAntlyuW-sbVBnKV0BbOGER0nr1mcQkynAiBtJnyU66tbvSxX2VhHNiHOK_JosnBj5VAKBYQIxBEIJA%3D%3D&lsparams=mh%2Cmm%2Cmn%2Cms%2Cmv%2Cmvi%2Cpcm2cms%2Cpl%2Cinitcwndbps&lsig=AG3C_xAwRgIhALGRazxB3IlpJy1uXC-qR2wSFnV7VyXzF4kIkvN02a-BAiEAvBy7gu97Ft70JMqypIYwsKvSovflYRuzbBg5DuwdfAE%3D&ratebypass=yes", "player_url": null, "ext": "mp4", "height": 480, "format_note": "480p", "vcodec": "avc1.4d401f", "asr": null, "filesize": 2268321, "fps": 30, "tbr": 231.023, "width": 854, "acodec": "none", "downloader_options": {"http_chunk_size": 10485760}, "format": "135 - 854x480 (480p)", "protocol": "https", "http_headers": {"User-Agent": "Mozilla/5.0 (Windows NT 10.0; Win64; x64) AppleWebKit/537.36 (KHTML, like Gecko) Chrome/70.0.3538.79 Safari/537.36", "Accept-Charset": "ISO-8859-1,utf-8;q=0.7,*;q=0.7", "Accept": "text/html,application/xhtml+xml,application/xml;q=0.9,*/*;q=0.8", "Accept-Encoding": "gzip, deflate", "Accept-Language": "en-us,en;q=0.5"}}, {"format_id": "244", "url": "https://r4---sn-5njj-u2xe.googlevideo.com/videoplayback?expire=1612167589&ei=RWUXYJi3JIi0gAPJsK6QAg&ip=140.109.135.76&id=o-AGDB86Rqwa55P2SN1VDKej1VF1Ab6QT5vydirj34zZE0&itag=244&aitags=133%2C134%2C135%2C136%2C137%2C160%2C242%2C243%2C244%2C247%2C248%2C278&source=youtube&requiressl=yes&mh=BU&mm=31%2C29&mn=sn-5njj-u2xe%2Csn-un57en7s&ms=au%2Crdu&mv=m&mvi=4&pcm2cms=yes&pl=16&initcwndbps=378750&vprv=1&mime=video%2Fwebm&ns=HrgGTgvIPXK4NQNAKOR2WtgF&gir=yes&clen=2609264&dur=224.466&lmt=1540176329781869&mt=1612145563&fvip=4&keepalive=yes&c=WEB&txp=5533432&n=OMofbTbEUIFPP3j0Z&sparams=expire%2Cei%2Cip%2Cid%2Caitags%2Csource%2Crequiressl%2Cvprv%2Cmime%2Cns%2Cgir%2Cclen%2Cdur%2Clmt&sig=AOq0QJ8wRQIhAO3whiAo-CjpUK4XCd0hMRPMA9SupVhIDEBVg6WE1ErpAiA6qNjAXF9_63D3AHQ1846NZzIFgbA4wUZuoc0qw0LwQA%3D%3D&lsparams=mh%2Cmm%2Cmn%2Cms%2Cmv%2Cmvi%2Cpcm2cms%2Cpl%2Cinitcwndbps&lsig=AG3C_xAwRgIhALGRazxB3IlpJy1uXC-qR2wSFnV7VyXzF4kIkvN02a-BAiEAvBy7gu97Ft70JMqypIYwsKvSovflYRuzbBg5DuwdfAE%3D&ratebypass=yes", "player_url": null, "ext": "webm", "height": 480, "format_note": "480p", "vcodec": "vp9", "asr": null, "filesize": 2609264, "fps": 30, "tbr": 323.519, "width": 854, "acodec": "none", "downloader_options": {"http_chunk_size": 10485760}, "format": "244 - 854x480 (480p)", "protocol": "https", "http_headers": {"User-Agent": "Mozilla/5.0 (Windows NT 10.0; Win64; x64) AppleWebKit/537.36 (KHTML, like Gecko) Chrome/70.0.3538.79 Safari/537.36", "Accept-Charset": "ISO-8859-1,utf-8;q=0.7,*;q=0.7", "Accept": "text/html,application/xhtml+xml,application/xml;q=0.9,*/*;q=0.8", "Accept-Encoding": "gzip, deflate", "Accept-Language": "en-us,en;q=0.5"}}, {"format_id": "243", "url": "https://r4---sn-5njj-u2xe.googlevideo.com/videoplayback?expire=1612167589&ei=RWUXYJi3JIi0gAPJsK6QAg&ip=140.109.135.76&id=o-AGDB86Rqwa55P2SN1VDKej1VF1Ab6QT5vydirj34zZE0&itag=243&aitags=133%2C134%2C135%2C136%2C137%2C160%2C242%2C243%2C244%2C247%2C248%2C278&source=youtube&requiressl=yes&mh=BU&mm=31%2C29&mn=sn-5njj-u2xe%2Csn-un57en7s&ms=au%2Crdu&mv=m&mvi=4&pcm2cms=yes&pl=16&initcwndbps=378750&vprv=1&mime=video%2Fwebm&ns=HrgGTgvIPXK4NQNAKOR2WtgF&gir=yes&clen=2352693&dur=224.466&lmt=1540176166139207&mt=1612145563&fvip=4&keepalive=yes&c=WEB&txp=5533432&n=OMofbTbEUIFPP3j0Z&sparams=expire%2Cei%2Cip%2Cid%2Caitags%2Csource%2Crequiressl%2Cvprv%2Cmime%2Cns%2Cgir%2Cclen%2Cdur%2Clmt&sig=AOq0QJ8wRQIgWPQYOMn483C33RhxVeU3lwu1VCiXyJVP7XU8lM8WZyUCIQDnsr5eLi2LtQa5mPVqhp4FMKvaTeV8hQxPxlyrFKtxnA%3D%3D&lsparams=mh%2Cmm%2Cmn%2Cms%2Cmv%2Cmvi%2Cpcm2cms%2Cpl%2Cinitcwndbps&lsig=AG3C_xAwRgIhALGRazxB3IlpJy1uXC-qR2wSFnV7VyXzF4kIkvN02a-BAiEAvBy7gu97Ft70JMqypIYwsKvSovflYRuzbBg5DuwdfAE%3D&ratebypass=yes", "player_url": null, "ext": "webm", "height": 360, "format_note": "360p", "vcodec": "vp9", "asr": null, "filesize": 2352693, "fps": 30, "tbr": 328.309, "width": 640, "acodec": "none", "downloader_options": {"http_chunk_size": 10485760}, "format": "243 - 640x360 (360p)", "protocol": "https", "http_headers": {"User-Agent": "Mozilla/5.0 (Windows NT 10.0; Win64; x64) AppleWebKit/537.36 (KHTML, like Gecko) Chrome/70.0.3538.79 Safari/537.36", "Accept-Charset": "ISO-8859-1,utf-8;q=0.7,*;q=0.7", "Accept": "text/html,application/xhtml+xml,application/xml;q=0.9,*/*;q=0.8", "Accept-Encoding": "gzip, deflate", "Accept-Language": "en-us,en;q=0.5"}}, {"format_id": "136", "url": "https://r4---sn-5njj-u2xe.googlevideo.com/videoplayback?expire=1612167589&ei=RWUXYJi3JIi0gAPJsK6QAg&ip=140.109.135.76&id=o-AGDB86Rqwa55P2SN1VDKej1VF1Ab6QT5vydirj34zZE0&itag=136&aitags=133%2C134%2C135%2C136%2C137%2C160%2C242%2C243%2C244%2C247%2C248%2C278&source=youtube&requiressl=yes&mh=BU&mm=31%2C29&mn=sn-5njj-u2xe%2Csn-un57en7s&ms=au%2Crdu&mv=m&mvi=4&pcm2cms=yes&pl=16&initcwndbps=378750&vprv=1&mime=video%2Fmp4&ns=HrgGTgvIPXK4NQNAKOR2WtgF&gir=yes&clen=3105394&dur=224.466&lmt=1540176199224867&mt=1612145563&fvip=4&keepalive=yes&c=WEB&txp=5533432&n=OMofbTbEUIFPP3j0Z&sparams=expire%2Cei%2Cip%2Cid%2Caitags%2Csource%2Crequiressl%2Cvprv%2Cmime%2Cns%2Cgir%2Cclen%2Cdur%2Clmt&sig=AOq0QJ8wRQIgNbhM1N5bgegaL9e1qtpfMaur4JcJLWGxGyjBl4BIf04CIQD4M7OwaXpbT_V_Nfyf6YYjPFVnuK3Snr_oyU6U2hPBJw%3D%3D&lsparams=mh%2Cmm%2Cmn%2Cms%2Cmv%2Cmvi%2Cpcm2cms%2Cpl%2Cinitcwndbps&lsig=AG3C_xAwRgIhALGRazxB3IlpJy1uXC-qR2wSFnV7VyXzF4kIkvN02a-BAiEAvBy7gu97Ft70JMqypIYwsKvSovflYRuzbBg5DuwdfAE%3D&ratebypass=yes", "player_url": null, "ext": "mp4", "height": 720, "format_note": "720p", "vcodec": "avc1.4d401f", "asr": null, "filesize": 3105394, "fps": 30, "tbr": 337.867, "width": 1280, "acodec": "none", "downloader_options": {"http_chunk_size": 10485760}, "format": "136 - 1280x720 (720p)", "protocol": "https", "http_headers": {"User-Agent": "Mozilla/5.0 (Windows NT 10.0; Win64; x64) AppleWebKit/537.36 (KHTML, like Gecko) Chrome/70.0.3538.79 Safari/537.36", "Accept-Charset": "ISO-8859-1,utf-8;q=0.7,*;q=0.7", "Accept": "text/html,application/xhtml+xml,application/xml;q=0.9,*/*;q=0.8", "Accept-Encoding": "gzip, deflate", "Accept-Language": "en-us,en;q=0.5"}}, {"format_id": "137", "url": "https://r4---sn-5njj-u2xe.googlevideo.com/videoplayback?expire=1612167589&ei=RWUXYJi3JIi0gAPJsK6QAg&ip=140.109.135.76&id=o-AGDB86Rqwa55P2SN1VDKej1VF1Ab6QT5vydirj34zZE0&itag=137&aitags=133%2C134%2C135%2C136%2C137%2C160%2C242%2C243%2C244%2C247%2C248%2C278&source=youtube&requiressl=yes&mh=BU&mm=31%2C29&mn=sn-5njj-u2xe%2Csn-un57en7s&ms=au%2Crdu&mv=m&mvi=4&pcm2cms=yes&pl=16&initcwndbps=378750&vprv=1&mime=video%2Fmp4&ns=HrgGTgvIPXK4NQNAKOR2WtgF&gir=yes&clen=6841906&dur=224.466&lmt=1540176197443900&mt=1612145563&fvip=4&keepalive=yes&c=WEB&txp=5533432&n=OMofbTbEUIFPP3j0Z&sparams=expire%2Cei%2Cip%2Cid%2Caitags%2Csource%2Crequiressl%2Cvprv%2Cmime%2Cns%2Cgir%2Cclen%2Cdur%2Clmt&sig=AOq0QJ8wRgIhAL6GX2J0iKFbVMp04_uAnzXGssl4QKp95V-eGjLzsYq0AiEApmUkMWbJ52SJo7wRDejSTwHNsDRdF-rpRUudWgOsj5o%3D&lsparams=mh%2Cmm%2Cmn%2Cms%2Cmv%2Cmvi%2Cpcm2cms%2Cpl%2Cinitcwndbps&lsig=AG3C_xAwRgIhALGRazxB3IlpJy1uXC-qR2wSFnV7VyXzF4kIkvN02a-BAiEAvBy7gu97Ft70JMqypIYwsKvSovflYRuzbBg5DuwdfAE%3D&ratebypass=yes", "player_url": null, "ext": "mp4", "height": 1080, "format_note": "1080p", "vcodec": "avc1.640028", "asr": null, "filesize": 6841906, "fps": 30, "tbr": 566.355, "width": 1920, "acodec": "none", "downloader_options": {"http_chunk_size": 10485760}, "format": "137 - 1920x1080 (1080p)", "protocol": "https", "http_headers": {"User-Agent": "Mozilla/5.0 (Windows NT 10.0; Win64; x64) AppleWebKit/537.36 (KHTML, like Gecko) Chrome/70.0.3538.79 Safari/537.36", "Accept-Charset": "ISO-8859-1,utf-8;q=0.7,*;q=0.7", "Accept": "text/html,application/xhtml+xml,application/xml;q=0.9,*/*;q=0.8", "Accept-Encoding": "gzip, deflate", "Accept-Language": "en-us,en;q=0.5"}}, {"format_id": "247", "url": "https://r4---sn-5njj-u2xe.googlevideo.com/videoplayback?expire=1612167589&ei=RWUXYJi3JIi0gAPJsK6QAg&ip=140.109.135.76&id=o-AGDB86Rqwa55P2SN1VDKej1VF1Ab6QT5vydirj34zZE0&itag=247&aitags=133%2C134%2C135%2C136%2C137%2C160%2C242%2C243%2C244%2C247%2C248%2C278&source=youtube&requiressl=yes&mh=BU&mm=31%2C29&mn=sn-5njj-u2xe%2Csn-un57en7s&ms=au%2Crdu&mv=m&mvi=4&pcm2cms=yes&pl=16&initcwndbps=378750&vprv=1&mime=video%2Fwebm&ns=HrgGTgvIPXK4NQNAKOR2WtgF&gir=yes&clen=7423560&dur=224.466&lmt=1540176238737597&mt=1612145563&fvip=4&keepalive=yes&c=WEB&txp=5533432&n=OMofbTbEUIFPP3j0Z&sparams=expire%2Cei%2Cip%2Cid%2Caitags%2Csource%2Crequiressl%2Cvprv%2Cmime%2Cns%2Cgir%2Cclen%2Cdur%2Clmt&sig=AOq0QJ8wRQIgek2P-uKvytLTZ1ygBFIlNmQMoIgTmDGrMGJsFY_gzvsCIQDOsTfbYQiy6lNg_cZI_KyHRFRIzB0S_WG4UzvINFcL-w%3D%3D&lsparams=mh%2Cmm%2Cmn%2Cms%2Cmv%2Cmvi%2Cpcm2cms%2Cpl%2Cinitcwndbps&lsig=AG3C_xAwRgIhALGRazxB3IlpJy1uXC-qR2wSFnV7VyXzF4kIkvN02a-BAiEAvBy7gu97Ft70JMqypIYwsKvSovflYRuzbBg5DuwdfAE%3D&ratebypass=yes", "player_url": null, "ext": "webm", "height": 720, "format_note": "720p", "vcodec": "vp9", "asr": null, "filesize": 7423560, "fps": 30, "tbr": 1188.309, "width": 1280, "acodec": "none", "downloader_options": {"http_chunk_size": 10485760}, "format": "247 - 1280x720 (720p)", "protocol": "https", "http_headers": {"User-Agent": "Mozilla/5.0 (Windows NT 10.0; Win64; x64) AppleWebKit/537.36 (KHTML, like Gecko) Chrome/70.0.3538.79 Safari/537.36", "Accept-Charset": "ISO-8859-1,utf-8;q=0.7,*;q=0.7", "Accept": "text/html,application/xhtml+xml,application/xml;q=0.9,*/*;q=0.8", "Accept-Encoding": "gzip, deflate", "Accept-Language": "en-us,en;q=0.5"}}, {"format_id": "248", "url": "https://r4---sn-5njj-u2xe.googlevideo.com/videoplayback?expire=1612167589&ei=RWUXYJi3JIi0gAPJsK6QAg&ip=140.109.135.76&id=o-AGDB86Rqwa55P2SN1VDKej1VF1Ab6QT5vydirj34zZE0&itag=248&aitags=133%2C134%2C135%2C136%2C137%2C160%2C242%2C243%2C244%2C247%2C248%2C278&source=youtube&requiressl=yes&mh=BU&mm=31%2C29&mn=sn-5njj-u2xe%2Csn-un57en7s&ms=au%2Crdu&mv=m&mvi=4&pcm2cms=yes&pl=16&initcwndbps=378750&vprv=1&mime=video%2Fwebm&ns=HrgGTgvIPXK4NQNAKOR2WtgF&gir=yes&clen=12521734&dur=224.466&lmt=1540176389832305&mt=1612145563&fvip=4&keepalive=yes&c=WEB&txp=5533432&n=OMofbTbEUIFPP3j0Z&sparams=expire%2Cei%2Cip%2Cid%2Caitags%2Csource%2Crequiressl%2Cvprv%2Cmime%2Cns%2Cgir%2Cclen%2Cdur%2Clmt&sig=AOq0QJ8wRgIhANkwtiCJF7MOgMdo66UKNG0P_mL_iT2qjhUqjYzZueUHAiEAt-I26qdMFHMdBY0KFRpAeN22_7XI0enq9fSq2WJGGlg%3D&lsparams=mh%2Cmm%2Cmn%2Cms%2Cmv%2Cmvi%2Cpcm2cms%2Cpl%2Cinitcwndbps&lsig=AG3C_xAwRgIhALGRazxB3IlpJy1uXC-qR2wSFnV7VyXzF4kIkvN02a-BAiEAvBy7gu97Ft70JMqypIYwsKvSovflYRuzbBg5DuwdfAE%3D&ratebypass=yes", "player_url": null, "ext": "webm", "height": 1080, "format_note": "1080p", "vcodec": "vp9", "asr": null, "filesize": 12521734, "fps": 30, "tbr": 2031.175, "width": 1920, "acodec": "none", "downloader_options": {"http_chunk_size": 10485760}, "format": "248 - 1920x1080 (1080p)", "protocol": "https", "http_headers": {"User-Agent": "Mozilla/5.0 (Windows NT 10.0; Win64; x64) AppleWebKit/537.36 (KHTML, like Gecko) Chrome/70.0.3538.79 Safari/537.36", "Accept-Charset": "ISO-8859-1,utf-8;q=0.7,*;q=0.7", "Accept": "text/html,application/xhtml+xml,application/xml;q=0.9,*/*;q=0.8", "Accept-Encoding": "gzip, deflate", "Accept-Language": "en-us,en;q=0.5"}}, {"format_id": "18", "url": "https://r4---sn-5njj-u2xe.googlevideo.com/videoplayback?expire=1612167589&ei=RWUXYJi3JIi0gAPJsK6QAg&ip=140.109.135.76&id=o-AGDB86Rqwa55P2SN1VDKej1VF1Ab6QT5vydirj34zZE0&itag=18&source=youtube&requiressl=yes&mh=BU&mm=31%2C29&mn=sn-5njj-u2xe%2Csn-un57en7s&ms=au%2Crdu&mv=m&mvi=4&pcm2cms=yes&pl=16&initcwndbps=378750&vprv=1&mime=video%2Fmp4&ns=ZrvX-i6XXM_J2xlcLnuV2NMF&gir=yes&clen=8474042&ratebypass=yes&dur=224.513&lmt=1540174803404144&mt=1612145563&fvip=4&c=WEB&txp=5531432&n=2SKB0_bfNWGqokxOQ&sparams=expire%2Cei%2Cip%2Cid%2Citag%2Csource%2Crequiressl%2Cvprv%2Cmime%2Cns%2Cgir%2Cclen%2Cratebypass%2Cdur%2Clmt&sig=AOq0QJ8wRQIgcatZLv0Utra6sK2Jx1rw5RE3dEaSZgAKDMGuo3o2m-gCIQDZRPALCbtsPa027ddhBigkOpjwpvbq_Sbu13A-1Xi7bA%3D%3D&lsparams=mh%2Cmm%2Cmn%2Cms%2Cmv%2Cmvi%2Cpcm2cms%2Cpl%2Cinitcwndbps&lsig=AG3C_xAwRgIhALGRazxB3IlpJy1uXC-qR2wSFnV7VyXzF4kIkvN02a-BAiEAvBy7gu97Ft70JMqypIYwsKvSovflYRuzbBg5DuwdfAE%3D", "player_url": null, "ext": "mp4", "width": 640, "height": 360, "acodec": "mp4a.40.2", "abr": 96, "vcodec": "avc1.42001E", "asr": 44100, "filesize": 8474042, "format_note": "360p", "fps": 30, "tbr": 302.016, "format": "18 - 640x360 (360p)", "protocol": "https", "http_headers": {"User-Agent": "Mozilla/5.0 (Windows NT 10.0; Win64; x64) AppleWebKit/537.36 (KHTML, like Gecko) Chrome/70.0.3538.79 Safari/537.36", "Accept-Charset": "ISO-8859-1,utf-8;q=0.7,*;q=0.7", "Accept": "text/html,application/xhtml+xml,application/xml;q=0.9,*/*;q=0.8", "Accept-Encoding": "gzip, deflate", "Accept-Language": "en-us,en;q=0.5"}}], "is_live": null, "start_time": null, "end_time": null, "series": null, "season_number": null, "episode_number": null, "track": null, "artist": null, "album": null, "release_date": null, "release_year": null, "extractor": "youtube", "webpage_url_basename": "watch", "extractor_key": "Youtube", "playlist": null, "playlist_index": null, "thumbnail": "https://i.ytimg.com/vi_webp/vv6nrZ2myXw/maxresdefault.webp", "display_id": "vv6nrZ2myXw", "requested_subtitles": null, "format_id": "251", "url": "https://r4---sn-5njj-u2xe.googlevideo.com/videoplayback?expire=1612167589&ei=RWUXYJi3JIi0gAPJsK6QAg&ip=140.109.135.76&id=o-AGDB86Rqwa55P2SN1VDKej1VF1Ab6QT5vydirj34zZE0&itag=251&source=youtube&requiressl=yes&mh=BU&mm=31%2C29&mn=sn-5njj-u2xe%2Csn-un57en7s&ms=au%2Crdu&mv=m&mvi=4&pcm2cms=yes&pl=16&initcwndbps=378750&vprv=1&mime=audio%2Fwebm&ns=HrgGTgvIPXK4NQNAKOR2WtgF&gir=yes&clen=4279933&dur=224.481&lmt=1540177158891655&mt=1612145563&fvip=4&keepalive=yes&c=WEB&txp=5511222&n=OMofbTbEUIFPP3j0Z&sparams=expire%2Cei%2Cip%2Cid%2Citag%2Csource%2Crequiressl%2Cvprv%2Cmime%2Cns%2Cgir%2Cclen%2Cdur%2Clmt&sig=AOq0QJ8wRAIgPfZGBSeoqWPv2wOr1aFX65FVwj-zm3yfTy6typaqeP0CIE540cfV3ntAt1sc_y73OKezTX99iFS55J2van4Qkoll&lsparams=mh%2Cmm%2Cmn%2Cms%2Cmv%2Cmvi%2Cpcm2cms%2Cpl%2Cinitcwndbps&lsig=AG3C_xAwRgIhALGRazxB3IlpJy1uXC-qR2wSFnV7VyXzF4kIkvN02a-BAiEAvBy7gu97Ft70JMqypIYwsKvSovflYRuzbBg5DuwdfAE%3D&ratebypass=yes", "player_url": null, "ext": "webm", "format_note": "tiny", "acodec": "opus", "abr": 160, "asr": 48000, "filesize": 4279933, "fps": null, "height": null, "tbr": 163.522, "width": null, "vcodec": "none", "downloader_options": {"http_chunk_size": 10485760}, "format": "251 - audio only (tiny)", "protocol": "https", "http_headers": {"User-Agent": "Mozilla/5.0 (Windows NT 10.0; Win64; x64) AppleWebKit/537.36 (KHTML, like Gecko) Chrome/70.0.3538.79 Safari/537.36", "Accept-Charset": "ISO-8859-1,utf-8;q=0.7,*;q=0.7", "Accept": "text/html,application/xhtml+xml,application/xml;q=0.9,*/*;q=0.8", "Accept-Encoding": "gzip, deflate", "Accept-Language": "en-us,en;q=0.5"}}