{"id": "WmragYD8rwo", "uploader": "Funguypiano", "uploader_id": "Funguypiano", "uploader_url": "http://www.youtube.com/user/Funguypiano", "channel_id": "UCBlkpX--7ZD73URbSC1oWRw", "channel_url": "http://www.youtube.com/channel/UCBlkpX--7ZD73URbSC1oWRw", "upload_date": "20180302", "license": null, "creator": "FunGuyPiano", "title": "iKON - Love Scenario | Piano Cover", "alt_title": "Love Scenario", "thumbnails": [{"url": "https://i.ytimg.com/vi/WmragYD8rwo/hqdefault.jpg?sqp=-oaymwEYCKgBEF5IVfKriqkDCwgBFQAAiEIYAXAB&rs=AOn4CLCPBBTLMkdX05ZjXREiDcdKK4p9Rg", "width": 168, "height": 94, "resolution": "168x94", "id": "0"}, {"url": "https://i.ytimg.com/vi/WmragYD8rwo/hqdefault.jpg?sqp=-oaymwEYCMQBEG5IVfKriqkDCwgBFQAAiEIYAXAB&rs=AOn4CLD93HvJpA3xfxjzxwsRiCQbtoS9Vw", "width": 196, "height": 110, "resolution": "196x110", "id": "1"}, {"url": "https://i.ytimg.com/vi/WmragYD8rwo/hqdefault.jpg?sqp=-oaymwEZCPYBEIoBSFXyq4qpAwsIARUAAIhCGAFwAQ==&rs=AOn4CLBCA3ACjus7QplfbLnhdp1HsdCJ9Q", "width": 246, "height": 138, "resolution": "246x138", "id": "2"}, {"url": "https://i.ytimg.com/vi/WmragYD8rwo/hqdefault.jpg?sqp=-oaymwEZCNACELwBSFXyq4qpAwsIARUAAIhCGAFwAQ==&rs=AOn4CLCNFtULNP5ZHNKWdzFrkES_r3JY0Q", "width": 336, "height": 188, "resolution": "336x188", "id": "3"}, {"url": "https://i.ytimg.com/vi_webp/WmragYD8rwo/maxresdefault.webp", "width": 1920, "height": 1080, "resolution": "1920x1080", "id": "4"}], "description": "Kpop Piano Music on Spotify: https://spoti.fi/2wh8usT\nEasy Version: https://youtu.be/1sgxXETUv2o\nSheet Music: https://funguypiano.com/sheet-music/ikon-love-scenario/\n\nWe met and became a memory that can\u2019t be erased. \u2044(\u2044 \u2044\u2022\u2044\u03c9\u2044\u2022\u2044 \u2044)\u2044\n\nHi! It's been a while guys :) I wasn't that active lately due to personal/family matters, and on top of that, I will be staying in HK to study a course for a couple months starting April so Im not sure about the impact on the frequency of uploads during the transition. However I promise I will try my best to maintain the number of piano covers and the quality of the covers despite I will be extremely busy by then.\n\nThere are no words to describe how grateful I'm to all of you! I just want to thank you again for your support and I will continue to give my best. (\u2500\u203f\u203f\u2500) 2018 will be another tough year but I will get through it!\n\n\u2022\u2022 \u2501\u2501\u2501\u2501\u2501 \u0669(\u0e51\u00f2\u03c9\u00f3\u0e51)\u06f6\u2501\u2501\u2501\u2501\u2501 \u2022\u2022\n\u266a iTunes: https://apple.co/2DafxIU\n\u266a Spotify: https://spoti.fi/2PJm18g\n\u266a Sheet Music: https://funguypiano.com/\n\u266a Patreon / Midi: https://www.patreon.com/funguypiano\n\u266a Learn Piano: http://tinyurl.com/funguy-flowkey\n\u266a Instagram: https://www.instagram.com/funguypiano/\n\nThis cover is brought to you by my awesome patrons \u204e\u275b\u1d17\u275b\u204e\nFelix, Hady Liu, Nancy, Ezra Durac, Aurora, Caitlyn Lee, Kris, Daniel Lee, Melanie BM, Summer Breeze, Ema-X, Zack, Danial Tabrizi, Monica Lugo", "categories": ["Music"], "tags": ["iKON", "Love Scenario", "funguypiano"], "subtitles": {}, "automatic_captions": {}, "duration": 179, "age_limit": 0, "annotations": null, "chapters": null, "webpage_url": "https://www.youtube.com/watch?v=WmragYD8rwo", "view_count": 1090932, "like_count": 33354, "dislike_count": 213, "average_rating": 4.974618, "formats": [{"format_id": "249", "url": "https://r6---sn-5njj-u2xe.googlevideo.com/videoplayback?expire=1611763230&ei=vjkRYKrmBJGGgAPS7ZaADA&ip=140.109.135.76&id=o-AN4STCM1KB5Lj2CdVZW4-V_OCruxH29DYUKgMqHwzUiD&itag=249&source=youtube&requiressl=yes&mh=9T&mm=31%2C29&mn=sn-5njj-u2xe%2Csn-un57sn7s&ms=au%2Crdu&mv=m&mvi=6&pl=16&initcwndbps=540000&vprv=1&mime=audio%2Fwebm&ns=CHVDst-knqhnU08cJ47sk6sF&gir=yes&clen=1284853&dur=179.241&lmt=1539995065519986&mt=1611740913&fvip=6&keepalive=yes&beids=9466587&c=WEB&txp=5411222&n=wXkutlKdCWPA4q239AX5&sparams=expire%2Cei%2Cip%2Cid%2Citag%2Csource%2Crequiressl%2Cvprv%2Cmime%2Cns%2Cgir%2Cclen%2Cdur%2Clmt&lsparams=mh%2Cmm%2Cmn%2Cms%2Cmv%2Cmvi%2Cpl%2Cinitcwndbps&lsig=AG3C_xAwRgIhAJOvl8a9ByAjW5sZrAJ7SocKqWCnmIb-V-3AyxkA0Dw1AiEAyfKXz23fDGgVK3sGNOroLHMPCLpG32tmhf894VplAo0%3D&sig=AOq0QJ8wRQIhAPfei3AdNKWvOXtLNz956wtTKpFD8gpExe24cBa_FHPcAiAY1IgBKzFRItcygoR325RGpIC3G9eY0StLSI5kvK0Emw==&ratebypass=yes", "player_url": "/s/player/c6df6ed7/player_ias.vflset/en_US/base.js", "ext": "webm", "format_note": "tiny", "acodec": "opus", "abr": 50, "asr": 48000, "filesize": 1284853, "fps": null, "height": null, "tbr": 62.794, "width": null, "vcodec": "none", "downloader_options": {"http_chunk_size": 10485760}, "format": "249 - audio only (tiny)", "protocol": "https", "http_headers": {"User-Agent": "Mozilla/5.0 (Windows NT 10.0; Win64; x64) AppleWebKit/537.36 (KHTML, like Gecko) Chrome/72.0.3626.85 Safari/537.36", "Accept-Charset": "ISO-8859-1,utf-8;q=0.7,*;q=0.7", "Accept": "text/html,application/xhtml+xml,application/xml;q=0.9,*/*;q=0.8", "Accept-Encoding": "gzip, deflate", "Accept-Language": "en-us,en;q=0.5"}}, {"format_id": "250", "url": "https://r6---sn-5njj-u2xe.googlevideo.com/videoplayback?expire=1611763230&ei=vjkRYKrmBJGGgAPS7ZaADA&ip=140.109.135.76&id=o-AN4STCM1KB5Lj2CdVZW4-V_OCruxH29DYUKgMqHwzUiD&itag=250&source=youtube&requiressl=yes&mh=9T&mm=31%2C29&mn=sn-5njj-u2xe%2Csn-un57sn7s&ms=au%2Crdu&mv=m&mvi=6&pl=16&initcwndbps=540000&vprv=1&mime=audio%2Fwebm&ns=CHVDst-knqhnU08cJ47sk6sF&gir=yes&clen=1731370&dur=179.241&lmt=1539995066937152&mt=1611740913&fvip=6&keepalive=yes&beids=9466587&c=WEB&txp=5411222&n=wXkutlKdCWPA4q239AX5&sparams=expire%2Cei%2Cip%2Cid%2Citag%2Csource%2Crequiressl%2Cvprv%2Cmime%2Cns%2Cgir%2Cclen%2Cdur%2Clmt&lsparams=mh%2Cmm%2Cmn%2Cms%2Cmv%2Cmvi%2Cpl%2Cinitcwndbps&lsig=AG3C_xAwRQIhAKDTQls_FNhR2_ITIN-14Arhbl1ElePiBN3GvKYLsUSuAiArZInyNW92GIbmYYXztXXWn7Rbq2_0vXQ3PIIYvw_3Iw%3D%3D&sig=AOq0QJ8wRQIgTOun9RVAnuUKxKPD_1KFYaAtiVLX6hBVhHpgdYNYZhsCIQCYGx2Duxcjnyte0xx2gGN1HAXrimTadlpvrpPKkDeBHA==&ratebypass=yes", "player_url": "/s/player/c6df6ed7/player_ias.vflset/en_US/base.js", "ext": "webm", "format_note": "tiny", "acodec": "opus", "abr": 70, "asr": 48000, "filesize": 1731370, "fps": null, "height": null, "tbr": 84.457, "width": null, "vcodec": "none", "downloader_options": {"http_chunk_size": 10485760}, "format": "250 - audio only (tiny)", "protocol": "https", "http_headers": {"User-Agent": "Mozilla/5.0 (Windows NT 10.0; Win64; x64) AppleWebKit/537.36 (KHTML, like Gecko) Chrome/72.0.3626.85 Safari/537.36", "Accept-Charset": "ISO-8859-1,utf-8;q=0.7,*;q=0.7", "Accept": "text/html,application/xhtml+xml,application/xml;q=0.9,*/*;q=0.8", "Accept-Encoding": "gzip, deflate", "Accept-Language": "en-us,en;q=0.5"}}, {"format_id": "140", "url": "https://r6---sn-5njj-u2xe.googlevideo.com/videoplayback?expire=1611763230&ei=vjkRYKrmBJGGgAPS7ZaADA&ip=140.109.135.76&id=o-AN4STCM1KB5Lj2CdVZW4-V_OCruxH29DYUKgMqHwzUiD&itag=140&source=youtube&requiressl=yes&mh=9T&mm=31%2C29&mn=sn-5njj-u2xe%2Csn-un57sn7s&ms=au%2Crdu&mv=m&mvi=6&pl=16&initcwndbps=540000&vprv=1&mime=audio%2Fmp4&ns=CHVDst-knqhnU08cJ47sk6sF&gir=yes&clen=2848049&dur=179.281&lmt=1539993655067353&mt=1611740913&fvip=6&keepalive=yes&beids=9466587&c=WEB&txp=5432432&n=wXkutlKdCWPA4q239AX5&sparams=expire%2Cei%2Cip%2Cid%2Citag%2Csource%2Crequiressl%2Cvprv%2Cmime%2Cns%2Cgir%2Cclen%2Cdur%2Clmt&lsparams=mh%2Cmm%2Cmn%2Cms%2Cmv%2Cmvi%2Cpl%2Cinitcwndbps&lsig=AG3C_xAwRQIhAJO-68freCl3SlOHcnem_9pfaf-zIiYIzLW6Eqv9YswrAiBogwZ6y7PQ79FJTKX0l4paJ94uXAVM1tg-OxPFdBsrgw%3D%3D&sig=AOq0QJ8wRQIgFLW3ZH9egbPihDPdG1OwfDzTWeOXwNVZXlUucHLvdM0CIQDon8o3xQaYHng9Vge4M2XrIWRbvx15niiGXRdK_BCwqQ==&ratebypass=yes", "player_url": "/s/player/c6df6ed7/player_ias.vflset/en_US/base.js", "ext": "m4a", "format_note": "tiny", "acodec": "mp4a.40.2", "abr": 128, "container": "m4a_dash", "asr": 44100, "filesize": 2848049, "fps": null, "height": null, "tbr": 127.967, "width": null, "vcodec": "none", "downloader_options": {"http_chunk_size": 10485760}, "format": "140 - audio only (tiny)", "protocol": "https", "http_headers": {"User-Agent": "Mozilla/5.0 (Windows NT 10.0; Win64; x64) AppleWebKit/537.36 (KHTML, like Gecko) Chrome/72.0.3626.85 Safari/537.36", "Accept-Charset": "ISO-8859-1,utf-8;q=0.7,*;q=0.7", "Accept": "text/html,application/xhtml+xml,application/xml;q=0.9,*/*;q=0.8", "Accept-Encoding": "gzip, deflate", "Accept-Language": "en-us,en;q=0.5"}}, {"format_id": "251", "url": "https://r6---sn-5njj-u2xe.googlevideo.com/videoplayback?expire=1611763230&ei=vjkRYKrmBJGGgAPS7ZaADA&ip=140.109.135.76&id=o-AN4STCM1KB5Lj2CdVZW4-V_OCruxH29DYUKgMqHwzUiD&itag=251&source=youtube&requiressl=yes&mh=9T&mm=31%2C29&mn=sn-5njj-u2xe%2Csn-un57sn7s&ms=au%2Crdu&mv=m&mvi=6&pl=16&initcwndbps=540000&vprv=1&mime=audio%2Fwebm&ns=CHVDst-knqhnU08cJ47sk6sF&gir=yes&clen=3334481&dur=179.241&lmt=1539995067073088&mt=1611740913&fvip=6&keepalive=yes&beids=9466587&c=WEB&txp=5411222&n=wXkutlKdCWPA4q239AX5&sparams=expire%2Cei%2Cip%2Cid%2Citag%2Csource%2Crequiressl%2Cvprv%2Cmime%2Cns%2Cgir%2Cclen%2Cdur%2Clmt&lsparams=mh%2Cmm%2Cmn%2Cms%2Cmv%2Cmvi%2Cpl%2Cinitcwndbps&lsig=AG3C_xAwRAIgXroMMAcvZqQOtvZQLMWxINphf4kxtTBFkaA_AkVyxdICIDCIW6E8mLiQC4HEpnXFcMzOU8epk_xUC61FZjUBJJn3&sig=AOq0QJ8wRgIhAMvK8w1qv2VMRXZHrtTCs0PtLb2nCzjbjGyJ_EeokWY2AiEAu-WGDkDTx5GXh1-PAGbh9iFm9SjeUYkg6DFXnUZaZ34=&ratebypass=yes", "player_url": "/s/player/c6df6ed7/player_ias.vflset/en_US/base.js", "ext": "webm", "format_note": "tiny", "acodec": "opus", "abr": 160, "asr": 48000, "filesize": 3334481, "fps": null, "height": null, "tbr": 160.497, "width": null, "vcodec": "none", "downloader_options": {"http_chunk_size": 10485760}, "format": "251 - audio only (tiny)", "protocol": "https", "http_headers": {"User-Agent": "Mozilla/5.0 (Windows NT 10.0; Win64; x64) AppleWebKit/537.36 (KHTML, like Gecko) Chrome/72.0.3626.85 Safari/537.36", "Accept-Charset": "ISO-8859-1,utf-8;q=0.7,*;q=0.7", "Accept": "text/html,application/xhtml+xml,application/xml;q=0.9,*/*;q=0.8", "Accept-Encoding": "gzip, deflate", "Accept-Language": "en-us,en;q=0.5"}}, {"format_id": "160", "url": "https://r6---sn-5njj-u2xe.googlevideo.com/videoplayback?expire=1611763230&ei=vjkRYKrmBJGGgAPS7ZaADA&ip=140.109.135.76&id=o-AN4STCM1KB5Lj2CdVZW4-V_OCruxH29DYUKgMqHwzUiD&itag=160&aitags=133%2C134%2C135%2C136%2C137%2C160%2C242%2C243%2C244%2C247%2C248%2C278&source=youtube&requiressl=yes&mh=9T&mm=31%2C29&mn=sn-5njj-u2xe%2Csn-un57sn7s&ms=au%2Crdu&mv=m&mvi=6&pl=16&initcwndbps=540000&vprv=1&mime=video%2Fmp4&ns=CHVDst-knqhnU08cJ47sk6sF&gir=yes&clen=801387&dur=179.212&lmt=1539993638441006&mt=1611740913&fvip=6&keepalive=yes&beids=9466587&c=WEB&txp=5432432&n=wXkutlKdCWPA4q239AX5&sparams=expire%2Cei%2Cip%2Cid%2Caitags%2Csource%2Crequiressl%2Cvprv%2Cmime%2Cns%2Cgir%2Cclen%2Cdur%2Clmt&lsparams=mh%2Cmm%2Cmn%2Cms%2Cmv%2Cmvi%2Cpl%2Cinitcwndbps&lsig=AG3C_xAwRAIgdGHzYQ44Nh5Ly6wJN_fdKOGHjkZHyeLlaNr8NJnzWP0CIHfW1dEr6qAYmj5aAXKHOGCmVFcUy4gS8QwBcHkD1SHU&sig=AOq0QJ8wRgIhAK-PZX2-I-mNG7hEWdaNUEE-XECJqZv9u_lo1qVAN4dvAiEA6bnsxTgcXu97lc3fKW7Qpbg7MpnPyk2B2OfltiN_rVc=&ratebypass=yes", "player_url": "/s/player/c6df6ed7/player_ias.vflset/en_US/base.js", "ext": "mp4", "height": 144, "format_note": "144p", "vcodec": "avc1.4d400c", "asr": null, "filesize": 801387, "fps": 30, "tbr": 47.887, "width": 256, "acodec": "none", "downloader_options": {"http_chunk_size": 10485760}, "format": "160 - 256x144 (144p)", "protocol": "https", "http_headers": {"User-Agent": "Mozilla/5.0 (Windows NT 10.0; Win64; x64) AppleWebKit/537.36 (KHTML, like Gecko) Chrome/72.0.3626.85 Safari/537.36", "Accept-Charset": "ISO-8859-1,utf-8;q=0.7,*;q=0.7", "Accept": "text/html,application/xhtml+xml,application/xml;q=0.9,*/*;q=0.8", "Accept-Encoding": "gzip, deflate", "Accept-Language": "en-us,en;q=0.5"}}, {"format_id": "133", "url": "https://r6---sn-5njj-u2xe.googlevideo.com/videoplayback?expire=1611763230&ei=vjkRYKrmBJGGgAPS7ZaADA&ip=140.109.135.76&id=o-AN4STCM1KB5Lj2CdVZW4-V_OCruxH29DYUKgMqHwzUiD&itag=133&aitags=133%2C134%2C135%2C136%2C137%2C160%2C242%2C243%2C244%2C247%2C248%2C278&source=youtube&requiressl=yes&mh=9T&mm=31%2C29&mn=sn-5njj-u2xe%2Csn-un57sn7s&ms=au%2Crdu&mv=m&mvi=6&pl=16&initcwndbps=540000&vprv=1&mime=video%2Fmp4&ns=CHVDst-knqhnU08cJ47sk6sF&gir=yes&clen=1411827&dur=179.212&lmt=1539993639145744&mt=1611740913&fvip=6&keepalive=yes&beids=9466587&c=WEB&txp=5432432&n=wXkutlKdCWPA4q239AX5&sparams=expire%2Cei%2Cip%2Cid%2Caitags%2Csource%2Crequiressl%2Cvprv%2Cmime%2Cns%2Cgir%2Cclen%2Cdur%2Clmt&lsparams=mh%2Cmm%2Cmn%2Cms%2Cmv%2Cmvi%2Cpl%2Cinitcwndbps&lsig=AG3C_xAwRAIgHmYiHPkruQWbcwjDedG5iNfMcpK4k_OdFFiVhdo83KwCIDTfac0eRkHYbzTbLHhXu1602wmqnHyTS_nrBSEYQdcL&sig=AOq0QJ8wRgIhAMozoG5AsVoWhbb6PK9HsPx1WMNb8GMpXpynUETQBUdHAiEA1SPddMhpjYAK4P8THbqNFvyHumEAeVelhYdbIgAC9BM=&ratebypass=yes", "player_url": "/s/player/c6df6ed7/player_ias.vflset/en_US/base.js", "ext": "mp4", "height": 240, "format_note": "240p", "vcodec": "avc1.4d4015", "asr": null, "filesize": 1411827, "fps": 30, "tbr": 86.038, "width": 426, "acodec": "none", "downloader_options": {"http_chunk_size": 10485760}, "format": "133 - 426x240 (240p)", "protocol": "https", "http_headers": {"User-Agent": "Mozilla/5.0 (Windows NT 10.0; Win64; x64) AppleWebKit/537.36 (KHTML, like Gecko) Chrome/72.0.3626.85 Safari/537.36", "Accept-Charset": "ISO-8859-1,utf-8;q=0.7,*;q=0.7", "Accept": "text/html,application/xhtml+xml,application/xml;q=0.9,*/*;q=0.8", "Accept-Encoding": "gzip, deflate", "Accept-Language": "en-us,en;q=0.5"}}, {"format_id": "278", "url": "https://r6---sn-5njj-u2xe.googlevideo.com/videoplayback?expire=1611763230&ei=vjkRYKrmBJGGgAPS7ZaADA&ip=140.109.135.76&id=o-AN4STCM1KB5Lj2CdVZW4-V_OCruxH29DYUKgMqHwzUiD&itag=278&aitags=133%2C134%2C135%2C136%2C137%2C160%2C242%2C243%2C244%2C247%2C248%2C278&source=youtube&requiressl=yes&mh=9T&mm=31%2C29&mn=sn-5njj-u2xe%2Csn-un57sn7s&ms=au%2Crdu&mv=m&mvi=6&pl=16&initcwndbps=540000&vprv=1&mime=video%2Fwebm&ns=CHVDst-knqhnU08cJ47sk6sF&gir=yes&clen=1889144&dur=179.212&lmt=1539994278847975&mt=1611740913&fvip=6&keepalive=yes&beids=9466587&c=WEB&txp=5432432&n=wXkutlKdCWPA4q239AX5&sparams=expire%2Cei%2Cip%2Cid%2Caitags%2Csource%2Crequiressl%2Cvprv%2Cmime%2Cns%2Cgir%2Cclen%2Cdur%2Clmt&lsparams=mh%2Cmm%2Cmn%2Cms%2Cmv%2Cmvi%2Cpl%2Cinitcwndbps&lsig=AG3C_xAwRAIgSHW0RlmCLj0LDQ-4hWBaG_H0D3a-AP-sarcWRGDtwQICIG06lzJTC6BlWmv-C63vsAr1WDAABN0N-3RSjyql02GR&sig=AOq0QJ8wRQIgJ8jaq0DB_p7jG2Q6a5qabAfIIo7zqNygAjgzc2wfh4kCIQDWffLoO2jK1CpO-ZyXwN3tHrjFAQloQwaMVMb3aG1ojA==&ratebypass=yes", "player_url": "/s/player/c6df6ed7/player_ias.vflset/en_US/base.js", "ext": "webm", "height": 144, "format_note": "144p", "container": "webm", "vcodec": "vp9", "asr": null, "filesize": 1889144, "fps": 30, "tbr": 91.316, "width": 256, "acodec": "none", "downloader_options": {"http_chunk_size": 10485760}, "format": "278 - 256x144 (144p)", "protocol": "https", "http_headers": {"User-Agent": "Mozilla/5.0 (Windows NT 10.0; Win64; x64) AppleWebKit/537.36 (KHTML, like Gecko) Chrome/72.0.3626.85 Safari/537.36", "Accept-Charset": "ISO-8859-1,utf-8;q=0.7,*;q=0.7", "Accept": "text/html,application/xhtml+xml,application/xml;q=0.9,*/*;q=0.8", "Accept-Encoding": "gzip, deflate", "Accept-Language": "en-us,en;q=0.5"}}, {"format_id": "242", "url": "https://r6---sn-5njj-u2xe.googlevideo.com/videoplayback?expire=1611763230&ei=vjkRYKrmBJGGgAPS7ZaADA&ip=140.109.135.76&id=o-AN4STCM1KB5Lj2CdVZW4-V_OCruxH29DYUKgMqHwzUiD&itag=242&aitags=133%2C134%2C135%2C136%2C137%2C160%2C242%2C243%2C244%2C247%2C248%2C278&source=youtube&requiressl=yes&mh=9T&mm=31%2C29&mn=sn-5njj-u2xe%2Csn-un57sn7s&ms=au%2Crdu&mv=m&mvi=6&pl=16&initcwndbps=540000&vprv=1&mime=video%2Fwebm&ns=CHVDst-knqhnU08cJ47sk6sF&gir=yes&clen=2668176&dur=179.212&lmt=1539994278879428&mt=1611740913&fvip=6&keepalive=yes&beids=9466587&c=WEB&txp=5432432&n=wXkutlKdCWPA4q239AX5&sparams=expire%2Cei%2Cip%2Cid%2Caitags%2Csource%2Crequiressl%2Cvprv%2Cmime%2Cns%2Cgir%2Cclen%2Cdur%2Clmt&lsparams=mh%2Cmm%2Cmn%2Cms%2Cmv%2Cmvi%2Cpl%2Cinitcwndbps&lsig=AG3C_xAwRQIgOwRjWvw349iMLSPQbmZJhec_KVAtH25FohmuuSPm9g8CIQCONRDS_LAVeU_ylVUhjrh5a7OoMAVWbwt16268rZ_lPA%3D%3D&sig=AOq0QJ8wRQIgHwH60UtlOVxSTjK2ba4ZjweyoTNfDF_ySfLbQN2WslACIQDhY_QuYpsJVTN1gUd8pE0a0XUfUJ1ipOYn_phHWEkzZg==&ratebypass=yes", "player_url": "/s/player/c6df6ed7/player_ias.vflset/en_US/base.js", "ext": "webm", "height": 240, "format_note": "240p", "vcodec": "vp9", "asr": null, "filesize": 2668176, "fps": 30, "tbr": 154.117, "width": 426, "acodec": "none", "downloader_options": {"http_chunk_size": 10485760}, "format": "242 - 426x240 (240p)", "protocol": "https", "http_headers": {"User-Agent": "Mozilla/5.0 (Windows NT 10.0; Win64; x64) AppleWebKit/537.36 (KHTML, like Gecko) Chrome/72.0.3626.85 Safari/537.36", "Accept-Charset": "ISO-8859-1,utf-8;q=0.7,*;q=0.7", "Accept": "text/html,application/xhtml+xml,application/xml;q=0.9,*/*;q=0.8", "Accept-Encoding": "gzip, deflate", "Accept-Language": "en-us,en;q=0.5"}}, {"format_id": "134", "url": "https://r6---sn-5njj-u2xe.googlevideo.com/videoplayback?expire=1611763230&ei=vjkRYKrmBJGGgAPS7ZaADA&ip=140.109.135.76&id=o-AN4STCM1KB5Lj2CdVZW4-V_OCruxH29DYUKgMqHwzUiD&itag=134&aitags=133%2C134%2C135%2C136%2C137%2C160%2C242%2C243%2C244%2C247%2C248%2C278&source=youtube&requiressl=yes&mh=9T&mm=31%2C29&mn=sn-5njj-u2xe%2Csn-un57sn7s&ms=au%2Crdu&mv=m&mvi=6&pl=16&initcwndbps=540000&vprv=1&mime=video%2Fmp4&ns=CHVDst-knqhnU08cJ47sk6sF&gir=yes&clen=3579712&dur=179.212&lmt=1539993638139705&mt=1611740913&fvip=6&keepalive=yes&beids=9466587&c=WEB&txp=5432432&n=wXkutlKdCWPA4q239AX5&sparams=expire%2Cei%2Cip%2Cid%2Caitags%2Csource%2Crequiressl%2Cvprv%2Cmime%2Cns%2Cgir%2Cclen%2Cdur%2Clmt&lsparams=mh%2Cmm%2Cmn%2Cms%2Cmv%2Cmvi%2Cpl%2Cinitcwndbps&lsig=AG3C_xAwRQIhAL2XonCuvuK-ZMEYSWGyC4fAWcBwD_gbxXpIJhbU4cewAiBTwRwGIrgoZjL8KfC1OZRCLiFIEiubgo8zDjsoeU9NRQ%3D%3D&sig=AOq0QJ8wRQIgbCGEkwUDpgPuTVrLcC0hMFDEpGvHm9LbxjHqz1ZEluQCIQDhJrqVkWru_-e8CbCCCFFrdHFKYuip89McFxwTsstZKg==&ratebypass=yes", "player_url": "/s/player/c6df6ed7/player_ias.vflset/en_US/base.js", "ext": "mp4", "height": 360, "format_note": "360p", "vcodec": "avc1.4d401e", "asr": null, "filesize": 3579712, "fps": 30, "tbr": 204.235, "width": 640, "acodec": "none", "downloader_options": {"http_chunk_size": 10485760}, "format": "134 - 640x360 (360p)", "protocol": "https", "http_headers": {"User-Agent": "Mozilla/5.0 (Windows NT 10.0; Win64; x64) AppleWebKit/537.36 (KHTML, like Gecko) Chrome/72.0.3626.85 Safari/537.36", "Accept-Charset": "ISO-8859-1,utf-8;q=0.7,*;q=0.7", "Accept": "text/html,application/xhtml+xml,application/xml;q=0.9,*/*;q=0.8", "Accept-Encoding": "gzip, deflate", "Accept-Language": "en-us,en;q=0.5"}}, {"format_id": "243", "url": "https://r6---sn-5njj-u2xe.googlevideo.com/videoplayback?expire=1611763230&ei=vjkRYKrmBJGGgAPS7ZaADA&ip=140.109.135.76&id=o-AN4STCM1KB5Lj2CdVZW4-V_OCruxH29DYUKgMqHwzUiD&itag=243&aitags=133%2C134%2C135%2C136%2C137%2C160%2C242%2C243%2C244%2C247%2C248%2C278&source=youtube&requiressl=yes&mh=9T&mm=31%2C29&mn=sn-5njj-u2xe%2Csn-un57sn7s&ms=au%2Crdu&mv=m&mvi=6&pl=16&initcwndbps=540000&vprv=1&mime=video%2Fwebm&ns=CHVDst-knqhnU08cJ47sk6sF&gir=yes&clen=5163480&dur=179.212&lmt=1539994278883516&mt=1611740913&fvip=6&keepalive=yes&beids=9466587&c=WEB&txp=5432432&n=wXkutlKdCWPA4q239AX5&sparams=expire%2Cei%2Cip%2Cid%2Caitags%2Csource%2Crequiressl%2Cvprv%2Cmime%2Cns%2Cgir%2Cclen%2Cdur%2Clmt&lsparams=mh%2Cmm%2Cmn%2Cms%2Cmv%2Cmvi%2Cpl%2Cinitcwndbps&lsig=AG3C_xAwRQIgTD9JCHjtTNWsZ7NMHaW_lArujiggk62ya6onisnAclICIQCjyUs1F-3h0o8kcS_j8wP0G08ZWAdd2zIfeAo-2LfV8A%3D%3D&sig=AOq0QJ8wRQIhAO37psUS5pKd0mArayBNPcTqU17L42T5QlmnW15GeAchAiAVjcH6Qif91t8vUCycWuE9NO-hjFQ8DYLaEZ-hpvX_PQ==&ratebypass=yes", "player_url": "/s/player/c6df6ed7/player_ias.vflset/en_US/base.js", "ext": "webm", "height": 360, "format_note": "360p", "vcodec": "vp9", "asr": null, "filesize": 5163480, "fps": 30, "tbr": 285.657, "width": 640, "acodec": "none", "downloader_options": {"http_chunk_size": 10485760}, "format": "243 - 640x360 (360p)", "protocol": "https", "http_headers": {"User-Agent": "Mozilla/5.0 (Windows NT 10.0; Win64; x64) AppleWebKit/537.36 (KHTML, like Gecko) Chrome/72.0.3626.85 Safari/537.36", "Accept-Charset": "ISO-8859-1,utf-8;q=0.7,*;q=0.7", "Accept": "text/html,application/xhtml+xml,application/xml;q=0.9,*/*;q=0.8", "Accept-Encoding": "gzip, deflate", "Accept-Language": "en-us,en;q=0.5"}}, {"format_id": "135", "url": "https://r6---sn-5njj-u2xe.googlevideo.com/videoplayback?expire=1611763230&ei=vjkRYKrmBJGGgAPS7ZaADA&ip=140.109.135.76&id=o-AN4STCM1KB5Lj2CdVZW4-V_OCruxH29DYUKgMqHwzUiD&itag=135&aitags=133%2C134%2C135%2C136%2C137%2C160%2C242%2C243%2C244%2C247%2C248%2C278&source=youtube&requiressl=yes&mh=9T&mm=31%2C29&mn=sn-5njj-u2xe%2Csn-un57sn7s&ms=au%2Crdu&mv=m&mvi=6&pl=16&initcwndbps=540000&vprv=1&mime=video%2Fmp4&ns=CHVDst-knqhnU08cJ47sk6sF&gir=yes&clen=7375686&dur=179.212&lmt=1539993638748175&mt=1611740913&fvip=6&keepalive=yes&beids=9466587&c=WEB&txp=5432432&n=wXkutlKdCWPA4q239AX5&sparams=expire%2Cei%2Cip%2Cid%2Caitags%2Csource%2Crequiressl%2Cvprv%2Cmime%2Cns%2Cgir%2Cclen%2Cdur%2Clmt&lsparams=mh%2Cmm%2Cmn%2Cms%2Cmv%2Cmvi%2Cpl%2Cinitcwndbps&lsig=AG3C_xAwRAIgFI_4nggB1WtJFirJApsZ25H0mdWi9xBK8CIgXhz2NgECIEBO9FCSe2h5JSk0c6mVKZ8QYMtHbEHFgwdcYX-UQI89&sig=AOq0QJ8wRAIgf3rLWBVHOAm-GoAIdqyFYVzvkz3P1J4L8N23paARelsCIHqNaKfVf8pORQFLyPQORf1ajpfdkyDqFOHWx9TNz1TJ&ratebypass=yes", "player_url": "/s/player/c6df6ed7/player_ias.vflset/en_US/base.js", "ext": "mp4", "height": 480, "format_note": "480p", "vcodec": "avc1.4d401f", "asr": null, "filesize": 7375686, "fps": 30, "tbr": 418.27, "width": 854, "acodec": "none", "downloader_options": {"http_chunk_size": 10485760}, "format": "135 - 854x480 (480p)", "protocol": "https", "http_headers": {"User-Agent": "Mozilla/5.0 (Windows NT 10.0; Win64; x64) AppleWebKit/537.36 (KHTML, like Gecko) Chrome/72.0.3626.85 Safari/537.36", "Accept-Charset": "ISO-8859-1,utf-8;q=0.7,*;q=0.7", "Accept": "text/html,application/xhtml+xml,application/xml;q=0.9,*/*;q=0.8", "Accept-Encoding": "gzip, deflate", "Accept-Language": "en-us,en;q=0.5"}}, {"format_id": "244", "url": "https://r6---sn-5njj-u2xe.googlevideo.com/videoplayback?expire=1611763230&ei=vjkRYKrmBJGGgAPS7ZaADA&ip=140.109.135.76&id=o-AN4STCM1KB5Lj2CdVZW4-V_OCruxH29DYUKgMqHwzUiD&itag=244&aitags=133%2C134%2C135%2C136%2C137%2C160%2C242%2C243%2C244%2C247%2C248%2C278&source=youtube&requiressl=yes&mh=9T&mm=31%2C29&mn=sn-5njj-u2xe%2Csn-un57sn7s&ms=au%2Crdu&mv=m&mvi=6&pl=16&initcwndbps=540000&vprv=1&mime=video%2Fwebm&ns=CHVDst-knqhnU08cJ47sk6sF&gir=yes&clen=8650720&dur=179.212&lmt=1539994278803594&mt=1611740913&fvip=6&keepalive=yes&beids=9466587&c=WEB&txp=5432432&n=wXkutlKdCWPA4q239AX5&sparams=expire%2Cei%2Cip%2Cid%2Caitags%2Csource%2Crequiressl%2Cvprv%2Cmime%2Cns%2Cgir%2Cclen%2Cdur%2Clmt&lsparams=mh%2Cmm%2Cmn%2Cms%2Cmv%2Cmvi%2Cpl%2Cinitcwndbps&lsig=AG3C_xAwRQIhAO0SG1ZHoASnQ3vQiOwcbhk5DiIJcfJeTOBhnCZbl4xmAiAJpp4tBrfWrrFfS-flRvfvdI7lM9IvOtYhr3j81wen7Q%3D%3D&sig=AOq0QJ8wRgIhAMbjpQ_N07xay68IzC8oG2Vqbjiwe-c8SIA4-lmesS9FAiEAzLI_d1ToWHB2KbrNJvcotdMqo7Il_nbVoHLd9j0RkAI=&ratebypass=yes", "player_url": "/s/player/c6df6ed7/player_ias.vflset/en_US/base.js", "ext": "webm", "height": 480, "format_note": "480p", "vcodec": "vp9", "asr": null, "filesize": 8650720, "fps": 30, "tbr": 479.961, "width": 854, "acodec": "none", "downloader_options": {"http_chunk_size": 10485760}, "format": "244 - 854x480 (480p)", "protocol": "https", "http_headers": {"User-Agent": "Mozilla/5.0 (Windows NT 10.0; Win64; x64) AppleWebKit/537.36 (KHTML, like Gecko) Chrome/72.0.3626.85 Safari/537.36", "Accept-Charset": "ISO-8859-1,utf-8;q=0.7,*;q=0.7", "Accept": "text/html,application/xhtml+xml,application/xml;q=0.9,*/*;q=0.8", "Accept-Encoding": "gzip, deflate", "Accept-Language": "en-us,en;q=0.5"}}, {"format_id": "136", "url": "https://r6---sn-5njj-u2xe.googlevideo.com/videoplayback?expire=1611763230&ei=vjkRYKrmBJGGgAPS7ZaADA&ip=140.109.135.76&id=o-AN4STCM1KB5Lj2CdVZW4-V_OCruxH29DYUKgMqHwzUiD&itag=136&aitags=133%2C134%2C135%2C136%2C137%2C160%2C242%2C243%2C244%2C247%2C248%2C278&source=youtube&requiressl=yes&mh=9T&mm=31%2C29&mn=sn-5njj-u2xe%2Csn-un57sn7s&ms=au%2Crdu&mv=m&mvi=6&pl=16&initcwndbps=540000&vprv=1&mime=video%2Fmp4&ns=CHVDst-knqhnU08cJ47sk6sF&gir=yes&clen=13975002&dur=179.212&lmt=1539993638557116&mt=1611740913&fvip=6&keepalive=yes&beids=9466587&c=WEB&txp=5432432&n=wXkutlKdCWPA4q239AX5&sparams=expire%2Cei%2Cip%2Cid%2Caitags%2Csource%2Crequiressl%2Cvprv%2Cmime%2Cns%2Cgir%2Cclen%2Cdur%2Clmt&lsparams=mh%2Cmm%2Cmn%2Cms%2Cmv%2Cmvi%2Cpl%2Cinitcwndbps&lsig=AG3C_xAwRgIhANNRVTPke1vhuRo9UUa8WldW-3Zl6gqbFgnbqNHb9A3EAiEAiiIoS-0zLMf9lGMkFfQhz3y9OkJN2GNvI4SZxBFWdas%3D&sig=AOq0QJ8wRQIgK1OuJD4iIT7i_IsjmaKoUgwq6uoE6NCzy1A8FbixrTYCIQCrMp57F21buGMCqAGtxrIkCI1x2qOCWPG4Vs3EBuYlXw==&ratebypass=yes", "player_url": "/s/player/c6df6ed7/player_ias.vflset/en_US/base.js", "ext": "mp4", "height": 720, "format_note": "720p", "vcodec": "avc1.4d401f", "asr": null, "filesize": 13975002, "fps": 30, "tbr": 781.75, "width": 1280, "acodec": "none", "downloader_options": {"http_chunk_size": 10485760}, "format": "136 - 1280x720 (720p)", "protocol": "https", "http_headers": {"User-Agent": "Mozilla/5.0 (Windows NT 10.0; Win64; x64) AppleWebKit/537.36 (KHTML, like Gecko) Chrome/72.0.3626.85 Safari/537.36", "Accept-Charset": "ISO-8859-1,utf-8;q=0.7,*;q=0.7", "Accept": "text/html,application/xhtml+xml,application/xml;q=0.9,*/*;q=0.8", "Accept-Encoding": "gzip, deflate", "Accept-Language": "en-us,en;q=0.5"}}, {"format_id": "247", "url": "https://r6---sn-5njj-u2xe.googlevideo.com/videoplayback?expire=1611763230&ei=vjkRYKrmBJGGgAPS7ZaADA&ip=140.109.135.76&id=o-AN4STCM1KB5Lj2CdVZW4-V_OCruxH29DYUKgMqHwzUiD&itag=247&aitags=133%2C134%2C135%2C136%2C137%2C160%2C242%2C243%2C244%2C247%2C248%2C278&source=youtube&requiressl=yes&mh=9T&mm=31%2C29&mn=sn-5njj-u2xe%2Csn-un57sn7s&ms=au%2Crdu&mv=m&mvi=6&pl=16&initcwndbps=540000&vprv=1&mime=video%2Fwebm&ns=CHVDst-knqhnU08cJ47sk6sF&gir=yes&clen=17751033&dur=179.212&lmt=1539994278884940&mt=1611740913&fvip=6&keepalive=yes&beids=9466587&c=WEB&txp=5432432&n=wXkutlKdCWPA4q239AX5&sparams=expire%2Cei%2Cip%2Cid%2Caitags%2Csource%2Crequiressl%2Cvprv%2Cmime%2Cns%2Cgir%2Cclen%2Cdur%2Clmt&lsparams=mh%2Cmm%2Cmn%2Cms%2Cmv%2Cmvi%2Cpl%2Cinitcwndbps&lsig=AG3C_xAwRgIhAJEhVtZClVyVTpIuutAy0AnMxqajOEfrD8yXhCOg1ThrAiEApNUHTk9iq_NFdiTZ8mXKIvgsXrZLfnaowNueo_nFvfs%3D&sig=AOq0QJ8wRQIgbAQJRPXv_kmXMvhIeB4tTphD96j8Gokmd7VPi9uqQpYCIQDbLWHgq6xiLR2_ijGwRXZ5MMjw5Lc__FzLQ3Ngizk1Eg==&ratebypass=yes", "player_url": "/s/player/c6df6ed7/player_ias.vflset/en_US/base.js", "ext": "webm", "height": 720, "format_note": "720p", "vcodec": "vp9", "asr": null, "filesize": 17751033, "fps": 30, "tbr": 979.891, "width": 1280, "acodec": "none", "downloader_options": {"http_chunk_size": 10485760}, "format": "247 - 1280x720 (720p)", "protocol": "https", "http_headers": {"User-Agent": "Mozilla/5.0 (Windows NT 10.0; Win64; x64) AppleWebKit/537.36 (KHTML, like Gecko) Chrome/72.0.3626.85 Safari/537.36", "Accept-Charset": "ISO-8859-1,utf-8;q=0.7,*;q=0.7", "Accept": "text/html,application/xhtml+xml,application/xml;q=0.9,*/*;q=0.8", "Accept-Encoding": "gzip, deflate", "Accept-Language": "en-us,en;q=0.5"}}, {"format_id": "137", "url": "https://r6---sn-5njj-u2xe.googlevideo.com/videoplayback?expire=1611763230&ei=vjkRYKrmBJGGgAPS7ZaADA&ip=140.109.135.76&id=o-AN4STCM1KB5Lj2CdVZW4-V_OCruxH29DYUKgMqHwzUiD&itag=137&aitags=133%2C134%2C135%2C136%2C137%2C160%2C242%2C243%2C244%2C247%2C248%2C278&source=youtube&requiressl=yes&mh=9T&mm=31%2C29&mn=sn-5njj-u2xe%2Csn-un57sn7s&ms=au%2Crdu&mv=m&mvi=6&pl=16&initcwndbps=540000&vprv=1&mime=video%2Fmp4&ns=CHVDst-knqhnU08cJ47sk6sF&gir=yes&clen=26818596&dur=179.212&lmt=1539993624878845&mt=1611740913&fvip=6&keepalive=yes&beids=9466587&c=WEB&txp=5432432&n=wXkutlKdCWPA4q239AX5&sparams=expire%2Cei%2Cip%2Cid%2Caitags%2Csource%2Crequiressl%2Cvprv%2Cmime%2Cns%2Cgir%2Cclen%2Cdur%2Clmt&lsparams=mh%2Cmm%2Cmn%2Cms%2Cmv%2Cmvi%2Cpl%2Cinitcwndbps&lsig=AG3C_xAwRQIgdnK3udO-PGqpd6G33XzjUHEesKlB2YIMZfMp7mefDmQCIQDuvmGXKi7tllLDOTo0PbC6YCHG9wewV6I6JRMbGmoYpw%3D%3D&sig=AOq0QJ8wRAIgRenRhzz6nFI0bwkNYy72IdjNkxVG7SohcFlFeItUkMwCIErLFBf0ejj6miUidWHZdDNoDumaZOb4HH3M2iAuKz77&ratebypass=yes", "player_url": "/s/player/c6df6ed7/player_ias.vflset/en_US/base.js", "ext": "mp4", "height": 1080, "format_note": "1080p", "vcodec": "avc1.640028", "asr": null, "filesize": 26818596, "fps": 30, "tbr": 1492.259, "width": 1920, "acodec": "none", "downloader_options": {"http_chunk_size": 10485760}, "format": "137 - 1920x1080 (1080p)", "protocol": "https", "http_headers": {"User-Agent": "Mozilla/5.0 (Windows NT 10.0; Win64; x64) AppleWebKit/537.36 (KHTML, like Gecko) Chrome/72.0.3626.85 Safari/537.36", "Accept-Charset": "ISO-8859-1,utf-8;q=0.7,*;q=0.7", "Accept": "text/html,application/xhtml+xml,application/xml;q=0.9,*/*;q=0.8", "Accept-Encoding": "gzip, deflate", "Accept-Language": "en-us,en;q=0.5"}}, {"format_id": "248", "url": "https://r6---sn-5njj-u2xe.googlevideo.com/videoplayback?expire=1611763230&ei=vjkRYKrmBJGGgAPS7ZaADA&ip=140.109.135.76&id=o-AN4STCM1KB5Lj2CdVZW4-V_OCruxH29DYUKgMqHwzUiD&itag=248&aitags=133%2C134%2C135%2C136%2C137%2C160%2C242%2C243%2C244%2C247%2C248%2C278&source=youtube&requiressl=yes&mh=9T&mm=31%2C29&mn=sn-5njj-u2xe%2Csn-un57sn7s&ms=au%2Crdu&mv=m&mvi=6&pl=16&initcwndbps=540000&vprv=1&mime=video%2Fwebm&ns=CHVDst-knqhnU08cJ47sk6sF&gir=yes&clen=33503954&dur=179.212&lmt=1539994145193954&mt=1611740913&fvip=6&keepalive=yes&beids=9466587&c=WEB&txp=5432432&n=wXkutlKdCWPA4q239AX5&sparams=expire%2Cei%2Cip%2Cid%2Caitags%2Csource%2Crequiressl%2Cvprv%2Cmime%2Cns%2Cgir%2Cclen%2Cdur%2Clmt&lsparams=mh%2Cmm%2Cmn%2Cms%2Cmv%2Cmvi%2Cpl%2Cinitcwndbps&lsig=AG3C_xAwRQIhAPeVnoRYO2Bwyu36RnIXnnqyvGR3njkkijxhWvS43iKCAiBD-H5m4hvrJo4ghHpMfkCMhsjVtkylOW35T_QvzM71Tg%3D%3D&sig=AOq0QJ8wRQIgQBPHqXJDDW8oOcg_oTCjgAuoOpaeQrXeiAyUwv9_4fsCIQCQaSNRzB7mqOPbKWQgbPLbKua0JeJLomi1Exy85wLe1w==&ratebypass=yes", "player_url": "/s/player/c6df6ed7/player_ias.vflset/en_US/base.js", "ext": "webm", "height": 1080, "format_note": "1080p", "vcodec": "vp9", "asr": null, "filesize": 33503954, "fps": 30, "tbr": 1822.727, "width": 1920, "acodec": "none", "downloader_options": {"http_chunk_size": 10485760}, "format": "248 - 1920x1080 (1080p)", "protocol": "https", "http_headers": {"User-Agent": "Mozilla/5.0 (Windows NT 10.0; Win64; x64) AppleWebKit/537.36 (KHTML, like Gecko) Chrome/72.0.3626.85 Safari/537.36", "Accept-Charset": "ISO-8859-1,utf-8;q=0.7,*;q=0.7", "Accept": "text/html,application/xhtml+xml,application/xml;q=0.9,*/*;q=0.8", "Accept-Encoding": "gzip, deflate", "Accept-Language": "en-us,en;q=0.5"}}, {"format_id": "18", "url": "https://r6---sn-5njj-u2xe.googlevideo.com/videoplayback?expire=1611763230&ei=vjkRYKrmBJGGgAPS7ZaADA&ip=140.109.135.76&id=o-AN4STCM1KB5Lj2CdVZW4-V_OCruxH29DYUKgMqHwzUiD&itag=18&source=youtube&requiressl=yes&mh=9T&mm=31%2C29&mn=sn-5njj-u2xe%2Csn-un57sn7s&ms=au%2Crdu&mv=m&mvi=6&pl=16&initcwndbps=540000&vprv=1&mime=video%2Fmp4&ns=MGVAd7yfQsn4edwcKg5MXsYF&gir=yes&clen=9574092&ratebypass=yes&dur=179.281&lmt=1539993741390630&mt=1611740913&fvip=6&beids=9466587&c=WEB&txp=5431432&n=ecxeD6VwUPLicpCJprXA&sparams=expire%2Cei%2Cip%2Cid%2Citag%2Csource%2Crequiressl%2Cvprv%2Cmime%2Cns%2Cgir%2Cclen%2Cratebypass%2Cdur%2Clmt&lsparams=mh%2Cmm%2Cmn%2Cms%2Cmv%2Cmvi%2Cpl%2Cinitcwndbps&lsig=AG3C_xAwRQIhANsCKpytl9odIoKPcXiOa-MzzKtUTq6d3AFEFi-IyTcEAiAkxieh73xDGNF1cB4V8Dw9w7z_RvsvPQNzxv0F7l3eGw%3D%3D&sig=AOq0QJ8wRQIgPEjhuZRB6OjAC4wcD8RWHdiRQKRL7aFRBGYS-V6CFU8CIQCNaF7G8bKKEEe4D6Sj2Qp41Iz5CVEFl6t8vUdbnkZZ5w==", "player_url": "/s/player/c6df6ed7/player_ias.vflset/en_US/base.js", "ext": "mp4", "width": 640, "height": 360, "acodec": "mp4a.40.2", "abr": 96, "vcodec": "avc1.42001E", "asr": 44100, "filesize": 9574092, "format_note": "360p", "fps": 30, "tbr": 427.386, "format": "18 - 640x360 (360p)", "protocol": "https", "http_headers": {"User-Agent": "Mozilla/5.0 (Windows NT 10.0; Win64; x64) AppleWebKit/537.36 (KHTML, like Gecko) Chrome/72.0.3626.85 Safari/537.36", "Accept-Charset": "ISO-8859-1,utf-8;q=0.7,*;q=0.7", "Accept": "text/html,application/xhtml+xml,application/xml;q=0.9,*/*;q=0.8", "Accept-Encoding": "gzip, deflate", "Accept-Language": "en-us,en;q=0.5"}}], "is_live": null, "start_time": null, "end_time": null, "series": null, "season_number": null, "episode_number": null, "track": "Love Scenario", "artist": "FunGuyPiano", "album": null, "release_date": null, "release_year": null, "extractor": "youtube", "webpage_url_basename": "watch", "extractor_key": "Youtube", "playlist": null, "playlist_index": null, "thumbnail": "https://i.ytimg.com/vi_webp/WmragYD8rwo/maxresdefault.webp", "display_id": "WmragYD8rwo", "requested_subtitles": null, "format_id": "251", "url": "https://r6---sn-5njj-u2xe.googlevideo.com/videoplayback?expire=1611763230&ei=vjkRYKrmBJGGgAPS7ZaADA&ip=140.109.135.76&id=o-AN4STCM1KB5Lj2CdVZW4-V_OCruxH29DYUKgMqHwzUiD&itag=251&source=youtube&requiressl=yes&mh=9T&mm=31%2C29&mn=sn-5njj-u2xe%2Csn-un57sn7s&ms=au%2Crdu&mv=m&mvi=6&pl=16&initcwndbps=540000&vprv=1&mime=audio%2Fwebm&ns=CHVDst-knqhnU08cJ47sk6sF&gir=yes&clen=3334481&dur=179.241&lmt=1539995067073088&mt=1611740913&fvip=6&keepalive=yes&beids=9466587&c=WEB&txp=5411222&n=wXkutlKdCWPA4q239AX5&sparams=expire%2Cei%2Cip%2Cid%2Citag%2Csource%2Crequiressl%2Cvprv%2Cmime%2Cns%2Cgir%2Cclen%2Cdur%2Clmt&lsparams=mh%2Cmm%2Cmn%2Cms%2Cmv%2Cmvi%2Cpl%2Cinitcwndbps&lsig=AG3C_xAwRAIgXroMMAcvZqQOtvZQLMWxINphf4kxtTBFkaA_AkVyxdICIDCIW6E8mLiQC4HEpnXFcMzOU8epk_xUC61FZjUBJJn3&sig=AOq0QJ8wRgIhAMvK8w1qv2VMRXZHrtTCs0PtLb2nCzjbjGyJ_EeokWY2AiEAu-WGDkDTx5GXh1-PAGbh9iFm9SjeUYkg6DFXnUZaZ34=&ratebypass=yes", "player_url": "/s/player/c6df6ed7/player_ias.vflset/en_US/base.js", "ext": "webm", "format_note": "tiny", "acodec": "opus", "abr": 160, "asr": 48000, "filesize": 3334481, "fps": null, "height": null, "tbr": 160.497, "width": null, "vcodec": "none", "downloader_options": {"http_chunk_size": 10485760}, "format": "251 - audio only (tiny)", "protocol": "https", "http_headers": {"User-Agent": "Mozilla/5.0 (Windows NT 10.0; Win64; x64) AppleWebKit/537.36 (KHTML, like Gecko) Chrome/72.0.3626.85 Safari/537.36", "Accept-Charset": "ISO-8859-1,utf-8;q=0.7,*;q=0.7", "Accept": "text/html,application/xhtml+xml,application/xml;q=0.9,*/*;q=0.8", "Accept-Encoding": "gzip, deflate", "Accept-Language": "en-us,en;q=0.5"}}