{"id": "Xsn9zT-05ns", "uploader": "Francesco Parrino", "uploader_id": "FrancescoParrino", "uploader_url": "http://www.youtube.com/user/FrancescoParrino", "channel_id": "UCQ8THdZnqPVoLN9zuT-pjBg", "channel_url": "http://www.youtube.com/channel/UCQ8THdZnqPVoLN9zuT-pjBg", "upload_date": "20190711", "license": null, "creator": null, "title": "The Lion King 2019 - Hakuna Matata | Piano Cover + Sheet Music", "alt_title": null, "thumbnails": [{"url": "https://i.ytimg.com/vi/Xsn9zT-05ns/hqdefault.jpg?sqp=-oaymwEYCKgBEF5IVfKriqkDCwgBFQAAiEIYAXAB&rs=AOn4CLBhPdHh8JxKMtBcgtLz6Z8oWoRkrQ", "width": 168, "height": 94, "resolution": "168x94", "id": "0"}, {"url": "https://i.ytimg.com/vi/Xsn9zT-05ns/hqdefault.jpg?sqp=-oaymwEYCMQBEG5IVfKriqkDCwgBFQAAiEIYAXAB&rs=AOn4CLBN-BSh0GuM6BorTgM28pa_p3Ljlg", "width": 196, "height": 110, "resolution": "196x110", "id": "1"}, {"url": "https://i.ytimg.com/vi/Xsn9zT-05ns/hqdefault.jpg?sqp=-oaymwEZCPYBEIoBSFXyq4qpAwsIARUAAIhCGAFwAQ==&rs=AOn4CLAsC6bdaEjhqpP9YH6phBrNSDG-AQ", "width": 246, "height": 138, "resolution": "246x138", "id": "2"}, {"url": "https://i.ytimg.com/vi/Xsn9zT-05ns/hqdefault.jpg?sqp=-oaymwEZCNACELwBSFXyq4qpAwsIARUAAIhCGAFwAQ==&rs=AOn4CLDDdmBC-dHBlD06gnvtv2TzJHAp4w", "width": 336, "height": 188, "resolution": "336x188", "id": "3"}, {"url": "https://i.ytimg.com/vi_webp/Xsn9zT-05ns/maxresdefault.webp", "width": 1920, "height": 1080, "resolution": "1920x1080", "id": "4"}], "description": "\u266b SHEET MUSIC is Available Here: http://bit.ly/FPM_HakunaMatata\n\ud83d\udc4d Thumbs up, SUBSCRIBE and click the \ud83d\udd14 for more contents: https://bit.ly/FPSubscribe\n\ud83c\udfb9 Want to learn the piano? This is the app for you! https://bit.ly/FPM_Skoove\n\nIt means no worries, for the rest of your days! It's our problem-free philosphy! #HakunaMatata\n\n\u25cf Check my TUTORIAL of this arrangement here: https://youtu.be/SPCYDTpBcKc\n\nThis song is available on:\n\ud83c\udfa7 Spotify: https://bit.ly/FPM_TC7_S \n\ud83c\udfa7 iTunes: https://bit.ly/FPM_TC7_iTAM \n\ud83c\udfa7 Amazon Music: https://bit.ly/FPM_TC7_AM\n\ud83c\udfa7 Deezer: https://bit.ly/FPM_TC7_DZ\n\ud83c\udfa7 Youtube Music: https://bit.ly/FPM_TC7_YM\n\n\u25cf TUTORIALS, Extras, Bloopers, Live: http://bit.ly/FPM_TutorialsExtras\n\u25cf All my SCORES: http://bit.ly/FPM_SheetMusic\n\u25cf Full Discography: http://bit.ly/FPM_Discography\n\u25cf Website: http://bit.ly/FrancescoParrinoMusic\n\u25cf MIDI files: http://bit.ly/FPM_Media\n\u25cf Check my new Classical Channel: https://bit.ly/FPM_ClassicalSub\n\n\u25cf Let's connect on Facebook: http://bit.ly/FPM-Facebook\n\u25cf Or Instagram: http://bit.ly/FPM-Instagram\n\n#TheLionKing2019 #HakunaMatata #SheetMusic", "categories": ["Music"], "tags": ["The Lion King", "Hakuna Matata", "Disney", "2019", "Soundtrack", "Piano", "Cover", "Arrangement", "Francesco Parrino", "Sheet Music", "Score", "MIDI", "Movie", "Hans Zimmer", "Live", "Instrumental"], "subtitles": {}, "automatic_captions": {}, "duration": 210, "age_limit": 0, "annotations": null, "chapters": null, "webpage_url": "https://www.youtube.com/watch?v=Xsn9zT-05ns", "view_count": 337950, "like_count": 9192, "dislike_count": 66, "average_rating": 4.9714842, "formats": [{"format_id": "249", "url": "https://r2---sn-5njj-u2xl.googlevideo.com/videoplayback?expire=1612167724&ei=zGUXYLGgB8_TrQT2nKuwBQ&ip=140.109.135.76&id=o-AORB2E5A-hwX091bioiBk0E-AaMKvtP6QxPHoXKMMD9g&itag=249&source=youtube&requiressl=yes&mh=si&mm=31%2C29&mn=sn-5njj-u2xl%2Csn-un57en7e&ms=au%2Crdu&mv=m&mvi=2&pl=16&initcwndbps=422500&vprv=1&mime=audio%2Fwebm&ns=0nBoubrEjihny2tlTjjfiCEF&gir=yes&clen=1535862&dur=210.021&lmt=1562840448293155&mt=1612145803&fvip=2&keepalive=yes&c=WEB&txp=2301222&n=hWj3OEvjge0Oq8RYJ&sparams=expire%2Cei%2Cip%2Cid%2Citag%2Csource%2Crequiressl%2Cvprv%2Cmime%2Cns%2Cgir%2Cclen%2Cdur%2Clmt&lsparams=mh%2Cmm%2Cmn%2Cms%2Cmv%2Cmvi%2Cpl%2Cinitcwndbps&lsig=AG3C_xAwRQIgamCJETzpdN7O6BYlQUu3aCSpyPB9URWpubhw-YQOf4YCIQDz2PR5XpE6qfi6S4vSR-I_rwA8N5pAmco2a7rD_rq8oQ%3D%3D&sig=AOq0QJ8wRQIhAOXswtS-3tUE4eL1VV5K-U_nVclPOyVRpIq_2TsketFAAiBzdIIXz3_ZW0j4pFdo-pxCCPmq92xl8aFxGpFmf1PUHA==&ratebypass=yes", "player_url": "/s/player/7bc032d0/player_ias.vflset/en_US/base.js", "ext": "webm", "format_note": "tiny", "acodec": "opus", "abr": 50, "asr": 48000, "filesize": 1535862, "fps": null, "height": null, "tbr": 64.472, "width": null, "vcodec": "none", "downloader_options": {"http_chunk_size": 10485760}, "format": "249 - audio only (tiny)", "protocol": "https", "http_headers": {"User-Agent": "Mozilla/5.0 (Windows NT 10.0; Win64; x64) AppleWebKit/537.36 (KHTML, like Gecko) Chrome/70.0.3538.79 Safari/537.36", "Accept-Charset": "ISO-8859-1,utf-8;q=0.7,*;q=0.7", "Accept": "text/html,application/xhtml+xml,application/xml;q=0.9,*/*;q=0.8", "Accept-Encoding": "gzip, deflate", "Accept-Language": "en-us,en;q=0.5"}}, {"format_id": "250", "url": "https://r2---sn-5njj-u2xl.googlevideo.com/videoplayback?expire=1612167724&ei=zGUXYLGgB8_TrQT2nKuwBQ&ip=140.109.135.76&id=o-AORB2E5A-hwX091bioiBk0E-AaMKvtP6QxPHoXKMMD9g&itag=250&source=youtube&requiressl=yes&mh=si&mm=31%2C29&mn=sn-5njj-u2xl%2Csn-un57en7e&ms=au%2Crdu&mv=m&mvi=2&pl=16&initcwndbps=422500&vprv=1&mime=audio%2Fwebm&ns=0nBoubrEjihny2tlTjjfiCEF&gir=yes&clen=2049415&dur=210.021&lmt=1562840447399060&mt=1612145803&fvip=2&keepalive=yes&c=WEB&txp=2301222&n=hWj3OEvjge0Oq8RYJ&sparams=expire%2Cei%2Cip%2Cid%2Citag%2Csource%2Crequiressl%2Cvprv%2Cmime%2Cns%2Cgir%2Cclen%2Cdur%2Clmt&lsparams=mh%2Cmm%2Cmn%2Cms%2Cmv%2Cmvi%2Cpl%2Cinitcwndbps&lsig=AG3C_xAwRAIgdeqsCRbxY2vcQCFp87yeVumXBqxDex3W8QM8mjemeWkCIA7Vnsk6wojU1fonZW5DFg40HdE-WEa59zCtXL0J4Ps5&sig=AOq0QJ8wRAIgP1J1gXTSdOv9av8V7PWuNxE207t3gNyCjT9rfX93vyECIDGSPY69A5zDeMAO4Vaa4Coivq1A-qy3DzTXLhaonQxx&ratebypass=yes", "player_url": "/s/player/7bc032d0/player_ias.vflset/en_US/base.js", "ext": "webm", "format_note": "tiny", "acodec": "opus", "abr": 70, "asr": 48000, "filesize": 2049415, "fps": null, "height": null, "tbr": 85.327, "width": null, "vcodec": "none", "downloader_options": {"http_chunk_size": 10485760}, "format": "250 - audio only (tiny)", "protocol": "https", "http_headers": {"User-Agent": "Mozilla/5.0 (Windows NT 10.0; Win64; x64) AppleWebKit/537.36 (KHTML, like Gecko) Chrome/70.0.3538.79 Safari/537.36", "Accept-Charset": "ISO-8859-1,utf-8;q=0.7,*;q=0.7", "Accept": "text/html,application/xhtml+xml,application/xml;q=0.9,*/*;q=0.8", "Accept-Encoding": "gzip, deflate", "Accept-Language": "en-us,en;q=0.5"}}, {"format_id": "140", "url": "https://r2---sn-5njj-u2xl.googlevideo.com/videoplayback?expire=1612167724&ei=zGUXYLGgB8_TrQT2nKuwBQ&ip=140.109.135.76&id=o-AORB2E5A-hwX091bioiBk0E-AaMKvtP6QxPHoXKMMD9g&itag=140&source=youtube&requiressl=yes&mh=si&mm=31%2C29&mn=sn-5njj-u2xl%2Csn-un57en7e&ms=au%2Crdu&mv=m&mvi=2&pl=16&initcwndbps=422500&vprv=1&mime=audio%2Fmp4&ns=0nBoubrEjihny2tlTjjfiCEF&gir=yes&clen=3400163&dur=210.047&lmt=1562837827448632&mt=1612145803&fvip=2&keepalive=yes&c=WEB&txp=2311222&n=hWj3OEvjge0Oq8RYJ&sparams=expire%2Cei%2Cip%2Cid%2Citag%2Csource%2Crequiressl%2Cvprv%2Cmime%2Cns%2Cgir%2Cclen%2Cdur%2Clmt&lsparams=mh%2Cmm%2Cmn%2Cms%2Cmv%2Cmvi%2Cpl%2Cinitcwndbps&lsig=AG3C_xAwRgIhAKE4_VFUjLqQG3CWnmKDOUnM-F5Sc7-idoSFNRk1H-gTAiEA4ahMQ1Lr1q-DpnTD6u_qS9lsoprm_87tbxebYEmDmK0%3D&sig=AOq0QJ8wRQIgAth9ebEZ6UwGD9rtw9EACnSFOIhfj7swiIvXBGpxHuICIQDw815qf2lWR-0Pzl3i3Ksii0br6a0Jl182ruH5yyVmAQ==&ratebypass=yes", "player_url": "/s/player/7bc032d0/player_ias.vflset/en_US/base.js", "ext": "m4a", "format_note": "tiny", "acodec": "mp4a.40.2", "abr": 128, "container": "m4a_dash", "asr": 44100, "filesize": 3400163, "fps": null, "height": null, "tbr": 131.44, "width": null, "vcodec": "none", "downloader_options": {"http_chunk_size": 10485760}, "format": "140 - audio only (tiny)", "protocol": "https", "http_headers": {"User-Agent": "Mozilla/5.0 (Windows NT 10.0; Win64; x64) AppleWebKit/537.36 (KHTML, like Gecko) Chrome/70.0.3538.79 Safari/537.36", "Accept-Charset": "ISO-8859-1,utf-8;q=0.7,*;q=0.7", "Accept": "text/html,application/xhtml+xml,application/xml;q=0.9,*/*;q=0.8", "Accept-Encoding": "gzip, deflate", "Accept-Language": "en-us,en;q=0.5"}}, {"format_id": "251", "url": "https://r2---sn-5njj-u2xl.googlevideo.com/videoplayback?expire=1612167724&ei=zGUXYLGgB8_TrQT2nKuwBQ&ip=140.109.135.76&id=o-AORB2E5A-hwX091bioiBk0E-AaMKvtP6QxPHoXKMMD9g&itag=251&source=youtube&requiressl=yes&mh=si&mm=31%2C29&mn=sn-5njj-u2xl%2Csn-un57en7e&ms=au%2Crdu&mv=m&mvi=2&pl=16&initcwndbps=422500&vprv=1&mime=audio%2Fwebm&ns=0nBoubrEjihny2tlTjjfiCEF&gir=yes&clen=3935460&dur=210.021&lmt=1562840451286986&mt=1612145803&fvip=2&keepalive=yes&c=WEB&txp=2301222&n=hWj3OEvjge0Oq8RYJ&sparams=expire%2Cei%2Cip%2Cid%2Citag%2Csource%2Crequiressl%2Cvprv%2Cmime%2Cns%2Cgir%2Cclen%2Cdur%2Clmt&lsparams=mh%2Cmm%2Cmn%2Cms%2Cmv%2Cmvi%2Cpl%2Cinitcwndbps&lsig=AG3C_xAwRQIgGGTskM7K8rXItRbe8Ah6H-y6BUQR-oZqCX3jWTkdeYkCIQDJ2LmbjdIogQtiZuz4uVGSGB95_ie2naZ4crVGDAHXtA%3D%3D&sig=AOq0QJ8wRgIhAIcstdA3rbHUBRgjHjbKyiTqOTS77xuk8C8S5bKwirBRAiEAvnlvu29siiAQakHn_bFThK2_RRkHnRyGN3lhe33T7ds=&ratebypass=yes", "player_url": "/s/player/7bc032d0/player_ias.vflset/en_US/base.js", "ext": "webm", "format_note": "tiny", "acodec": "opus", "abr": 160, "asr": 48000, "filesize": 3935460, "fps": null, "height": null, "tbr": 160.774, "width": null, "vcodec": "none", "downloader_options": {"http_chunk_size": 10485760}, "format": "251 - audio only (tiny)", "protocol": "https", "http_headers": {"User-Agent": "Mozilla/5.0 (Windows NT 10.0; Win64; x64) AppleWebKit/537.36 (KHTML, like Gecko) Chrome/70.0.3538.79 Safari/537.36", "Accept-Charset": "ISO-8859-1,utf-8;q=0.7,*;q=0.7", "Accept": "text/html,application/xhtml+xml,application/xml;q=0.9,*/*;q=0.8", "Accept-Encoding": "gzip, deflate", "Accept-Language": "en-us,en;q=0.5"}}, {"format_id": "278", "url": "https://r2---sn-5njj-u2xl.googlevideo.com/videoplayback?expire=1612167724&ei=zGUXYLGgB8_TrQT2nKuwBQ&ip=140.109.135.76&id=o-AORB2E5A-hwX091bioiBk0E-AaMKvtP6QxPHoXKMMD9g&itag=278&aitags=133%2C134%2C135%2C136%2C137%2C160%2C242%2C243%2C244%2C247%2C248%2C278&source=youtube&requiressl=yes&mh=si&mm=31%2C29&mn=sn-5njj-u2xl%2Csn-un57en7e&ms=au%2Crdu&mv=m&mvi=2&pl=16&initcwndbps=422500&vprv=1&mime=video%2Fwebm&ns=0nBoubrEjihny2tlTjjfiCEF&gir=yes&clen=2198344&dur=210.000&lmt=1562837838231628&mt=1612145803&fvip=2&keepalive=yes&c=WEB&txp=2316222&n=hWj3OEvjge0Oq8RYJ&sparams=expire%2Cei%2Cip%2Cid%2Caitags%2Csource%2Crequiressl%2Cvprv%2Cmime%2Cns%2Cgir%2Cclen%2Cdur%2Clmt&lsparams=mh%2Cmm%2Cmn%2Cms%2Cmv%2Cmvi%2Cpl%2Cinitcwndbps&lsig=AG3C_xAwRQIgI12XngZexHVTYNcE_DOiaAu-LrkO4B9jA1AnfxCg1BsCIQCBl8l6j-8NOrIhKiHFuhjMww2E-u5Hpf0o15Byu6j21Q%3D%3D&sig=AOq0QJ8wRQIhALCiYyGH6T8dbtRawJpwkN1yQuvKDWLd6Abu8tgEW1BFAiA4e_bo63P4sAuS2Dvwdmds3G2rsVfbaVNGG_WqnHamkA==&ratebypass=yes", "player_url": "/s/player/7bc032d0/player_ias.vflset/en_US/base.js", "ext": "webm", "height": 144, "format_note": "144p", "container": "webm", "vcodec": "vp9", "asr": null, "filesize": 2198344, "fps": 25, "tbr": 87.032, "width": 256, "acodec": "none", "downloader_options": {"http_chunk_size": 10485760}, "format": "278 - 256x144 (144p)", "protocol": "https", "http_headers": {"User-Agent": "Mozilla/5.0 (Windows NT 10.0; Win64; x64) AppleWebKit/537.36 (KHTML, like Gecko) Chrome/70.0.3538.79 Safari/537.36", "Accept-Charset": "ISO-8859-1,utf-8;q=0.7,*;q=0.7", "Accept": "text/html,application/xhtml+xml,application/xml;q=0.9,*/*;q=0.8", "Accept-Encoding": "gzip, deflate", "Accept-Language": "en-us,en;q=0.5"}}, {"format_id": "160", "url": "https://r2---sn-5njj-u2xl.googlevideo.com/videoplayback?expire=1612167724&ei=zGUXYLGgB8_TrQT2nKuwBQ&ip=140.109.135.76&id=o-AORB2E5A-hwX091bioiBk0E-AaMKvtP6QxPHoXKMMD9g&itag=160&aitags=133%2C134%2C135%2C136%2C137%2C160%2C242%2C243%2C244%2C247%2C248%2C278&source=youtube&requiressl=yes&mh=si&mm=31%2C29&mn=sn-5njj-u2xl%2Csn-un57en7e&ms=au%2Crdu&mv=m&mvi=2&pl=16&initcwndbps=422500&vprv=1&mime=video%2Fmp4&ns=0nBoubrEjihny2tlTjjfiCEF&gir=yes&clen=2337495&dur=210.000&lmt=1562837844039858&mt=1612145803&fvip=2&keepalive=yes&c=WEB&txp=2316222&n=hWj3OEvjge0Oq8RYJ&sparams=expire%2Cei%2Cip%2Cid%2Caitags%2Csource%2Crequiressl%2Cvprv%2Cmime%2Cns%2Cgir%2Cclen%2Cdur%2Clmt&lsparams=mh%2Cmm%2Cmn%2Cms%2Cmv%2Cmvi%2Cpl%2Cinitcwndbps&lsig=AG3C_xAwRgIhAJJGeofZGYuqOxCSqrUAIc1ZVbPZDPKUR_nuolbLeO-iAiEAoN8Bkv3BRzfHWdi7Dz1O7xmahwTgmfl-xspS6B67VPI%3D&sig=AOq0QJ8wRQIgFD0y69ua7LgR_4s9zM1DXjkJ5hZcq9Lndh0P3npAbMQCIQD4cndzStPUlCID84Cs9P1MdJ9AeI6Poj-DKNEX7nwxfQ==&ratebypass=yes", "player_url": "/s/player/7bc032d0/player_ias.vflset/en_US/base.js", "ext": "mp4", "height": 144, "format_note": "144p", "vcodec": "avc1.4d400c", "asr": null, "filesize": 2337495, "fps": 25, "tbr": 107.331, "width": 256, "acodec": "none", "downloader_options": {"http_chunk_size": 10485760}, "format": "160 - 256x144 (144p)", "protocol": "https", "http_headers": {"User-Agent": "Mozilla/5.0 (Windows NT 10.0; Win64; x64) AppleWebKit/537.36 (KHTML, like Gecko) Chrome/70.0.3538.79 Safari/537.36", "Accept-Charset": "ISO-8859-1,utf-8;q=0.7,*;q=0.7", "Accept": "text/html,application/xhtml+xml,application/xml;q=0.9,*/*;q=0.8", "Accept-Encoding": "gzip, deflate", "Accept-Language": "en-us,en;q=0.5"}}, {"format_id": "242", "url": "https://r2---sn-5njj-u2xl.googlevideo.com/videoplayback?expire=1612167724&ei=zGUXYLGgB8_TrQT2nKuwBQ&ip=140.109.135.76&id=o-AORB2E5A-hwX091bioiBk0E-AaMKvtP6QxPHoXKMMD9g&itag=242&aitags=133%2C134%2C135%2C136%2C137%2C160%2C242%2C243%2C244%2C247%2C248%2C278&source=youtube&requiressl=yes&mh=si&mm=31%2C29&mn=sn-5njj-u2xl%2Csn-un57en7e&ms=au%2Crdu&mv=m&mvi=2&pl=16&initcwndbps=422500&vprv=1&mime=video%2Fwebm&ns=0nBoubrEjihny2tlTjjfiCEF&gir=yes&clen=4075477&dur=210.000&lmt=1562837838278536&mt=1612145803&fvip=2&keepalive=yes&c=WEB&txp=2316222&n=hWj3OEvjge0Oq8RYJ&sparams=expire%2Cei%2Cip%2Cid%2Caitags%2Csource%2Crequiressl%2Cvprv%2Cmime%2Cns%2Cgir%2Cclen%2Cdur%2Clmt&lsparams=mh%2Cmm%2Cmn%2Cms%2Cmv%2Cmvi%2Cpl%2Cinitcwndbps&lsig=AG3C_xAwRQIhAI7evik7Ss1Wu46CKeLxOOl3neispxsG5T0PsogZKW_fAiAgcqXwzmrs8kQtCuNMag6ijUfs3_Y0YIXGqy1AVe6eEA%3D%3D&sig=AOq0QJ8wRgIhANUAd3ZJ29czhReZrKu78nagS7_-rbXeniLgxQFswxrGAiEAi9pAJ87B11bCjDwicQhuUhTPbyL-VLBo-KW-qURTiQc=&ratebypass=yes", "player_url": "/s/player/7bc032d0/player_ias.vflset/en_US/base.js", "ext": "webm", "height": 240, "format_note": "240p", "vcodec": "vp9", "asr": null, "filesize": 4075477, "fps": 25, "tbr": 174.776, "width": 426, "acodec": "none", "downloader_options": {"http_chunk_size": 10485760}, "format": "242 - 426x240 (240p)", "protocol": "https", "http_headers": {"User-Agent": "Mozilla/5.0 (Windows NT 10.0; Win64; x64) AppleWebKit/537.36 (KHTML, like Gecko) Chrome/70.0.3538.79 Safari/537.36", "Accept-Charset": "ISO-8859-1,utf-8;q=0.7,*;q=0.7", "Accept": "text/html,application/xhtml+xml,application/xml;q=0.9,*/*;q=0.8", "Accept-Encoding": "gzip, deflate", "Accept-Language": "en-us,en;q=0.5"}}, {"format_id": "133", "url": "https://r2---sn-5njj-u2xl.googlevideo.com/videoplayback?expire=1612167724&ei=zGUXYLGgB8_TrQT2nKuwBQ&ip=140.109.135.76&id=o-AORB2E5A-hwX091bioiBk0E-AaMKvtP6QxPHoXKMMD9g&itag=133&aitags=133%2C134%2C135%2C136%2C137%2C160%2C242%2C243%2C244%2C247%2C248%2C278&source=youtube&requiressl=yes&mh=si&mm=31%2C29&mn=sn-5njj-u2xl%2Csn-un57en7e&ms=au%2Crdu&mv=m&mvi=2&pl=16&initcwndbps=422500&vprv=1&mime=video%2Fmp4&ns=0nBoubrEjihny2tlTjjfiCEF&gir=yes&clen=5301694&dur=210.000&lmt=1562837844032406&mt=1612145803&fvip=2&keepalive=yes&c=WEB&txp=2316222&n=hWj3OEvjge0Oq8RYJ&sparams=expire%2Cei%2Cip%2Cid%2Caitags%2Csource%2Crequiressl%2Cvprv%2Cmime%2Cns%2Cgir%2Cclen%2Cdur%2Clmt&lsparams=mh%2Cmm%2Cmn%2Cms%2Cmv%2Cmvi%2Cpl%2Cinitcwndbps&lsig=AG3C_xAwRAIgEI9dmeAAzVGhjq7DCAmAlPwvDZxIYpA0AHAWXGOP_NYCIA6_MKHnBvU9xv8ohdikaOoCghj1PnQk6x6n4LTEx61V&sig=AOq0QJ8wRQIgHN0_PLNnbMj02O0xX9ULnh_TlsioFX3XwBrbfcm2oJoCIQDS0dJy4LW4TVPcstTQBew2EJGK7lKqCI7VM84-iyveYg==&ratebypass=yes", "player_url": "/s/player/7bc032d0/player_ias.vflset/en_US/base.js", "ext": "mp4", "height": 240, "format_note": "240p", "vcodec": "avc1.4d4015", "asr": null, "filesize": 5301694, "fps": 25, "tbr": 242.956, "width": 426, "acodec": "none", "downloader_options": {"http_chunk_size": 10485760}, "format": "133 - 426x240 (240p)", "protocol": "https", "http_headers": {"User-Agent": "Mozilla/5.0 (Windows NT 10.0; Win64; x64) AppleWebKit/537.36 (KHTML, like Gecko) Chrome/70.0.3538.79 Safari/537.36", "Accept-Charset": "ISO-8859-1,utf-8;q=0.7,*;q=0.7", "Accept": "text/html,application/xhtml+xml,application/xml;q=0.9,*/*;q=0.8", "Accept-Encoding": "gzip, deflate", "Accept-Language": "en-us,en;q=0.5"}}, {"format_id": "243", "url": "https://r2---sn-5njj-u2xl.googlevideo.com/videoplayback?expire=1612167724&ei=zGUXYLGgB8_TrQT2nKuwBQ&ip=140.109.135.76&id=o-AORB2E5A-hwX091bioiBk0E-AaMKvtP6QxPHoXKMMD9g&itag=243&aitags=133%2C134%2C135%2C136%2C137%2C160%2C242%2C243%2C244%2C247%2C248%2C278&source=youtube&requiressl=yes&mh=si&mm=31%2C29&mn=sn-5njj-u2xl%2Csn-un57en7e&ms=au%2Crdu&mv=m&mvi=2&pl=16&initcwndbps=422500&vprv=1&mime=video%2Fwebm&ns=0nBoubrEjihny2tlTjjfiCEF&gir=yes&clen=6057589&dur=210.000&lmt=1562837838225675&mt=1612145803&fvip=2&keepalive=yes&c=WEB&txp=2316222&n=hWj3OEvjge0Oq8RYJ&sparams=expire%2Cei%2Cip%2Cid%2Caitags%2Csource%2Crequiressl%2Cvprv%2Cmime%2Cns%2Cgir%2Cclen%2Cdur%2Clmt&lsparams=mh%2Cmm%2Cmn%2Cms%2Cmv%2Cmvi%2Cpl%2Cinitcwndbps&lsig=AG3C_xAwRQIhAKfCVoCECN4sw8RcCTmZNTzbWomMVc0KrSrlH5YiQaMPAiAJYAbuRMAGHQXMsH1YSZW-5t9cgkgtxBmRrdE2-61mmQ%3D%3D&sig=AOq0QJ8wRAIgBU23PwF-sYGMKKJlXIpYvz8lUNrW8qEVklwlX-fQxDACIEmMIpvqINfCTTo5HjFNns-jTzCt19KeoNDw8HTnoC9A&ratebypass=yes", "player_url": "/s/player/7bc032d0/player_ias.vflset/en_US/base.js", "ext": "webm", "height": 360, "format_note": "360p", "vcodec": "vp9", "asr": null, "filesize": 6057589, "fps": 25, "tbr": 250.615, "width": 640, "acodec": "none", "downloader_options": {"http_chunk_size": 10485760}, "format": "243 - 640x360 (360p)", "protocol": "https", "http_headers": {"User-Agent": "Mozilla/5.0 (Windows NT 10.0; Win64; x64) AppleWebKit/537.36 (KHTML, like Gecko) Chrome/70.0.3538.79 Safari/537.36", "Accept-Charset": "ISO-8859-1,utf-8;q=0.7,*;q=0.7", "Accept": "text/html,application/xhtml+xml,application/xml;q=0.9,*/*;q=0.8", "Accept-Encoding": "gzip, deflate", "Accept-Language": "en-us,en;q=0.5"}}, {"format_id": "244", "url": "https://r2---sn-5njj-u2xl.googlevideo.com/videoplayback?expire=1612167724&ei=zGUXYLGgB8_TrQT2nKuwBQ&ip=140.109.135.76&id=o-AORB2E5A-hwX091bioiBk0E-AaMKvtP6QxPHoXKMMD9g&itag=244&aitags=133%2C134%2C135%2C136%2C137%2C160%2C242%2C243%2C244%2C247%2C248%2C278&source=youtube&requiressl=yes&mh=si&mm=31%2C29&mn=sn-5njj-u2xl%2Csn-un57en7e&ms=au%2Crdu&mv=m&mvi=2&pl=16&initcwndbps=422500&vprv=1&mime=video%2Fwebm&ns=0nBoubrEjihny2tlTjjfiCEF&gir=yes&clen=9462677&dur=210.000&lmt=1562837838222929&mt=1612145803&fvip=2&keepalive=yes&c=WEB&txp=2316222&n=hWj3OEvjge0Oq8RYJ&sparams=expire%2Cei%2Cip%2Cid%2Caitags%2Csource%2Crequiressl%2Cvprv%2Cmime%2Cns%2Cgir%2Cclen%2Cdur%2Clmt&lsparams=mh%2Cmm%2Cmn%2Cms%2Cmv%2Cmvi%2Cpl%2Cinitcwndbps&lsig=AG3C_xAwRQIgS62IrwZRsPpnBhCKDehQmoWFviPWt37rEtlvlk9TpDcCIQDcgKdmZV9NW1AzRFH9_5yx0HnfI-IYgPb4GkUDWjSmvw%3D%3D&sig=AOq0QJ8wRgIhAOaeq1nrfxdAFF3NSIXLnKqPVSWPTuu4WgARtWEZHDlPAiEAmNqPYXjfAl1iBtJ14PAMSB549iu4LMuM3CRuy7SFOm0=&ratebypass=yes", "player_url": "/s/player/7bc032d0/player_ias.vflset/en_US/base.js", "ext": "webm", "height": 480, "format_note": "480p", "vcodec": "vp9", "asr": null, "filesize": 9462677, "fps": 25, "tbr": 399.351, "width": 854, "acodec": "none", "downloader_options": {"http_chunk_size": 10485760}, "format": "244 - 854x480 (480p)", "protocol": "https", "http_headers": {"User-Agent": "Mozilla/5.0 (Windows NT 10.0; Win64; x64) AppleWebKit/537.36 (KHTML, like Gecko) Chrome/70.0.3538.79 Safari/537.36", "Accept-Charset": "ISO-8859-1,utf-8;q=0.7,*;q=0.7", "Accept": "text/html,application/xhtml+xml,application/xml;q=0.9,*/*;q=0.8", "Accept-Encoding": "gzip, deflate", "Accept-Language": "en-us,en;q=0.5"}}, {"format_id": "134", "url": "https://r2---sn-5njj-u2xl.googlevideo.com/videoplayback?expire=1612167724&ei=zGUXYLGgB8_TrQT2nKuwBQ&ip=140.109.135.76&id=o-AORB2E5A-hwX091bioiBk0E-AaMKvtP6QxPHoXKMMD9g&itag=134&aitags=133%2C134%2C135%2C136%2C137%2C160%2C242%2C243%2C244%2C247%2C248%2C278&source=youtube&requiressl=yes&mh=si&mm=31%2C29&mn=sn-5njj-u2xl%2Csn-un57en7e&ms=au%2Crdu&mv=m&mvi=2&pl=16&initcwndbps=422500&vprv=1&mime=video%2Fmp4&ns=0nBoubrEjihny2tlTjjfiCEF&gir=yes&clen=9937785&dur=210.000&lmt=1562837844042708&mt=1612145803&fvip=2&keepalive=yes&c=WEB&txp=2316222&n=hWj3OEvjge0Oq8RYJ&sparams=expire%2Cei%2Cip%2Cid%2Caitags%2Csource%2Crequiressl%2Cvprv%2Cmime%2Cns%2Cgir%2Cclen%2Cdur%2Clmt&lsparams=mh%2Cmm%2Cmn%2Cms%2Cmv%2Cmvi%2Cpl%2Cinitcwndbps&lsig=AG3C_xAwRAIgWr6OaIrDlBQrI-zf97F0EztUSiUSNnPiukpzuavBwlUCIFHDaTKCJAmDVCZ_nzytKjbLGP2qxno3HeRJ3IUR_G-L&sig=AOq0QJ8wRgIhAKhAaC769dCVcG-6dVBjtAe3kKEM0ote6NRsInq28sivAiEA_jjw8Q9R7Ew93mYozedNCrbSHFHlTA62v-BWyFnhnqA=&ratebypass=yes", "player_url": "/s/player/7bc032d0/player_ias.vflset/en_US/base.js", "ext": "mp4", "height": 360, "format_note": "360p", "vcodec": "avc1.4d401e", "asr": null, "filesize": 9937785, "fps": 25, "tbr": 464.664, "width": 640, "acodec": "none", "downloader_options": {"http_chunk_size": 10485760}, "format": "134 - 640x360 (360p)", "protocol": "https", "http_headers": {"User-Agent": "Mozilla/5.0 (Windows NT 10.0; Win64; x64) AppleWebKit/537.36 (KHTML, like Gecko) Chrome/70.0.3538.79 Safari/537.36", "Accept-Charset": "ISO-8859-1,utf-8;q=0.7,*;q=0.7", "Accept": "text/html,application/xhtml+xml,application/xml;q=0.9,*/*;q=0.8", "Accept-Encoding": "gzip, deflate", "Accept-Language": "en-us,en;q=0.5"}}, {"format_id": "247", "url": "https://r2---sn-5njj-u2xl.googlevideo.com/videoplayback?expire=1612167724&ei=zGUXYLGgB8_TrQT2nKuwBQ&ip=140.109.135.76&id=o-AORB2E5A-hwX091bioiBk0E-AaMKvtP6QxPHoXKMMD9g&itag=247&aitags=133%2C134%2C135%2C136%2C137%2C160%2C242%2C243%2C244%2C247%2C248%2C278&source=youtube&requiressl=yes&mh=si&mm=31%2C29&mn=sn-5njj-u2xl%2Csn-un57en7e&ms=au%2Crdu&mv=m&mvi=2&pl=16&initcwndbps=422500&vprv=1&mime=video%2Fwebm&ns=0nBoubrEjihny2tlTjjfiCEF&gir=yes&clen=15889924&dur=210.000&lmt=1562837838237264&mt=1612145803&fvip=2&keepalive=yes&c=WEB&txp=2316222&n=hWj3OEvjge0Oq8RYJ&sparams=expire%2Cei%2Cip%2Cid%2Caitags%2Csource%2Crequiressl%2Cvprv%2Cmime%2Cns%2Cgir%2Cclen%2Cdur%2Clmt&lsparams=mh%2Cmm%2Cmn%2Cms%2Cmv%2Cmvi%2Cpl%2Cinitcwndbps&lsig=AG3C_xAwRgIhAK6Yx219b0sqpbzs5JvXQKveQZE1tmtR4LzJ69lzc_zyAiEA0Db16YpSjBfcnZXqfShbx1k5hpwx5WyniNgQy69VFco%3D&sig=AOq0QJ8wRgIhAKDdj-iUWZsFdEt8RnE3GaB2TcdX63eu6JWvxPD2iMUzAiEAqbYpKCux_DU_kDdXpTbCkTGevusD5ZNTkbwrOSWUo_Y=&ratebypass=yes", "player_url": "/s/player/7bc032d0/player_ias.vflset/en_US/base.js", "ext": "webm", "height": 720, "format_note": "720p", "vcodec": "vp9", "asr": null, "filesize": 15889924, "fps": 25, "tbr": 661.878, "width": 1280, "acodec": "none", "downloader_options": {"http_chunk_size": 10485760}, "format": "247 - 1280x720 (720p)", "protocol": "https", "http_headers": {"User-Agent": "Mozilla/5.0 (Windows NT 10.0; Win64; x64) AppleWebKit/537.36 (KHTML, like Gecko) Chrome/70.0.3538.79 Safari/537.36", "Accept-Charset": "ISO-8859-1,utf-8;q=0.7,*;q=0.7", "Accept": "text/html,application/xhtml+xml,application/xml;q=0.9,*/*;q=0.8", "Accept-Encoding": "gzip, deflate", "Accept-Language": "en-us,en;q=0.5"}}, {"format_id": "135", "url": "https://r2---sn-5njj-u2xl.googlevideo.com/videoplayback?expire=1612167724&ei=zGUXYLGgB8_TrQT2nKuwBQ&ip=140.109.135.76&id=o-AORB2E5A-hwX091bioiBk0E-AaMKvtP6QxPHoXKMMD9g&itag=135&aitags=133%2C134%2C135%2C136%2C137%2C160%2C242%2C243%2C244%2C247%2C248%2C278&source=youtube&requiressl=yes&mh=si&mm=31%2C29&mn=sn-5njj-u2xl%2Csn-un57en7e&ms=au%2Crdu&mv=m&mvi=2&pl=16&initcwndbps=422500&vprv=1&mime=video%2Fmp4&ns=0nBoubrEjihny2tlTjjfiCEF&gir=yes&clen=18111836&dur=210.000&lmt=1562837844043510&mt=1612145803&fvip=2&keepalive=yes&c=WEB&txp=2316222&n=hWj3OEvjge0Oq8RYJ&sparams=expire%2Cei%2Cip%2Cid%2Caitags%2Csource%2Crequiressl%2Cvprv%2Cmime%2Cns%2Cgir%2Cclen%2Cdur%2Clmt&lsparams=mh%2Cmm%2Cmn%2Cms%2Cmv%2Cmvi%2Cpl%2Cinitcwndbps&lsig=AG3C_xAwRQIgX1DnNGRyw6f-jnvBOwof05PWYTCY-1zHwddjuy1j6b0CIQDCSs6PwOSvt1-6TxhBeRKyBQAW0jWOf4rj5b0e3f1tHA%3D%3D&sig=AOq0QJ8wRAIgJ-hHlMByMZOP_KpBjNtSYjPzcCHdBc6K1phB5cP9Do8CIAbUFViz91n2U32tNtGpuJ0fjLmf9sgwO6p4DNJfEmM5&ratebypass=yes", "player_url": "/s/player/7bc032d0/player_ias.vflset/en_US/base.js", "ext": "mp4", "height": 480, "format_note": "480p", "vcodec": "avc1.4d401e", "asr": null, "filesize": 18111836, "fps": 25, "tbr": 817.72, "width": 854, "acodec": "none", "downloader_options": {"http_chunk_size": 10485760}, "format": "135 - 854x480 (480p)", "protocol": "https", "http_headers": {"User-Agent": "Mozilla/5.0 (Windows NT 10.0; Win64; x64) AppleWebKit/537.36 (KHTML, like Gecko) Chrome/70.0.3538.79 Safari/537.36", "Accept-Charset": "ISO-8859-1,utf-8;q=0.7,*;q=0.7", "Accept": "text/html,application/xhtml+xml,application/xml;q=0.9,*/*;q=0.8", "Accept-Encoding": "gzip, deflate", "Accept-Language": "en-us,en;q=0.5"}}, {"format_id": "248", "url": "https://r2---sn-5njj-u2xl.googlevideo.com/videoplayback?expire=1612167724&ei=zGUXYLGgB8_TrQT2nKuwBQ&ip=140.109.135.76&id=o-AORB2E5A-hwX091bioiBk0E-AaMKvtP6QxPHoXKMMD9g&itag=248&aitags=133%2C134%2C135%2C136%2C137%2C160%2C242%2C243%2C244%2C247%2C248%2C278&source=youtube&requiressl=yes&mh=si&mm=31%2C29&mn=sn-5njj-u2xl%2Csn-un57en7e&ms=au%2Crdu&mv=m&mvi=2&pl=16&initcwndbps=422500&vprv=1&mime=video%2Fwebm&ns=0nBoubrEjihny2tlTjjfiCEF&gir=yes&clen=29506512&dur=210.000&lmt=1562837838238618&mt=1612145803&fvip=2&keepalive=yes&c=WEB&txp=2316222&n=hWj3OEvjge0Oq8RYJ&sparams=expire%2Cei%2Cip%2Cid%2Caitags%2Csource%2Crequiressl%2Cvprv%2Cmime%2Cns%2Cgir%2Cclen%2Cdur%2Clmt&lsparams=mh%2Cmm%2Cmn%2Cms%2Cmv%2Cmvi%2Cpl%2Cinitcwndbps&lsig=AG3C_xAwRQIhAKyOhyh9NSjWrhpRdhBcQXp_0QzZdLRbd-WV61e5IJyGAiAu2UKGEAb6f5yi5GCYRtpr8vkS0yXC5SWO6YhpxfZgEA%3D%3D&sig=AOq0QJ8wRAIgDpQNz504u0Fo_6o18od8JKmX4YDewk60nX1YiPKJIU8CIEIlSX7DjD_VH4j6guKaQHoQ7h06paFbDaJGSh6ACGZY&ratebypass=yes", "player_url": "/s/player/7bc032d0/player_ias.vflset/en_US/base.js", "ext": "webm", "height": 1080, "format_note": "1080p", "vcodec": "vp9", "asr": null, "filesize": 29506512, "fps": 25, "tbr": 1251.248, "width": 1920, "acodec": "none", "downloader_options": {"http_chunk_size": 10485760}, "format": "248 - 1920x1080 (1080p)", "protocol": "https", "http_headers": {"User-Agent": "Mozilla/5.0 (Windows NT 10.0; Win64; x64) AppleWebKit/537.36 (KHTML, like Gecko) Chrome/70.0.3538.79 Safari/537.36", "Accept-Charset": "ISO-8859-1,utf-8;q=0.7,*;q=0.7", "Accept": "text/html,application/xhtml+xml,application/xml;q=0.9,*/*;q=0.8", "Accept-Encoding": "gzip, deflate", "Accept-Language": "en-us,en;q=0.5"}}, {"format_id": "136", "url": "https://r2---sn-5njj-u2xl.googlevideo.com/videoplayback?expire=1612167724&ei=zGUXYLGgB8_TrQT2nKuwBQ&ip=140.109.135.76&id=o-AORB2E5A-hwX091bioiBk0E-AaMKvtP6QxPHoXKMMD9g&itag=136&aitags=133%2C134%2C135%2C136%2C137%2C160%2C242%2C243%2C244%2C247%2C248%2C278&source=youtube&requiressl=yes&mh=si&mm=31%2C29&mn=sn-5njj-u2xl%2Csn-un57en7e&ms=au%2Crdu&mv=m&mvi=2&pl=16&initcwndbps=422500&vprv=1&mime=video%2Fmp4&ns=0nBoubrEjihny2tlTjjfiCEF&gir=yes&clen=32951198&dur=210.000&lmt=1562837844083818&mt=1612145803&fvip=2&keepalive=yes&c=WEB&txp=2316222&n=hWj3OEvjge0Oq8RYJ&sparams=expire%2Cei%2Cip%2Cid%2Caitags%2Csource%2Crequiressl%2Cvprv%2Cmime%2Cns%2Cgir%2Cclen%2Cdur%2Clmt&lsparams=mh%2Cmm%2Cmn%2Cms%2Cmv%2Cmvi%2Cpl%2Cinitcwndbps&lsig=AG3C_xAwRAIgYCRj51-DdGfAFuIz86uDp39rL_OgzFrvqFQxjDbLY2kCIDcIBG8CQh1d0SuqrAiKSsPcQIdk53r-QkOMaxlkJ6H9&sig=AOq0QJ8wRgIhAId-9KuEOR8CQUxPrvcyQ3K8tJsjeHs48nyY87JN6qPDAiEAnT6XUEYOfQwN9ZGcNA9U-ILRdkBUw14LVxvfFjlEfWI=&ratebypass=yes", "player_url": "/s/player/7bc032d0/player_ias.vflset/en_US/base.js", "ext": "mp4", "height": 720, "format_note": "720p", "vcodec": "avc1.4d401f", "asr": null, "filesize": 32951198, "fps": 25, "tbr": 1495.82, "width": 1280, "acodec": "none", "downloader_options": {"http_chunk_size": 10485760}, "format": "136 - 1280x720 (720p)", "protocol": "https", "http_headers": {"User-Agent": "Mozilla/5.0 (Windows NT 10.0; Win64; x64) AppleWebKit/537.36 (KHTML, like Gecko) Chrome/70.0.3538.79 Safari/537.36", "Accept-Charset": "ISO-8859-1,utf-8;q=0.7,*;q=0.7", "Accept": "text/html,application/xhtml+xml,application/xml;q=0.9,*/*;q=0.8", "Accept-Encoding": "gzip, deflate", "Accept-Language": "en-us,en;q=0.5"}}, {"format_id": "137", "url": "https://r2---sn-5njj-u2xl.googlevideo.com/videoplayback?expire=1612167724&ei=zGUXYLGgB8_TrQT2nKuwBQ&ip=140.109.135.76&id=o-AORB2E5A-hwX091bioiBk0E-AaMKvtP6QxPHoXKMMD9g&itag=137&aitags=133%2C134%2C135%2C136%2C137%2C160%2C242%2C243%2C244%2C247%2C248%2C278&source=youtube&requiressl=yes&mh=si&mm=31%2C29&mn=sn-5njj-u2xl%2Csn-un57en7e&ms=au%2Crdu&mv=m&mvi=2&pl=16&initcwndbps=422500&vprv=1&mime=video%2Fmp4&ns=0nBoubrEjihny2tlTjjfiCEF&gir=yes&clen=60574732&dur=210.000&lmt=1562837844032998&mt=1612145803&fvip=2&keepalive=yes&c=WEB&txp=2316222&n=hWj3OEvjge0Oq8RYJ&sparams=expire%2Cei%2Cip%2Cid%2Caitags%2Csource%2Crequiressl%2Cvprv%2Cmime%2Cns%2Cgir%2Cclen%2Cdur%2Clmt&lsparams=mh%2Cmm%2Cmn%2Cms%2Cmv%2Cmvi%2Cpl%2Cinitcwndbps&lsig=AG3C_xAwRgIhAI2AySl4jtBosgC6ttuF0-ktw8_xvod8hS331FyKMuQWAiEApET1HrB2FRxeslT2a806eHX6_VLeJsd88tGY_2fkIks%3D&sig=AOq0QJ8wRAIgbjXjii6KUX62KV1Qofxb7EAMkZ2Qnye2JAgeHHKk6ysCIBNTBtXGeAIwjgvRD-e5RQDy2BzsU6LOVRgwdSnIXnib&ratebypass=yes", "player_url": "/s/player/7bc032d0/player_ias.vflset/en_US/base.js", "ext": "mp4", "height": 1080, "format_note": "1080p", "vcodec": "avc1.640028", "asr": null, "filesize": 60574732, "fps": 25, "tbr": 2715.745, "width": 1920, "acodec": "none", "downloader_options": {"http_chunk_size": 10485760}, "format": "137 - 1920x1080 (1080p)", "protocol": "https", "http_headers": {"User-Agent": "Mozilla/5.0 (Windows NT 10.0; Win64; x64) AppleWebKit/537.36 (KHTML, like Gecko) Chrome/70.0.3538.79 Safari/537.36", "Accept-Charset": "ISO-8859-1,utf-8;q=0.7,*;q=0.7", "Accept": "text/html,application/xhtml+xml,application/xml;q=0.9,*/*;q=0.8", "Accept-Encoding": "gzip, deflate", "Accept-Language": "en-us,en;q=0.5"}}, {"format_id": "18", "url": "https://r2---sn-5njj-u2xl.googlevideo.com/videoplayback?expire=1612167724&ei=zGUXYLGgB8_TrQT2nKuwBQ&ip=140.109.135.76&id=o-AORB2E5A-hwX091bioiBk0E-AaMKvtP6QxPHoXKMMD9g&itag=18&source=youtube&requiressl=yes&mh=si&mm=31%2C29&mn=sn-5njj-u2xl%2Csn-un57en7e&ms=au%2Crdu&mv=m&mvi=2&pl=16&initcwndbps=422500&vprv=1&mime=video%2Fmp4&ns=LQCDKmedIu7-kPBXAl8c1DYF&gir=yes&clen=11873559&ratebypass=yes&dur=210.047&lmt=1562837795871726&mt=1612145803&fvip=2&c=WEB&txp=2311222&n=pjeD717Q2mF3mWxXQ&sparams=expire%2Cei%2Cip%2Cid%2Citag%2Csource%2Crequiressl%2Cvprv%2Cmime%2Cns%2Cgir%2Cclen%2Cratebypass%2Cdur%2Clmt&lsparams=mh%2Cmm%2Cmn%2Cms%2Cmv%2Cmvi%2Cpl%2Cinitcwndbps&lsig=AG3C_xAwRQIgB5LGMOt_NBbrUhFlJYA0gjdcR0y1LtCiiVHRE2Q013wCIQDICiT5QnsdeOQv2pqtx2pbPfFiPkj1bF_TFGH-h4P7LQ%3D%3D&sig=AOq0QJ8wRQIgDRQDMJOCrfNK9dy_FPwflZhTG_-T_Ts2O6s8hzqIZcYCIQDx2bJAAi0JOaKaMBrRkq3KDBHJMvtqWprDTqSIl_jrww==", "player_url": "/s/player/7bc032d0/player_ias.vflset/en_US/base.js", "ext": "mp4", "width": 640, "height": 360, "acodec": "mp4a.40.2", "abr": 96, "vcodec": "avc1.42001E", "asr": 44100, "filesize": 11873559, "format_note": "360p", "fps": 25, "tbr": 452.326, "format": "18 - 640x360 (360p)", "protocol": "https", "http_headers": {"User-Agent": "Mozilla/5.0 (Windows NT 10.0; Win64; x64) AppleWebKit/537.36 (KHTML, like Gecko) Chrome/70.0.3538.79 Safari/537.36", "Accept-Charset": "ISO-8859-1,utf-8;q=0.7,*;q=0.7", "Accept": "text/html,application/xhtml+xml,application/xml;q=0.9,*/*;q=0.8", "Accept-Encoding": "gzip, deflate", "Accept-Language": "en-us,en;q=0.5"}}], "is_live": null, "start_time": null, "end_time": null, "series": null, "season_number": null, "episode_number": null, "track": null, "artist": null, "album": null, "release_date": null, "release_year": null, "extractor": "youtube", "webpage_url_basename": "watch", "extractor_key": "Youtube", "playlist": null, "playlist_index": null, "thumbnail": "https://i.ytimg.com/vi_webp/Xsn9zT-05ns/maxresdefault.webp", "display_id": "Xsn9zT-05ns", "requested_subtitles": null, "format_id": "251", "url": "https://r2---sn-5njj-u2xl.googlevideo.com/videoplayback?expire=1612167724&ei=zGUXYLGgB8_TrQT2nKuwBQ&ip=140.109.135.76&id=o-AORB2E5A-hwX091bioiBk0E-AaMKvtP6QxPHoXKMMD9g&itag=251&source=youtube&requiressl=yes&mh=si&mm=31%2C29&mn=sn-5njj-u2xl%2Csn-un57en7e&ms=au%2Crdu&mv=m&mvi=2&pl=16&initcwndbps=422500&vprv=1&mime=audio%2Fwebm&ns=0nBoubrEjihny2tlTjjfiCEF&gir=yes&clen=3935460&dur=210.021&lmt=1562840451286986&mt=1612145803&fvip=2&keepalive=yes&c=WEB&txp=2301222&n=hWj3OEvjge0Oq8RYJ&sparams=expire%2Cei%2Cip%2Cid%2Citag%2Csource%2Crequiressl%2Cvprv%2Cmime%2Cns%2Cgir%2Cclen%2Cdur%2Clmt&lsparams=mh%2Cmm%2Cmn%2Cms%2Cmv%2Cmvi%2Cpl%2Cinitcwndbps&lsig=AG3C_xAwRQIgGGTskM7K8rXItRbe8Ah6H-y6BUQR-oZqCX3jWTkdeYkCIQDJ2LmbjdIogQtiZuz4uVGSGB95_ie2naZ4crVGDAHXtA%3D%3D&sig=AOq0QJ8wRgIhAIcstdA3rbHUBRgjHjbKyiTqOTS77xuk8C8S5bKwirBRAiEAvnlvu29siiAQakHn_bFThK2_RRkHnRyGN3lhe33T7ds=&ratebypass=yes", "player_url": "/s/player/7bc032d0/player_ias.vflset/en_US/base.js", "ext": "webm", "format_note": "tiny", "acodec": "opus", "abr": 160, "asr": 48000, "filesize": 3935460, "fps": null, "height": null, "tbr": 160.774, "width": null, "vcodec": "none", "downloader_options": {"http_chunk_size": 10485760}, "format": "251 - audio only (tiny)", "protocol": "https", "http_headers": {"User-Agent": "Mozilla/5.0 (Windows NT 10.0; Win64; x64) AppleWebKit/537.36 (KHTML, like Gecko) Chrome/70.0.3538.79 Safari/537.36", "Accept-Charset": "ISO-8859-1,utf-8;q=0.7,*;q=0.7", "Accept": "text/html,application/xhtml+xml,application/xml;q=0.9,*/*;q=0.8", "Accept-Encoding": "gzip, deflate", "Accept-Language": "en-us,en;q=0.5"}}