{"id": "xrhWli_R98g", "uploader": "DooPiano", "uploader_id": "UCNoN7dpdAlglcQWUn2pFjDA", "uploader_url": "http://www.youtube.com/channel/UCNoN7dpdAlglcQWUn2pFjDA", "channel_id": "UCNoN7dpdAlglcQWUn2pFjDA", "channel_url": "http://www.youtube.com/channel/UCNoN7dpdAlglcQWUn2pFjDA", "upload_date": "20180130", "license": null, "creator": null, "title": "\ub808\ub4dc\ubca8\ubcb3 (Red Velvet) - Bad Boy Piano Cover", "alt_title": null, "thumbnails": [{"url": "https://i.ytimg.com/vi/xrhWli_R98g/hqdefault.jpg?sqp=-oaymwEYCKgBEF5IVfKriqkDCwgBFQAAiEIYAXAB&rs=AOn4CLC2Cy2Qm4ZVqmzGS02RZhO-S9x69A", "width": 168, "height": 94, "resolution": "168x94", "id": "0"}, {"url": "https://i.ytimg.com/vi/xrhWli_R98g/hqdefault.jpg?sqp=-oaymwEYCMQBEG5IVfKriqkDCwgBFQAAiEIYAXAB&rs=AOn4CLDLAsqMqPKwxl2W9HHymM_Yy0cybA", "width": 196, "height": 110, "resolution": "196x110", "id": "1"}, {"url": "https://i.ytimg.com/vi/xrhWli_R98g/hqdefault.jpg?sqp=-oaymwEZCPYBEIoBSFXyq4qpAwsIARUAAIhCGAFwAQ==&rs=AOn4CLBR7foW50dVpAbtvduNa1z7RFxmuQ", "width": 246, "height": 138, "resolution": "246x138", "id": "2"}, {"url": "https://i.ytimg.com/vi/xrhWli_R98g/hqdefault.jpg?sqp=-oaymwEZCNACELwBSFXyq4qpAwsIARUAAIhCGAFwAQ==&rs=AOn4CLCoHMkJcMCxpIE5l0N1B3BzIQy9SQ", "width": 336, "height": 188, "resolution": "336x188", "id": "3"}, {"url": "https://i.ytimg.com/vi_webp/xrhWli_R98g/maxresdefault.webp", "width": 1920, "height": 1080, "resolution": "1920x1080", "id": "4"}], "description": "\ub808\ub4dc\ubca8\ubcb3 'Bad Boy' \ud53c\uc544\ub178 \ucee4\ubc84\uc785\ub2c8\ub2e4.\n\uc774\ubc88 \ub178\ub798 \ubba4\ube44 \ub458\ub2e4 \uc5ed\ub300\uae09\uc774\ub124\uc694.. \ub300\ubc15...\n\nPiano cover of 'Bad Boy' by Red Velvet.\nEnjoy!\n\n\u266a \ud53c\uc544\ub178 \uc545\ubcf4: https://doopiano.com/sheetmusic/love-scenario/\n\u266a Sheet Music: https://doopiano.com/en/sheetmusic/love-scenario/\n\nBad Boy MV:\nhttps://youtu.be/J_CFBjAyPWE\n\n\uc0ac\uc9c4 / Photo:\nhttps://unsplash.com/photos/gS4HG0e-P4Y\n\nWebsite:\nhttps://doopiano.com", "categories": ["Music"], "tags": ["\ub808\ub4dc\ubca8\ubcb3", "bad boy", "red velvet", "\ubc30\ub4dc\ubcf4\uc774", "\ud53c\uc544\ub178", "piano", "\ub7ec\ube44", "\ub808\ubca0\ub7fd", "\uc544\uc774\ub9b0", "\uc2ac\uae30", "\uc6ec\ub514", "\uc870\uc774", "\uc608\ub9ac", "\uc545\ubcf4", "sheet music", "sheets"], "subtitles": {}, "automatic_captions": {}, "duration": 231, "age_limit": 0, "annotations": null, "chapters": null, "webpage_url": "https://www.youtube.com/watch?v=xrhWli_R98g", "view_count": 1472490, "like_count": 32732, "dislike_count": 196, "average_rating": 4.9761906, "formats": [{"format_id": "249", "url": "https://r1---sn-5njj-u2xl.googlevideo.com/videoplayback?expire=1612167564&ei=LGUXYPPDCYvBgAOhhoLoDg&ip=140.109.135.76&id=o-ANyxcrcEKBmzeMyf6TiUg00MUpa-18N1Av44SkgqQ4hN&itag=249&source=youtube&requiressl=yes&mh=z9&mm=31%2C29&mn=sn-5njj-u2xl%2Csn-un57sn76&ms=au%2Crdu&mv=m&mvi=1&pl=16&initcwndbps=422500&vprv=1&mime=audio%2Fwebm&ns=bi7Ka1TKr7ICDqGpObp6lIoF&gir=yes&clen=1729347&dur=230.521&lmt=1517386331530407&mt=1612145803&fvip=1&keepalive=yes&c=WEB&n=3PmflwnNLN41fDoia&sparams=expire%2Cei%2Cip%2Cid%2Citag%2Csource%2Crequiressl%2Cvprv%2Cmime%2Cns%2Cgir%2Cclen%2Cdur%2Clmt&lsparams=mh%2Cmm%2Cmn%2Cms%2Cmv%2Cmvi%2Cpl%2Cinitcwndbps&lsig=AG3C_xAwRAIgBDTkQYS9-t8oL1P_vo5yTjOqKV6TZHbfjOjkCYGdxFYCIGGc7mRNH2iYYIhC22XIDnw0IM2ceSO4pcRG5rkToU7Z&sig=AOq0QJ8wRQIgMDE5kJApqIEcQcC5V6PTkTXCNX0TJ1CZscvc54uf75ECIQCfrpdxwukWR-ghtCbbnjn4ZIKqmEQacKwO1bJ10d4vTw==&ratebypass=yes", "player_url": "/s/player/7bc032d0/player_ias.vflset/en_US/base.js", "ext": "webm", "format_note": "tiny", "acodec": "opus", "abr": 50, "asr": 48000, "filesize": 1729347, "fps": null, "height": null, "tbr": 63.961, "width": null, "vcodec": "none", "downloader_options": {"http_chunk_size": 10485760}, "format": "249 - audio only (tiny)", "protocol": "https", "http_headers": {"User-Agent": "Mozilla/5.0 (Windows NT 10.0; Win64; x64) AppleWebKit/537.36 (KHTML, like Gecko) Chrome/70.0.3538.79 Safari/537.36", "Accept-Charset": "ISO-8859-1,utf-8;q=0.7,*;q=0.7", "Accept": "text/html,application/xhtml+xml,application/xml;q=0.9,*/*;q=0.8", "Accept-Encoding": "gzip, deflate", "Accept-Language": "en-us,en;q=0.5"}}, {"format_id": "250", "url": "https://r1---sn-5njj-u2xl.googlevideo.com/videoplayback?expire=1612167564&ei=LGUXYPPDCYvBgAOhhoLoDg&ip=140.109.135.76&id=o-ANyxcrcEKBmzeMyf6TiUg00MUpa-18N1Av44SkgqQ4hN&itag=250&source=youtube&requiressl=yes&mh=z9&mm=31%2C29&mn=sn-5njj-u2xl%2Csn-un57sn76&ms=au%2Crdu&mv=m&mvi=1&pl=16&initcwndbps=422500&vprv=1&mime=audio%2Fwebm&ns=bi7Ka1TKr7ICDqGpObp6lIoF&gir=yes&clen=2323679&dur=230.521&lmt=1517386334670127&mt=1612145803&fvip=1&keepalive=yes&c=WEB&n=3PmflwnNLN41fDoia&sparams=expire%2Cei%2Cip%2Cid%2Citag%2Csource%2Crequiressl%2Cvprv%2Cmime%2Cns%2Cgir%2Cclen%2Cdur%2Clmt&lsparams=mh%2Cmm%2Cmn%2Cms%2Cmv%2Cmvi%2Cpl%2Cinitcwndbps&lsig=AG3C_xAwRQIhAP3WAB333-udhPHGes5l8R9WaGe72tz3xPwHRvaNnP98AiBWyw04Ptwqlk7mP5OBK-KvcyJthCw8SB3Q1O3JIjnnrg%3D%3D&sig=AOq0QJ8wRAIgNt7RoA_vkeXjTZf6lVTgjDYSgXVoCb3wos3WS8WgBgQCIDY68U1s7-ABw0teeuNpL3jv9rJmVCv7RsZ1l-jugCaI&ratebypass=yes", "player_url": "/s/player/7bc032d0/player_ias.vflset/en_US/base.js", "ext": "webm", "format_note": "tiny", "acodec": "opus", "abr": 70, "asr": 48000, "filesize": 2323679, "fps": null, "height": null, "tbr": 85.965, "width": null, "vcodec": "none", "downloader_options": {"http_chunk_size": 10485760}, "format": "250 - audio only (tiny)", "protocol": "https", "http_headers": {"User-Agent": "Mozilla/5.0 (Windows NT 10.0; Win64; x64) AppleWebKit/537.36 (KHTML, like Gecko) Chrome/70.0.3538.79 Safari/537.36", "Accept-Charset": "ISO-8859-1,utf-8;q=0.7,*;q=0.7", "Accept": "text/html,application/xhtml+xml,application/xml;q=0.9,*/*;q=0.8", "Accept-Encoding": "gzip, deflate", "Accept-Language": "en-us,en;q=0.5"}}, {"format_id": "140", "url": "https://r1---sn-5njj-u2xl.googlevideo.com/videoplayback?expire=1612167564&ei=LGUXYPPDCYvBgAOhhoLoDg&ip=140.109.135.76&id=o-ANyxcrcEKBmzeMyf6TiUg00MUpa-18N1Av44SkgqQ4hN&itag=140&source=youtube&requiressl=yes&mh=z9&mm=31%2C29&mn=sn-5njj-u2xl%2Csn-un57sn76&ms=au%2Crdu&mv=m&mvi=1&pl=16&initcwndbps=422500&vprv=1&mime=audio%2Fmp4&ns=bi7Ka1TKr7ICDqGpObp6lIoF&gir=yes&clen=3662435&dur=230.550&lmt=1517385720107670&mt=1612145803&fvip=1&keepalive=yes&c=WEB&n=3PmflwnNLN41fDoia&sparams=expire%2Cei%2Cip%2Cid%2Citag%2Csource%2Crequiressl%2Cvprv%2Cmime%2Cns%2Cgir%2Cclen%2Cdur%2Clmt&lsparams=mh%2Cmm%2Cmn%2Cms%2Cmv%2Cmvi%2Cpl%2Cinitcwndbps&lsig=AG3C_xAwRQIhAKk-09EbVXCxJtAuVQsUeNkq80CY8w3e2f30PjlVDylXAiBriXEPb-41LKiyFlJnMTMWkOSU0-AhhHPwgn3ntrBurA%3D%3D&sig=AOq0QJ8wRQIgTgbYfdRsnQ7nj7VGA4EHXlDiPy__C2fxdmVUTFjJxKoCIQDJLBYncZi6MsN-p_0oiRWA8seHANrMmEsuoo9MhZv52Q==&ratebypass=yes", "player_url": "/s/player/7bc032d0/player_ias.vflset/en_US/base.js", "ext": "m4a", "format_note": "tiny", "acodec": "mp4a.40.2", "abr": 128, "container": "m4a_dash", "asr": 44100, "filesize": 3662435, "fps": null, "height": null, "tbr": 128.539, "width": null, "vcodec": "none", "downloader_options": {"http_chunk_size": 10485760}, "format": "140 - audio only (tiny)", "protocol": "https", "http_headers": {"User-Agent": "Mozilla/5.0 (Windows NT 10.0; Win64; x64) AppleWebKit/537.36 (KHTML, like Gecko) Chrome/70.0.3538.79 Safari/537.36", "Accept-Charset": "ISO-8859-1,utf-8;q=0.7,*;q=0.7", "Accept": "text/html,application/xhtml+xml,application/xml;q=0.9,*/*;q=0.8", "Accept-Encoding": "gzip, deflate", "Accept-Language": "en-us,en;q=0.5"}}, {"format_id": "251", "url": "https://r1---sn-5njj-u2xl.googlevideo.com/videoplayback?expire=1612167564&ei=LGUXYPPDCYvBgAOhhoLoDg&ip=140.109.135.76&id=o-ANyxcrcEKBmzeMyf6TiUg00MUpa-18N1Av44SkgqQ4hN&itag=251&source=youtube&requiressl=yes&mh=z9&mm=31%2C29&mn=sn-5njj-u2xl%2Csn-un57sn76&ms=au%2Crdu&mv=m&mvi=1&pl=16&initcwndbps=422500&vprv=1&mime=audio%2Fwebm&ns=bi7Ka1TKr7ICDqGpObp6lIoF&gir=yes&clen=4443543&dur=230.521&lmt=1517386335079277&mt=1612145803&fvip=1&keepalive=yes&c=WEB&n=3PmflwnNLN41fDoia&sparams=expire%2Cei%2Cip%2Cid%2Citag%2Csource%2Crequiressl%2Cvprv%2Cmime%2Cns%2Cgir%2Cclen%2Cdur%2Clmt&lsparams=mh%2Cmm%2Cmn%2Cms%2Cmv%2Cmvi%2Cpl%2Cinitcwndbps&lsig=AG3C_xAwRQIhAPQBMlCPQjLi0DzSDAkRT46Uo9DP_nny5cNybTrbaHZaAiB0ppQUTcLATGJI-eE5tuKFyVFW2KdKv_ZauMtbVBK0Xw%3D%3D&sig=AOq0QJ8wRgIhAOqwt9fPjoEaqxRhFSBftPiW6Uy-IO77oC3aAMNUIWxtAiEAkIckJtN1SG3XAohY_sPbTQIniHIOIabpioPTg2Juzlg=&ratebypass=yes", "player_url": "/s/player/7bc032d0/player_ias.vflset/en_US/base.js", "ext": "webm", "format_note": "tiny", "acodec": "opus", "abr": 160, "asr": 48000, "filesize": 4443543, "fps": null, "height": null, "tbr": 161.699, "width": null, "vcodec": "none", "downloader_options": {"http_chunk_size": 10485760}, "format": "251 - audio only (tiny)", "protocol": "https", "http_headers": {"User-Agent": "Mozilla/5.0 (Windows NT 10.0; Win64; x64) AppleWebKit/537.36 (KHTML, like Gecko) Chrome/70.0.3538.79 Safari/537.36", "Accept-Charset": "ISO-8859-1,utf-8;q=0.7,*;q=0.7", "Accept": "text/html,application/xhtml+xml,application/xml;q=0.9,*/*;q=0.8", "Accept-Encoding": "gzip, deflate", "Accept-Language": "en-us,en;q=0.5"}}, {"format_id": "160", "url": "https://r1---sn-5njj-u2xl.googlevideo.com/videoplayback?expire=1612167564&ei=LGUXYPPDCYvBgAOhhoLoDg&ip=140.109.135.76&id=o-ANyxcrcEKBmzeMyf6TiUg00MUpa-18N1Av44SkgqQ4hN&itag=160&aitags=133%2C134%2C135%2C136%2C137%2C160%2C242%2C243%2C244%2C247%2C248%2C278&source=youtube&requiressl=yes&mh=z9&mm=31%2C29&mn=sn-5njj-u2xl%2Csn-un57sn76&ms=au%2Crdu&mv=m&mvi=1&pl=16&initcwndbps=422500&vprv=1&mime=video%2Fmp4&ns=bi7Ka1TKr7ICDqGpObp6lIoF&gir=yes&clen=386675&dur=230.499&lmt=1517385766390013&mt=1612145803&fvip=1&keepalive=yes&c=WEB&n=3PmflwnNLN41fDoia&sparams=expire%2Cei%2Cip%2Cid%2Caitags%2Csource%2Crequiressl%2Cvprv%2Cmime%2Cns%2Cgir%2Cclen%2Cdur%2Clmt&lsparams=mh%2Cmm%2Cmn%2Cms%2Cmv%2Cmvi%2Cpl%2Cinitcwndbps&lsig=AG3C_xAwRQIhAL4p7nWEcSySIArgyNbAMP-xSX_j_PTa6drKdIwvsUhPAiBSpTsrp0aMvuQSHL3XEcmw2eu4ClwsCxl6csCJkD8n4A%3D%3D&sig=AOq0QJ8wRQIgWSluz51XHJzpVGm2cLRDpj1n6CSvl2jzzAp4BmuC_z4CIQDDRY_RJpgWmALH683cU8aRK__8YcNvh8x2wM9bq28IvQ==&ratebypass=yes", "player_url": "/s/player/7bc032d0/player_ias.vflset/en_US/base.js", "ext": "mp4", "height": 144, "format_note": "144p", "vcodec": "avc1.4d400c", "asr": null, "filesize": 386675, "fps": 30, "tbr": 28.922, "width": 256, "acodec": "none", "downloader_options": {"http_chunk_size": 10485760}, "format": "160 - 256x144 (144p)", "protocol": "https", "http_headers": {"User-Agent": "Mozilla/5.0 (Windows NT 10.0; Win64; x64) AppleWebKit/537.36 (KHTML, like Gecko) Chrome/70.0.3538.79 Safari/537.36", "Accept-Charset": "ISO-8859-1,utf-8;q=0.7,*;q=0.7", "Accept": "text/html,application/xhtml+xml,application/xml;q=0.9,*/*;q=0.8", "Accept-Encoding": "gzip, deflate", "Accept-Language": "en-us,en;q=0.5"}}, {"format_id": "133", "url": "https://r1---sn-5njj-u2xl.googlevideo.com/videoplayback?expire=1612167564&ei=LGUXYPPDCYvBgAOhhoLoDg&ip=140.109.135.76&id=o-ANyxcrcEKBmzeMyf6TiUg00MUpa-18N1Av44SkgqQ4hN&itag=133&aitags=133%2C134%2C135%2C136%2C137%2C160%2C242%2C243%2C244%2C247%2C248%2C278&source=youtube&requiressl=yes&mh=z9&mm=31%2C29&mn=sn-5njj-u2xl%2Csn-un57sn76&ms=au%2Crdu&mv=m&mvi=1&pl=16&initcwndbps=422500&vprv=1&mime=video%2Fmp4&ns=bi7Ka1TKr7ICDqGpObp6lIoF&gir=yes&clen=577360&dur=230.499&lmt=1517385764584325&mt=1612145803&fvip=1&keepalive=yes&c=WEB&n=3PmflwnNLN41fDoia&sparams=expire%2Cei%2Cip%2Cid%2Caitags%2Csource%2Crequiressl%2Cvprv%2Cmime%2Cns%2Cgir%2Cclen%2Cdur%2Clmt&lsparams=mh%2Cmm%2Cmn%2Cms%2Cmv%2Cmvi%2Cpl%2Cinitcwndbps&lsig=AG3C_xAwRAIgXgvf0gLjkY2WeSETtWafKArRY_PRCyBtciQnSdepVccCIE1_njOIT1llInQ_o98lKF7H8jxUTw3C40AjNWTVqrYU&sig=AOq0QJ8wRAIgT-U03SY82cOAgZpZdoXzDYNO31yZdObMKjqhSqnddO8CIAWQUM-nx8_UI6w6plwtsKlPcCUEjT0Z1v3pj2Mx_VRm&ratebypass=yes", "player_url": "/s/player/7bc032d0/player_ias.vflset/en_US/base.js", "ext": "mp4", "height": 240, "format_note": "240p", "vcodec": "avc1.4d4015", "asr": null, "filesize": 577360, "fps": 30, "tbr": 52.723, "width": 426, "acodec": "none", "downloader_options": {"http_chunk_size": 10485760}, "format": "133 - 426x240 (240p)", "protocol": "https", "http_headers": {"User-Agent": "Mozilla/5.0 (Windows NT 10.0; Win64; x64) AppleWebKit/537.36 (KHTML, like Gecko) Chrome/70.0.3538.79 Safari/537.36", "Accept-Charset": "ISO-8859-1,utf-8;q=0.7,*;q=0.7", "Accept": "text/html,application/xhtml+xml,application/xml;q=0.9,*/*;q=0.8", "Accept-Encoding": "gzip, deflate", "Accept-Language": "en-us,en;q=0.5"}}, {"format_id": "278", "url": "https://r1---sn-5njj-u2xl.googlevideo.com/videoplayback?expire=1612167564&ei=LGUXYPPDCYvBgAOhhoLoDg&ip=140.109.135.76&id=o-ANyxcrcEKBmzeMyf6TiUg00MUpa-18N1Av44SkgqQ4hN&itag=278&aitags=133%2C134%2C135%2C136%2C137%2C160%2C242%2C243%2C244%2C247%2C248%2C278&source=youtube&requiressl=yes&mh=z9&mm=31%2C29&mn=sn-5njj-u2xl%2Csn-un57sn76&ms=au%2Crdu&mv=m&mvi=1&pl=16&initcwndbps=422500&vprv=1&mime=video%2Fwebm&ns=bi7Ka1TKr7ICDqGpObp6lIoF&gir=yes&clen=772721&dur=230.499&lmt=1517386936213484&mt=1612145803&fvip=1&keepalive=yes&c=WEB&n=3PmflwnNLN41fDoia&sparams=expire%2Cei%2Cip%2Cid%2Caitags%2Csource%2Crequiressl%2Cvprv%2Cmime%2Cns%2Cgir%2Cclen%2Cdur%2Clmt&lsparams=mh%2Cmm%2Cmn%2Cms%2Cmv%2Cmvi%2Cpl%2Cinitcwndbps&lsig=AG3C_xAwRQIgA_L_sTi83Nwepkg3S4ZNsssamUGk0WVlXKk92ndyAd4CIQC-tJXCEAtfHAj_tKgynEoCXHBXquxGLY0WHwV-hEfKsQ%3D%3D&sig=AOq0QJ8wRQIgZjl6x35CLVmOxZ5S4iAgSSLkuZy7C2SymX645EJuuYQCIQCM5Hz6f5WLgGYQKOm4RJ4ia2pSS1epXvw4TmaCTJEVZw==&ratebypass=yes", "player_url": "/s/player/7bc032d0/player_ias.vflset/en_US/base.js", "ext": "webm", "height": 144, "format_note": "144p", "container": "webm", "vcodec": "vp9", "asr": null, "filesize": 772721, "fps": 30, "tbr": 70.401, "width": 256, "acodec": "none", "downloader_options": {"http_chunk_size": 10485760}, "format": "278 - 256x144 (144p)", "protocol": "https", "http_headers": {"User-Agent": "Mozilla/5.0 (Windows NT 10.0; Win64; x64) AppleWebKit/537.36 (KHTML, like Gecko) Chrome/70.0.3538.79 Safari/537.36", "Accept-Charset": "ISO-8859-1,utf-8;q=0.7,*;q=0.7", "Accept": "text/html,application/xhtml+xml,application/xml;q=0.9,*/*;q=0.8", "Accept-Encoding": "gzip, deflate", "Accept-Language": "en-us,en;q=0.5"}}, {"format_id": "242", "url": "https://r1---sn-5njj-u2xl.googlevideo.com/videoplayback?expire=1612167564&ei=LGUXYPPDCYvBgAOhhoLoDg&ip=140.109.135.76&id=o-ANyxcrcEKBmzeMyf6TiUg00MUpa-18N1Av44SkgqQ4hN&itag=242&aitags=133%2C134%2C135%2C136%2C137%2C160%2C242%2C243%2C244%2C247%2C248%2C278&source=youtube&requiressl=yes&mh=z9&mm=31%2C29&mn=sn-5njj-u2xl%2Csn-un57sn76&ms=au%2Crdu&mv=m&mvi=1&pl=16&initcwndbps=422500&vprv=1&mime=video%2Fwebm&ns=bi7Ka1TKr7ICDqGpObp6lIoF&gir=yes&clen=882965&dur=230.499&lmt=1517386930504091&mt=1612145803&fvip=1&keepalive=yes&c=WEB&n=3PmflwnNLN41fDoia&sparams=expire%2Cei%2Cip%2Cid%2Caitags%2Csource%2Crequiressl%2Cvprv%2Cmime%2Cns%2Cgir%2Cclen%2Cdur%2Clmt&lsparams=mh%2Cmm%2Cmn%2Cms%2Cmv%2Cmvi%2Cpl%2Cinitcwndbps&lsig=AG3C_xAwRQIgD0w6VSgXNjDyw32rPSKwVq95kyQVPJTTwm26UAhS4V4CIQDKueD0up6XFot1XoTkQEGHMg-OmGEjPg4-Z4wZf-RusA%3D%3D&sig=AOq0QJ8wRQIhAI5moVcInOsK0LSy5Tk8QULmAy3lHCXzinBRiHj0OpKOAiAPfMZjqoecmGkscL1TYXM11oNBUrn3TLUAY_GgN9VUBg==&ratebypass=yes", "player_url": "/s/player/7bc032d0/player_ias.vflset/en_US/base.js", "ext": "webm", "height": 240, "format_note": "240p", "vcodec": "vp9", "asr": null, "filesize": 882965, "fps": 30, "tbr": 91.437, "width": 426, "acodec": "none", "downloader_options": {"http_chunk_size": 10485760}, "format": "242 - 426x240 (240p)", "protocol": "https", "http_headers": {"User-Agent": "Mozilla/5.0 (Windows NT 10.0; Win64; x64) AppleWebKit/537.36 (KHTML, like Gecko) Chrome/70.0.3538.79 Safari/537.36", "Accept-Charset": "ISO-8859-1,utf-8;q=0.7,*;q=0.7", "Accept": "text/html,application/xhtml+xml,application/xml;q=0.9,*/*;q=0.8", "Accept-Encoding": "gzip, deflate", "Accept-Language": "en-us,en;q=0.5"}}, {"format_id": "134", "url": "https://r1---sn-5njj-u2xl.googlevideo.com/videoplayback?expire=1612167564&ei=LGUXYPPDCYvBgAOhhoLoDg&ip=140.109.135.76&id=o-ANyxcrcEKBmzeMyf6TiUg00MUpa-18N1Av44SkgqQ4hN&itag=134&aitags=133%2C134%2C135%2C136%2C137%2C160%2C242%2C243%2C244%2C247%2C248%2C278&source=youtube&requiressl=yes&mh=z9&mm=31%2C29&mn=sn-5njj-u2xl%2Csn-un57sn76&ms=au%2Crdu&mv=m&mvi=1&pl=16&initcwndbps=422500&vprv=1&mime=video%2Fmp4&ns=bi7Ka1TKr7ICDqGpObp6lIoF&gir=yes&clen=1521063&dur=230.499&lmt=1517385766590486&mt=1612145803&fvip=1&keepalive=yes&c=WEB&n=3PmflwnNLN41fDoia&sparams=expire%2Cei%2Cip%2Cid%2Caitags%2Csource%2Crequiressl%2Cvprv%2Cmime%2Cns%2Cgir%2Cclen%2Cdur%2Clmt&lsparams=mh%2Cmm%2Cmn%2Cms%2Cmv%2Cmvi%2Cpl%2Cinitcwndbps&lsig=AG3C_xAwRQIgLEl4t-0_iEB3MIxcrBjfaUwGv2humxg64b0B5AxzBhkCIQCJAYQPNd6mKLpP3cej8QvEq5DF0qCnLQKS-9l_eCxw_g%3D%3D&sig=AOq0QJ8wRQIhAMDGSYPlGN1IGj3-IqLe3M90QaLGCtkGFpy-s-WekCnnAiAFMauSSx9h9iNtDz7cJs_ztIPTf7ilKP-z-G1_YWLzdQ==&ratebypass=yes", "player_url": "/s/player/7bc032d0/player_ias.vflset/en_US/base.js", "ext": "mp4", "height": 360, "format_note": "360p", "vcodec": "avc1.4d401e", "asr": null, "filesize": 1521063, "fps": 30, "tbr": 99.619, "width": 640, "acodec": "none", "downloader_options": {"http_chunk_size": 10485760}, "format": "134 - 640x360 (360p)", "protocol": "https", "http_headers": {"User-Agent": "Mozilla/5.0 (Windows NT 10.0; Win64; x64) AppleWebKit/537.36 (KHTML, like Gecko) Chrome/70.0.3538.79 Safari/537.36", "Accept-Charset": "ISO-8859-1,utf-8;q=0.7,*;q=0.7", "Accept": "text/html,application/xhtml+xml,application/xml;q=0.9,*/*;q=0.8", "Accept-Encoding": "gzip, deflate", "Accept-Language": "en-us,en;q=0.5"}}, {"format_id": "243", "url": "https://r1---sn-5njj-u2xl.googlevideo.com/videoplayback?expire=1612167564&ei=LGUXYPPDCYvBgAOhhoLoDg&ip=140.109.135.76&id=o-ANyxcrcEKBmzeMyf6TiUg00MUpa-18N1Av44SkgqQ4hN&itag=243&aitags=133%2C134%2C135%2C136%2C137%2C160%2C242%2C243%2C244%2C247%2C248%2C278&source=youtube&requiressl=yes&mh=z9&mm=31%2C29&mn=sn-5njj-u2xl%2Csn-un57sn76&ms=au%2Crdu&mv=m&mvi=1&pl=16&initcwndbps=422500&vprv=1&mime=video%2Fwebm&ns=bi7Ka1TKr7ICDqGpObp6lIoF&gir=yes&clen=1940218&dur=230.499&lmt=1517386936513034&mt=1612145803&fvip=1&keepalive=yes&c=WEB&n=3PmflwnNLN41fDoia&sparams=expire%2Cei%2Cip%2Cid%2Caitags%2Csource%2Crequiressl%2Cvprv%2Cmime%2Cns%2Cgir%2Cclen%2Cdur%2Clmt&lsparams=mh%2Cmm%2Cmn%2Cms%2Cmv%2Cmvi%2Cpl%2Cinitcwndbps&lsig=AG3C_xAwRgIhAMmXhi2w8m0b_NgN8TmkiGver7jCcQIT_5JTBAiPxAfWAiEA1774Hy0V5-NKA_BwGPIZW3AUDtXl-qEfRX3j_Q_AQPU%3D&sig=AOq0QJ8wRQIhAKJAvEytU6XQ03n-e5Hn4pqv_pxX-dUHsMEif3N87IDsAiAwq54OHwy2zuVj-Xr4idjpm-kdkS89vIHLOlZJnNKXXQ==&ratebypass=yes", "player_url": "/s/player/7bc032d0/player_ias.vflset/en_US/base.js", "ext": "webm", "height": 360, "format_note": "360p", "vcodec": "vp9", "asr": null, "filesize": 1940218, "fps": 30, "tbr": 177.029, "width": 640, "acodec": "none", "downloader_options": {"http_chunk_size": 10485760}, "format": "243 - 640x360 (360p)", "protocol": "https", "http_headers": {"User-Agent": "Mozilla/5.0 (Windows NT 10.0; Win64; x64) AppleWebKit/537.36 (KHTML, like Gecko) Chrome/70.0.3538.79 Safari/537.36", "Accept-Charset": "ISO-8859-1,utf-8;q=0.7,*;q=0.7", "Accept": "text/html,application/xhtml+xml,application/xml;q=0.9,*/*;q=0.8", "Accept-Encoding": "gzip, deflate", "Accept-Language": "en-us,en;q=0.5"}}, {"format_id": "135", "url": "https://r1---sn-5njj-u2xl.googlevideo.com/videoplayback?expire=1612167564&ei=LGUXYPPDCYvBgAOhhoLoDg&ip=140.109.135.76&id=o-ANyxcrcEKBmzeMyf6TiUg00MUpa-18N1Av44SkgqQ4hN&itag=135&aitags=133%2C134%2C135%2C136%2C137%2C160%2C242%2C243%2C244%2C247%2C248%2C278&source=youtube&requiressl=yes&mh=z9&mm=31%2C29&mn=sn-5njj-u2xl%2Csn-un57sn76&ms=au%2Crdu&mv=m&mvi=1&pl=16&initcwndbps=422500&vprv=1&mime=video%2Fmp4&ns=bi7Ka1TKr7ICDqGpObp6lIoF&gir=yes&clen=2584677&dur=230.499&lmt=1517385767383691&mt=1612145803&fvip=1&keepalive=yes&c=WEB&n=3PmflwnNLN41fDoia&sparams=expire%2Cei%2Cip%2Cid%2Caitags%2Csource%2Crequiressl%2Cvprv%2Cmime%2Cns%2Cgir%2Cclen%2Cdur%2Clmt&lsparams=mh%2Cmm%2Cmn%2Cms%2Cmv%2Cmvi%2Cpl%2Cinitcwndbps&lsig=AG3C_xAwRQIgXI18WirVrh1fdZlAcoWO12JbujN1J_A-VP-wxIJ06dQCIQDBXMBeTm6nHw7MzqaeRzMMDXAVbvITJ-qDJTSJ3OIi2A%3D%3D&sig=AOq0QJ8wRAIgPijUtrJclmlkl6OCyncTiBxwsHkHfp_zQOZDkpprQlICIFON7G04M2jueiiM72oQ0ZQoOa_DJf0jKLbY_vBNd7zw&ratebypass=yes", "player_url": "/s/player/7bc032d0/player_ias.vflset/en_US/base.js", "ext": "mp4", "height": 480, "format_note": "480p", "vcodec": "avc1.4d401f", "asr": null, "filesize": 2584677, "fps": 30, "tbr": 190.546, "width": 854, "acodec": "none", "downloader_options": {"http_chunk_size": 10485760}, "format": "135 - 854x480 (480p)", "protocol": "https", "http_headers": {"User-Agent": "Mozilla/5.0 (Windows NT 10.0; Win64; x64) AppleWebKit/537.36 (KHTML, like Gecko) Chrome/70.0.3538.79 Safari/537.36", "Accept-Charset": "ISO-8859-1,utf-8;q=0.7,*;q=0.7", "Accept": "text/html,application/xhtml+xml,application/xml;q=0.9,*/*;q=0.8", "Accept-Encoding": "gzip, deflate", "Accept-Language": "en-us,en;q=0.5"}}, {"format_id": "244", "url": "https://r1---sn-5njj-u2xl.googlevideo.com/videoplayback?expire=1612167564&ei=LGUXYPPDCYvBgAOhhoLoDg&ip=140.109.135.76&id=o-ANyxcrcEKBmzeMyf6TiUg00MUpa-18N1Av44SkgqQ4hN&itag=244&aitags=133%2C134%2C135%2C136%2C137%2C160%2C242%2C243%2C244%2C247%2C248%2C278&source=youtube&requiressl=yes&mh=z9&mm=31%2C29&mn=sn-5njj-u2xl%2Csn-un57sn76&ms=au%2Crdu&mv=m&mvi=1&pl=16&initcwndbps=422500&vprv=1&mime=video%2Fwebm&ns=bi7Ka1TKr7ICDqGpObp6lIoF&gir=yes&clen=3212118&dur=230.499&lmt=1517386948213766&mt=1612145803&fvip=1&keepalive=yes&c=WEB&n=3PmflwnNLN41fDoia&sparams=expire%2Cei%2Cip%2Cid%2Caitags%2Csource%2Crequiressl%2Cvprv%2Cmime%2Cns%2Cgir%2Cclen%2Cdur%2Clmt&lsparams=mh%2Cmm%2Cmn%2Cms%2Cmv%2Cmvi%2Cpl%2Cinitcwndbps&lsig=AG3C_xAwRAIgY9BU4JJzAAV1YcVnF1uMQTr0X6Vmixvrn0sZwtTEb8kCICFjpj9x-2sqOqKzwdeXq01AsU3gJ7QymbfF5-SCUIB4&sig=AOq0QJ8wRgIhAJp1nHI4n6jDns4AYWyWy0Io83ONlWgWkvKCjVqzfjSQAiEA2pLYP__9P3DHw00B2678YLlPL9n7XWetdNgUNmvr6Vc=&ratebypass=yes", "player_url": "/s/player/7bc032d0/player_ias.vflset/en_US/base.js", "ext": "webm", "height": 480, "format_note": "480p", "vcodec": "vp9", "asr": null, "filesize": 3212118, "fps": 30, "tbr": 286.888, "width": 854, "acodec": "none", "downloader_options": {"http_chunk_size": 10485760}, "format": "244 - 854x480 (480p)", "protocol": "https", "http_headers": {"User-Agent": "Mozilla/5.0 (Windows NT 10.0; Win64; x64) AppleWebKit/537.36 (KHTML, like Gecko) Chrome/70.0.3538.79 Safari/537.36", "Accept-Charset": "ISO-8859-1,utf-8;q=0.7,*;q=0.7", "Accept": "text/html,application/xhtml+xml,application/xml;q=0.9,*/*;q=0.8", "Accept-Encoding": "gzip, deflate", "Accept-Language": "en-us,en;q=0.5"}}, {"format_id": "136", "url": "https://r1---sn-5njj-u2xl.googlevideo.com/videoplayback?expire=1612167564&ei=LGUXYPPDCYvBgAOhhoLoDg&ip=140.109.135.76&id=o-ANyxcrcEKBmzeMyf6TiUg00MUpa-18N1Av44SkgqQ4hN&itag=136&aitags=133%2C134%2C135%2C136%2C137%2C160%2C242%2C243%2C244%2C247%2C248%2C278&source=youtube&requiressl=yes&mh=z9&mm=31%2C29&mn=sn-5njj-u2xl%2Csn-un57sn76&ms=au%2Crdu&mv=m&mvi=1&pl=16&initcwndbps=422500&vprv=1&mime=video%2Fmp4&ns=bi7Ka1TKr7ICDqGpObp6lIoF&gir=yes&clen=4103464&dur=230.499&lmt=1517385776723918&mt=1612145803&fvip=1&keepalive=yes&c=WEB&n=3PmflwnNLN41fDoia&sparams=expire%2Cei%2Cip%2Cid%2Caitags%2Csource%2Crequiressl%2Cvprv%2Cmime%2Cns%2Cgir%2Cclen%2Cdur%2Clmt&lsparams=mh%2Cmm%2Cmn%2Cms%2Cmv%2Cmvi%2Cpl%2Cinitcwndbps&lsig=AG3C_xAwRAIgMx10RsMr_eVFo3qf5WckKR2mjytkXPTV_UPhzIP5IVsCIGdwju6vN4ivF5wd4mJgZakduMgnfdCjs4HBzGc2KyQe&sig=AOq0QJ8wRAIgJCbjQLmvw-gDoJu6aVNGKnkROUX7dxdFKWq80Lp-huwCIFTBF5sCu8EeWVRhoq05niY7j5XP_wd_b244-X-yxatR&ratebypass=yes", "player_url": "/s/player/7bc032d0/player_ias.vflset/en_US/base.js", "ext": "mp4", "height": 720, "format_note": "720p", "vcodec": "avc1.4d401f", "asr": null, "filesize": 4103464, "fps": 30, "tbr": 372.332, "width": 1280, "acodec": "none", "downloader_options": {"http_chunk_size": 10485760}, "format": "136 - 1280x720 (720p)", "protocol": "https", "http_headers": {"User-Agent": "Mozilla/5.0 (Windows NT 10.0; Win64; x64) AppleWebKit/537.36 (KHTML, like Gecko) Chrome/70.0.3538.79 Safari/537.36", "Accept-Charset": "ISO-8859-1,utf-8;q=0.7,*;q=0.7", "Accept": "text/html,application/xhtml+xml,application/xml;q=0.9,*/*;q=0.8", "Accept-Encoding": "gzip, deflate", "Accept-Language": "en-us,en;q=0.5"}}, {"format_id": "247", "url": "https://r1---sn-5njj-u2xl.googlevideo.com/videoplayback?expire=1612167564&ei=LGUXYPPDCYvBgAOhhoLoDg&ip=140.109.135.76&id=o-ANyxcrcEKBmzeMyf6TiUg00MUpa-18N1Av44SkgqQ4hN&itag=247&aitags=133%2C134%2C135%2C136%2C137%2C160%2C242%2C243%2C244%2C247%2C248%2C278&source=youtube&requiressl=yes&mh=z9&mm=31%2C29&mn=sn-5njj-u2xl%2Csn-un57sn76&ms=au%2Crdu&mv=m&mvi=1&pl=16&initcwndbps=422500&vprv=1&mime=video%2Fwebm&ns=bi7Ka1TKr7ICDqGpObp6lIoF&gir=yes&clen=5932604&dur=230.499&lmt=1517386949608797&mt=1612145803&fvip=1&keepalive=yes&c=WEB&n=3PmflwnNLN41fDoia&sparams=expire%2Cei%2Cip%2Cid%2Caitags%2Csource%2Crequiressl%2Cvprv%2Cmime%2Cns%2Cgir%2Cclen%2Cdur%2Clmt&lsparams=mh%2Cmm%2Cmn%2Cms%2Cmv%2Cmvi%2Cpl%2Cinitcwndbps&lsig=AG3C_xAwRQIhAOq7wiy6Yxjy5c0P0qazL09b_uxonkq0FaOivKo27WqNAiAKEVXSGdoGtiQ9J5EELn2rHLOZMoieogLgHs0qC0gAeA%3D%3D&sig=AOq0QJ8wRgIhAIUIw_px_X1XmwJQLTcPgapmiLb580quq-MeF20xTVQ5AiEA6Dn9ad8X6R1NoDRhBgbJfwV74cIRrdQsAJSAM1zLErg=&ratebypass=yes", "player_url": "/s/player/7bc032d0/player_ias.vflset/en_US/base.js", "ext": "webm", "height": 720, "format_note": "720p", "vcodec": "vp9", "asr": null, "filesize": 5932604, "fps": 30, "tbr": 608.795, "width": 1280, "acodec": "none", "downloader_options": {"http_chunk_size": 10485760}, "format": "247 - 1280x720 (720p)", "protocol": "https", "http_headers": {"User-Agent": "Mozilla/5.0 (Windows NT 10.0; Win64; x64) AppleWebKit/537.36 (KHTML, like Gecko) Chrome/70.0.3538.79 Safari/537.36", "Accept-Charset": "ISO-8859-1,utf-8;q=0.7,*;q=0.7", "Accept": "text/html,application/xhtml+xml,application/xml;q=0.9,*/*;q=0.8", "Accept-Encoding": "gzip, deflate", "Accept-Language": "en-us,en;q=0.5"}}, {"format_id": "137", "url": "https://r1---sn-5njj-u2xl.googlevideo.com/videoplayback?expire=1612167564&ei=LGUXYPPDCYvBgAOhhoLoDg&ip=140.109.135.76&id=o-ANyxcrcEKBmzeMyf6TiUg00MUpa-18N1Av44SkgqQ4hN&itag=137&aitags=133%2C134%2C135%2C136%2C137%2C160%2C242%2C243%2C244%2C247%2C248%2C278&source=youtube&requiressl=yes&mh=z9&mm=31%2C29&mn=sn-5njj-u2xl%2Csn-un57sn76&ms=au%2Crdu&mv=m&mvi=1&pl=16&initcwndbps=422500&vprv=1&mime=video%2Fmp4&ns=bi7Ka1TKr7ICDqGpObp6lIoF&gir=yes&clen=8128488&dur=230.499&lmt=1517385782406725&mt=1612145803&fvip=1&keepalive=yes&c=WEB&n=3PmflwnNLN41fDoia&sparams=expire%2Cei%2Cip%2Cid%2Caitags%2Csource%2Crequiressl%2Cvprv%2Cmime%2Cns%2Cgir%2Cclen%2Cdur%2Clmt&lsparams=mh%2Cmm%2Cmn%2Cms%2Cmv%2Cmvi%2Cpl%2Cinitcwndbps&lsig=AG3C_xAwRQIhALUwzx5TjFv2fFwzcK8NewmN_dPrXTBhyoABeNobGpk_AiAXHJdN6nc2YXAakDKrcBVfEQm20uDODwEtv9LgLuAQjw%3D%3D&sig=AOq0QJ8wRAIgKsu8jdEduLDvQS9WRPP_Sie7uKpFTjb_tOsaNPNIZ-8CIHbdz2w6k-_FxVzUTmgvkftIjF9fq5jNaTdmKU2prhHJ&ratebypass=yes", "player_url": "/s/player/7bc032d0/player_ias.vflset/en_US/base.js", "ext": "mp4", "height": 1080, "format_note": "1080p", "vcodec": "avc1.640028", "asr": null, "filesize": 8128488, "fps": 30, "tbr": 745.823, "width": 1920, "acodec": "none", "downloader_options": {"http_chunk_size": 10485760}, "format": "137 - 1920x1080 (1080p)", "protocol": "https", "http_headers": {"User-Agent": "Mozilla/5.0 (Windows NT 10.0; Win64; x64) AppleWebKit/537.36 (KHTML, like Gecko) Chrome/70.0.3538.79 Safari/537.36", "Accept-Charset": "ISO-8859-1,utf-8;q=0.7,*;q=0.7", "Accept": "text/html,application/xhtml+xml,application/xml;q=0.9,*/*;q=0.8", "Accept-Encoding": "gzip, deflate", "Accept-Language": "en-us,en;q=0.5"}}, {"format_id": "248", "url": "https://r1---sn-5njj-u2xl.googlevideo.com/videoplayback?expire=1612167564&ei=LGUXYPPDCYvBgAOhhoLoDg&ip=140.109.135.76&id=o-ANyxcrcEKBmzeMyf6TiUg00MUpa-18N1Av44SkgqQ4hN&itag=248&aitags=133%2C134%2C135%2C136%2C137%2C160%2C242%2C243%2C244%2C247%2C248%2C278&source=youtube&requiressl=yes&mh=z9&mm=31%2C29&mn=sn-5njj-u2xl%2Csn-un57sn76&ms=au%2Crdu&mv=m&mvi=1&pl=16&initcwndbps=422500&vprv=1&mime=video%2Fwebm&ns=bi7Ka1TKr7ICDqGpObp6lIoF&gir=yes&clen=12586033&dur=230.499&lmt=1517386974685916&mt=1612145803&fvip=1&keepalive=yes&c=WEB&n=3PmflwnNLN41fDoia&sparams=expire%2Cei%2Cip%2Cid%2Caitags%2Csource%2Crequiressl%2Cvprv%2Cmime%2Cns%2Cgir%2Cclen%2Cdur%2Clmt&lsparams=mh%2Cmm%2Cmn%2Cms%2Cmv%2Cmvi%2Cpl%2Cinitcwndbps&lsig=AG3C_xAwRQIgWzVcEoOL2ME59zh-ig4jGtiTwRLXnQnkAfnwY3pmBvoCIQDr4YJa1-68c9ia_WgBi9yFDMD_68euJCUqwpt7oFzPJQ%3D%3D&sig=AOq0QJ8wRQIgSdCA0dDSQ-tpjb37EKmvcwyNNMtnun9hk0IoVmVe50wCIQDxXmZxDY8FQDajmcjbAQJGMfyxheZE9GjI-gWcYqUfJA==&ratebypass=yes", "player_url": "/s/player/7bc032d0/player_ias.vflset/en_US/base.js", "ext": "webm", "height": 1080, "format_note": "1080p", "vcodec": "vp9", "asr": null, "filesize": 12586033, "fps": 30, "tbr": 1440.768, "width": 1920, "acodec": "none", "downloader_options": {"http_chunk_size": 10485760}, "format": "248 - 1920x1080 (1080p)", "protocol": "https", "http_headers": {"User-Agent": "Mozilla/5.0 (Windows NT 10.0; Win64; x64) AppleWebKit/537.36 (KHTML, like Gecko) Chrome/70.0.3538.79 Safari/537.36", "Accept-Charset": "ISO-8859-1,utf-8;q=0.7,*;q=0.7", "Accept": "text/html,application/xhtml+xml,application/xml;q=0.9,*/*;q=0.8", "Accept-Encoding": "gzip, deflate", "Accept-Language": "en-us,en;q=0.5"}}, {"format_id": "18", "url": "https://r1---sn-5njj-u2xl.googlevideo.com/videoplayback?expire=1612167564&ei=LGUXYPPDCYvBgAOhhoLoDg&ip=140.109.135.76&id=o-ANyxcrcEKBmzeMyf6TiUg00MUpa-18N1Av44SkgqQ4hN&itag=18&source=youtube&requiressl=yes&mh=z9&mm=31%2C29&mn=sn-5njj-u2xl%2Csn-un57sn76&ms=au%2Crdu&mv=m&mvi=1&pl=16&initcwndbps=422500&vprv=1&mime=video%2Fmp4&ns=WeeGi37yrZtHnqbaSnqEKSMF&gir=yes&clen=8311004&ratebypass=yes&dur=230.550&lmt=1517385528258332&mt=1612145803&fvip=1&c=WEB&n=X_LtTdDgjXGWSm6EK&sparams=expire%2Cei%2Cip%2Cid%2Citag%2Csource%2Crequiressl%2Cvprv%2Cmime%2Cns%2Cgir%2Cclen%2Cratebypass%2Cdur%2Clmt&lsparams=mh%2Cmm%2Cmn%2Cms%2Cmv%2Cmvi%2Cpl%2Cinitcwndbps&lsig=AG3C_xAwRQIgHdHANaQlVcSpJbskSFBHlYP3v65LPJ4JlCCBMdggTCoCIQDjArEgh78rjumINnNIaI4mkhVGhqczVDn-FHDeXQZyZQ%3D%3D&sig=AOq0QJ8wRQIhAOsdqSDJosNYAtagramo7pOyWRuN826Ks8sTv6TbU7v8AiAjW0qkOaWh43JSab00EuqdT5bf4Nx5QDsrZjt5ql7--A==", "player_url": "/s/player/7bc032d0/player_ias.vflset/en_US/base.js", "ext": "mp4", "width": 640, "height": 360, "acodec": "mp4a.40.2", "abr": 96, "vcodec": "avc1.42001E", "asr": 44100, "filesize": 8311004, "format_note": "360p", "fps": 30, "tbr": 288.451, "format": "18 - 640x360 (360p)", "protocol": "https", "http_headers": {"User-Agent": "Mozilla/5.0 (Windows NT 10.0; Win64; x64) AppleWebKit/537.36 (KHTML, like Gecko) Chrome/70.0.3538.79 Safari/537.36", "Accept-Charset": "ISO-8859-1,utf-8;q=0.7,*;q=0.7", "Accept": "text/html,application/xhtml+xml,application/xml;q=0.9,*/*;q=0.8", "Accept-Encoding": "gzip, deflate", "Accept-Language": "en-us,en;q=0.5"}}], "is_live": null, "start_time": null, "end_time": null, "series": null, "season_number": null, "episode_number": null, "track": null, "artist": null, "album": null, "release_date": null, "release_year": null, "extractor": "youtube", "webpage_url_basename": "watch", "extractor_key": "Youtube", "playlist": null, "playlist_index": null, "thumbnail": "https://i.ytimg.com/vi_webp/xrhWli_R98g/maxresdefault.webp", "display_id": "xrhWli_R98g", "requested_subtitles": null, "format_id": "251", "url": "https://r1---sn-5njj-u2xl.googlevideo.com/videoplayback?expire=1612167564&ei=LGUXYPPDCYvBgAOhhoLoDg&ip=140.109.135.76&id=o-ANyxcrcEKBmzeMyf6TiUg00MUpa-18N1Av44SkgqQ4hN&itag=251&source=youtube&requiressl=yes&mh=z9&mm=31%2C29&mn=sn-5njj-u2xl%2Csn-un57sn76&ms=au%2Crdu&mv=m&mvi=1&pl=16&initcwndbps=422500&vprv=1&mime=audio%2Fwebm&ns=bi7Ka1TKr7ICDqGpObp6lIoF&gir=yes&clen=4443543&dur=230.521&lmt=1517386335079277&mt=1612145803&fvip=1&keepalive=yes&c=WEB&n=3PmflwnNLN41fDoia&sparams=expire%2Cei%2Cip%2Cid%2Citag%2Csource%2Crequiressl%2Cvprv%2Cmime%2Cns%2Cgir%2Cclen%2Cdur%2Clmt&lsparams=mh%2Cmm%2Cmn%2Cms%2Cmv%2Cmvi%2Cpl%2Cinitcwndbps&lsig=AG3C_xAwRQIhAPQBMlCPQjLi0DzSDAkRT46Uo9DP_nny5cNybTrbaHZaAiB0ppQUTcLATGJI-eE5tuKFyVFW2KdKv_ZauMtbVBK0Xw%3D%3D&sig=AOq0QJ8wRgIhAOqwt9fPjoEaqxRhFSBftPiW6Uy-IO77oC3aAMNUIWxtAiEAkIckJtN1SG3XAohY_sPbTQIniHIOIabpioPTg2Juzlg=&ratebypass=yes", "player_url": "/s/player/7bc032d0/player_ias.vflset/en_US/base.js", "ext": "webm", "format_note": "tiny", "acodec": "opus", "abr": 160, "asr": 48000, "filesize": 4443543, "fps": null, "height": null, "tbr": 161.699, "width": null, "vcodec": "none", "downloader_options": {"http_chunk_size": 10485760}, "format": "251 - audio only (tiny)", "protocol": "https", "http_headers": {"User-Agent": "Mozilla/5.0 (Windows NT 10.0; Win64; x64) AppleWebKit/537.36 (KHTML, like Gecko) Chrome/70.0.3538.79 Safari/537.36", "Accept-Charset": "ISO-8859-1,utf-8;q=0.7,*;q=0.7", "Accept": "text/html,application/xhtml+xml,application/xml;q=0.9,*/*;q=0.8", "Accept-Encoding": "gzip, deflate", "Accept-Language": "en-us,en;q=0.5"}}