{"id": "yqJh0-lrz1E", "uploader": "Mark Andrew Hansen - Topic", "uploader_id": "UCb4tHh6iwKIbvjZOhRo5G6g", "uploader_url": "http://www.youtube.com/channel/UCb4tHh6iwKIbvjZOhRo5G6g", "channel_id": "UCb4tHh6iwKIbvjZOhRo5G6g", "channel_url": "http://www.youtube.com/channel/UCb4tHh6iwKIbvjZOhRo5G6g", "upload_date": "20180518", "license": null, "creator": "Mark Andrew Hansen", "title": "Pied Butcherbird 2 (Solo) - Happy Piano Instrumental Music", "alt_title": "Pied Butcherbird 2 (Solo) - Happy Piano Instrumental Music", "thumbnails": [{"url": "https://i.ytimg.com/vi/yqJh0-lrz1E/hqdefault.jpg?sqp=-oaymwEYCKgBEF5IVfKriqkDCwgBFQAAiEIYAXAB&rs=AOn4CLAGYopQ9nn5EGe_7QMngxYFxoYBXg", "width": 168, "height": 94, "resolution": "168x94", "id": "0"}, {"url": "https://i.ytimg.com/vi/yqJh0-lrz1E/hqdefault.jpg?sqp=-oaymwEYCMQBEG5IVfKriqkDCwgBFQAAiEIYAXAB&rs=AOn4CLBfGSaDWnlLwQHQ11dzkZ26CDHA6Q", "width": 196, "height": 110, "resolution": "196x110", "id": "1"}, {"url": "https://i.ytimg.com/vi/yqJh0-lrz1E/hqdefault.jpg?sqp=-oaymwEZCPYBEIoBSFXyq4qpAwsIARUAAIhCGAFwAQ==&rs=AOn4CLB3zLSn0_2SBXVfACsFEoGyAshlgA", "width": 246, "height": 138, "resolution": "246x138", "id": "2"}, {"url": "https://i.ytimg.com/vi/yqJh0-lrz1E/hqdefault.jpg?sqp=-oaymwEZCNACELwBSFXyq4qpAwsIARUAAIhCGAFwAQ==&rs=AOn4CLCmCVWJD2yuSzJoRRodiW0aYC-w7Q", "width": 336, "height": 188, "resolution": "336x188", "id": "3"}, {"url": "https://i.ytimg.com/vi_webp/yqJh0-lrz1E/maxresdefault.webp", "width": 1920, "height": 1080, "resolution": "1920x1080", "id": "4"}], "description": "Pied Butcherbird 2 (Solo) - Happy Piano Instrumental Music \u00b7 Mark Andrew Hansen\n\nThe Very Best of Mark's Piano Music - Happy Sad Dramatic Emotional Love (Solo Instrumentals)\n\n\u2117 Mark Andrew Hansen\n\nReleased on: 2018-05-18\n\nAuto-generated by YouTube.", "categories": ["Music"], "tags": ["Mark", "Andrew", "Hansen", "The", "Very", "Best", "of", "Mark's", "Piano", "Music", "Happy", "Sad", "Dramatic", "Emotional", "Love", "(Solo", "Instrumentals)", "Pied", "Butcherbird", "(Solo)", "Instrumental"], "subtitles": {}, "automatic_captions": {}, "duration": 211, "age_limit": 0, "annotations": null, "chapters": null, "webpage_url": "https://www.youtube.com/watch?v=yqJh0-lrz1E", "view_count": 642, "like_count": 9, "dislike_count": null, "average_rating": 5.0, "formats": [{"format_id": "249", "url": "https://r4---sn-5njj-u2xe.googlevideo.com/videoplayback?expire=1611763313&ei=EToRYM_JH-iF1d8PybW_yAo&ip=140.109.135.76&id=o-AF2-kGVoFjSDWTaaCqksarESnvQxZAeXLDcad4Vgx3Xs&itag=249&source=youtube&requiressl=yes&mh=Hk&mm=31%2C29&mn=sn-5njj-u2xe%2Csn-un57sn7s&ms=au%2Crdu&mv=m&mvi=4&pl=16&gcr=tw&initcwndbps=540000&vprv=1&mime=audio%2Fwebm&ns=TCwkS75NeHUJGym9rBDj4v4F&gir=yes&clen=1672555&dur=210.781&lmt=1569993176510510&mt=1611740913&fvip=4&keepalive=yes&c=WEB&txp=1301222&n=oBYakkPV6HVq-Xg0X9pK&sparams=expire%2Cei%2Cip%2Cid%2Citag%2Csource%2Crequiressl%2Cgcr%2Cvprv%2Cmime%2Cns%2Cgir%2Cclen%2Cdur%2Clmt&lsparams=mh%2Cmm%2Cmn%2Cms%2Cmv%2Cmvi%2Cpl%2Cinitcwndbps&lsig=AG3C_xAwRQIhAOlh0gNAOngJtppGAzlWAR-LdYZoSvW8k0KkfZjfRJ-yAiBFIH-GCASWmyXCvRhPI9zZeZt7rU3sjYTaFXmEAKXeiQ%3D%3D&sig=AOq0QJ8wRgIhAJH75lqyY6FBIX6r3TxR7ffbyUnf_UyXLxIduGgRN_1lAiEA8o4OJnkstcfy3vYt3Xb7ibPIOUtyxUq0KBo2ySVklqQ=&ratebypass=yes", "player_url": "/s/player/c6df6ed7/player_ias.vflset/en_US/base.js", "ext": "webm", "format_note": "tiny", "acodec": "opus", "abr": 50, "asr": 48000, "filesize": 1672555, "fps": null, "height": null, "tbr": 66.312, "width": null, "vcodec": "none", "downloader_options": {"http_chunk_size": 10485760}, "format": "249 - audio only (tiny)", "protocol": "https", "http_headers": {"User-Agent": "Mozilla/5.0 (Windows NT 10.0; Win64; x64) AppleWebKit/537.36 (KHTML, like Gecko) Chrome/72.0.3626.85 Safari/537.36", "Accept-Charset": "ISO-8859-1,utf-8;q=0.7,*;q=0.7", "Accept": "text/html,application/xhtml+xml,application/xml;q=0.9,*/*;q=0.8", "Accept-Encoding": "gzip, deflate", "Accept-Language": "en-us,en;q=0.5"}}, {"format_id": "250", "url": "https://r4---sn-5njj-u2xe.googlevideo.com/videoplayback?expire=1611763313&ei=EToRYM_JH-iF1d8PybW_yAo&ip=140.109.135.76&id=o-AF2-kGVoFjSDWTaaCqksarESnvQxZAeXLDcad4Vgx3Xs&itag=250&source=youtube&requiressl=yes&mh=Hk&mm=31%2C29&mn=sn-5njj-u2xe%2Csn-un57sn7s&ms=au%2Crdu&mv=m&mvi=4&pl=16&gcr=tw&initcwndbps=540000&vprv=1&mime=audio%2Fwebm&ns=TCwkS75NeHUJGym9rBDj4v4F&gir=yes&clen=2239026&dur=210.781&lmt=1569993174900066&mt=1611740913&fvip=4&keepalive=yes&c=WEB&txp=1301222&n=oBYakkPV6HVq-Xg0X9pK&sparams=expire%2Cei%2Cip%2Cid%2Citag%2Csource%2Crequiressl%2Cgcr%2Cvprv%2Cmime%2Cns%2Cgir%2Cclen%2Cdur%2Clmt&lsparams=mh%2Cmm%2Cmn%2Cms%2Cmv%2Cmvi%2Cpl%2Cinitcwndbps&lsig=AG3C_xAwRgIhAMW11GJ0ARBXeHC5rPfJ5UcQjX8ykIH5J4Ip2C2NPJp9AiEA87kEiwFKQj4XQ4NESkmoUpeXuLH82AluqTHEN9V0_28%3D&sig=AOq0QJ8wRQIhAIRYUS3lmVgRCu4fGN0RINKjXTw27_byJeNc33v_WPqgAiBHU_8IIEqYKrIJ2Y5S_pmW0z1crJdchsnPIzP3mW6ejA==&ratebypass=yes", "player_url": "/s/player/c6df6ed7/player_ias.vflset/en_US/base.js", "ext": "webm", "format_note": "tiny", "acodec": "opus", "abr": 70, "asr": 48000, "filesize": 2239026, "fps": null, "height": null, "tbr": 88.162, "width": null, "vcodec": "none", "downloader_options": {"http_chunk_size": 10485760}, "format": "250 - audio only (tiny)", "protocol": "https", "http_headers": {"User-Agent": "Mozilla/5.0 (Windows NT 10.0; Win64; x64) AppleWebKit/537.36 (KHTML, like Gecko) Chrome/72.0.3626.85 Safari/537.36", "Accept-Charset": "ISO-8859-1,utf-8;q=0.7,*;q=0.7", "Accept": "text/html,application/xhtml+xml,application/xml;q=0.9,*/*;q=0.8", "Accept-Encoding": "gzip, deflate", "Accept-Language": "en-us,en;q=0.5"}}, {"format_id": "140", "url": "https://r4---sn-5njj-u2xe.googlevideo.com/videoplayback?expire=1611763313&ei=EToRYM_JH-iF1d8PybW_yAo&ip=140.109.135.76&id=o-AF2-kGVoFjSDWTaaCqksarESnvQxZAeXLDcad4Vgx3Xs&itag=140&source=youtube&requiressl=yes&mh=Hk&mm=31%2C29&mn=sn-5njj-u2xe%2Csn-un57sn7s&ms=au%2Crdu&mv=m&mvi=4&pl=16&gcr=tw&initcwndbps=540000&vprv=1&mime=audio%2Fmp4&ns=TCwkS75NeHUJGym9rBDj4v4F&gir=yes&clen=3412783&dur=210.755&lmt=1602461668825319&mt=1611740913&fvip=4&keepalive=yes&c=WEB&txp=1311222&n=oBYakkPV6HVq-Xg0X9pK&sparams=expire%2Cei%2Cip%2Cid%2Citag%2Csource%2Crequiressl%2Cgcr%2Cvprv%2Cmime%2Cns%2Cgir%2Cclen%2Cdur%2Clmt&lsparams=mh%2Cmm%2Cmn%2Cms%2Cmv%2Cmvi%2Cpl%2Cinitcwndbps&lsig=AG3C_xAwRQIhAKNO_dQll75Y4CXfZ0uuIPdobuexwxmU5N8Q--GyezpPAiB1d2PIKE47JObAp1_t3AY6reDpGU7v2RmDOktrjv6ECw%3D%3D&sig=AOq0QJ8wRgIhAPpF48WHg3WZNMfqNp_ZaiIZnfo-wPleD9gbwSXK4TtgAiEA1QBH60VXqtyAkdAjc2R3RVUwFFpKQE5mBqPGxkgjMEk=&ratebypass=yes", "player_url": "/s/player/c6df6ed7/player_ias.vflset/en_US/base.js", "ext": "m4a", "format_note": "tiny", "acodec": "mp4a.40.2", "abr": 128, "container": "m4a_dash", "asr": 44100, "filesize": 3412783, "fps": null, "height": null, "tbr": 131.734, "width": null, "vcodec": "none", "downloader_options": {"http_chunk_size": 10485760}, "format": "140 - audio only (tiny)", "protocol": "https", "http_headers": {"User-Agent": "Mozilla/5.0 (Windows NT 10.0; Win64; x64) AppleWebKit/537.36 (KHTML, like Gecko) Chrome/72.0.3626.85 Safari/537.36", "Accept-Charset": "ISO-8859-1,utf-8;q=0.7,*;q=0.7", "Accept": "text/html,application/xhtml+xml,application/xml;q=0.9,*/*;q=0.8", "Accept-Encoding": "gzip, deflate", "Accept-Language": "en-us,en;q=0.5"}}, {"format_id": "251", "url": "https://r4---sn-5njj-u2xe.googlevideo.com/videoplayback?expire=1611763313&ei=EToRYM_JH-iF1d8PybW_yAo&ip=140.109.135.76&id=o-AF2-kGVoFjSDWTaaCqksarESnvQxZAeXLDcad4Vgx3Xs&itag=251&source=youtube&requiressl=yes&mh=Hk&mm=31%2C29&mn=sn-5njj-u2xe%2Csn-un57sn7s&ms=au%2Crdu&mv=m&mvi=4&pl=16&gcr=tw&initcwndbps=540000&vprv=1&mime=audio%2Fwebm&ns=TCwkS75NeHUJGym9rBDj4v4F&gir=yes&clen=4231178&dur=210.781&lmt=1569993175400241&mt=1611740913&fvip=4&keepalive=yes&c=WEB&txp=1301222&n=oBYakkPV6HVq-Xg0X9pK&sparams=expire%2Cei%2Cip%2Cid%2Citag%2Csource%2Crequiressl%2Cgcr%2Cvprv%2Cmime%2Cns%2Cgir%2Cclen%2Cdur%2Clmt&lsparams=mh%2Cmm%2Cmn%2Cms%2Cmv%2Cmvi%2Cpl%2Cinitcwndbps&lsig=AG3C_xAwRgIhAJqifr24FLZ9auxDH8S8G4AZltaUojWRFHhAEjJDzG_IAiEAxgclDlpIq2TDlV4YrmaUyeH2a98gEwxWAeYwB7xbeC0%3D&sig=AOq0QJ8wRQIgEPbmtjWdEZeQ8QWJZZVckTQugX50rmeFIxSdehVYb-ACIQCQ-HeKgvawv-kiPkAj7t_chtVvq0SDlyq40t0wmnQTYg==&ratebypass=yes", "player_url": "/s/player/c6df6ed7/player_ias.vflset/en_US/base.js", "ext": "webm", "format_note": "tiny", "acodec": "opus", "abr": 160, "asr": 48000, "filesize": 4231178, "fps": null, "height": null, "tbr": 165.753, "width": null, "vcodec": "none", "downloader_options": {"http_chunk_size": 10485760}, "format": "251 - audio only (tiny)", "protocol": "https", "http_headers": {"User-Agent": "Mozilla/5.0 (Windows NT 10.0; Win64; x64) AppleWebKit/537.36 (KHTML, like Gecko) Chrome/72.0.3626.85 Safari/537.36", "Accept-Charset": "ISO-8859-1,utf-8;q=0.7,*;q=0.7", "Accept": "text/html,application/xhtml+xml,application/xml;q=0.9,*/*;q=0.8", "Accept-Encoding": "gzip, deflate", "Accept-Language": "en-us,en;q=0.5"}}, {"format_id": "160", "url": "https://r4---sn-5njj-u2xe.googlevideo.com/videoplayback?expire=1611763313&ei=EToRYM_JH-iF1d8PybW_yAo&ip=140.109.135.76&id=o-AF2-kGVoFjSDWTaaCqksarESnvQxZAeXLDcad4Vgx3Xs&itag=160&aitags=133%2C134%2C135%2C136%2C137%2C160%2C242%2C243%2C244%2C247%2C248%2C278&source=youtube&requiressl=yes&mh=Hk&mm=31%2C29&mn=sn-5njj-u2xe%2Csn-un57sn7s&ms=au%2Crdu&mv=m&mvi=4&pl=16&gcr=tw&initcwndbps=540000&vprv=1&mime=video%2Fmp4&ns=TCwkS75NeHUJGym9rBDj4v4F&gir=yes&clen=216508&dur=210.720&lmt=1602462850602257&mt=1611740913&fvip=4&keepalive=yes&c=WEB&txp=1311222&n=oBYakkPV6HVq-Xg0X9pK&sparams=expire%2Cei%2Cip%2Cid%2Caitags%2Csource%2Crequiressl%2Cgcr%2Cvprv%2Cmime%2Cns%2Cgir%2Cclen%2Cdur%2Clmt&lsparams=mh%2Cmm%2Cmn%2Cms%2Cmv%2Cmvi%2Cpl%2Cinitcwndbps&lsig=AG3C_xAwRgIhAI2EYu0sNEfcYSFjUWRv0rXWjoz8HdqB4KWWcXv2AUnnAiEAiefYtQXEm2Ei_3_fPcIZQREatkNjlBLn0lt2oJYIeUU%3D&sig=AOq0QJ8wRQIgZ4A9AlYtqDHkba7D0KLFm6ElPTKwTXuToBGfVSrga8ACIQCn6hoy6FMrZi9408-m5V67a3IgR1A5BAxp-1o_8nnBxQ==&ratebypass=yes", "player_url": "/s/player/c6df6ed7/player_ias.vflset/en_US/base.js", "ext": "mp4", "height": 144, "format_note": "144p", "vcodec": "avc1.4d400b", "asr": null, "filesize": 216508, "fps": 25, "tbr": 10.103, "width": 144, "acodec": "none", "downloader_options": {"http_chunk_size": 10485760}, "format": "160 - 144x144 (144p)", "protocol": "https", "http_headers": {"User-Agent": "Mozilla/5.0 (Windows NT 10.0; Win64; x64) AppleWebKit/537.36 (KHTML, like Gecko) Chrome/72.0.3626.85 Safari/537.36", "Accept-Charset": "ISO-8859-1,utf-8;q=0.7,*;q=0.7", "Accept": "text/html,application/xhtml+xml,application/xml;q=0.9,*/*;q=0.8", "Accept-Encoding": "gzip, deflate", "Accept-Language": "en-us,en;q=0.5"}}, {"format_id": "133", "url": "https://r4---sn-5njj-u2xe.googlevideo.com/videoplayback?expire=1611763313&ei=EToRYM_JH-iF1d8PybW_yAo&ip=140.109.135.76&id=o-AF2-kGVoFjSDWTaaCqksarESnvQxZAeXLDcad4Vgx3Xs&itag=133&aitags=133%2C134%2C135%2C136%2C137%2C160%2C242%2C243%2C244%2C247%2C248%2C278&source=youtube&requiressl=yes&mh=Hk&mm=31%2C29&mn=sn-5njj-u2xe%2Csn-un57sn7s&ms=au%2Crdu&mv=m&mvi=4&pl=16&gcr=tw&initcwndbps=540000&vprv=1&mime=video%2Fmp4&ns=TCwkS75NeHUJGym9rBDj4v4F&gir=yes&clen=296525&dur=210.720&lmt=1602462850604667&mt=1611740913&fvip=4&keepalive=yes&c=WEB&txp=1311222&n=oBYakkPV6HVq-Xg0X9pK&sparams=expire%2Cei%2Cip%2Cid%2Caitags%2Csource%2Crequiressl%2Cgcr%2Cvprv%2Cmime%2Cns%2Cgir%2Cclen%2Cdur%2Clmt&lsparams=mh%2Cmm%2Cmn%2Cms%2Cmv%2Cmvi%2Cpl%2Cinitcwndbps&lsig=AG3C_xAwRQIhAJB6ytZG_zzk-3RwNa1wsnCXiXxJrAz7JF-SK-f66X3fAiB6g5dmnJEMvUmfgf0Mzc_X7Umylv563XicEhEr_INaKA%3D%3D&sig=AOq0QJ8wRgIhAMqfMwA5FiYbQEXas9imP-zK0rbEYBp90ra7rK3d2WFgAiEAi6HUw1E7_Tm0jr-7ccvjZgSqMUnnMDJKPenLJyBIlpY=&ratebypass=yes", "player_url": "/s/player/c6df6ed7/player_ias.vflset/en_US/base.js", "ext": "mp4", "height": 240, "format_note": "240p", "vcodec": "avc1.4d400c", "asr": null, "filesize": 296525, "fps": 25, "tbr": 13.31, "width": 240, "acodec": "none", "downloader_options": {"http_chunk_size": 10485760}, "format": "133 - 240x240 (240p)", "protocol": "https", "http_headers": {"User-Agent": "Mozilla/5.0 (Windows NT 10.0; Win64; x64) AppleWebKit/537.36 (KHTML, like Gecko) Chrome/72.0.3626.85 Safari/537.36", "Accept-Charset": "ISO-8859-1,utf-8;q=0.7,*;q=0.7", "Accept": "text/html,application/xhtml+xml,application/xml;q=0.9,*/*;q=0.8", "Accept-Encoding": "gzip, deflate", "Accept-Language": "en-us,en;q=0.5"}}, {"format_id": "134", "url": "https://r4---sn-5njj-u2xe.googlevideo.com/videoplayback?expire=1611763313&ei=EToRYM_JH-iF1d8PybW_yAo&ip=140.109.135.76&id=o-AF2-kGVoFjSDWTaaCqksarESnvQxZAeXLDcad4Vgx3Xs&itag=134&aitags=133%2C134%2C135%2C136%2C137%2C160%2C242%2C243%2C244%2C247%2C248%2C278&source=youtube&requiressl=yes&mh=Hk&mm=31%2C29&mn=sn-5njj-u2xe%2Csn-un57sn7s&ms=au%2Crdu&mv=m&mvi=4&pl=16&gcr=tw&initcwndbps=540000&vprv=1&mime=video%2Fmp4&ns=TCwkS75NeHUJGym9rBDj4v4F&gir=yes&clen=400283&dur=210.720&lmt=1602462850604214&mt=1611740913&fvip=4&keepalive=yes&c=WEB&txp=1311222&n=oBYakkPV6HVq-Xg0X9pK&sparams=expire%2Cei%2Cip%2Cid%2Caitags%2Csource%2Crequiressl%2Cgcr%2Cvprv%2Cmime%2Cns%2Cgir%2Cclen%2Cdur%2Clmt&lsparams=mh%2Cmm%2Cmn%2Cms%2Cmv%2Cmvi%2Cpl%2Cinitcwndbps&lsig=AG3C_xAwRQIhALD9c2YRFjHe1dxh8_rkVBxYGAzrf9S5z9_P6EOrTzmMAiBXhLeU8cyHqVgOfA2qxsy0wDkAnBCaaB3EJzOddN7CAQ%3D%3D&sig=AOq0QJ8wRAIgTUfTI_S5Gr4iTyRqcHBL-EI_JhVO9rXWJYI29Kdi7RICIFNU2gYylp_Pph3e3qAZ6pg_MMdLs2MC1jeej0E8DIRZ&ratebypass=yes", "player_url": "/s/player/c6df6ed7/player_ias.vflset/en_US/base.js", "ext": "mp4", "height": 360, "format_note": "360p", "vcodec": "avc1.4d4015", "asr": null, "filesize": 400283, "fps": 25, "tbr": 16.854, "width": 360, "acodec": "none", "downloader_options": {"http_chunk_size": 10485760}, "format": "134 - 360x360 (360p)", "protocol": "https", "http_headers": {"User-Agent": "Mozilla/5.0 (Windows NT 10.0; Win64; x64) AppleWebKit/537.36 (KHTML, like Gecko) Chrome/72.0.3626.85 Safari/537.36", "Accept-Charset": "ISO-8859-1,utf-8;q=0.7,*;q=0.7", "Accept": "text/html,application/xhtml+xml,application/xml;q=0.9,*/*;q=0.8", "Accept-Encoding": "gzip, deflate", "Accept-Language": "en-us,en;q=0.5"}}, {"format_id": "278", "url": "https://r4---sn-5njj-u2xe.googlevideo.com/videoplayback?expire=1611763313&ei=EToRYM_JH-iF1d8PybW_yAo&ip=140.109.135.76&id=o-AF2-kGVoFjSDWTaaCqksarESnvQxZAeXLDcad4Vgx3Xs&itag=278&aitags=133%2C134%2C135%2C136%2C137%2C160%2C242%2C243%2C244%2C247%2C248%2C278&source=youtube&requiressl=yes&mh=Hk&mm=31%2C29&mn=sn-5njj-u2xe%2Csn-un57sn7s&ms=au%2Crdu&mv=m&mvi=4&pl=16&gcr=tw&initcwndbps=540000&vprv=1&mime=video%2Fwebm&ns=TCwkS75NeHUJGym9rBDj4v4F&gir=yes&clen=434003&dur=210.720&lmt=1602466679153634&mt=1611740913&fvip=4&keepalive=yes&c=WEB&txp=1311222&n=oBYakkPV6HVq-Xg0X9pK&sparams=expire%2Cei%2Cip%2Cid%2Caitags%2Csource%2Crequiressl%2Cgcr%2Cvprv%2Cmime%2Cns%2Cgir%2Cclen%2Cdur%2Clmt&lsparams=mh%2Cmm%2Cmn%2Cms%2Cmv%2Cmvi%2Cpl%2Cinitcwndbps&lsig=AG3C_xAwRAIgG-iOmDU5xqFLO0_ytJVwyZ_T34EDeTdRD4JLIkcCwWcCICOlhBtMdAptkCvEjAvcD8-Q1KcYENz-3p4WFTOaP2bu&sig=AOq0QJ8wRgIhAJTa9Z7q8Wd4n78Zbg-skPYsEKYaQw3J1twYZM97kj9FAiEAn0RTCMEw3bdJGhNqZxwKLSF6VSP1EgwLyMdQY_ZSxuc=&ratebypass=yes", "player_url": "/s/player/c6df6ed7/player_ias.vflset/en_US/base.js", "ext": "webm", "height": 144, "format_note": "144p", "container": "webm", "vcodec": "vp9", "asr": null, "filesize": 434003, "fps": 25, "tbr": 17.835, "width": 144, "acodec": "none", "downloader_options": {"http_chunk_size": 10485760}, "format": "278 - 144x144 (144p)", "protocol": "https", "http_headers": {"User-Agent": "Mozilla/5.0 (Windows NT 10.0; Win64; x64) AppleWebKit/537.36 (KHTML, like Gecko) Chrome/72.0.3626.85 Safari/537.36", "Accept-Charset": "ISO-8859-1,utf-8;q=0.7,*;q=0.7", "Accept": "text/html,application/xhtml+xml,application/xml;q=0.9,*/*;q=0.8", "Accept-Encoding": "gzip, deflate", "Accept-Language": "en-us,en;q=0.5"}}, {"format_id": "135", "url": "https://r4---sn-5njj-u2xe.googlevideo.com/videoplayback?expire=1611763313&ei=EToRYM_JH-iF1d8PybW_yAo&ip=140.109.135.76&id=o-AF2-kGVoFjSDWTaaCqksarESnvQxZAeXLDcad4Vgx3Xs&itag=135&aitags=133%2C134%2C135%2C136%2C137%2C160%2C242%2C243%2C244%2C247%2C248%2C278&source=youtube&requiressl=yes&mh=Hk&mm=31%2C29&mn=sn-5njj-u2xe%2Csn-un57sn7s&ms=au%2Crdu&mv=m&mvi=4&pl=16&gcr=tw&initcwndbps=540000&vprv=1&mime=video%2Fmp4&ns=TCwkS75NeHUJGym9rBDj4v4F&gir=yes&clen=607510&dur=210.720&lmt=1602462850603740&mt=1611740913&fvip=4&keepalive=yes&c=WEB&txp=1311222&n=oBYakkPV6HVq-Xg0X9pK&sparams=expire%2Cei%2Cip%2Cid%2Caitags%2Csource%2Crequiressl%2Cgcr%2Cvprv%2Cmime%2Cns%2Cgir%2Cclen%2Cdur%2Clmt&lsparams=mh%2Cmm%2Cmn%2Cms%2Cmv%2Cmvi%2Cpl%2Cinitcwndbps&lsig=AG3C_xAwRAIgH1ZhwL1b8MQNDJ3ZE0k_OJtz8Rf0hmHjNqZk3LBpVsYCICiVFjH85NoeFsy0KextcTX31Bdm85KpKFs_3AXg77Rx&sig=AOq0QJ8wRQIhALarJ9zNitqqSzo1nTDGwVd-fenKpVCOTkhsxB5yIOcTAiBDZzMIHjCX9XwVtOASF4GDY6bCr2jjApgG9pNkvixNhw==&ratebypass=yes", "player_url": "/s/player/c6df6ed7/player_ias.vflset/en_US/base.js", "ext": "mp4", "height": 480, "format_note": "480p", "vcodec": "avc1.4d401e", "asr": null, "filesize": 607510, "fps": 25, "tbr": 24.746, "width": 480, "acodec": "none", "downloader_options": {"http_chunk_size": 10485760}, "format": "135 - 480x480 (480p)", "protocol": "https", "http_headers": {"User-Agent": "Mozilla/5.0 (Windows NT 10.0; Win64; x64) AppleWebKit/537.36 (KHTML, like Gecko) Chrome/72.0.3626.85 Safari/537.36", "Accept-Charset": "ISO-8859-1,utf-8;q=0.7,*;q=0.7", "Accept": "text/html,application/xhtml+xml,application/xml;q=0.9,*/*;q=0.8", "Accept-Encoding": "gzip, deflate", "Accept-Language": "en-us,en;q=0.5"}}, {"format_id": "242", "url": "https://r4---sn-5njj-u2xe.googlevideo.com/videoplayback?expire=1611763313&ei=EToRYM_JH-iF1d8PybW_yAo&ip=140.109.135.76&id=o-AF2-kGVoFjSDWTaaCqksarESnvQxZAeXLDcad4Vgx3Xs&itag=242&aitags=133%2C134%2C135%2C136%2C137%2C160%2C242%2C243%2C244%2C247%2C248%2C278&source=youtube&requiressl=yes&mh=Hk&mm=31%2C29&mn=sn-5njj-u2xe%2Csn-un57sn7s&ms=au%2Crdu&mv=m&mvi=4&pl=16&gcr=tw&initcwndbps=540000&vprv=1&mime=video%2Fwebm&ns=TCwkS75NeHUJGym9rBDj4v4F&gir=yes&clen=786978&dur=210.720&lmt=1602466679194126&mt=1611740913&fvip=4&keepalive=yes&c=WEB&txp=1311222&n=oBYakkPV6HVq-Xg0X9pK&sparams=expire%2Cei%2Cip%2Cid%2Caitags%2Csource%2Crequiressl%2Cgcr%2Cvprv%2Cmime%2Cns%2Cgir%2Cclen%2Cdur%2Clmt&lsparams=mh%2Cmm%2Cmn%2Cms%2Cmv%2Cmvi%2Cpl%2Cinitcwndbps&lsig=AG3C_xAwRQIhAOrXSsEws0ijLY-QFusL6ucV9p20DmkV4yQm-K0PkbQKAiBlPiSbsbrnPFiOsOt2HhdNqa2BV_9dR5HBtXRFjxsEvw%3D%3D&sig=AOq0QJ8wRQIgXruiEmijrr6YxEZR4FDKcmw3lOfNiZmgRUc29Xvj5qwCIQCi9n4ij36o-Plz-rOGUvk1IzrDou4vIZaA2c_C69YA7Q==&ratebypass=yes", "player_url": "/s/player/c6df6ed7/player_ias.vflset/en_US/base.js", "ext": "webm", "height": 240, "format_note": "240p", "vcodec": "vp9", "asr": null, "filesize": 786978, "fps": 25, "tbr": 31.328, "width": 240, "acodec": "none", "downloader_options": {"http_chunk_size": 10485760}, "format": "242 - 240x240 (240p)", "protocol": "https", "http_headers": {"User-Agent": "Mozilla/5.0 (Windows NT 10.0; Win64; x64) AppleWebKit/537.36 (KHTML, like Gecko) Chrome/72.0.3626.85 Safari/537.36", "Accept-Charset": "ISO-8859-1,utf-8;q=0.7,*;q=0.7", "Accept": "text/html,application/xhtml+xml,application/xml;q=0.9,*/*;q=0.8", "Accept-Encoding": "gzip, deflate", "Accept-Language": "en-us,en;q=0.5"}}, {"format_id": "136", "url": "https://r4---sn-5njj-u2xe.googlevideo.com/videoplayback?expire=1611763313&ei=EToRYM_JH-iF1d8PybW_yAo&ip=140.109.135.76&id=o-AF2-kGVoFjSDWTaaCqksarESnvQxZAeXLDcad4Vgx3Xs&itag=136&aitags=133%2C134%2C135%2C136%2C137%2C160%2C242%2C243%2C244%2C247%2C248%2C278&source=youtube&requiressl=yes&mh=Hk&mm=31%2C29&mn=sn-5njj-u2xe%2Csn-un57sn7s&ms=au%2Crdu&mv=m&mvi=4&pl=16&gcr=tw&initcwndbps=540000&vprv=1&mime=video%2Fmp4&ns=TCwkS75NeHUJGym9rBDj4v4F&gir=yes&clen=995163&dur=210.720&lmt=1602462850609500&mt=1611740913&fvip=4&keepalive=yes&c=WEB&txp=1311222&n=oBYakkPV6HVq-Xg0X9pK&sparams=expire%2Cei%2Cip%2Cid%2Caitags%2Csource%2Crequiressl%2Cgcr%2Cvprv%2Cmime%2Cns%2Cgir%2Cclen%2Cdur%2Clmt&lsparams=mh%2Cmm%2Cmn%2Cms%2Cmv%2Cmvi%2Cpl%2Cinitcwndbps&lsig=AG3C_xAwRgIhAOVh61DLkInl38blcIbd6wTDK9URrO5kr-0Owhj5GSxJAiEA82wG70kjwalr3wO1gCzyg8e2vLNYxusQ2MB6WBddYQ0%3D&sig=AOq0QJ8wRQIhAKiXl7PNt3y7iQSi_eskhO7n2V2LR3hjvRrHp3tEh6aoAiAbKzKKnOH77CzATtifgIMXBlT3f-FrS5De553VJWv-Aw==&ratebypass=yes", "player_url": "/s/player/c6df6ed7/player_ias.vflset/en_US/base.js", "ext": "mp4", "height": 720, "format_note": "720p", "vcodec": "avc1.4d401f", "asr": null, "filesize": 995163, "fps": 25, "tbr": 40.154, "width": 720, "acodec": "none", "downloader_options": {"http_chunk_size": 10485760}, "format": "136 - 720x720 (720p)", "protocol": "https", "http_headers": {"User-Agent": "Mozilla/5.0 (Windows NT 10.0; Win64; x64) AppleWebKit/537.36 (KHTML, like Gecko) Chrome/72.0.3626.85 Safari/537.36", "Accept-Charset": "ISO-8859-1,utf-8;q=0.7,*;q=0.7", "Accept": "text/html,application/xhtml+xml,application/xml;q=0.9,*/*;q=0.8", "Accept-Encoding": "gzip, deflate", "Accept-Language": "en-us,en;q=0.5"}}, {"format_id": "243", "url": "https://r4---sn-5njj-u2xe.googlevideo.com/videoplayback?expire=1611763313&ei=EToRYM_JH-iF1d8PybW_yAo&ip=140.109.135.76&id=o-AF2-kGVoFjSDWTaaCqksarESnvQxZAeXLDcad4Vgx3Xs&itag=243&aitags=133%2C134%2C135%2C136%2C137%2C160%2C242%2C243%2C244%2C247%2C248%2C278&source=youtube&requiressl=yes&mh=Hk&mm=31%2C29&mn=sn-5njj-u2xe%2Csn-un57sn7s&ms=au%2Crdu&mv=m&mvi=4&pl=16&gcr=tw&initcwndbps=540000&vprv=1&mime=video%2Fwebm&ns=TCwkS75NeHUJGym9rBDj4v4F&gir=yes&clen=1190362&dur=210.720&lmt=1602466679180517&mt=1611740913&fvip=4&keepalive=yes&c=WEB&txp=1311222&n=oBYakkPV6HVq-Xg0X9pK&sparams=expire%2Cei%2Cip%2Cid%2Caitags%2Csource%2Crequiressl%2Cgcr%2Cvprv%2Cmime%2Cns%2Cgir%2Cclen%2Cdur%2Clmt&lsparams=mh%2Cmm%2Cmn%2Cms%2Cmv%2Cmvi%2Cpl%2Cinitcwndbps&lsig=AG3C_xAwRQIgXHIj7nkJ4mdhoMkIyW7qbFel8fIm38V1zxTnWKhXwBkCIQDqAcij93k4D7NaXfwHs2AI1Xn__pxX0JDumlT6Bjn59w%3D%3D&sig=AOq0QJ8wRQIgGUu7NMV93vNmjIlK8oBYhaK-OrLeePgxxihStZdFnkcCIQDmyrdSh2NO20e0Uob-0t7UK5YqdT7OwB_X6_vt724yjw==&ratebypass=yes", "player_url": "/s/player/c6df6ed7/player_ias.vflset/en_US/base.js", "ext": "webm", "height": 360, "format_note": "360p", "vcodec": "vp9", "asr": null, "filesize": 1190362, "fps": 25, "tbr": 46.459, "width": 360, "acodec": "none", "downloader_options": {"http_chunk_size": 10485760}, "format": "243 - 360x360 (360p)", "protocol": "https", "http_headers": {"User-Agent": "Mozilla/5.0 (Windows NT 10.0; Win64; x64) AppleWebKit/537.36 (KHTML, like Gecko) Chrome/72.0.3626.85 Safari/537.36", "Accept-Charset": "ISO-8859-1,utf-8;q=0.7,*;q=0.7", "Accept": "text/html,application/xhtml+xml,application/xml;q=0.9,*/*;q=0.8", "Accept-Encoding": "gzip, deflate", "Accept-Language": "en-us,en;q=0.5"}}, {"format_id": "244", "url": "https://r4---sn-5njj-u2xe.googlevideo.com/videoplayback?expire=1611763313&ei=EToRYM_JH-iF1d8PybW_yAo&ip=140.109.135.76&id=o-AF2-kGVoFjSDWTaaCqksarESnvQxZAeXLDcad4Vgx3Xs&itag=244&aitags=133%2C134%2C135%2C136%2C137%2C160%2C242%2C243%2C244%2C247%2C248%2C278&source=youtube&requiressl=yes&mh=Hk&mm=31%2C29&mn=sn-5njj-u2xe%2Csn-un57sn7s&ms=au%2Crdu&mv=m&mvi=4&pl=16&gcr=tw&initcwndbps=540000&vprv=1&mime=video%2Fwebm&ns=TCwkS75NeHUJGym9rBDj4v4F&gir=yes&clen=2009155&dur=210.720&lmt=1602466679161636&mt=1611740913&fvip=4&keepalive=yes&c=WEB&txp=1311222&n=oBYakkPV6HVq-Xg0X9pK&sparams=expire%2Cei%2Cip%2Cid%2Caitags%2Csource%2Crequiressl%2Cgcr%2Cvprv%2Cmime%2Cns%2Cgir%2Cclen%2Cdur%2Clmt&lsparams=mh%2Cmm%2Cmn%2Cms%2Cmv%2Cmvi%2Cpl%2Cinitcwndbps&lsig=AG3C_xAwRQIhAJExmUBfYxnCSDxQFtzUSj1T2Drm7an7_zWFfMn9tgXaAiBiTkpndz-KMos2jsAg8ui11uFsETFXX_jjTQtnlC0ZTg%3D%3D&sig=AOq0QJ8wRAIgXZjnNacnBFmRTcI1mOqGn7fBjqseQ2INvqjr-m-3HEMCIE8A5PIWjk7X9DwWTC0O6cZq-RIEyJhdWsIAMVsYQaoH&ratebypass=yes", "player_url": "/s/player/c6df6ed7/player_ias.vflset/en_US/base.js", "ext": "webm", "height": 480, "format_note": "480p", "vcodec": "vp9", "asr": null, "filesize": 2009155, "fps": 25, "tbr": 77.656, "width": 480, "acodec": "none", "downloader_options": {"http_chunk_size": 10485760}, "format": "244 - 480x480 (480p)", "protocol": "https", "http_headers": {"User-Agent": "Mozilla/5.0 (Windows NT 10.0; Win64; x64) AppleWebKit/537.36 (KHTML, like Gecko) Chrome/72.0.3626.85 Safari/537.36", "Accept-Charset": "ISO-8859-1,utf-8;q=0.7,*;q=0.7", "Accept": "text/html,application/xhtml+xml,application/xml;q=0.9,*/*;q=0.8", "Accept-Encoding": "gzip, deflate", "Accept-Language": "en-us,en;q=0.5"}}, {"format_id": "137", "url": "https://r4---sn-5njj-u2xe.googlevideo.com/videoplayback?expire=1611763313&ei=EToRYM_JH-iF1d8PybW_yAo&ip=140.109.135.76&id=o-AF2-kGVoFjSDWTaaCqksarESnvQxZAeXLDcad4Vgx3Xs&itag=137&aitags=133%2C134%2C135%2C136%2C137%2C160%2C242%2C243%2C244%2C247%2C248%2C278&source=youtube&requiressl=yes&mh=Hk&mm=31%2C29&mn=sn-5njj-u2xe%2Csn-un57sn7s&ms=au%2Crdu&mv=m&mvi=4&pl=16&gcr=tw&initcwndbps=540000&vprv=1&mime=video%2Fmp4&ns=TCwkS75NeHUJGym9rBDj4v4F&gir=yes&clen=2969069&dur=210.720&lmt=1602462130123253&mt=1611740913&fvip=4&keepalive=yes&c=WEB&txp=1311222&n=oBYakkPV6HVq-Xg0X9pK&sparams=expire%2Cei%2Cip%2Cid%2Caitags%2Csource%2Crequiressl%2Cgcr%2Cvprv%2Cmime%2Cns%2Cgir%2Cclen%2Cdur%2Clmt&lsparams=mh%2Cmm%2Cmn%2Cms%2Cmv%2Cmvi%2Cpl%2Cinitcwndbps&lsig=AG3C_xAwRQIhAI_1nsrFFOXRZ4aefb1XbeqipejYxr6nmmZ6-UaxUa29AiA1UdVmCE-8jF39fLJ_mDxXq2i_zQ69LwarVdPtm2wXkg%3D%3D&sig=AOq0QJ8wRgIhAMMQmpm0GniCgSwc05xf8Ij3BlP7nZCMJAekC6bV6F_JAiEAu7GzJ9e3aF0iTnxfY94ZFekPO1PVMauKvQA0vvDVivU=&ratebypass=yes", "player_url": "/s/player/c6df6ed7/player_ias.vflset/en_US/base.js", "ext": "mp4", "height": 1080, "format_note": "1080p", "vcodec": "avc1.640020", "asr": null, "filesize": 2969069, "fps": 25, "tbr": 115.117, "width": 1080, "acodec": "none", "downloader_options": {"http_chunk_size": 10485760}, "format": "137 - 1080x1080 (1080p)", "protocol": "https", "http_headers": {"User-Agent": "Mozilla/5.0 (Windows NT 10.0; Win64; x64) AppleWebKit/537.36 (KHTML, like Gecko) Chrome/72.0.3626.85 Safari/537.36", "Accept-Charset": "ISO-8859-1,utf-8;q=0.7,*;q=0.7", "Accept": "text/html,application/xhtml+xml,application/xml;q=0.9,*/*;q=0.8", "Accept-Encoding": "gzip, deflate", "Accept-Language": "en-us,en;q=0.5"}}, {"format_id": "247", "url": "https://r4---sn-5njj-u2xe.googlevideo.com/videoplayback?expire=1611763313&ei=EToRYM_JH-iF1d8PybW_yAo&ip=140.109.135.76&id=o-AF2-kGVoFjSDWTaaCqksarESnvQxZAeXLDcad4Vgx3Xs&itag=247&aitags=133%2C134%2C135%2C136%2C137%2C160%2C242%2C243%2C244%2C247%2C248%2C278&source=youtube&requiressl=yes&mh=Hk&mm=31%2C29&mn=sn-5njj-u2xe%2Csn-un57sn7s&ms=au%2Crdu&mv=m&mvi=4&pl=16&gcr=tw&initcwndbps=540000&vprv=1&mime=video%2Fwebm&ns=TCwkS75NeHUJGym9rBDj4v4F&gir=yes&clen=4225462&dur=210.720&lmt=1602466679332191&mt=1611740913&fvip=4&keepalive=yes&c=WEB&txp=1311222&n=oBYakkPV6HVq-Xg0X9pK&sparams=expire%2Cei%2Cip%2Cid%2Caitags%2Csource%2Crequiressl%2Cgcr%2Cvprv%2Cmime%2Cns%2Cgir%2Cclen%2Cdur%2Clmt&lsparams=mh%2Cmm%2Cmn%2Cms%2Cmv%2Cmvi%2Cpl%2Cinitcwndbps&lsig=AG3C_xAwRQIhAIjzxJkrcWrRSc8CVJ7NhbSqq-NlTRiQBzA4ud9lfCieAiBxTKIngPte1S0nZTDtk2pn_afKVP4DFs3mUhRWFQ2IwA%3D%3D&sig=AOq0QJ8wRAIgSamofvb7xSP4dtzGpwP5jOeHdGTmvWJ1apmmLkyKCwwCIBCp8RYmb4WrgyvveS5f7n9_00fD8CsIpoEKk3bXy1Gi&ratebypass=yes", "player_url": "/s/player/c6df6ed7/player_ias.vflset/en_US/base.js", "ext": "webm", "height": 720, "format_note": "720p", "vcodec": "vp9", "asr": null, "filesize": 4225462, "fps": 25, "tbr": 161.021, "width": 720, "acodec": "none", "downloader_options": {"http_chunk_size": 10485760}, "format": "247 - 720x720 (720p)", "protocol": "https", "http_headers": {"User-Agent": "Mozilla/5.0 (Windows NT 10.0; Win64; x64) AppleWebKit/537.36 (KHTML, like Gecko) Chrome/72.0.3626.85 Safari/537.36", "Accept-Charset": "ISO-8859-1,utf-8;q=0.7,*;q=0.7", "Accept": "text/html,application/xhtml+xml,application/xml;q=0.9,*/*;q=0.8", "Accept-Encoding": "gzip, deflate", "Accept-Language": "en-us,en;q=0.5"}}, {"format_id": "248", "url": "https://r4---sn-5njj-u2xe.googlevideo.com/videoplayback?expire=1611763313&ei=EToRYM_JH-iF1d8PybW_yAo&ip=140.109.135.76&id=o-AF2-kGVoFjSDWTaaCqksarESnvQxZAeXLDcad4Vgx3Xs&itag=248&aitags=133%2C134%2C135%2C136%2C137%2C160%2C242%2C243%2C244%2C247%2C248%2C278&source=youtube&requiressl=yes&mh=Hk&mm=31%2C29&mn=sn-5njj-u2xe%2Csn-un57sn7s&ms=au%2Crdu&mv=m&mvi=4&pl=16&gcr=tw&initcwndbps=540000&vprv=1&mime=video%2Fwebm&ns=TCwkS75NeHUJGym9rBDj4v4F&gir=yes&clen=7742899&dur=210.720&lmt=1602464937096755&mt=1611740913&fvip=4&keepalive=yes&c=WEB&txp=1311222&n=oBYakkPV6HVq-Xg0X9pK&sparams=expire%2Cei%2Cip%2Cid%2Caitags%2Csource%2Crequiressl%2Cgcr%2Cvprv%2Cmime%2Cns%2Cgir%2Cclen%2Cdur%2Clmt&lsparams=mh%2Cmm%2Cmn%2Cms%2Cmv%2Cmvi%2Cpl%2Cinitcwndbps&lsig=AG3C_xAwRgIhAPF3g919ewWUgUJL9-u-r4RabcgAoodeQMHQhHnjdIV0AiEA5fqahgUFtzmNjvsmONx3_ouIe-7Ij4DnJQXnXV2aiXs%3D&sig=AOq0QJ8wRAIgVlR99NZNM2pfMXEBEPv3t7bPxNLWsJhEZsU1o50EE6YCIA7od2Enfd_EakJRL_tJvYX_YALC-dLXV1c2NGLyyavy&ratebypass=yes", "player_url": "/s/player/c6df6ed7/player_ias.vflset/en_US/base.js", "ext": "webm", "height": 1080, "format_note": "1080p", "vcodec": "vp9", "asr": null, "filesize": 7742899, "fps": 25, "tbr": 295.148, "width": 1080, "acodec": "none", "downloader_options": {"http_chunk_size": 10485760}, "format": "248 - 1080x1080 (1080p)", "protocol": "https", "http_headers": {"User-Agent": "Mozilla/5.0 (Windows NT 10.0; Win64; x64) AppleWebKit/537.36 (KHTML, like Gecko) Chrome/72.0.3626.85 Safari/537.36", "Accept-Charset": "ISO-8859-1,utf-8;q=0.7,*;q=0.7", "Accept": "text/html,application/xhtml+xml,application/xml;q=0.9,*/*;q=0.8", "Accept-Encoding": "gzip, deflate", "Accept-Language": "en-us,en;q=0.5"}}, {"format_id": "18", "url": "https://r4---sn-5njj-u2xe.googlevideo.com/videoplayback?expire=1611763313&ei=EToRYM_JH-iF1d8PybW_yAo&ip=140.109.135.76&id=o-AF2-kGVoFjSDWTaaCqksarESnvQxZAeXLDcad4Vgx3Xs&itag=18&source=youtube&requiressl=yes&mh=Hk&mm=31%2C29&mn=sn-5njj-u2xe%2Csn-un57sn7s&ms=au%2Crdu&mv=m&mvi=4&pl=16&gcr=tw&initcwndbps=540000&vprv=1&mime=video%2Fmp4&ns=Lk51RJi3KmiqGueazugOtBMF&gir=yes&clen=4135733&ratebypass=yes&dur=210.813&lmt=1569992154142763&mt=1611740913&fvip=4&c=WEB&txp=1311222&n=6F10R9zJObQgR104vsOo&sparams=expire%2Cei%2Cip%2Cid%2Citag%2Csource%2Crequiressl%2Cgcr%2Cvprv%2Cmime%2Cns%2Cgir%2Cclen%2Cratebypass%2Cdur%2Clmt&lsparams=mh%2Cmm%2Cmn%2Cms%2Cmv%2Cmvi%2Cpl%2Cinitcwndbps&lsig=AG3C_xAwRAIgEdd87PiFuLGA_9seYj9DOfHWKvE-HgY6VbwP6F05cakCIAcv-0GSNKfeL_Tz2a2yu2n09hvFFA245kBJhij65C_1&sig=AOq0QJ8wRgIhAOnvpVC3mdjr7y62Y1YmiiMAP5xGX7K2AS9bjc3S30ObAiEAtyzY1fEMAxb6dyKsI0pitryqd96HRh2hPnWN3DZPr5M=", "player_url": "/s/player/c6df6ed7/player_ias.vflset/en_US/base.js", "ext": "mp4", "width": 360, "height": 360, "acodec": "mp4a.40.2", "abr": 96, "vcodec": "avc1.42001E", "asr": 44100, "filesize": 4135733, "format_note": "360p", "fps": 25, "tbr": 157.013, "format": "18 - 360x360 (360p)", "protocol": "https", "http_headers": {"User-Agent": "Mozilla/5.0 (Windows NT 10.0; Win64; x64) AppleWebKit/537.36 (KHTML, like Gecko) Chrome/72.0.3626.85 Safari/537.36", "Accept-Charset": "ISO-8859-1,utf-8;q=0.7,*;q=0.7", "Accept": "text/html,application/xhtml+xml,application/xml;q=0.9,*/*;q=0.8", "Accept-Encoding": "gzip, deflate", "Accept-Language": "en-us,en;q=0.5"}}], "is_live": null, "start_time": null, "end_time": null, "series": null, "season_number": null, "episode_number": null, "track": "Pied Butcherbird 2 (Solo) - Happy Piano Instrumental Music", "artist": "Mark Andrew Hansen", "album": "The Very Best of Mark's Piano Music - Happy Sad Dramatic Emotional Love (Solo Instrumentals)", "release_date": "20180518", "release_year": 2018, "extractor": "youtube", "webpage_url_basename": "watch", "extractor_key": "Youtube", "playlist": null, "playlist_index": null, "thumbnail": "https://i.ytimg.com/vi_webp/yqJh0-lrz1E/maxresdefault.webp", "display_id": "yqJh0-lrz1E", "requested_subtitles": null, "format_id": "251", "url": "https://r4---sn-5njj-u2xe.googlevideo.com/videoplayback?expire=1611763313&ei=EToRYM_JH-iF1d8PybW_yAo&ip=140.109.135.76&id=o-AF2-kGVoFjSDWTaaCqksarESnvQxZAeXLDcad4Vgx3Xs&itag=251&source=youtube&requiressl=yes&mh=Hk&mm=31%2C29&mn=sn-5njj-u2xe%2Csn-un57sn7s&ms=au%2Crdu&mv=m&mvi=4&pl=16&gcr=tw&initcwndbps=540000&vprv=1&mime=audio%2Fwebm&ns=TCwkS75NeHUJGym9rBDj4v4F&gir=yes&clen=4231178&dur=210.781&lmt=1569993175400241&mt=1611740913&fvip=4&keepalive=yes&c=WEB&txp=1301222&n=oBYakkPV6HVq-Xg0X9pK&sparams=expire%2Cei%2Cip%2Cid%2Citag%2Csource%2Crequiressl%2Cgcr%2Cvprv%2Cmime%2Cns%2Cgir%2Cclen%2Cdur%2Clmt&lsparams=mh%2Cmm%2Cmn%2Cms%2Cmv%2Cmvi%2Cpl%2Cinitcwndbps&lsig=AG3C_xAwRgIhAJqifr24FLZ9auxDH8S8G4AZltaUojWRFHhAEjJDzG_IAiEAxgclDlpIq2TDlV4YrmaUyeH2a98gEwxWAeYwB7xbeC0%3D&sig=AOq0QJ8wRQIgEPbmtjWdEZeQ8QWJZZVckTQugX50rmeFIxSdehVYb-ACIQCQ-HeKgvawv-kiPkAj7t_chtVvq0SDlyq40t0wmnQTYg==&ratebypass=yes", "player_url": "/s/player/c6df6ed7/player_ias.vflset/en_US/base.js", "ext": "webm", "format_note": "tiny", "acodec": "opus", "abr": 160, "asr": 48000, "filesize": 4231178, "fps": null, "height": null, "tbr": 165.753, "width": null, "vcodec": "none", "downloader_options": {"http_chunk_size": 10485760}, "format": "251 - audio only (tiny)", "protocol": "https", "http_headers": {"User-Agent": "Mozilla/5.0 (Windows NT 10.0; Win64; x64) AppleWebKit/537.36 (KHTML, like Gecko) Chrome/72.0.3626.85 Safari/537.36", "Accept-Charset": "ISO-8859-1,utf-8;q=0.7,*;q=0.7", "Accept": "text/html,application/xhtml+xml,application/xml;q=0.9,*/*;q=0.8", "Accept-Encoding": "gzip, deflate", "Accept-Language": "en-us,en;q=0.5"}}