{"id": "78C_TpQDvVE", "uploader": "PianDuo", "uploader_id": "UC5ShEj-16L9ZO5PiMveZPRA", "uploader_url": "http://www.youtube.com/channel/UC5ShEj-16L9ZO5PiMveZPRA", "channel_id": "UC5ShEj-16L9ZO5PiMveZPRA", "channel_url": "http://www.youtube.com/channel/UC5ShEj-16L9ZO5PiMveZPRA", "upload_date": "20190802", "license": null, "creator": null, "title": "[PianDuo] Ragnarok Online \u4ed9\u5883\u50b3\u8aaa - Theme of RO (\u767b\u5165BGM) - Piano Solo \u92fc\u7434\u7368\u594f", "alt_title": null, "thumbnails": [{"url": "https://i.ytimg.com/vi/78C_TpQDvVE/hqdefault.jpg?sqp=-oaymwEYCKgBEF5IVfKriqkDCwgBFQAAiEIYAXAB&rs=AOn4CLBwsIC84Gn8yW-DdIayeUNLQiAB8Q", "width": 168, "height": 94, "resolution": "168x94", "id": "0"}, {"url": "https://i.ytimg.com/vi/78C_TpQDvVE/hqdefault.jpg?sqp=-oaymwEYCMQBEG5IVfKriqkDCwgBFQAAiEIYAXAB&rs=AOn4CLBE72k4vSUWGwFuBy7ctD1FQBcD7g", "width": 196, "height": 110, "resolution": "196x110", "id": "1"}, {"url": "https://i.ytimg.com/vi/78C_TpQDvVE/hqdefault.jpg?sqp=-oaymwEZCPYBEIoBSFXyq4qpAwsIARUAAIhCGAFwAQ==&rs=AOn4CLACoARiMnKqwwEr9E7hx9rMEirKJw", "width": 246, "height": 138, "resolution": "246x138", "id": "2"}, {"url": "https://i.ytimg.com/vi/78C_TpQDvVE/hqdefault.jpg?sqp=-oaymwEZCNACELwBSFXyq4qpAwsIARUAAIhCGAFwAQ==&rs=AOn4CLABlZmzzRwz00jo8UV3glNgRahVNw", "width": 336, "height": 188, "resolution": "336x188", "id": "3"}, {"url": "https://i.ytimg.com/vi_webp/78C_TpQDvVE/maxresdefault.webp?v=5d427f53", "width": 1920, "height": 1080, "resolution": "1920x1080", "id": "4"}], "description": "\u559c\u6b61\u6211\u5011\u7684\u5f71\u7247\u8acb\u6309\u8b9a\uff0c\u4e0d\u559c\u6b61\u7684\uff0c\u8acb\u5148\u559c\u6b61\u4e0a\u518d\u6309\u8b9a\uff0c\u7136\u5f8c\u8a18\u5f97\u6309\u8a02\u95b1\uff0c\u4e26\u4e14\u6253\u958b\u5c0f\u9234\u943a\uff0c\u7b2c\u4e00\u6642\u9593\u6536\u5230\u6211\u5011\u6700\u65b0\u7684\u5f71\u7247\u3002\u611b\u4f60\u5011\u55b2\ud83d\udc96\n\nIf you love this video, press like. If you don't love it, please love it first, then press like. And also subscribe our channel, and open the notification in order to receive our latest news.Thank you so much. Love you guys.", "categories": ["Music"], "tags": ["PianDuo", "Piano", "\u92fc\u7434", "\u97f3\u6a02", "Music", "Game", "\u904a\u6232", "BGM", "RO", "\u4ed9\u5883\u50b3\u8aaa", "\u4ed9\u5883", "Theme", "Login", "\u767b\u5165"], "subtitles": {}, "automatic_captions": {}, "duration": 85, "age_limit": 0, "annotations": null, "chapters": null, "webpage_url": "https://www.youtube.com/watch?v=78C_TpQDvVE", "view_count": 591, "like_count": 12, "dislike_count": 2, "average_rating": 4.6923075, "formats": [{"ext": "m4a", "format_note": "DASH audio", "acodec": "mp4a.40.5", "abr": 48, "container": "m4a_dash", "format_id": "139", "manifest_url": "https://manifest.googlevideo.com/api/manifest/dash/expire/1610981481/ei/CUwFYMLFBISYqQHc1IDQCA/ip/140.109.135.76/id/efc0bf4e9403bd51/source/youtube/requiressl/yes/playback_host/r5---sn-5njj-u2xe.googlevideo.com/mh/TR/mm/31%2C29/mn/sn-5njj-u2xe%2Csn-un57en7e/ms/au%2Crdu/mv/m/mvi/5/pl/16/hfr/all/as/fmp4_audio_clear%2Cwebm_audio_clear%2Cwebm2_audio_clear%2Cfmp4_sd_hd_clear%2Cwebm2_sd_hd_clear/initcwndbps/535000/vprv/1/mt/1610959485/fvip/5/keepalive/yes/itag/0/sparams/expire%2Cei%2Cip%2Cid%2Csource%2Crequiressl%2Chfr%2Cas%2Cvprv%2Citag/sig/AOq0QJ8wRQIhAPK7lXdxBzr5ji3xu0zVPzhrUkGtJpe8Yca806H9DNWUAiAyJoyJwp_5_X5Isaz36sditTDgge2MqjngRtT_NLlucg%3D%3D/lsparams/playback_host%2Cmh%2Cmm%2Cmn%2Cms%2Cmv%2Cmvi%2Cpl%2Cinitcwndbps/lsig/AG3C_xAwRQIhAOht55-Z6SmioupvLui9cou1ga3S6UvRrI3erVAQEU34AiB1SP5RgAFRdbaKpoNsksug4xKkNiZewRFhePR-nb6iGw%3D%3D", "width": null, "height": null, "tbr": 49.925, "asr": 22050, "fps": null, "language": null, "filesize": null, "vcodec": "none", "url": "https://manifest.googlevideo.com/api/manifest/dash/expire/1610981481/ei/CUwFYMLFBISYqQHc1IDQCA/ip/140.109.135.76/id/efc0bf4e9403bd51/source/youtube/requiressl/yes/playback_host/r5---sn-5njj-u2xe.googlevideo.com/mh/TR/mm/31%2C29/mn/sn-5njj-u2xe%2Csn-un57en7e/ms/au%2Crdu/mv/m/mvi/5/pl/16/hfr/all/as/fmp4_audio_clear%2Cwebm_audio_clear%2Cwebm2_audio_clear%2Cfmp4_sd_hd_clear%2Cwebm2_sd_hd_clear/initcwndbps/535000/vprv/1/mt/1610959485/fvip/5/keepalive/yes/itag/0/sparams/expire%2Cei%2Cip%2Cid%2Csource%2Crequiressl%2Chfr%2Cas%2Cvprv%2Citag/sig/AOq0QJ8wRQIhAPK7lXdxBzr5ji3xu0zVPzhrUkGtJpe8Yca806H9DNWUAiAyJoyJwp_5_X5Isaz36sditTDgge2MqjngRtT_NLlucg%3D%3D/lsparams/playback_host%2Cmh%2Cmm%2Cmn%2Cms%2Cmv%2Cmvi%2Cpl%2Cinitcwndbps/lsig/AG3C_xAwRQIhAOht55-Z6SmioupvLui9cou1ga3S6UvRrI3erVAQEU34AiB1SP5RgAFRdbaKpoNsksug4xKkNiZewRFhePR-nb6iGw%3D%3D", "fragment_base_url": "https://r5---sn-5njj-u2xe.googlevideo.com/videoplayback/expire/1610981481/ei/CUwFYMLFBISYqQHc1IDQCA/ip/140.109.135.76/id/efc0bf4e9403bd51/itag/139/source/youtube/requiressl/yes/mh/TR/mm/31,29/mn/sn-5njj-u2xe,sn-un57en7e/ms/au,rdu/mv/m/mvi/5/pl/16/initcwndbps/535000/vprv/1/ratebypass/yes/mime/audio%2Fmp4/otfp/1/gir/yes/clen/518099/lmt/1564638746807509/dur/84.845/mt/1610959485/fvip/5/keepalive/yes/sparams/expire,ei,ip,id,itag,source,requiressl,vprv,ratebypass,mime,otfp,gir,clen,lmt,dur/sig/AOq0QJ8wRQIhAKiyL6kG0EAqxyiG7MfpD9fHWF3_OfCoDR2zUIU0CEgxAiAuTYR0azogoqAmeI9XIL2PTRGJZEpl2HqtHTCT3EnSng%3D%3D/lsparams/mh,mm,mn,ms,mv,mvi,pl,initcwndbps/lsig/AG3C_xAwRgIhAIg8jUpwHfFX2SJdur8vI91inYPFLOY9hMXS3yLCNvYKAiEA1JhmiqaXtf-vSeAf6Fbv7t3IixxT63yXqNTI3q1li18%3D/", "fragments": [{"path": "range/0-640"}, {"path": "range/781-62312", "duration": 9.985}, {"path": "range/62313-123078", "duration": 9.984}, {"path": "range/123079-184013", "duration": 9.985}, {"path": "range/184014-244859", "duration": 9.984}, {"path": "range/244860-305674", "duration": 9.985}, {"path": "range/305675-366481", "duration": 9.984}, {"path": "range/366482-427419", "duration": 9.985}, {"path": "range/427420-488391", "duration": 9.985}, {"path": "range/488392-518098", "duration": 4.969}], "protocol": "http_dash_segments", "format": "139 - audio only (DASH audio)", "http_headers": {"User-Agent": "Mozilla/5.0 (Windows NT 10.0; Win64; x64) AppleWebKit/537.36 (KHTML, like Gecko) Chrome/74.0.3729.120 Safari/537.36", "Accept-Charset": "ISO-8859-1,utf-8;q=0.7,*;q=0.7", "Accept": "text/html,application/xhtml+xml,application/xml;q=0.9,*/*;q=0.8", "Accept-Encoding": "gzip, deflate", "Accept-Language": "en-us,en;q=0.5"}}, {"ext": "m4a", "format_note": "DASH audio", "acodec": "mp4a.40.2", "abr": 128, "container": "m4a_dash", "format_id": "140", "manifest_url": "https://manifest.googlevideo.com/api/manifest/dash/expire/1610981481/ei/CUwFYMLFBISYqQHc1IDQCA/ip/140.109.135.76/id/efc0bf4e9403bd51/source/youtube/requiressl/yes/playback_host/r5---sn-5njj-u2xe.googlevideo.com/mh/TR/mm/31%2C29/mn/sn-5njj-u2xe%2Csn-un57en7e/ms/au%2Crdu/mv/m/mvi/5/pl/16/hfr/all/as/fmp4_audio_clear%2Cwebm_audio_clear%2Cwebm2_audio_clear%2Cfmp4_sd_hd_clear%2Cwebm2_sd_hd_clear/initcwndbps/535000/vprv/1/mt/1610959485/fvip/5/keepalive/yes/itag/0/sparams/expire%2Cei%2Cip%2Cid%2Csource%2Crequiressl%2Chfr%2Cas%2Cvprv%2Citag/sig/AOq0QJ8wRQIhAPK7lXdxBzr5ji3xu0zVPzhrUkGtJpe8Yca806H9DNWUAiAyJoyJwp_5_X5Isaz36sditTDgge2MqjngRtT_NLlucg%3D%3D/lsparams/playback_host%2Cmh%2Cmm%2Cmn%2Cms%2Cmv%2Cmvi%2Cpl%2Cinitcwndbps/lsig/AG3C_xAwRQIhAOht55-Z6SmioupvLui9cou1ga3S6UvRrI3erVAQEU34AiB1SP5RgAFRdbaKpoNsksug4xKkNiZewRFhePR-nb6iGw%3D%3D", "width": null, "height": null, "tbr": 130.555, "asr": 44100, "fps": null, "language": null, "filesize": null, "vcodec": "none", "url": "https://manifest.googlevideo.com/api/manifest/dash/expire/1610981481/ei/CUwFYMLFBISYqQHc1IDQCA/ip/140.109.135.76/id/efc0bf4e9403bd51/source/youtube/requiressl/yes/playback_host/r5---sn-5njj-u2xe.googlevideo.com/mh/TR/mm/31%2C29/mn/sn-5njj-u2xe%2Csn-un57en7e/ms/au%2Crdu/mv/m/mvi/5/pl/16/hfr/all/as/fmp4_audio_clear%2Cwebm_audio_clear%2Cwebm2_audio_clear%2Cfmp4_sd_hd_clear%2Cwebm2_sd_hd_clear/initcwndbps/535000/vprv/1/mt/1610959485/fvip/5/keepalive/yes/itag/0/sparams/expire%2Cei%2Cip%2Cid%2Csource%2Crequiressl%2Chfr%2Cas%2Cvprv%2Citag/sig/AOq0QJ8wRQIhAPK7lXdxBzr5ji3xu0zVPzhrUkGtJpe8Yca806H9DNWUAiAyJoyJwp_5_X5Isaz36sditTDgge2MqjngRtT_NLlucg%3D%3D/lsparams/playback_host%2Cmh%2Cmm%2Cmn%2Cms%2Cmv%2Cmvi%2Cpl%2Cinitcwndbps/lsig/AG3C_xAwRQIhAOht55-Z6SmioupvLui9cou1ga3S6UvRrI3erVAQEU34AiB1SP5RgAFRdbaKpoNsksug4xKkNiZewRFhePR-nb6iGw%3D%3D", "fragment_base_url": "https://r5---sn-5njj-u2xe.googlevideo.com/videoplayback/expire/1610981481/ei/CUwFYMLFBISYqQHc1IDQCA/ip/140.109.135.76/id/efc0bf4e9403bd51/itag/140/source/youtube/requiressl/yes/mh/TR/mm/31,29/mn/sn-5njj-u2xe,sn-un57en7e/ms/au,rdu/mv/m/mvi/5/pl/16/initcwndbps/535000/vprv/1/ratebypass/yes/mime/audio%2Fmp4/otfp/1/gir/yes/clen/1372728/lmt/1564638746596816/dur/84.776/mt/1610959485/fvip/5/keepalive/yes/sparams/expire,ei,ip,id,itag,source,requiressl,vprv,ratebypass,mime,otfp,gir,clen,lmt,dur/sig/AOq0QJ8wRgIhAOz7eiNPrDPfEZ2hWaBM-bW618y4UKxMcNndVpwyvuI8AiEAqEnbUA_SWBbNXg_GPYMNHCECbwQhHP4daiForjb5g3E%3D/lsparams/mh,mm,mn,ms,mv,mvi,pl,initcwndbps/lsig/AG3C_xAwRAIgccmNJKoDL4rIoSARfFyV1OuVwJohU_9812lopddbfgQCIGxUHIEJAru5DErO3Af_g0Iz67FwbydVS9FBja5zuK-m/", "fragments": [{"path": "range/0-631"}, {"path": "range/772-162949", "duration": 9.985}, {"path": "range/162950-324398", "duration": 9.984}, {"path": "range/324399-485903", "duration": 9.985}, {"path": "range/485904-647607", "duration": 9.984}, {"path": "range/647608-809225", "duration": 9.985}, {"path": "range/809226-970722", "duration": 9.984}, {"path": "range/970723-1132214", "duration": 9.985}, {"path": "range/1132215-1293702", "duration": 9.985}, {"path": "range/1293703-1372727", "duration": 4.969}], "protocol": "http_dash_segments", "format": "140 - audio only (DASH audio)", "http_headers": {"User-Agent": "Mozilla/5.0 (Windows NT 10.0; Win64; x64) AppleWebKit/537.36 (KHTML, like Gecko) Chrome/74.0.3729.120 Safari/537.36", "Accept-Charset": "ISO-8859-1,utf-8;q=0.7,*;q=0.7", "Accept": "text/html,application/xhtml+xml,application/xml;q=0.9,*/*;q=0.8", "Accept-Encoding": "gzip, deflate", "Accept-Language": "en-us,en;q=0.5"}}, {"ext": "webm", "format_note": "DASH audio", "acodec": "opus", "abr": 160, "format_id": "251", "manifest_url": "https://manifest.googlevideo.com/api/manifest/dash/expire/1610981481/ei/CUwFYMLFBISYqQHc1IDQCA/ip/140.109.135.76/id/efc0bf4e9403bd51/source/youtube/requiressl/yes/playback_host/r5---sn-5njj-u2xe.googlevideo.com/mh/TR/mm/31%2C29/mn/sn-5njj-u2xe%2Csn-un57en7e/ms/au%2Crdu/mv/m/mvi/5/pl/16/hfr/all/as/fmp4_audio_clear%2Cwebm_audio_clear%2Cwebm2_audio_clear%2Cfmp4_sd_hd_clear%2Cwebm2_sd_hd_clear/initcwndbps/535000/vprv/1/mt/1610959485/fvip/5/keepalive/yes/itag/0/sparams/expire%2Cei%2Cip%2Cid%2Csource%2Crequiressl%2Chfr%2Cas%2Cvprv%2Citag/sig/AOq0QJ8wRQIhAPK7lXdxBzr5ji3xu0zVPzhrUkGtJpe8Yca806H9DNWUAiAyJoyJwp_5_X5Isaz36sditTDgge2MqjngRtT_NLlucg%3D%3D/lsparams/playback_host%2Cmh%2Cmm%2Cmn%2Cms%2Cmv%2Cmvi%2Cpl%2Cinitcwndbps/lsig/AG3C_xAwRQIhAOht55-Z6SmioupvLui9cou1ga3S6UvRrI3erVAQEU34AiB1SP5RgAFRdbaKpoNsksug4xKkNiZewRFhePR-nb6iGw%3D%3D", "width": null, "height": null, "tbr": 156.721, "asr": 48000, "fps": null, "language": null, "filesize": null, "container": "webm_dash", "vcodec": "none", "url": "https://manifest.googlevideo.com/api/manifest/dash/expire/1610981481/ei/CUwFYMLFBISYqQHc1IDQCA/ip/140.109.135.76/id/efc0bf4e9403bd51/source/youtube/requiressl/yes/playback_host/r5---sn-5njj-u2xe.googlevideo.com/mh/TR/mm/31%2C29/mn/sn-5njj-u2xe%2Csn-un57en7e/ms/au%2Crdu/mv/m/mvi/5/pl/16/hfr/all/as/fmp4_audio_clear%2Cwebm_audio_clear%2Cwebm2_audio_clear%2Cfmp4_sd_hd_clear%2Cwebm2_sd_hd_clear/initcwndbps/535000/vprv/1/mt/1610959485/fvip/5/keepalive/yes/itag/0/sparams/expire%2Cei%2Cip%2Cid%2Csource%2Crequiressl%2Chfr%2Cas%2Cvprv%2Citag/sig/AOq0QJ8wRQIhAPK7lXdxBzr5ji3xu0zVPzhrUkGtJpe8Yca806H9DNWUAiAyJoyJwp_5_X5Isaz36sditTDgge2MqjngRtT_NLlucg%3D%3D/lsparams/playback_host%2Cmh%2Cmm%2Cmn%2Cms%2Cmv%2Cmvi%2Cpl%2Cinitcwndbps/lsig/AG3C_xAwRQIhAOht55-Z6SmioupvLui9cou1ga3S6UvRrI3erVAQEU34AiB1SP5RgAFRdbaKpoNsksug4xKkNiZewRFhePR-nb6iGw%3D%3D", "fragment_base_url": "https://r5---sn-5njj-u2xe.googlevideo.com/videoplayback/expire/1610981481/ei/CUwFYMLFBISYqQHc1IDQCA/ip/140.109.135.76/id/efc0bf4e9403bd51/itag/251/source/youtube/requiressl/yes/mh/TR/mm/31,29/mn/sn-5njj-u2xe,sn-un57en7e/ms/au,rdu/mv/m/mvi/5/pl/16/initcwndbps/535000/vprv/1/ratebypass/yes/mime/audio%2Fwebm/otfp/1/gir/yes/clen/1510340/lmt/1564638835168071/dur/84.741/mt/1610959485/fvip/5/keepalive/yes/sparams/expire,ei,ip,id,itag,source,requiressl,vprv,ratebypass,mime,otfp,gir,clen,lmt,dur/sig/AOq0QJ8wRQIgHNn25luMEtnK8vmqfVS6LkWSyrVLfdAsDPfWs-GmwckCIQDMh9O6dNkdFgn4RaJYMOvefQZH1CG6WB4tdo0OCurMmQ%3D%3D/lsparams/mh,mm,mn,ms,mv,mvi,pl,initcwndbps/lsig/AG3C_xAwRQIhAKZ14yrCxnQB-RiLGo7yrIAhDay-4DJTADE3Bu3cEzN2AiBj8ZREjPvb1t9fJpiBNA01rS7ewTBMyCZG1pTtbt2u9A%3D%3D/", "fragments": [{"path": "range/0-265"}, {"path": "range/416-187639", "duration": 10.001}, {"path": "range/187640-374647", "duration": 10.0}, {"path": "range/374648-567572", "duration": 10.0}, {"path": "range/567573-763474", "duration": 10.0}, {"path": "range/763475-950237", "duration": 10.0}, {"path": "range/950238-1130602", "duration": 10.0}, {"path": "range/1130603-1307998", "duration": 10.0}, {"path": "range/1307999-1483832", "duration": 10.0}, {"path": "range/1483833-1510339", "duration": 4.74}], "protocol": "http_dash_segments", "format": "251 - audio only (DASH audio)", "http_headers": {"User-Agent": "Mozilla/5.0 (Windows NT 10.0; Win64; x64) AppleWebKit/537.36 (KHTML, like Gecko) Chrome/74.0.3729.120 Safari/537.36", "Accept-Charset": "ISO-8859-1,utf-8;q=0.7,*;q=0.7", "Accept": "text/html,application/xhtml+xml,application/xml;q=0.9,*/*;q=0.8", "Accept-Encoding": "gzip, deflate", "Accept-Language": "en-us,en;q=0.5"}}, {"ext": "webm", "height": 144, "format_note": "DASH video", "container": "webm_dash", "vcodec": "vp9", "format_id": "278", "manifest_url": "https://manifest.googlevideo.com/api/manifest/dash/expire/1610981481/ei/CUwFYMLFBISYqQHc1IDQCA/ip/140.109.135.76/id/efc0bf4e9403bd51/source/youtube/requiressl/yes/playback_host/r5---sn-5njj-u2xe.googlevideo.com/mh/TR/mm/31%2C29/mn/sn-5njj-u2xe%2Csn-un57en7e/ms/au%2Crdu/mv/m/mvi/5/pl/16/hfr/all/as/fmp4_audio_clear%2Cwebm_audio_clear%2Cwebm2_audio_clear%2Cfmp4_sd_hd_clear%2Cwebm2_sd_hd_clear/initcwndbps/535000/vprv/1/mt/1610959485/fvip/5/keepalive/yes/itag/0/sparams/expire%2Cei%2Cip%2Cid%2Csource%2Crequiressl%2Chfr%2Cas%2Cvprv%2Citag/sig/AOq0QJ8wRQIhAPK7lXdxBzr5ji3xu0zVPzhrUkGtJpe8Yca806H9DNWUAiAyJoyJwp_5_X5Isaz36sditTDgge2MqjngRtT_NLlucg%3D%3D/lsparams/playback_host%2Cmh%2Cmm%2Cmn%2Cms%2Cmv%2Cmvi%2Cpl%2Cinitcwndbps/lsig/AG3C_xAwRQIhAOht55-Z6SmioupvLui9cou1ga3S6UvRrI3erVAQEU34AiB1SP5RgAFRdbaKpoNsksug4xKkNiZewRFhePR-nb6iGw%3D%3D", "width": 256, "tbr": 95.0, "asr": null, "fps": 24, "language": null, "filesize": null, "acodec": "none", "url": "https://manifest.googlevideo.com/api/manifest/dash/expire/1610981481/ei/CUwFYMLFBISYqQHc1IDQCA/ip/140.109.135.76/id/efc0bf4e9403bd51/source/youtube/requiressl/yes/playback_host/r5---sn-5njj-u2xe.googlevideo.com/mh/TR/mm/31%2C29/mn/sn-5njj-u2xe%2Csn-un57en7e/ms/au%2Crdu/mv/m/mvi/5/pl/16/hfr/all/as/fmp4_audio_clear%2Cwebm_audio_clear%2Cwebm2_audio_clear%2Cfmp4_sd_hd_clear%2Cwebm2_sd_hd_clear/initcwndbps/535000/vprv/1/mt/1610959485/fvip/5/keepalive/yes/itag/0/sparams/expire%2Cei%2Cip%2Cid%2Csource%2Crequiressl%2Chfr%2Cas%2Cvprv%2Citag/sig/AOq0QJ8wRQIhAPK7lXdxBzr5ji3xu0zVPzhrUkGtJpe8Yca806H9DNWUAiAyJoyJwp_5_X5Isaz36sditTDgge2MqjngRtT_NLlucg%3D%3D/lsparams/playback_host%2Cmh%2Cmm%2Cmn%2Cms%2Cmv%2Cmvi%2Cpl%2Cinitcwndbps/lsig/AG3C_xAwRQIhAOht55-Z6SmioupvLui9cou1ga3S6UvRrI3erVAQEU34AiB1SP5RgAFRdbaKpoNsksug4xKkNiZewRFhePR-nb6iGw%3D%3D", "fragment_base_url": "https://r5---sn-5njj-u2xe.googlevideo.com/videoplayback/expire/1610981481/ei/CUwFYMLFBISYqQHc1IDQCA/ip/140.109.135.76/id/efc0bf4e9403bd51/itag/278/source/yt_otf/requiressl/yes/mh/TR/mm/31,29/mn/sn-5njj-u2xe,sn-un57en7e/ms/au,rdu/mv/m/mvi/5/pl/16/initcwndbps/535000/vprv/1/ratebypass/yes/mime/video%2Fwebm/otfp/1/otf/1/lmt/1564638754614388/mt/1610959485/fvip/5/keepalive/yes/sparams/expire,ei,ip,id,itag,source,requiressl,vprv,ratebypass,mime,otfp,otf,lmt/sig/AOq0QJ8wRQIgKjOZfjd-tyGyx12fIqniZyeHBJKSgJZbqyzcWewfmXwCIQC9rlvWZ5uPiZeYa6myU8PQHP8_lfBOOI8ewJIZvyMj2Q%3D%3D/lsparams/mh,mm,mn,ms,mv,mvi,pl,initcwndbps/lsig/AG3C_xAwRQIhAOrfkDB7VyppBOTUajCWTjdYjq_l1IhZGxVLy8TLUmVuAiBTh6UEidaxvhFUrllc_DYBu6eksgbdZwgf_U-uZqPM0A%3D%3D/", "fragments": [{"path": "sq/0"}, {"path": "sq/1/dur/5.333", "duration": 5.333}, {"path": "sq/2/dur/5.334", "duration": 5.334}, {"path": "sq/3/dur/5.333", "duration": 5.333}, {"path": "sq/4/dur/5.333", "duration": 5.333}, {"path": "sq/5/dur/5.334", "duration": 5.334}, {"path": "sq/6/dur/5.333", "duration": 5.333}, {"path": "sq/7/dur/5.333", "duration": 5.333}, {"path": "sq/8/dur/5.334", "duration": 5.334}, {"path": "sq/9/dur/5.333", "duration": 5.333}, {"path": "sq/10/dur/5.333", "duration": 5.333}, {"path": "sq/11/dur/5.334", "duration": 5.334}, {"path": "sq/12/dur/5.333", "duration": 5.333}, {"path": "sq/13/dur/5.333", "duration": 5.333}, {"path": "sq/14/dur/5.334", "duration": 5.334}, {"path": "sq/15/dur/5.333", "duration": 5.333}, {"path": "sq/16/dur/4.708", "duration": 4.708}], "protocol": "http_dash_segments", "format": "278 - 256x144 (DASH video)", "http_headers": {"User-Agent": "Mozilla/5.0 (Windows NT 10.0; Win64; x64) AppleWebKit/537.36 (KHTML, like Gecko) Chrome/74.0.3729.120 Safari/537.36", "Accept-Charset": "ISO-8859-1,utf-8;q=0.7,*;q=0.7", "Accept": "text/html,application/xhtml+xml,application/xml;q=0.9,*/*;q=0.8", "Accept-Encoding": "gzip, deflate", "Accept-Language": "en-us,en;q=0.5"}}, {"ext": "mp4", "height": 144, "format_note": "DASH video", "vcodec": "avc1.4d400b", "format_id": "160", "manifest_url": "https://manifest.googlevideo.com/api/manifest/dash/expire/1610981481/ei/CUwFYMLFBISYqQHc1IDQCA/ip/140.109.135.76/id/efc0bf4e9403bd51/source/youtube/requiressl/yes/playback_host/r5---sn-5njj-u2xe.googlevideo.com/mh/TR/mm/31%2C29/mn/sn-5njj-u2xe%2Csn-un57en7e/ms/au%2Crdu/mv/m/mvi/5/pl/16/hfr/all/as/fmp4_audio_clear%2Cwebm_audio_clear%2Cwebm2_audio_clear%2Cfmp4_sd_hd_clear%2Cwebm2_sd_hd_clear/initcwndbps/535000/vprv/1/mt/1610959485/fvip/5/keepalive/yes/itag/0/sparams/expire%2Cei%2Cip%2Cid%2Csource%2Crequiressl%2Chfr%2Cas%2Cvprv%2Citag/sig/AOq0QJ8wRQIhAPK7lXdxBzr5ji3xu0zVPzhrUkGtJpe8Yca806H9DNWUAiAyJoyJwp_5_X5Isaz36sditTDgge2MqjngRtT_NLlucg%3D%3D/lsparams/playback_host%2Cmh%2Cmm%2Cmn%2Cms%2Cmv%2Cmvi%2Cpl%2Cinitcwndbps/lsig/AG3C_xAwRQIhAOht55-Z6SmioupvLui9cou1ga3S6UvRrI3erVAQEU34AiB1SP5RgAFRdbaKpoNsksug4xKkNiZewRFhePR-nb6iGw%3D%3D", "width": 256, "tbr": 108.0, "asr": null, "fps": 24, "language": null, "filesize": null, "container": "mp4_dash", "acodec": "none", "url": "https://manifest.googlevideo.com/api/manifest/dash/expire/1610981481/ei/CUwFYMLFBISYqQHc1IDQCA/ip/140.109.135.76/id/efc0bf4e9403bd51/source/youtube/requiressl/yes/playback_host/r5---sn-5njj-u2xe.googlevideo.com/mh/TR/mm/31%2C29/mn/sn-5njj-u2xe%2Csn-un57en7e/ms/au%2Crdu/mv/m/mvi/5/pl/16/hfr/all/as/fmp4_audio_clear%2Cwebm_audio_clear%2Cwebm2_audio_clear%2Cfmp4_sd_hd_clear%2Cwebm2_sd_hd_clear/initcwndbps/535000/vprv/1/mt/1610959485/fvip/5/keepalive/yes/itag/0/sparams/expire%2Cei%2Cip%2Cid%2Csource%2Crequiressl%2Chfr%2Cas%2Cvprv%2Citag/sig/AOq0QJ8wRQIhAPK7lXdxBzr5ji3xu0zVPzhrUkGtJpe8Yca806H9DNWUAiAyJoyJwp_5_X5Isaz36sditTDgge2MqjngRtT_NLlucg%3D%3D/lsparams/playback_host%2Cmh%2Cmm%2Cmn%2Cms%2Cmv%2Cmvi%2Cpl%2Cinitcwndbps/lsig/AG3C_xAwRQIhAOht55-Z6SmioupvLui9cou1ga3S6UvRrI3erVAQEU34AiB1SP5RgAFRdbaKpoNsksug4xKkNiZewRFhePR-nb6iGw%3D%3D", "fragment_base_url": "https://r5---sn-5njj-u2xe.googlevideo.com/videoplayback/expire/1610981481/ei/CUwFYMLFBISYqQHc1IDQCA/ip/140.109.135.76/id/efc0bf4e9403bd51/itag/160/source/yt_otf/requiressl/yes/mh/TR/mm/31,29/mn/sn-5njj-u2xe,sn-un57en7e/ms/au,rdu/mv/m/mvi/5/pl/16/initcwndbps/535000/vprv/1/ratebypass/yes/mime/video%2Fmp4/otfp/1/otf/1/lmt/1564638754614388/mt/1610959485/fvip/5/keepalive/yes/sparams/expire,ei,ip,id,itag,source,requiressl,vprv,ratebypass,mime,otfp,otf,lmt/sig/AOq0QJ8wRAIgRtwS9KDCzoM1qRASMb3dgy9h46qxrcLkBKSkGtoHkUICIDHcLAB6lRmBYxOe-5VAgJcJY9ZTloEFRLL-3gCIE5Ba/lsparams/mh,mm,mn,ms,mv,mvi,pl,initcwndbps/lsig/AG3C_xAwRQIgY7uT-eX5-KmaE_EkZ130y4E_pKBmZAXiI4lHmEMXzzYCIQDPRBT7sJrQtRIbSiBJ-8W2_SRI_KjphhCETwCsoHOOIA%3D%3D/", "fragments": [{"path": "sq/0"}, {"path": "sq/1/dur/5.333", "duration": 5.333}, {"path": "sq/2/dur/5.334", "duration": 5.334}, {"path": "sq/3/dur/5.333", "duration": 5.333}, {"path": "sq/4/dur/5.333", "duration": 5.333}, {"path": "sq/5/dur/5.334", "duration": 5.334}, {"path": "sq/6/dur/5.333", "duration": 5.333}, {"path": "sq/7/dur/5.333", "duration": 5.333}, {"path": "sq/8/dur/5.334", "duration": 5.334}, {"path": "sq/9/dur/5.333", "duration": 5.333}, {"path": "sq/10/dur/5.333", "duration": 5.333}, {"path": "sq/11/dur/5.334", "duration": 5.334}, {"path": "sq/12/dur/5.333", "duration": 5.333}, {"path": "sq/13/dur/5.333", "duration": 5.333}, {"path": "sq/14/dur/5.334", "duration": 5.334}, {"path": "sq/15/dur/5.333", "duration": 5.333}, {"path": "sq/16/dur/4.708", "duration": 4.708}], "protocol": "http_dash_segments", "format": "160 - 256x144 (DASH video)", "http_headers": {"User-Agent": "Mozilla/5.0 (Windows NT 10.0; Win64; x64) AppleWebKit/537.36 (KHTML, like Gecko) Chrome/74.0.3729.120 Safari/537.36", "Accept-Charset": "ISO-8859-1,utf-8;q=0.7,*;q=0.7", "Accept": "text/html,application/xhtml+xml,application/xml;q=0.9,*/*;q=0.8", "Accept-Encoding": "gzip, deflate", "Accept-Language": "en-us,en;q=0.5"}}, {"ext": "webm", "height": 240, "format_note": "DASH video", "vcodec": "vp9", "format_id": "242", "manifest_url": "https://manifest.googlevideo.com/api/manifest/dash/expire/1610981481/ei/CUwFYMLFBISYqQHc1IDQCA/ip/140.109.135.76/id/efc0bf4e9403bd51/source/youtube/requiressl/yes/playback_host/r5---sn-5njj-u2xe.googlevideo.com/mh/TR/mm/31%2C29/mn/sn-5njj-u2xe%2Csn-un57en7e/ms/au%2Crdu/mv/m/mvi/5/pl/16/hfr/all/as/fmp4_audio_clear%2Cwebm_audio_clear%2Cwebm2_audio_clear%2Cfmp4_sd_hd_clear%2Cwebm2_sd_hd_clear/initcwndbps/535000/vprv/1/mt/1610959485/fvip/5/keepalive/yes/itag/0/sparams/expire%2Cei%2Cip%2Cid%2Csource%2Crequiressl%2Chfr%2Cas%2Cvprv%2Citag/sig/AOq0QJ8wRQIhAPK7lXdxBzr5ji3xu0zVPzhrUkGtJpe8Yca806H9DNWUAiAyJoyJwp_5_X5Isaz36sditTDgge2MqjngRtT_NLlucg%3D%3D/lsparams/playback_host%2Cmh%2Cmm%2Cmn%2Cms%2Cmv%2Cmvi%2Cpl%2Cinitcwndbps/lsig/AG3C_xAwRQIhAOht55-Z6SmioupvLui9cou1ga3S6UvRrI3erVAQEU34AiB1SP5RgAFRdbaKpoNsksug4xKkNiZewRFhePR-nb6iGw%3D%3D", "width": 426, "tbr": 220.5, "asr": null, "fps": 24, "language": null, "filesize": null, "container": "webm_dash", "acodec": "none", "url": "https://manifest.googlevideo.com/api/manifest/dash/expire/1610981481/ei/CUwFYMLFBISYqQHc1IDQCA/ip/140.109.135.76/id/efc0bf4e9403bd51/source/youtube/requiressl/yes/playback_host/r5---sn-5njj-u2xe.googlevideo.com/mh/TR/mm/31%2C29/mn/sn-5njj-u2xe%2Csn-un57en7e/ms/au%2Crdu/mv/m/mvi/5/pl/16/hfr/all/as/fmp4_audio_clear%2Cwebm_audio_clear%2Cwebm2_audio_clear%2Cfmp4_sd_hd_clear%2Cwebm2_sd_hd_clear/initcwndbps/535000/vprv/1/mt/1610959485/fvip/5/keepalive/yes/itag/0/sparams/expire%2Cei%2Cip%2Cid%2Csource%2Crequiressl%2Chfr%2Cas%2Cvprv%2Citag/sig/AOq0QJ8wRQIhAPK7lXdxBzr5ji3xu0zVPzhrUkGtJpe8Yca806H9DNWUAiAyJoyJwp_5_X5Isaz36sditTDgge2MqjngRtT_NLlucg%3D%3D/lsparams/playback_host%2Cmh%2Cmm%2Cmn%2Cms%2Cmv%2Cmvi%2Cpl%2Cinitcwndbps/lsig/AG3C_xAwRQIhAOht55-Z6SmioupvLui9cou1ga3S6UvRrI3erVAQEU34AiB1SP5RgAFRdbaKpoNsksug4xKkNiZewRFhePR-nb6iGw%3D%3D", "fragment_base_url": "https://r5---sn-5njj-u2xe.googlevideo.com/videoplayback/expire/1610981481/ei/CUwFYMLFBISYqQHc1IDQCA/ip/140.109.135.76/id/efc0bf4e9403bd51/itag/242/source/yt_otf/requiressl/yes/mh/TR/mm/31,29/mn/sn-5njj-u2xe,sn-un57en7e/ms/au,rdu/mv/m/mvi/5/pl/16/initcwndbps/535000/vprv/1/ratebypass/yes/mime/video%2Fwebm/otfp/1/otf/1/lmt/1564638754614388/mt/1610959485/fvip/5/keepalive/yes/sparams/expire,ei,ip,id,itag,source,requiressl,vprv,ratebypass,mime,otfp,otf,lmt/sig/AOq0QJ8wRAIgOA8oU76WVB3h0n9yLLJC9Flu8tPXkBF5TxxEJnVm5O8CIC608NWAQ-73VsYTJwYNU2MASWNQslNtqQWTYP6cLfOm/lsparams/mh,mm,mn,ms,mv,mvi,pl,initcwndbps/lsig/AG3C_xAwRAIgEXm7qI_UXipyhSrV6PKaFMZz94a1LbUZrduNta_6u_QCIGNIt4BW8tp1mQ5kv2rzmlDhzfXNnf7VMjQNHzD4a0Xz/", "fragments": [{"path": "sq/0"}, {"path": "sq/1/dur/5.333", "duration": 5.333}, {"path": "sq/2/dur/5.334", "duration": 5.334}, {"path": "sq/3/dur/5.333", "duration": 5.333}, {"path": "sq/4/dur/5.333", "duration": 5.333}, {"path": "sq/5/dur/5.334", "duration": 5.334}, {"path": "sq/6/dur/5.333", "duration": 5.333}, {"path": "sq/7/dur/5.333", "duration": 5.333}, {"path": "sq/8/dur/5.334", "duration": 5.334}, {"path": "sq/9/dur/5.333", "duration": 5.333}, {"path": "sq/10/dur/5.333", "duration": 5.333}, {"path": "sq/11/dur/5.334", "duration": 5.334}, {"path": "sq/12/dur/5.333", "duration": 5.333}, {"path": "sq/13/dur/5.333", "duration": 5.333}, {"path": "sq/14/dur/5.334", "duration": 5.334}, {"path": "sq/15/dur/5.333", "duration": 5.333}, {"path": "sq/16/dur/4.708", "duration": 4.708}], "protocol": "http_dash_segments", "format": "242 - 426x240 (DASH video)", "http_headers": {"User-Agent": "Mozilla/5.0 (Windows NT 10.0; Win64; x64) AppleWebKit/537.36 (KHTML, like Gecko) Chrome/74.0.3729.120 Safari/537.36", "Accept-Charset": "ISO-8859-1,utf-8;q=0.7,*;q=0.7", "Accept": "text/html,application/xhtml+xml,application/xml;q=0.9,*/*;q=0.8", "Accept-Encoding": "gzip, deflate", "Accept-Language": "en-us,en;q=0.5"}}, {"ext": "mp4", "height": 240, "format_note": "DASH video", "vcodec": "avc1.4d400c", "format_id": "133", "manifest_url": "https://manifest.googlevideo.com/api/manifest/dash/expire/1610981481/ei/CUwFYMLFBISYqQHc1IDQCA/ip/140.109.135.76/id/efc0bf4e9403bd51/source/youtube/requiressl/yes/playback_host/r5---sn-5njj-u2xe.googlevideo.com/mh/TR/mm/31%2C29/mn/sn-5njj-u2xe%2Csn-un57en7e/ms/au%2Crdu/mv/m/mvi/5/pl/16/hfr/all/as/fmp4_audio_clear%2Cwebm_audio_clear%2Cwebm2_audio_clear%2Cfmp4_sd_hd_clear%2Cwebm2_sd_hd_clear/initcwndbps/535000/vprv/1/mt/1610959485/fvip/5/keepalive/yes/itag/0/sparams/expire%2Cei%2Cip%2Cid%2Csource%2Crequiressl%2Chfr%2Cas%2Cvprv%2Citag/sig/AOq0QJ8wRQIhAPK7lXdxBzr5ji3xu0zVPzhrUkGtJpe8Yca806H9DNWUAiAyJoyJwp_5_X5Isaz36sditTDgge2MqjngRtT_NLlucg%3D%3D/lsparams/playback_host%2Cmh%2Cmm%2Cmn%2Cms%2Cmv%2Cmvi%2Cpl%2Cinitcwndbps/lsig/AG3C_xAwRQIhAOht55-Z6SmioupvLui9cou1ga3S6UvRrI3erVAQEU34AiB1SP5RgAFRdbaKpoNsksug4xKkNiZewRFhePR-nb6iGw%3D%3D", "width": 426, "tbr": 242.0, "asr": null, "fps": 24, "language": null, "filesize": null, "container": "mp4_dash", "acodec": "none", "url": "https://manifest.googlevideo.com/api/manifest/dash/expire/1610981481/ei/CUwFYMLFBISYqQHc1IDQCA/ip/140.109.135.76/id/efc0bf4e9403bd51/source/youtube/requiressl/yes/playback_host/r5---sn-5njj-u2xe.googlevideo.com/mh/TR/mm/31%2C29/mn/sn-5njj-u2xe%2Csn-un57en7e/ms/au%2Crdu/mv/m/mvi/5/pl/16/hfr/all/as/fmp4_audio_clear%2Cwebm_audio_clear%2Cwebm2_audio_clear%2Cfmp4_sd_hd_clear%2Cwebm2_sd_hd_clear/initcwndbps/535000/vprv/1/mt/1610959485/fvip/5/keepalive/yes/itag/0/sparams/expire%2Cei%2Cip%2Cid%2Csource%2Crequiressl%2Chfr%2Cas%2Cvprv%2Citag/sig/AOq0QJ8wRQIhAPK7lXdxBzr5ji3xu0zVPzhrUkGtJpe8Yca806H9DNWUAiAyJoyJwp_5_X5Isaz36sditTDgge2MqjngRtT_NLlucg%3D%3D/lsparams/playback_host%2Cmh%2Cmm%2Cmn%2Cms%2Cmv%2Cmvi%2Cpl%2Cinitcwndbps/lsig/AG3C_xAwRQIhAOht55-Z6SmioupvLui9cou1ga3S6UvRrI3erVAQEU34AiB1SP5RgAFRdbaKpoNsksug4xKkNiZewRFhePR-nb6iGw%3D%3D", "fragment_base_url": "https://r5---sn-5njj-u2xe.googlevideo.com/videoplayback/expire/1610981481/ei/CUwFYMLFBISYqQHc1IDQCA/ip/140.109.135.76/id/efc0bf4e9403bd51/itag/133/source/yt_otf/requiressl/yes/mh/TR/mm/31,29/mn/sn-5njj-u2xe,sn-un57en7e/ms/au,rdu/mv/m/mvi/5/pl/16/initcwndbps/535000/vprv/1/ratebypass/yes/mime/video%2Fmp4/otfp/1/otf/1/lmt/1564638754614388/mt/1610959485/fvip/5/keepalive/yes/sparams/expire,ei,ip,id,itag,source,requiressl,vprv,ratebypass,mime,otfp,otf,lmt/sig/AOq0QJ8wRQIgQMdz77a_6VVxo7bWS1VNgCECni3ndBOYI6_cQbCdc3wCIQC2P1jIiuZlZtBTOsfVKOnjbef0VcblT67l_J8kkS5olQ%3D%3D/lsparams/mh,mm,mn,ms,mv,mvi,pl,initcwndbps/lsig/AG3C_xAwRQIhALCUqRKfxMkcxGNrIxuGTNHiHYLCzmaJq5FWvIV-FRB_AiA272rWmq-qDwnjd23q9AhyOEtdUnvNzlIv7eFuE5YVoQ%3D%3D/", "fragments": [{"path": "sq/0"}, {"path": "sq/1/dur/5.333", "duration": 5.333}, {"path": "sq/2/dur/5.334", "duration": 5.334}, {"path": "sq/3/dur/5.333", "duration": 5.333}, {"path": "sq/4/dur/5.333", "duration": 5.333}, {"path": "sq/5/dur/5.334", "duration": 5.334}, {"path": "sq/6/dur/5.333", "duration": 5.333}, {"path": "sq/7/dur/5.333", "duration": 5.333}, {"path": "sq/8/dur/5.334", "duration": 5.334}, {"path": "sq/9/dur/5.333", "duration": 5.333}, {"path": "sq/10/dur/5.333", "duration": 5.333}, {"path": "sq/11/dur/5.334", "duration": 5.334}, {"path": "sq/12/dur/5.333", "duration": 5.333}, {"path": "sq/13/dur/5.333", "duration": 5.333}, {"path": "sq/14/dur/5.334", "duration": 5.334}, {"path": "sq/15/dur/5.333", "duration": 5.333}, {"path": "sq/16/dur/4.708", "duration": 4.708}], "protocol": "http_dash_segments", "format": "133 - 426x240 (DASH video)", "http_headers": {"User-Agent": "Mozilla/5.0 (Windows NT 10.0; Win64; x64) AppleWebKit/537.36 (KHTML, like Gecko) Chrome/74.0.3729.120 Safari/537.36", "Accept-Charset": "ISO-8859-1,utf-8;q=0.7,*;q=0.7", "Accept": "text/html,application/xhtml+xml,application/xml;q=0.9,*/*;q=0.8", "Accept-Encoding": "gzip, deflate", "Accept-Language": "en-us,en;q=0.5"}}, {"ext": "webm", "height": 360, "format_note": "DASH video", "vcodec": "vp9", "format_id": "243", "manifest_url": "https://manifest.googlevideo.com/api/manifest/dash/expire/1610981481/ei/CUwFYMLFBISYqQHc1IDQCA/ip/140.109.135.76/id/efc0bf4e9403bd51/source/youtube/requiressl/yes/playback_host/r5---sn-5njj-u2xe.googlevideo.com/mh/TR/mm/31%2C29/mn/sn-5njj-u2xe%2Csn-un57en7e/ms/au%2Crdu/mv/m/mvi/5/pl/16/hfr/all/as/fmp4_audio_clear%2Cwebm_audio_clear%2Cwebm2_audio_clear%2Cfmp4_sd_hd_clear%2Cwebm2_sd_hd_clear/initcwndbps/535000/vprv/1/mt/1610959485/fvip/5/keepalive/yes/itag/0/sparams/expire%2Cei%2Cip%2Cid%2Csource%2Crequiressl%2Chfr%2Cas%2Cvprv%2Citag/sig/AOq0QJ8wRQIhAPK7lXdxBzr5ji3xu0zVPzhrUkGtJpe8Yca806H9DNWUAiAyJoyJwp_5_X5Isaz36sditTDgge2MqjngRtT_NLlucg%3D%3D/lsparams/playback_host%2Cmh%2Cmm%2Cmn%2Cms%2Cmv%2Cmvi%2Cpl%2Cinitcwndbps/lsig/AG3C_xAwRQIhAOht55-Z6SmioupvLui9cou1ga3S6UvRrI3erVAQEU34AiB1SP5RgAFRdbaKpoNsksug4xKkNiZewRFhePR-nb6iGw%3D%3D", "width": 640, "tbr": 405.72, "asr": null, "fps": 24, "language": null, "filesize": null, "container": "webm_dash", "acodec": "none", "url": "https://manifest.googlevideo.com/api/manifest/dash/expire/1610981481/ei/CUwFYMLFBISYqQHc1IDQCA/ip/140.109.135.76/id/efc0bf4e9403bd51/source/youtube/requiressl/yes/playback_host/r5---sn-5njj-u2xe.googlevideo.com/mh/TR/mm/31%2C29/mn/sn-5njj-u2xe%2Csn-un57en7e/ms/au%2Crdu/mv/m/mvi/5/pl/16/hfr/all/as/fmp4_audio_clear%2Cwebm_audio_clear%2Cwebm2_audio_clear%2Cfmp4_sd_hd_clear%2Cwebm2_sd_hd_clear/initcwndbps/535000/vprv/1/mt/1610959485/fvip/5/keepalive/yes/itag/0/sparams/expire%2Cei%2Cip%2Cid%2Csource%2Crequiressl%2Chfr%2Cas%2Cvprv%2Citag/sig/AOq0QJ8wRQIhAPK7lXdxBzr5ji3xu0zVPzhrUkGtJpe8Yca806H9DNWUAiAyJoyJwp_5_X5Isaz36sditTDgge2MqjngRtT_NLlucg%3D%3D/lsparams/playback_host%2Cmh%2Cmm%2Cmn%2Cms%2Cmv%2Cmvi%2Cpl%2Cinitcwndbps/lsig/AG3C_xAwRQIhAOht55-Z6SmioupvLui9cou1ga3S6UvRrI3erVAQEU34AiB1SP5RgAFRdbaKpoNsksug4xKkNiZewRFhePR-nb6iGw%3D%3D", "fragment_base_url": "https://r5---sn-5njj-u2xe.googlevideo.com/videoplayback/expire/1610981481/ei/CUwFYMLFBISYqQHc1IDQCA/ip/140.109.135.76/id/efc0bf4e9403bd51/itag/243/source/yt_otf/requiressl/yes/mh/TR/mm/31,29/mn/sn-5njj-u2xe,sn-un57en7e/ms/au,rdu/mv/m/mvi/5/pl/16/initcwndbps/535000/vprv/1/ratebypass/yes/mime/video%2Fwebm/otfp/1/otf/1/lmt/1564638754614388/mt/1610959485/fvip/5/keepalive/yes/sparams/expire,ei,ip,id,itag,source,requiressl,vprv,ratebypass,mime,otfp,otf,lmt/sig/AOq0QJ8wRgIhAINqGap9MgMGR8HNb4tBdYZIcz4JU6jxeGrikY0aoU5XAiEAgXomOEUfNUnAnAqU1g2EYjBJes9CR5_qfpQwoZDWzyk%3D/lsparams/mh,mm,mn,ms,mv,mvi,pl,initcwndbps/lsig/AG3C_xAwRQIhAId6gS7lLwcXPdgZ0Z04uevTqLl2s8bsgjIwBfaMJnplAiBOB2j5yK-WoIFByOGw6EOczW6DXoG9qTL0AXJeq8jbow%3D%3D/", "fragments": [{"path": "sq/0"}, {"path": "sq/1/dur/5.333", "duration": 5.333}, {"path": "sq/2/dur/5.334", "duration": 5.334}, {"path": "sq/3/dur/5.333", "duration": 5.333}, {"path": "sq/4/dur/5.333", "duration": 5.333}, {"path": "sq/5/dur/5.334", "duration": 5.334}, {"path": "sq/6/dur/5.333", "duration": 5.333}, {"path": "sq/7/dur/5.333", "duration": 5.333}, {"path": "sq/8/dur/5.334", "duration": 5.334}, {"path": "sq/9/dur/5.333", "duration": 5.333}, {"path": "sq/10/dur/5.333", "duration": 5.333}, {"path": "sq/11/dur/5.334", "duration": 5.334}, {"path": "sq/12/dur/5.333", "duration": 5.333}, {"path": "sq/13/dur/5.333", "duration": 5.333}, {"path": "sq/14/dur/5.334", "duration": 5.334}, {"path": "sq/15/dur/5.333", "duration": 5.333}, {"path": "sq/16/dur/4.708", "duration": 4.708}], "protocol": "http_dash_segments", "format": "243 - 640x360 (DASH video)", "http_headers": {"User-Agent": "Mozilla/5.0 (Windows NT 10.0; Win64; x64) AppleWebKit/537.36 (KHTML, like Gecko) Chrome/74.0.3729.120 Safari/537.36", "Accept-Charset": "ISO-8859-1,utf-8;q=0.7,*;q=0.7", "Accept": "text/html,application/xhtml+xml,application/xml;q=0.9,*/*;q=0.8", "Accept-Encoding": "gzip, deflate", "Accept-Language": "en-us,en;q=0.5"}}, {"ext": "mp4", "height": 360, "format_note": "DASH video", "vcodec": "avc1.4d401e", "format_id": "134", "manifest_url": "https://manifest.googlevideo.com/api/manifest/dash/expire/1610981481/ei/CUwFYMLFBISYqQHc1IDQCA/ip/140.109.135.76/id/efc0bf4e9403bd51/source/youtube/requiressl/yes/playback_host/r5---sn-5njj-u2xe.googlevideo.com/mh/TR/mm/31%2C29/mn/sn-5njj-u2xe%2Csn-un57en7e/ms/au%2Crdu/mv/m/mvi/5/pl/16/hfr/all/as/fmp4_audio_clear%2Cwebm_audio_clear%2Cwebm2_audio_clear%2Cfmp4_sd_hd_clear%2Cwebm2_sd_hd_clear/initcwndbps/535000/vprv/1/mt/1610959485/fvip/5/keepalive/yes/itag/0/sparams/expire%2Cei%2Cip%2Cid%2Csource%2Crequiressl%2Chfr%2Cas%2Cvprv%2Citag/sig/AOq0QJ8wRQIhAPK7lXdxBzr5ji3xu0zVPzhrUkGtJpe8Yca806H9DNWUAiAyJoyJwp_5_X5Isaz36sditTDgge2MqjngRtT_NLlucg%3D%3D/lsparams/playback_host%2Cmh%2Cmm%2Cmn%2Cms%2Cmv%2Cmvi%2Cpl%2Cinitcwndbps/lsig/AG3C_xAwRQIhAOht55-Z6SmioupvLui9cou1ga3S6UvRrI3erVAQEU34AiB1SP5RgAFRdbaKpoNsksug4xKkNiZewRFhePR-nb6iGw%3D%3D", "width": 640, "tbr": 565.274, "asr": null, "fps": 24, "language": null, "filesize": null, "container": "mp4_dash", "acodec": "none", "url": "https://manifest.googlevideo.com/api/manifest/dash/expire/1610981481/ei/CUwFYMLFBISYqQHc1IDQCA/ip/140.109.135.76/id/efc0bf4e9403bd51/source/youtube/requiressl/yes/playback_host/r5---sn-5njj-u2xe.googlevideo.com/mh/TR/mm/31%2C29/mn/sn-5njj-u2xe%2Csn-un57en7e/ms/au%2Crdu/mv/m/mvi/5/pl/16/hfr/all/as/fmp4_audio_clear%2Cwebm_audio_clear%2Cwebm2_audio_clear%2Cfmp4_sd_hd_clear%2Cwebm2_sd_hd_clear/initcwndbps/535000/vprv/1/mt/1610959485/fvip/5/keepalive/yes/itag/0/sparams/expire%2Cei%2Cip%2Cid%2Csource%2Crequiressl%2Chfr%2Cas%2Cvprv%2Citag/sig/AOq0QJ8wRQIhAPK7lXdxBzr5ji3xu0zVPzhrUkGtJpe8Yca806H9DNWUAiAyJoyJwp_5_X5Isaz36sditTDgge2MqjngRtT_NLlucg%3D%3D/lsparams/playback_host%2Cmh%2Cmm%2Cmn%2Cms%2Cmv%2Cmvi%2Cpl%2Cinitcwndbps/lsig/AG3C_xAwRQIhAOht55-Z6SmioupvLui9cou1ga3S6UvRrI3erVAQEU34AiB1SP5RgAFRdbaKpoNsksug4xKkNiZewRFhePR-nb6iGw%3D%3D", "fragment_base_url": "https://r5---sn-5njj-u2xe.googlevideo.com/videoplayback/expire/1610981481/ei/CUwFYMLFBISYqQHc1IDQCA/ip/140.109.135.76/id/efc0bf4e9403bd51/itag/134/source/youtube/requiressl/yes/mh/TR/mm/31,29/mn/sn-5njj-u2xe,sn-un57en7e/ms/au,rdu/mv/m/mvi/5/pl/16/initcwndbps/535000/vprv/1/ratebypass/yes/mime/video%2Fmp4/otfp/1/gir/yes/clen/4583817/lmt/1564638754614846/dur/84.708/mt/1610959485/fvip/5/keepalive/yes/sparams/expire,ei,ip,id,itag,source,requiressl,vprv,ratebypass,mime,otfp,gir,clen,lmt,dur/sig/AOq0QJ8wRAIgOKneGjZZV5FxnEvSb1Z-ygB0H5eh47iCo2oyFJDmAAYCIDCSMZpYgc5OEDIgYF12P8EznGxlZnCYrSoOHzIIupZM/lsparams/mh,mm,mn,ms,mv,mvi,pl,initcwndbps/lsig/AG3C_xAwRgIhAIm1dyVH_EEpVYXOo4DBM7mwIunFaPqLGcKD4teGccj6AiEAjtYeqWQvWpPdZ8HAjicvTu7TpO_aw6Utp7ZEwimtVm4%3D/", "fragments": [{"path": "range/0-740"}, {"path": "range/965-356819", "duration": 5.333}, {"path": "range/356820-690543", "duration": 5.334}, {"path": "range/690544-1019183", "duration": 5.333}, {"path": "range/1019184-1340057", "duration": 5.333}, {"path": "range/1340058-1631693", "duration": 5.334}, {"path": "range/1631694-1928302", "duration": 5.333}, {"path": "range/1928303-2218246", "duration": 5.333}, {"path": "range/2218247-2493004", "duration": 5.334}, {"path": "range/2493005-2765569", "duration": 5.333}, {"path": "range/2765570-3119707", "duration": 5.333}, {"path": "range/3119708-3496533", "duration": 5.334}, {"path": "range/3496534-3820236", "duration": 5.333}, {"path": "range/3820237-4094968", "duration": 5.333}, {"path": "range/4094969-4303596", "duration": 5.334}, {"path": "range/4303597-4577190", "duration": 5.333}, {"path": "range/4577191-4583816", "duration": 4.708}], "protocol": "http_dash_segments", "format": "134 - 640x360 (DASH video)", "http_headers": {"User-Agent": "Mozilla/5.0 (Windows NT 10.0; Win64; x64) AppleWebKit/537.36 (KHTML, like Gecko) Chrome/74.0.3729.120 Safari/537.36", "Accept-Charset": "ISO-8859-1,utf-8;q=0.7,*;q=0.7", "Accept": "text/html,application/xhtml+xml,application/xml;q=0.9,*/*;q=0.8", "Accept-Encoding": "gzip, deflate", "Accept-Language": "en-us,en;q=0.5"}}, {"ext": "webm", "height": 480, "format_note": "DASH video", "vcodec": "vp9", "format_id": "244", "manifest_url": "https://manifest.googlevideo.com/api/manifest/dash/expire/1610981481/ei/CUwFYMLFBISYqQHc1IDQCA/ip/140.109.135.76/id/efc0bf4e9403bd51/source/youtube/requiressl/yes/playback_host/r5---sn-5njj-u2xe.googlevideo.com/mh/TR/mm/31%2C29/mn/sn-5njj-u2xe%2Csn-un57en7e/ms/au%2Crdu/mv/m/mvi/5/pl/16/hfr/all/as/fmp4_audio_clear%2Cwebm_audio_clear%2Cwebm2_audio_clear%2Cfmp4_sd_hd_clear%2Cwebm2_sd_hd_clear/initcwndbps/535000/vprv/1/mt/1610959485/fvip/5/keepalive/yes/itag/0/sparams/expire%2Cei%2Cip%2Cid%2Csource%2Crequiressl%2Chfr%2Cas%2Cvprv%2Citag/sig/AOq0QJ8wRQIhAPK7lXdxBzr5ji3xu0zVPzhrUkGtJpe8Yca806H9DNWUAiAyJoyJwp_5_X5Isaz36sditTDgge2MqjngRtT_NLlucg%3D%3D/lsparams/playback_host%2Cmh%2Cmm%2Cmn%2Cms%2Cmv%2Cmvi%2Cpl%2Cinitcwndbps/lsig/AG3C_xAwRQIhAOht55-Z6SmioupvLui9cou1ga3S6UvRrI3erVAQEU34AiB1SP5RgAFRdbaKpoNsksug4xKkNiZewRFhePR-nb6iGw%3D%3D", "width": 854, "tbr": 752.64, "asr": null, "fps": 24, "language": null, "filesize": null, "container": "webm_dash", "acodec": "none", "url": "https://manifest.googlevideo.com/api/manifest/dash/expire/1610981481/ei/CUwFYMLFBISYqQHc1IDQCA/ip/140.109.135.76/id/efc0bf4e9403bd51/source/youtube/requiressl/yes/playback_host/r5---sn-5njj-u2xe.googlevideo.com/mh/TR/mm/31%2C29/mn/sn-5njj-u2xe%2Csn-un57en7e/ms/au%2Crdu/mv/m/mvi/5/pl/16/hfr/all/as/fmp4_audio_clear%2Cwebm_audio_clear%2Cwebm2_audio_clear%2Cfmp4_sd_hd_clear%2Cwebm2_sd_hd_clear/initcwndbps/535000/vprv/1/mt/1610959485/fvip/5/keepalive/yes/itag/0/sparams/expire%2Cei%2Cip%2Cid%2Csource%2Crequiressl%2Chfr%2Cas%2Cvprv%2Citag/sig/AOq0QJ8wRQIhAPK7lXdxBzr5ji3xu0zVPzhrUkGtJpe8Yca806H9DNWUAiAyJoyJwp_5_X5Isaz36sditTDgge2MqjngRtT_NLlucg%3D%3D/lsparams/playback_host%2Cmh%2Cmm%2Cmn%2Cms%2Cmv%2Cmvi%2Cpl%2Cinitcwndbps/lsig/AG3C_xAwRQIhAOht55-Z6SmioupvLui9cou1ga3S6UvRrI3erVAQEU34AiB1SP5RgAFRdbaKpoNsksug4xKkNiZewRFhePR-nb6iGw%3D%3D", "fragment_base_url": "https://r5---sn-5njj-u2xe.googlevideo.com/videoplayback/expire/1610981481/ei/CUwFYMLFBISYqQHc1IDQCA/ip/140.109.135.76/id/efc0bf4e9403bd51/itag/244/source/yt_otf/requiressl/yes/mh/TR/mm/31,29/mn/sn-5njj-u2xe,sn-un57en7e/ms/au,rdu/mv/m/mvi/5/pl/16/initcwndbps/535000/vprv/1/ratebypass/yes/mime/video%2Fwebm/otfp/1/otf/1/lmt/1564638754614388/mt/1610959485/fvip/5/keepalive/yes/sparams/expire,ei,ip,id,itag,source,requiressl,vprv,ratebypass,mime,otfp,otf,lmt/sig/AOq0QJ8wRQIhAM7ZEYPEgPk6MdQE6mIgN7umNxNgzlEjI_R2_NC_E2H6AiAeF1oDFSEZUoRhk6stUoiymvjcBdHEGgCDPK3o9rBTdw%3D%3D/lsparams/mh,mm,mn,ms,mv,mvi,pl,initcwndbps/lsig/AG3C_xAwRgIhAOMut0Vkctx4itLRlbsy6WgmEOnEMahRNsgP7iK8gr8dAiEAkoOnd--kTZcJ8RQhEjuEW6gCrGI7Rf1YBXoMa1BvIbs%3D/", "fragments": [{"path": "sq/0"}, {"path": "sq/1/dur/5.333", "duration": 5.333}, {"path": "sq/2/dur/5.334", "duration": 5.334}, {"path": "sq/3/dur/5.333", "duration": 5.333}, {"path": "sq/4/dur/5.333", "duration": 5.333}, {"path": "sq/5/dur/5.334", "duration": 5.334}, {"path": "sq/6/dur/5.333", "duration": 5.333}, {"path": "sq/7/dur/5.333", "duration": 5.333}, {"path": "sq/8/dur/5.334", "duration": 5.334}, {"path": "sq/9/dur/5.333", "duration": 5.333}, {"path": "sq/10/dur/5.333", "duration": 5.333}, {"path": "sq/11/dur/5.334", "duration": 5.334}, {"path": "sq/12/dur/5.333", "duration": 5.333}, {"path": "sq/13/dur/5.333", "duration": 5.333}, {"path": "sq/14/dur/5.334", "duration": 5.334}, {"path": "sq/15/dur/5.333", "duration": 5.333}, {"path": "sq/16/dur/4.708", "duration": 4.708}], "protocol": "http_dash_segments", "format": "244 - 854x480 (DASH video)", "http_headers": {"User-Agent": "Mozilla/5.0 (Windows NT 10.0; Win64; x64) AppleWebKit/537.36 (KHTML, like Gecko) Chrome/74.0.3729.120 Safari/537.36", "Accept-Charset": "ISO-8859-1,utf-8;q=0.7,*;q=0.7", "Accept": "text/html,application/xhtml+xml,application/xml;q=0.9,*/*;q=0.8", "Accept-Encoding": "gzip, deflate", "Accept-Language": "en-us,en;q=0.5"}}, {"ext": "mp4", "height": 480, "format_note": "DASH video", "vcodec": "avc1.4d4014", "format_id": "135", "manifest_url": "https://manifest.googlevideo.com/api/manifest/dash/expire/1610981481/ei/CUwFYMLFBISYqQHc1IDQCA/ip/140.109.135.76/id/efc0bf4e9403bd51/source/youtube/requiressl/yes/playback_host/r5---sn-5njj-u2xe.googlevideo.com/mh/TR/mm/31%2C29/mn/sn-5njj-u2xe%2Csn-un57en7e/ms/au%2Crdu/mv/m/mvi/5/pl/16/hfr/all/as/fmp4_audio_clear%2Cwebm_audio_clear%2Cwebm2_audio_clear%2Cfmp4_sd_hd_clear%2Cwebm2_sd_hd_clear/initcwndbps/535000/vprv/1/mt/1610959485/fvip/5/keepalive/yes/itag/0/sparams/expire%2Cei%2Cip%2Cid%2Csource%2Crequiressl%2Chfr%2Cas%2Cvprv%2Citag/sig/AOq0QJ8wRQIhAPK7lXdxBzr5ji3xu0zVPzhrUkGtJpe8Yca806H9DNWUAiAyJoyJwp_5_X5Isaz36sditTDgge2MqjngRtT_NLlucg%3D%3D/lsparams/playback_host%2Cmh%2Cmm%2Cmn%2Cms%2Cmv%2Cmvi%2Cpl%2Cinitcwndbps/lsig/AG3C_xAwRQIhAOht55-Z6SmioupvLui9cou1ga3S6UvRrI3erVAQEU34AiB1SP5RgAFRdbaKpoNsksug4xKkNiZewRFhePR-nb6iGw%3D%3D", "width": 854, "tbr": 1155.0, "asr": null, "fps": 24, "language": null, "filesize": null, "container": "mp4_dash", "acodec": "none", "url": "https://manifest.googlevideo.com/api/manifest/dash/expire/1610981481/ei/CUwFYMLFBISYqQHc1IDQCA/ip/140.109.135.76/id/efc0bf4e9403bd51/source/youtube/requiressl/yes/playback_host/r5---sn-5njj-u2xe.googlevideo.com/mh/TR/mm/31%2C29/mn/sn-5njj-u2xe%2Csn-un57en7e/ms/au%2Crdu/mv/m/mvi/5/pl/16/hfr/all/as/fmp4_audio_clear%2Cwebm_audio_clear%2Cwebm2_audio_clear%2Cfmp4_sd_hd_clear%2Cwebm2_sd_hd_clear/initcwndbps/535000/vprv/1/mt/1610959485/fvip/5/keepalive/yes/itag/0/sparams/expire%2Cei%2Cip%2Cid%2Csource%2Crequiressl%2Chfr%2Cas%2Cvprv%2Citag/sig/AOq0QJ8wRQIhAPK7lXdxBzr5ji3xu0zVPzhrUkGtJpe8Yca806H9DNWUAiAyJoyJwp_5_X5Isaz36sditTDgge2MqjngRtT_NLlucg%3D%3D/lsparams/playback_host%2Cmh%2Cmm%2Cmn%2Cms%2Cmv%2Cmvi%2Cpl%2Cinitcwndbps/lsig/AG3C_xAwRQIhAOht55-Z6SmioupvLui9cou1ga3S6UvRrI3erVAQEU34AiB1SP5RgAFRdbaKpoNsksug4xKkNiZewRFhePR-nb6iGw%3D%3D", "fragment_base_url": "https://r5---sn-5njj-u2xe.googlevideo.com/videoplayback/expire/1610981481/ei/CUwFYMLFBISYqQHc1IDQCA/ip/140.109.135.76/id/efc0bf4e9403bd51/itag/135/source/yt_otf/requiressl/yes/mh/TR/mm/31,29/mn/sn-5njj-u2xe,sn-un57en7e/ms/au,rdu/mv/m/mvi/5/pl/16/initcwndbps/535000/vprv/1/ratebypass/yes/mime/video%2Fmp4/otfp/1/otf/1/lmt/1564638754614388/mt/1610959485/fvip/5/keepalive/yes/sparams/expire,ei,ip,id,itag,source,requiressl,vprv,ratebypass,mime,otfp,otf,lmt/sig/AOq0QJ8wRQIhAMBTswkQQ6KDedII5Xdxg2k83dexcS9GJamjHRFTdDziAiAzz77g5VjdUMno9gz42ZDg996ROHQJCz1Jw7s0hM5ekg%3D%3D/lsparams/mh,mm,mn,ms,mv,mvi,pl,initcwndbps/lsig/AG3C_xAwRAIgAx9LJgnkXBKlA8xa7bjZSrBEE5EwwN-sbyo1tJFYjcECIGj1DqnB2xYWVjz_vCfc_2VW4nRUWrFrFyBp6mvfIW3b/", "fragments": [{"path": "sq/0"}, {"path": "sq/1/dur/5.333", "duration": 5.333}, {"path": "sq/2/dur/5.334", "duration": 5.334}, {"path": "sq/3/dur/5.333", "duration": 5.333}, {"path": "sq/4/dur/5.333", "duration": 5.333}, {"path": "sq/5/dur/5.334", "duration": 5.334}, {"path": "sq/6/dur/5.333", "duration": 5.333}, {"path": "sq/7/dur/5.333", "duration": 5.333}, {"path": "sq/8/dur/5.334", "duration": 5.334}, {"path": "sq/9/dur/5.333", "duration": 5.333}, {"path": "sq/10/dur/5.333", "duration": 5.333}, {"path": "sq/11/dur/5.334", "duration": 5.334}, {"path": "sq/12/dur/5.333", "duration": 5.333}, {"path": "sq/13/dur/5.333", "duration": 5.333}, {"path": "sq/14/dur/5.334", "duration": 5.334}, {"path": "sq/15/dur/5.333", "duration": 5.333}, {"path": "sq/16/dur/4.708", "duration": 4.708}], "protocol": "http_dash_segments", "format": "135 - 854x480 (DASH video)", "http_headers": {"User-Agent": "Mozilla/5.0 (Windows NT 10.0; Win64; x64) AppleWebKit/537.36 (KHTML, like Gecko) Chrome/74.0.3729.120 Safari/537.36", "Accept-Charset": "ISO-8859-1,utf-8;q=0.7,*;q=0.7", "Accept": "text/html,application/xhtml+xml,application/xml;q=0.9,*/*;q=0.8", "Accept-Encoding": "gzip, deflate", "Accept-Language": "en-us,en;q=0.5"}}, {"ext": "webm", "height": 720, "format_note": "DASH video", "vcodec": "vp9", "format_id": "247", "manifest_url": "https://manifest.googlevideo.com/api/manifest/dash/expire/1610981481/ei/CUwFYMLFBISYqQHc1IDQCA/ip/140.109.135.76/id/efc0bf4e9403bd51/source/youtube/requiressl/yes/playback_host/r5---sn-5njj-u2xe.googlevideo.com/mh/TR/mm/31%2C29/mn/sn-5njj-u2xe%2Csn-un57en7e/ms/au%2Crdu/mv/m/mvi/5/pl/16/hfr/all/as/fmp4_audio_clear%2Cwebm_audio_clear%2Cwebm2_audio_clear%2Cfmp4_sd_hd_clear%2Cwebm2_sd_hd_clear/initcwndbps/535000/vprv/1/mt/1610959485/fvip/5/keepalive/yes/itag/0/sparams/expire%2Cei%2Cip%2Cid%2Csource%2Crequiressl%2Chfr%2Cas%2Cvprv%2Citag/sig/AOq0QJ8wRQIhAPK7lXdxBzr5ji3xu0zVPzhrUkGtJpe8Yca806H9DNWUAiAyJoyJwp_5_X5Isaz36sditTDgge2MqjngRtT_NLlucg%3D%3D/lsparams/playback_host%2Cmh%2Cmm%2Cmn%2Cms%2Cmv%2Cmvi%2Cpl%2Cinitcwndbps/lsig/AG3C_xAwRQIhAOht55-Z6SmioupvLui9cou1ga3S6UvRrI3erVAQEU34AiB1SP5RgAFRdbaKpoNsksug4xKkNiZewRFhePR-nb6iGw%3D%3D", "width": 1280, "tbr": 1505.28, "asr": null, "fps": 24, "language": null, "filesize": null, "container": "webm_dash", "acodec": "none", "url": "https://manifest.googlevideo.com/api/manifest/dash/expire/1610981481/ei/CUwFYMLFBISYqQHc1IDQCA/ip/140.109.135.76/id/efc0bf4e9403bd51/source/youtube/requiressl/yes/playback_host/r5---sn-5njj-u2xe.googlevideo.com/mh/TR/mm/31%2C29/mn/sn-5njj-u2xe%2Csn-un57en7e/ms/au%2Crdu/mv/m/mvi/5/pl/16/hfr/all/as/fmp4_audio_clear%2Cwebm_audio_clear%2Cwebm2_audio_clear%2Cfmp4_sd_hd_clear%2Cwebm2_sd_hd_clear/initcwndbps/535000/vprv/1/mt/1610959485/fvip/5/keepalive/yes/itag/0/sparams/expire%2Cei%2Cip%2Cid%2Csource%2Crequiressl%2Chfr%2Cas%2Cvprv%2Citag/sig/AOq0QJ8wRQIhAPK7lXdxBzr5ji3xu0zVPzhrUkGtJpe8Yca806H9DNWUAiAyJoyJwp_5_X5Isaz36sditTDgge2MqjngRtT_NLlucg%3D%3D/lsparams/playback_host%2Cmh%2Cmm%2Cmn%2Cms%2Cmv%2Cmvi%2Cpl%2Cinitcwndbps/lsig/AG3C_xAwRQIhAOht55-Z6SmioupvLui9cou1ga3S6UvRrI3erVAQEU34AiB1SP5RgAFRdbaKpoNsksug4xKkNiZewRFhePR-nb6iGw%3D%3D", "fragment_base_url": "https://r5---sn-5njj-u2xe.googlevideo.com/videoplayback/expire/1610981481/ei/CUwFYMLFBISYqQHc1IDQCA/ip/140.109.135.76/id/efc0bf4e9403bd51/itag/247/source/yt_otf/requiressl/yes/mh/TR/mm/31,29/mn/sn-5njj-u2xe,sn-un57en7e/ms/au,rdu/mv/m/mvi/5/pl/16/initcwndbps/535000/vprv/1/ratebypass/yes/mime/video%2Fwebm/otfp/1/otf/1/lmt/1564638754614388/mt/1610959485/fvip/5/keepalive/yes/sparams/expire,ei,ip,id,itag,source,requiressl,vprv,ratebypass,mime,otfp,otf,lmt/sig/AOq0QJ8wRgIhAJzB_inrbNWUYWpU0Ypw-reSczeVtQX4S2yV_-zFIGQRAiEAsuR2ZEuesg1HTZLshd7HBUMmwWg258wigg2jaRpZkJ8%3D/lsparams/mh,mm,mn,ms,mv,mvi,pl,initcwndbps/lsig/AG3C_xAwRAIgXFuK2swAHOU80aoNSn53WE5pqY3T8JK6Ps5cVwKeCRQCIA5PmjOBU9wgrrRsTxQXfF-QAfXwJDyx6txB0Ma4w0cX/", "fragments": [{"path": "sq/0"}, {"path": "sq/1/dur/5.333", "duration": 5.333}, {"path": "sq/2/dur/5.334", "duration": 5.334}, {"path": "sq/3/dur/5.333", "duration": 5.333}, {"path": "sq/4/dur/5.333", "duration": 5.333}, {"path": "sq/5/dur/5.334", "duration": 5.334}, {"path": "sq/6/dur/5.333", "duration": 5.333}, {"path": "sq/7/dur/5.333", "duration": 5.333}, {"path": "sq/8/dur/5.334", "duration": 5.334}, {"path": "sq/9/dur/5.333", "duration": 5.333}, {"path": "sq/10/dur/5.333", "duration": 5.333}, {"path": "sq/11/dur/5.334", "duration": 5.334}, {"path": "sq/12/dur/5.333", "duration": 5.333}, {"path": "sq/13/dur/5.333", "duration": 5.333}, {"path": "sq/14/dur/5.334", "duration": 5.334}, {"path": "sq/15/dur/5.333", "duration": 5.333}, {"path": "sq/16/dur/4.708", "duration": 4.708}], "protocol": "http_dash_segments", "format": "247 - 1280x720 (DASH video)", "http_headers": {"User-Agent": "Mozilla/5.0 (Windows NT 10.0; Win64; x64) AppleWebKit/537.36 (KHTML, like Gecko) Chrome/74.0.3729.120 Safari/537.36", "Accept-Charset": "ISO-8859-1,utf-8;q=0.7,*;q=0.7", "Accept": "text/html,application/xhtml+xml,application/xml;q=0.9,*/*;q=0.8", "Accept-Encoding": "gzip, deflate", "Accept-Language": "en-us,en;q=0.5"}}, {"ext": "mp4", "height": 720, "format_note": "DASH video", "vcodec": "avc1.4d4016", "format_id": "136", "manifest_url": "https://manifest.googlevideo.com/api/manifest/dash/expire/1610981481/ei/CUwFYMLFBISYqQHc1IDQCA/ip/140.109.135.76/id/efc0bf4e9403bd51/source/youtube/requiressl/yes/playback_host/r5---sn-5njj-u2xe.googlevideo.com/mh/TR/mm/31%2C29/mn/sn-5njj-u2xe%2Csn-un57en7e/ms/au%2Crdu/mv/m/mvi/5/pl/16/hfr/all/as/fmp4_audio_clear%2Cwebm_audio_clear%2Cwebm2_audio_clear%2Cfmp4_sd_hd_clear%2Cwebm2_sd_hd_clear/initcwndbps/535000/vprv/1/mt/1610959485/fvip/5/keepalive/yes/itag/0/sparams/expire%2Cei%2Cip%2Cid%2Csource%2Crequiressl%2Chfr%2Cas%2Cvprv%2Citag/sig/AOq0QJ8wRQIhAPK7lXdxBzr5ji3xu0zVPzhrUkGtJpe8Yca806H9DNWUAiAyJoyJwp_5_X5Isaz36sditTDgge2MqjngRtT_NLlucg%3D%3D/lsparams/playback_host%2Cmh%2Cmm%2Cmn%2Cms%2Cmv%2Cmvi%2Cpl%2Cinitcwndbps/lsig/AG3C_xAwRQIhAOht55-Z6SmioupvLui9cou1ga3S6UvRrI3erVAQEU34AiB1SP5RgAFRdbaKpoNsksug4xKkNiZewRFhePR-nb6iGw%3D%3D", "width": 1280, "tbr": 2310.0, "asr": null, "fps": 24, "language": null, "filesize": null, "container": "mp4_dash", "acodec": "none", "url": "https://manifest.googlevideo.com/api/manifest/dash/expire/1610981481/ei/CUwFYMLFBISYqQHc1IDQCA/ip/140.109.135.76/id/efc0bf4e9403bd51/source/youtube/requiressl/yes/playback_host/r5---sn-5njj-u2xe.googlevideo.com/mh/TR/mm/31%2C29/mn/sn-5njj-u2xe%2Csn-un57en7e/ms/au%2Crdu/mv/m/mvi/5/pl/16/hfr/all/as/fmp4_audio_clear%2Cwebm_audio_clear%2Cwebm2_audio_clear%2Cfmp4_sd_hd_clear%2Cwebm2_sd_hd_clear/initcwndbps/535000/vprv/1/mt/1610959485/fvip/5/keepalive/yes/itag/0/sparams/expire%2Cei%2Cip%2Cid%2Csource%2Crequiressl%2Chfr%2Cas%2Cvprv%2Citag/sig/AOq0QJ8wRQIhAPK7lXdxBzr5ji3xu0zVPzhrUkGtJpe8Yca806H9DNWUAiAyJoyJwp_5_X5Isaz36sditTDgge2MqjngRtT_NLlucg%3D%3D/lsparams/playback_host%2Cmh%2Cmm%2Cmn%2Cms%2Cmv%2Cmvi%2Cpl%2Cinitcwndbps/lsig/AG3C_xAwRQIhAOht55-Z6SmioupvLui9cou1ga3S6UvRrI3erVAQEU34AiB1SP5RgAFRdbaKpoNsksug4xKkNiZewRFhePR-nb6iGw%3D%3D", "fragment_base_url": "https://r5---sn-5njj-u2xe.googlevideo.com/videoplayback/expire/1610981481/ei/CUwFYMLFBISYqQHc1IDQCA/ip/140.109.135.76/id/efc0bf4e9403bd51/itag/136/source/yt_otf/requiressl/yes/mh/TR/mm/31,29/mn/sn-5njj-u2xe,sn-un57en7e/ms/au,rdu/mv/m/mvi/5/pl/16/initcwndbps/535000/vprv/1/ratebypass/yes/mime/video%2Fmp4/otfp/1/otf/1/lmt/1564638754614388/mt/1610959485/fvip/5/keepalive/yes/sparams/expire,ei,ip,id,itag,source,requiressl,vprv,ratebypass,mime,otfp,otf,lmt/sig/AOq0QJ8wRQIhAMp-VWk0g69aK9fUoJd7VbFieTNIivCiomPMciMGTRsdAiBNA3CgGxycIMxwzVpt5e9DT7ujr9mbJRM4L88qvYiPjA%3D%3D/lsparams/mh,mm,mn,ms,mv,mvi,pl,initcwndbps/lsig/AG3C_xAwRgIhALCsUts6Nz0DBl581gQTzQGiMwVApxsCBVmW2WpiE4S_AiEAv-UW3-gDKqEgph6ktt84Hs499WmyiF06eBLyGQw5hB0%3D/", "fragments": [{"path": "sq/0"}, {"path": "sq/1/dur/5.333", "duration": 5.333}, {"path": "sq/2/dur/5.334", "duration": 5.334}, {"path": "sq/3/dur/5.333", "duration": 5.333}, {"path": "sq/4/dur/5.333", "duration": 5.333}, {"path": "sq/5/dur/5.334", "duration": 5.334}, {"path": "sq/6/dur/5.333", "duration": 5.333}, {"path": "sq/7/dur/5.333", "duration": 5.333}, {"path": "sq/8/dur/5.334", "duration": 5.334}, {"path": "sq/9/dur/5.333", "duration": 5.333}, {"path": "sq/10/dur/5.333", "duration": 5.333}, {"path": "sq/11/dur/5.334", "duration": 5.334}, {"path": "sq/12/dur/5.333", "duration": 5.333}, {"path": "sq/13/dur/5.333", "duration": 5.333}, {"path": "sq/14/dur/5.334", "duration": 5.334}, {"path": "sq/15/dur/5.333", "duration": 5.333}, {"path": "sq/16/dur/4.708", "duration": 4.708}], "protocol": "http_dash_segments", "format": "136 - 1280x720 (DASH video)", "http_headers": {"User-Agent": "Mozilla/5.0 (Windows NT 10.0; Win64; x64) AppleWebKit/537.36 (KHTML, like Gecko) Chrome/74.0.3729.120 Safari/537.36", "Accept-Charset": "ISO-8859-1,utf-8;q=0.7,*;q=0.7", "Accept": "text/html,application/xhtml+xml,application/xml;q=0.9,*/*;q=0.8", "Accept-Encoding": "gzip, deflate", "Accept-Language": "en-us,en;q=0.5"}}, {"ext": "webm", "height": 1080, "format_note": "DASH video", "vcodec": "vp9", "format_id": "248", "manifest_url": "https://manifest.googlevideo.com/api/manifest/dash/expire/1610981481/ei/CUwFYMLFBISYqQHc1IDQCA/ip/140.109.135.76/id/efc0bf4e9403bd51/source/youtube/requiressl/yes/playback_host/r5---sn-5njj-u2xe.googlevideo.com/mh/TR/mm/31%2C29/mn/sn-5njj-u2xe%2Csn-un57en7e/ms/au%2Crdu/mv/m/mvi/5/pl/16/hfr/all/as/fmp4_audio_clear%2Cwebm_audio_clear%2Cwebm2_audio_clear%2Cfmp4_sd_hd_clear%2Cwebm2_sd_hd_clear/initcwndbps/535000/vprv/1/mt/1610959485/fvip/5/keepalive/yes/itag/0/sparams/expire%2Cei%2Cip%2Cid%2Csource%2Crequiressl%2Chfr%2Cas%2Cvprv%2Citag/sig/AOq0QJ8wRQIhAPK7lXdxBzr5ji3xu0zVPzhrUkGtJpe8Yca806H9DNWUAiAyJoyJwp_5_X5Isaz36sditTDgge2MqjngRtT_NLlucg%3D%3D/lsparams/playback_host%2Cmh%2Cmm%2Cmn%2Cms%2Cmv%2Cmvi%2Cpl%2Cinitcwndbps/lsig/AG3C_xAwRQIhAOht55-Z6SmioupvLui9cou1ga3S6UvRrI3erVAQEU34AiB1SP5RgAFRdbaKpoNsksug4xKkNiZewRFhePR-nb6iGw%3D%3D", "width": 1920, "tbr": 2646.0, "asr": null, "fps": 24, "language": null, "filesize": null, "container": "webm_dash", "acodec": "none", "url": "https://manifest.googlevideo.com/api/manifest/dash/expire/1610981481/ei/CUwFYMLFBISYqQHc1IDQCA/ip/140.109.135.76/id/efc0bf4e9403bd51/source/youtube/requiressl/yes/playback_host/r5---sn-5njj-u2xe.googlevideo.com/mh/TR/mm/31%2C29/mn/sn-5njj-u2xe%2Csn-un57en7e/ms/au%2Crdu/mv/m/mvi/5/pl/16/hfr/all/as/fmp4_audio_clear%2Cwebm_audio_clear%2Cwebm2_audio_clear%2Cfmp4_sd_hd_clear%2Cwebm2_sd_hd_clear/initcwndbps/535000/vprv/1/mt/1610959485/fvip/5/keepalive/yes/itag/0/sparams/expire%2Cei%2Cip%2Cid%2Csource%2Crequiressl%2Chfr%2Cas%2Cvprv%2Citag/sig/AOq0QJ8wRQIhAPK7lXdxBzr5ji3xu0zVPzhrUkGtJpe8Yca806H9DNWUAiAyJoyJwp_5_X5Isaz36sditTDgge2MqjngRtT_NLlucg%3D%3D/lsparams/playback_host%2Cmh%2Cmm%2Cmn%2Cms%2Cmv%2Cmvi%2Cpl%2Cinitcwndbps/lsig/AG3C_xAwRQIhAOht55-Z6SmioupvLui9cou1ga3S6UvRrI3erVAQEU34AiB1SP5RgAFRdbaKpoNsksug4xKkNiZewRFhePR-nb6iGw%3D%3D", "fragment_base_url": "https://r5---sn-5njj-u2xe.googlevideo.com/videoplayback/expire/1610981481/ei/CUwFYMLFBISYqQHc1IDQCA/ip/140.109.135.76/id/efc0bf4e9403bd51/itag/248/source/yt_otf/requiressl/yes/mh/TR/mm/31,29/mn/sn-5njj-u2xe,sn-un57en7e/ms/au,rdu/mv/m/mvi/5/pl/16/initcwndbps/535000/vprv/1/ratebypass/yes/mime/video%2Fwebm/otfp/1/otf/1/lmt/1564638754614388/mt/1610959485/fvip/5/keepalive/yes/sparams/expire,ei,ip,id,itag,source,requiressl,vprv,ratebypass,mime,otfp,otf,lmt/sig/AOq0QJ8wRAIgB9Q7Tk3dXd5Q26N1pWFpCPmVDo0VZbFg5a-vCkpwLPMCIFyYoRWxuNd8Sp_imxmA1APFcrJBeErw8ACYPXTLxcty/lsparams/mh,mm,mn,ms,mv,mvi,pl,initcwndbps/lsig/AG3C_xAwRgIhAJcX5DcVCYid_aoCtS4G8cypsgNRZAh8veIvoPMsNeLUAiEA7S3MU5YB-boADICWzYw7RaeZPJB8smJa8dYNOVxVmHc%3D/", "fragments": [{"path": "sq/0"}, {"path": "sq/1/dur/5.333", "duration": 5.333}, {"path": "sq/2/dur/5.334", "duration": 5.334}, {"path": "sq/3/dur/5.333", "duration": 5.333}, {"path": "sq/4/dur/5.333", "duration": 5.333}, {"path": "sq/5/dur/5.334", "duration": 5.334}, {"path": "sq/6/dur/5.333", "duration": 5.333}, {"path": "sq/7/dur/5.333", "duration": 5.333}, {"path": "sq/8/dur/5.334", "duration": 5.334}, {"path": "sq/9/dur/5.333", "duration": 5.333}, {"path": "sq/10/dur/5.333", "duration": 5.333}, {"path": "sq/11/dur/5.334", "duration": 5.334}, {"path": "sq/12/dur/5.333", "duration": 5.333}, {"path": "sq/13/dur/5.333", "duration": 5.333}, {"path": "sq/14/dur/5.334", "duration": 5.334}, {"path": "sq/15/dur/5.333", "duration": 5.333}, {"path": "sq/16/dur/4.708", "duration": 4.708}], "protocol": "http_dash_segments", "format": "248 - 1920x1080 (DASH video)", "http_headers": {"User-Agent": "Mozilla/5.0 (Windows NT 10.0; Win64; x64) AppleWebKit/537.36 (KHTML, like Gecko) Chrome/74.0.3729.120 Safari/537.36", "Accept-Charset": "ISO-8859-1,utf-8;q=0.7,*;q=0.7", "Accept": "text/html,application/xhtml+xml,application/xml;q=0.9,*/*;q=0.8", "Accept-Encoding": "gzip, deflate", "Accept-Language": "en-us,en;q=0.5"}}, {"ext": "mp4", "height": 1080, "format_note": "DASH video", "vcodec": "avc1.640028", "format_id": "137", "manifest_url": "https://manifest.googlevideo.com/api/manifest/dash/expire/1610981481/ei/CUwFYMLFBISYqQHc1IDQCA/ip/140.109.135.76/id/efc0bf4e9403bd51/source/youtube/requiressl/yes/playback_host/r5---sn-5njj-u2xe.googlevideo.com/mh/TR/mm/31%2C29/mn/sn-5njj-u2xe%2Csn-un57en7e/ms/au%2Crdu/mv/m/mvi/5/pl/16/hfr/all/as/fmp4_audio_clear%2Cwebm_audio_clear%2Cwebm2_audio_clear%2Cfmp4_sd_hd_clear%2Cwebm2_sd_hd_clear/initcwndbps/535000/vprv/1/mt/1610959485/fvip/5/keepalive/yes/itag/0/sparams/expire%2Cei%2Cip%2Cid%2Csource%2Crequiressl%2Chfr%2Cas%2Cvprv%2Citag/sig/AOq0QJ8wRQIhAPK7lXdxBzr5ji3xu0zVPzhrUkGtJpe8Yca806H9DNWUAiAyJoyJwp_5_X5Isaz36sditTDgge2MqjngRtT_NLlucg%3D%3D/lsparams/playback_host%2Cmh%2Cmm%2Cmn%2Cms%2Cmv%2Cmvi%2Cpl%2Cinitcwndbps/lsig/AG3C_xAwRQIhAOht55-Z6SmioupvLui9cou1ga3S6UvRrI3erVAQEU34AiB1SP5RgAFRdbaKpoNsksug4xKkNiZewRFhePR-nb6iGw%3D%3D", "width": 1920, "tbr": 4852.776, "asr": null, "fps": 24, "language": null, "filesize": null, "container": "mp4_dash", "acodec": "none", "url": "https://manifest.googlevideo.com/api/manifest/dash/expire/1610981481/ei/CUwFYMLFBISYqQHc1IDQCA/ip/140.109.135.76/id/efc0bf4e9403bd51/source/youtube/requiressl/yes/playback_host/r5---sn-5njj-u2xe.googlevideo.com/mh/TR/mm/31%2C29/mn/sn-5njj-u2xe%2Csn-un57en7e/ms/au%2Crdu/mv/m/mvi/5/pl/16/hfr/all/as/fmp4_audio_clear%2Cwebm_audio_clear%2Cwebm2_audio_clear%2Cfmp4_sd_hd_clear%2Cwebm2_sd_hd_clear/initcwndbps/535000/vprv/1/mt/1610959485/fvip/5/keepalive/yes/itag/0/sparams/expire%2Cei%2Cip%2Cid%2Csource%2Crequiressl%2Chfr%2Cas%2Cvprv%2Citag/sig/AOq0QJ8wRQIhAPK7lXdxBzr5ji3xu0zVPzhrUkGtJpe8Yca806H9DNWUAiAyJoyJwp_5_X5Isaz36sditTDgge2MqjngRtT_NLlucg%3D%3D/lsparams/playback_host%2Cmh%2Cmm%2Cmn%2Cms%2Cmv%2Cmvi%2Cpl%2Cinitcwndbps/lsig/AG3C_xAwRQIhAOht55-Z6SmioupvLui9cou1ga3S6UvRrI3erVAQEU34AiB1SP5RgAFRdbaKpoNsksug4xKkNiZewRFhePR-nb6iGw%3D%3D", "fragment_base_url": "https://r5---sn-5njj-u2xe.googlevideo.com/videoplayback/expire/1610981481/ei/CUwFYMLFBISYqQHc1IDQCA/ip/140.109.135.76/id/efc0bf4e9403bd51/itag/137/source/youtube/requiressl/yes/mh/TR/mm/31,29/mn/sn-5njj-u2xe,sn-un57en7e/ms/au,rdu/mv/m/mvi/5/pl/16/initcwndbps/535000/vprv/1/ratebypass/yes/mime/video%2Fmp4/otfp/1/gir/yes/clen/39738400/lmt/1564638754614388/dur/84.708/mt/1610959485/fvip/5/keepalive/yes/sparams/expire,ei,ip,id,itag,source,requiressl,vprv,ratebypass,mime,otfp,gir,clen,lmt,dur/sig/AOq0QJ8wRQIgHjNLwMKKoAGaFQKgsgt2n8LrtZmhzBaPu0bx_cR5szMCIQDAo8JqVxyZGIDAtlnI-G4lB_XbwSTlnR7tIcSxj_b78A%3D%3D/lsparams/mh,mm,mn,ms,mv,mvi,pl,initcwndbps/lsig/AG3C_xAwRAIgJYrbl1FnlNvpaJ7KrYnNqr7KX-T1TMYQZDccYmilYWMCICIxx4ed_qb4qDDXktwsJl2MZM2viRWVQUcNvbDtlVBY/", "fragments": [{"path": "range/0-741"}, {"path": "range/966-3234981", "duration": 5.333}, {"path": "range/3234982-6173000", "duration": 5.334}, {"path": "range/6173001-8886951", "duration": 5.333}, {"path": "range/8886952-11640320", "duration": 5.333}, {"path": "range/11640321-14050695", "duration": 5.334}, {"path": "range/14050696-16646827", "duration": 5.333}, {"path": "range/16646828-19323517", "duration": 5.333}, {"path": "range/19323518-21952765", "duration": 5.334}, {"path": "range/21952766-24520602", "duration": 5.333}, {"path": "range/24520603-27543627", "duration": 5.333}, {"path": "range/27543628-30593204", "duration": 5.334}, {"path": "range/30593205-33492614", "duration": 5.333}, {"path": "range/33492615-35999505", "duration": 5.333}, {"path": "range/35999506-38090565", "duration": 5.334}, {"path": "range/38090566-39719935", "duration": 5.333}, {"path": "range/39719936-39738399", "duration": 4.708}], "protocol": "http_dash_segments", "format": "137 - 1920x1080 (DASH video)", "http_headers": {"User-Agent": "Mozilla/5.0 (Windows NT 10.0; Win64; x64) AppleWebKit/537.36 (KHTML, like Gecko) Chrome/74.0.3729.120 Safari/537.36", "Accept-Charset": "ISO-8859-1,utf-8;q=0.7,*;q=0.7", "Accept": "text/html,application/xhtml+xml,application/xml;q=0.9,*/*;q=0.8", "Accept-Encoding": "gzip, deflate", "Accept-Language": "en-us,en;q=0.5"}}, {"format_id": "18", "url": "https://r5---sn-5njj-u2xe.googlevideo.com/videoplayback?expire=1610981481&ei=CUwFYMLFBISYqQHc1IDQCA&ip=140.109.135.76&id=o-AAtcEkQf6nlO5P8T3zx4IRfxzysfH29m_D9qE4hoGLB9&itag=18&source=youtube&requiressl=yes&mh=TR&mm=31%2C29&mn=sn-5njj-u2xe%2Csn-un57en7e&ms=au%2Crdu&mv=m&mvi=5&pl=16&initcwndbps=535000&vprv=1&mime=video%2Fmp4&ns=Mn0w5akazoz7xjKcA3OXYPkF&gir=yes&clen=7181215&ratebypass=yes&dur=84.776&lmt=1564638751098341&mt=1610959485&fvip=5&c=WEB&txp=2211222&n=5y94WFaxEFQ4Ci&sparams=expire%2Cei%2Cip%2Cid%2Citag%2Csource%2Crequiressl%2Cvprv%2Cmime%2Cns%2Cgir%2Cclen%2Cratebypass%2Cdur%2Clmt&sig=AOq0QJ8wRgIhAMkeJqWojCIhbX-lAjNbAlm0Lt7Z4dZccGRQyZ_cuyvEAiEAztni7Uea-Ct6aAklqV-0LZlnnrzzcVJ3JAtMsZhMDBw%3D&lsparams=mh%2Cmm%2Cmn%2Cms%2Cmv%2Cmvi%2Cpl%2Cinitcwndbps&lsig=AG3C_xAwRQIhAJvOtW_xrj3fU72tsmhZHSSHI26dvGs0FWJd-HK0HF9rAiAezAfOUiC3mLM_gwNw7AkbyF4oBkURH7d6R_PuvRLw9A%3D%3D", "player_url": null, "ext": "mp4", "width": 640, "height": 360, "acodec": "mp4a.40.2", "abr": 96, "vcodec": "avc1.42001E", "asr": 44100, "filesize": 7181215, "format_note": "360p", "fps": 24, "tbr": 678.208, "format": "18 - 640x360 (360p)", "protocol": "https", "http_headers": {"User-Agent": "Mozilla/5.0 (Windows NT 10.0; Win64; x64) AppleWebKit/537.36 (KHTML, like Gecko) Chrome/74.0.3729.120 Safari/537.36", "Accept-Charset": "ISO-8859-1,utf-8;q=0.7,*;q=0.7", "Accept": "text/html,application/xhtml+xml,application/xml;q=0.9,*/*;q=0.8", "Accept-Encoding": "gzip, deflate", "Accept-Language": "en-us,en;q=0.5"}}, {"format_id": "22", "url": "https://r5---sn-5njj-u2xe.googlevideo.com/videoplayback?expire=1610981481&ei=CUwFYMLFBISYqQHc1IDQCA&ip=140.109.135.76&id=o-AAtcEkQf6nlO5P8T3zx4IRfxzysfH29m_D9qE4hoGLB9&itag=22&source=youtube&requiressl=yes&mh=TR&mm=31%2C29&mn=sn-5njj-u2xe%2Csn-un57en7e&ms=au%2Crdu&mv=m&mvi=5&pl=16&initcwndbps=535000&vprv=1&mime=video%2Fmp4&ns=Mn0w5akazoz7xjKcA3OXYPkF&ratebypass=yes&dur=84.776&lmt=1564638772755088&mt=1610959485&fvip=5&c=WEB&txp=2216222&n=5y94WFaxEFQ4Ci&sparams=expire%2Cei%2Cip%2Cid%2Citag%2Csource%2Crequiressl%2Cvprv%2Cmime%2Cns%2Cratebypass%2Cdur%2Clmt&sig=AOq0QJ8wRAIgBfIqefVTKhgv0buR_VOHquDsLzBcTm1oHPYyIbQ-_OACIEQZUyze52Xk83LNcG2qgx0Ck9cQ2SF-B6QVFcDPjJQC&lsparams=mh%2Cmm%2Cmn%2Cms%2Cmv%2Cmvi%2Cpl%2Cinitcwndbps&lsig=AG3C_xAwRQIhAJvOtW_xrj3fU72tsmhZHSSHI26dvGs0FWJd-HK0HF9rAiAezAfOUiC3mLM_gwNw7AkbyF4oBkURH7d6R_PuvRLw9A%3D%3D", "player_url": null, "ext": "mp4", "width": 1280, "height": 720, "acodec": "mp4a.40.2", "abr": 192, "vcodec": "avc1.64001F", "asr": 44100, "filesize": null, "format_note": "720p", "fps": 24, "tbr": 2021.59, "format": "22 - 1280x720 (720p)", "protocol": "https", "http_headers": {"User-Agent": "Mozilla/5.0 (Windows NT 10.0; Win64; x64) AppleWebKit/537.36 (KHTML, like Gecko) Chrome/74.0.3729.120 Safari/537.36", "Accept-Charset": "ISO-8859-1,utf-8;q=0.7,*;q=0.7", "Accept": "text/html,application/xhtml+xml,application/xml;q=0.9,*/*;q=0.8", "Accept-Encoding": "gzip, deflate", "Accept-Language": "en-us,en;q=0.5"}}], "is_live": null, "start_time": null, "end_time": null, "series": null, "season_number": null, "episode_number": null, "track": null, "artist": null, "album": null, "release_date": null, "release_year": null, "extractor": "youtube", "webpage_url_basename": "watch", "extractor_key": "Youtube", "playlist": null, "playlist_index": null, "thumbnail": "https://i.ytimg.com/vi_webp/78C_TpQDvVE/maxresdefault.webp?v=5d427f53", "display_id": "78C_TpQDvVE", "requested_subtitles": null, "ext": "webm", "format_note": "DASH audio", "acodec": "opus", "abr": 160, "format_id": "251", "manifest_url": "https://manifest.googlevideo.com/api/manifest/dash/expire/1610981481/ei/CUwFYMLFBISYqQHc1IDQCA/ip/140.109.135.76/id/efc0bf4e9403bd51/source/youtube/requiressl/yes/playback_host/r5---sn-5njj-u2xe.googlevideo.com/mh/TR/mm/31%2C29/mn/sn-5njj-u2xe%2Csn-un57en7e/ms/au%2Crdu/mv/m/mvi/5/pl/16/hfr/all/as/fmp4_audio_clear%2Cwebm_audio_clear%2Cwebm2_audio_clear%2Cfmp4_sd_hd_clear%2Cwebm2_sd_hd_clear/initcwndbps/535000/vprv/1/mt/1610959485/fvip/5/keepalive/yes/itag/0/sparams/expire%2Cei%2Cip%2Cid%2Csource%2Crequiressl%2Chfr%2Cas%2Cvprv%2Citag/sig/AOq0QJ8wRQIhAPK7lXdxBzr5ji3xu0zVPzhrUkGtJpe8Yca806H9DNWUAiAyJoyJwp_5_X5Isaz36sditTDgge2MqjngRtT_NLlucg%3D%3D/lsparams/playback_host%2Cmh%2Cmm%2Cmn%2Cms%2Cmv%2Cmvi%2Cpl%2Cinitcwndbps/lsig/AG3C_xAwRQIhAOht55-Z6SmioupvLui9cou1ga3S6UvRrI3erVAQEU34AiB1SP5RgAFRdbaKpoNsksug4xKkNiZewRFhePR-nb6iGw%3D%3D", "width": null, "height": null, "tbr": 156.721, "asr": 48000, "fps": null, "language": null, "filesize": null, "container": "webm_dash", "vcodec": "none", "url": "https://manifest.googlevideo.com/api/manifest/dash/expire/1610981481/ei/CUwFYMLFBISYqQHc1IDQCA/ip/140.109.135.76/id/efc0bf4e9403bd51/source/youtube/requiressl/yes/playback_host/r5---sn-5njj-u2xe.googlevideo.com/mh/TR/mm/31%2C29/mn/sn-5njj-u2xe%2Csn-un57en7e/ms/au%2Crdu/mv/m/mvi/5/pl/16/hfr/all/as/fmp4_audio_clear%2Cwebm_audio_clear%2Cwebm2_audio_clear%2Cfmp4_sd_hd_clear%2Cwebm2_sd_hd_clear/initcwndbps/535000/vprv/1/mt/1610959485/fvip/5/keepalive/yes/itag/0/sparams/expire%2Cei%2Cip%2Cid%2Csource%2Crequiressl%2Chfr%2Cas%2Cvprv%2Citag/sig/AOq0QJ8wRQIhAPK7lXdxBzr5ji3xu0zVPzhrUkGtJpe8Yca806H9DNWUAiAyJoyJwp_5_X5Isaz36sditTDgge2MqjngRtT_NLlucg%3D%3D/lsparams/playback_host%2Cmh%2Cmm%2Cmn%2Cms%2Cmv%2Cmvi%2Cpl%2Cinitcwndbps/lsig/AG3C_xAwRQIhAOht55-Z6SmioupvLui9cou1ga3S6UvRrI3erVAQEU34AiB1SP5RgAFRdbaKpoNsksug4xKkNiZewRFhePR-nb6iGw%3D%3D", "fragment_base_url": "https://r5---sn-5njj-u2xe.googlevideo.com/videoplayback/expire/1610981481/ei/CUwFYMLFBISYqQHc1IDQCA/ip/140.109.135.76/id/efc0bf4e9403bd51/itag/251/source/youtube/requiressl/yes/mh/TR/mm/31,29/mn/sn-5njj-u2xe,sn-un57en7e/ms/au,rdu/mv/m/mvi/5/pl/16/initcwndbps/535000/vprv/1/ratebypass/yes/mime/audio%2Fwebm/otfp/1/gir/yes/clen/1510340/lmt/1564638835168071/dur/84.741/mt/1610959485/fvip/5/keepalive/yes/sparams/expire,ei,ip,id,itag,source,requiressl,vprv,ratebypass,mime,otfp,gir,clen,lmt,dur/sig/AOq0QJ8wRQIgHNn25luMEtnK8vmqfVS6LkWSyrVLfdAsDPfWs-GmwckCIQDMh9O6dNkdFgn4RaJYMOvefQZH1CG6WB4tdo0OCurMmQ%3D%3D/lsparams/mh,mm,mn,ms,mv,mvi,pl,initcwndbps/lsig/AG3C_xAwRQIhAKZ14yrCxnQB-RiLGo7yrIAhDay-4DJTADE3Bu3cEzN2AiBj8ZREjPvb1t9fJpiBNA01rS7ewTBMyCZG1pTtbt2u9A%3D%3D/", "fragments": [{"path": "range/0-265"}, {"path": "range/416-187639", "duration": 10.001}, {"path": "range/187640-374647", "duration": 10.0}, {"path": "range/374648-567572", "duration": 10.0}, {"path": "range/567573-763474", "duration": 10.0}, {"path": "range/763475-950237", "duration": 10.0}, {"path": "range/950238-1130602", "duration": 10.0}, {"path": "range/1130603-1307998", "duration": 10.0}, {"path": "range/1307999-1483832", "duration": 10.0}, {"path": "range/1483833-1510339", "duration": 4.74}], "protocol": "http_dash_segments", "format": "251 - audio only (DASH audio)", "http_headers": {"User-Agent": "Mozilla/5.0 (Windows NT 10.0; Win64; x64) AppleWebKit/537.36 (KHTML, like Gecko) Chrome/74.0.3729.120 Safari/537.36", "Accept-Charset": "ISO-8859-1,utf-8;q=0.7,*;q=0.7", "Accept": "text/html,application/xhtml+xml,application/xml;q=0.9,*/*;q=0.8", "Accept-Encoding": "gzip, deflate", "Accept-Language": "en-us,en;q=0.5"}}