{"id": "BxibZmbGxTk", "uploader": "Pianoheart", "uploader_id": "ThePianoheart", "uploader_url": "http://www.youtube.com/user/ThePianoheart", "channel_id": "UCyeyPb7Tq6olpumJAsw0Xow", "channel_url": "http://www.youtube.com/channel/UCyeyPb7Tq6olpumJAsw0Xow", "upload_date": "20170125", "license": null, "creator": null, "title": "\uc5d0\uc77c\ub9ac - \uccab\ub208\ucc98\ub7fc \ub108\uc5d0\uac8c \uac00\uaca0\ub2e4 \ud53c\uc544\ub178 \uc5f0\uc8fc, (Ailee - I will go to you like the first snow), \ub3c4\uae68\ube44(Goblin) OST Part 9", "alt_title": null, "thumbnails": [{"url": "https://i.ytimg.com/vi/BxibZmbGxTk/hqdefault.jpg?sqp=-oaymwEYCKgBEF5IVfKriqkDCwgBFQAAiEIYAXAB&rs=AOn4CLD_N1n4BmNz17GI3_KaMtqbT5js4g", "width": 168, "height": 94, "resolution": "168x94", "id": "0"}, {"url": "https://i.ytimg.com/vi/BxibZmbGxTk/hqdefault.jpg?sqp=-oaymwEYCMQBEG5IVfKriqkDCwgBFQAAiEIYAXAB&rs=AOn4CLAgfkOlNyYuBLATrKbwZ5dANVieOg", "width": 196, "height": 110, "resolution": "196x110", "id": "1"}, {"url": "https://i.ytimg.com/vi/BxibZmbGxTk/hqdefault.jpg?sqp=-oaymwEZCPYBEIoBSFXyq4qpAwsIARUAAIhCGAFwAQ==&rs=AOn4CLBzTJqfpLn7fDA0dTqCF1tDCHWuvg", "width": 246, "height": 138, "resolution": "246x138", "id": "2"}, {"url": "https://i.ytimg.com/vi/BxibZmbGxTk/hqdefault.jpg?sqp=-oaymwEZCNACELwBSFXyq4qpAwsIARUAAIhCGAFwAQ==&rs=AOn4CLD11QueCup0JjzlxfD9gET-gtRJJw", "width": 336, "height": 188, "resolution": "336x188", "id": "3"}, {"url": "https://i.ytimg.com/vi_webp/BxibZmbGxTk/maxresdefault.webp", "width": 1920, "height": 1080, "resolution": "1920x1080", "id": "4"}], "description": "*. \ud53c\uc544\ub178 \uc5f0\uc8fc \uc804\ubb38 \ucc44\ub110 '\ud53c\uc544\ub178\ud558\ud2b8'\uc5d0\uc11c \n   2017\ub144 1\uc6d4 25\uc77c \uc5f0\uc8fc\ud55c \uace1\uc740 \ub3c4\uae68\ube44 OST, \uc5d0\uc77c\ub9ac\uc758 '\uccab\ub208\ucc98\ub7fc \ub108\uc5d0\uac8c \uac00\uaca0\ub2e4' \uc785\ub2c8\ub2e4.\n*. \uc545\ubcf4\ub97c \uc6d0\ud558\uc2dc\ub294 \ubd84\uc740 \ud53c\uc544\ub178 \uc545\ubcf4 \uc804\ubb38 \uc0ac\uc774\ud2b8 '\ud53c\uc544\ub178\ud558\ud2b8' http://www.pianoheart.co.kr \ub85c \uc624\uc138\uc694.\n  \n*. Download the sheet music@ http://www.pianoheart.co.kr\n*. If you don't know Korean Language, please read English Guide.\n  at  http://www.pianoheart.co.kr/E_Guide.pdf\n\n*.\ud53c\uc544\ub178\ud558\ud2b8 \uc720\ud29c\ube0c \uc0ac\uc774\ud2b8\ub97c \uad6c\ub3c5\ud558\uc2dc\uac70\ub098,\n  \ud398\uc774\uc2a4\ubd81 https://www.facebook.com/pianoheart0902 \uc5d0\uc11c\n '\uc88b\uc544\uc694'\ub97c \ub204\ub974\uc2dc\uba74, \n  \ud53c\uc544\ub178\ud558\ud2b8\uc758 \uc545\ubcf4 \uc5c5\ub370\uc774\ud2b8 \uc18c\uc2dd\uc744 \n  \uac00\uc7a5 \uba3c\uc800 \uc811\ud558\uc2e4 \uc218 \uc788\uc2b5\ub2c8\ub2e4.^^\n\n*. \uc2e0\uccad\uace1\uc740 \ud53c\uc544\ub178\ud558\ud2b8 \uc2e0\uccad\uace1 \uac8c\uc2dc\ud310\uc744 \uc774\uc6a9\ud574\uc8fc\uc138\uc694. \n   www.pianoheart.co.kr", "categories": ["Music"], "tags": ["\ub3c4\uae68\ube44", "\uc5d0\uc77c\ub9ac", "\uccab\ub208\ucc98\ub7fc \ub108\uc5d0\uac8c \uac00\uaca0\ub2e4 \ud53c\uc544\ub178", "\uccab\ub208\ucc98\ub7fc \ub108\uc5d0\uac8c \uac00\uaca0\ub2e4 \uc545\ubcf4", "\ud53c\uc544\ub178\ud558\ud2b8", "\uac00\uc694 \ud53c\uc544\ub178", "\ub4dc\ub77c\ub9c8 ost \ud53c\uc544\ub178 \uc5f0\uc8fc", "\uc544\ub974"], "subtitles": {}, "automatic_captions": {}, "duration": 246, "age_limit": 0, "annotations": null, "chapters": null, "webpage_url": "https://www.youtube.com/watch?v=BxibZmbGxTk", "view_count": 612049, "like_count": 7069, "dislike_count": 74, "average_rating": 4.9585609, "formats": [{"format_id": "249", "url": "https://r5---sn-5njj-u2xe.googlevideo.com/videoplayback?expire=1611764364&ei=LD4RYMj9DY_u4wLRpZKIDQ&ip=140.109.135.76&id=o-AFj4leja5cTydubZWKOEd-vOM1Y6MJB60z8J3Zu_zGh1&itag=249&source=youtube&requiressl=yes&mh=iT&mm=31%2C29&mn=sn-5njj-u2xe%2Csn-un57en7s&ms=au%2Crdu&mv=m&mvi=5&pl=16&initcwndbps=721250&vprv=1&mime=audio%2Fwebm&ns=LWc24CoSfWrO65PehDbXINgF&gir=yes&clen=1605436&dur=246.181&lmt=1485354474583531&mt=1611742362&fvip=5&keepalive=yes&c=WEB&n=6-tw232Eev3Rp7vG9PGB&sparams=expire%2Cei%2Cip%2Cid%2Citag%2Csource%2Crequiressl%2Cvprv%2Cmime%2Cns%2Cgir%2Cclen%2Cdur%2Clmt&sig=AOq0QJ8wRQIhAIklJKHu-S9YssvHpzxZkIgVCHNXoUaMbzjTUTTngEGyAiA8Mh7EUKTM0qD7-MY9DpmWTnktQBXCdf7Kx0gu7z5lqA%3D%3D&lsparams=mh%2Cmm%2Cmn%2Cms%2Cmv%2Cmvi%2Cpl%2Cinitcwndbps&lsig=AG3C_xAwRQIgeJsAtZiVGowbbqlyRlDoOmy62t6DP17u4eAhgVmGPZYCIQDvm9Ju8bTYguKhsrROfcveymohpWKa1_2yimRErBQaWg%3D%3D&ratebypass=yes", "player_url": null, "ext": "webm", "format_note": "tiny", "acodec": "opus", "abr": 50, "asr": 48000, "filesize": 1605436, "fps": null, "height": null, "tbr": 61.358, "width": null, "vcodec": "none", "downloader_options": {"http_chunk_size": 10485760}, "format": "249 - audio only (tiny)", "protocol": "https", "http_headers": {"User-Agent": "Mozilla/5.0 (Windows NT 10.0; Win64; x64) AppleWebKit/537.36 (KHTML, like Gecko) Chrome/72.0.3626.25 Safari/537.36", "Accept-Charset": "ISO-8859-1,utf-8;q=0.7,*;q=0.7", "Accept": "text/html,application/xhtml+xml,application/xml;q=0.9,*/*;q=0.8", "Accept-Encoding": "gzip, deflate", "Accept-Language": "en-us,en;q=0.5"}}, {"format_id": "250", "url": "https://r5---sn-5njj-u2xe.googlevideo.com/videoplayback?expire=1611764364&ei=LD4RYMj9DY_u4wLRpZKIDQ&ip=140.109.135.76&id=o-AFj4leja5cTydubZWKOEd-vOM1Y6MJB60z8J3Zu_zGh1&itag=250&source=youtube&requiressl=yes&mh=iT&mm=31%2C29&mn=sn-5njj-u2xe%2Csn-un57en7s&ms=au%2Crdu&mv=m&mvi=5&pl=16&initcwndbps=721250&vprv=1&mime=audio%2Fwebm&ns=LWc24CoSfWrO65PehDbXINgF&gir=yes&clen=2244554&dur=246.181&lmt=1485354483543409&mt=1611742362&fvip=5&keepalive=yes&c=WEB&n=6-tw232Eev3Rp7vG9PGB&sparams=expire%2Cei%2Cip%2Cid%2Citag%2Csource%2Crequiressl%2Cvprv%2Cmime%2Cns%2Cgir%2Cclen%2Cdur%2Clmt&sig=AOq0QJ8wRAIgehxFj0Ykp1k_UdxETsDfX61-LyCpBf8OVBdto0U1SnkCIG97nwWWiPpCOw6liEqSFVowmlPC_3uodEm8SP7JzLvf&lsparams=mh%2Cmm%2Cmn%2Cms%2Cmv%2Cmvi%2Cpl%2Cinitcwndbps&lsig=AG3C_xAwRQIgeJsAtZiVGowbbqlyRlDoOmy62t6DP17u4eAhgVmGPZYCIQDvm9Ju8bTYguKhsrROfcveymohpWKa1_2yimRErBQaWg%3D%3D&ratebypass=yes", "player_url": null, "ext": "webm", "format_note": "tiny", "acodec": "opus", "abr": 70, "asr": 48000, "filesize": 2244554, "fps": null, "height": null, "tbr": 88.419, "width": null, "vcodec": "none", "downloader_options": {"http_chunk_size": 10485760}, "format": "250 - audio only (tiny)", "protocol": "https", "http_headers": {"User-Agent": "Mozilla/5.0 (Windows NT 10.0; Win64; x64) AppleWebKit/537.36 (KHTML, like Gecko) Chrome/72.0.3626.25 Safari/537.36", "Accept-Charset": "ISO-8859-1,utf-8;q=0.7,*;q=0.7", "Accept": "text/html,application/xhtml+xml,application/xml;q=0.9,*/*;q=0.8", "Accept-Encoding": "gzip, deflate", "Accept-Language": "en-us,en;q=0.5"}}, {"format_id": "140", "url": "https://r5---sn-5njj-u2xe.googlevideo.com/videoplayback?expire=1611764364&ei=LD4RYMj9DY_u4wLRpZKIDQ&ip=140.109.135.76&id=o-AFj4leja5cTydubZWKOEd-vOM1Y6MJB60z8J3Zu_zGh1&itag=140&source=youtube&requiressl=yes&mh=iT&mm=31%2C29&mn=sn-5njj-u2xe%2Csn-un57en7s&ms=au%2Crdu&mv=m&mvi=5&pl=16&initcwndbps=721250&vprv=1&mime=audio%2Fmp4&ns=LWc24CoSfWrO65PehDbXINgF&gir=yes&clen=3911670&dur=246.247&lmt=1532143063615135&mt=1611742362&fvip=5&keepalive=yes&c=WEB&n=6-tw232Eev3Rp7vG9PGB&sparams=expire%2Cei%2Cip%2Cid%2Citag%2Csource%2Crequiressl%2Cvprv%2Cmime%2Cns%2Cgir%2Cclen%2Cdur%2Clmt&sig=AOq0QJ8wRgIhAIvX7sCoLicDBDv3itinFqHE7yRYJGNuqZwX-wvcp2Q7AiEA1wXAoPcTFHZuXh2T0tV1vLMVUwL_uTTrArdJyf8gm0c%3D&lsparams=mh%2Cmm%2Cmn%2Cms%2Cmv%2Cmvi%2Cpl%2Cinitcwndbps&lsig=AG3C_xAwRQIgeJsAtZiVGowbbqlyRlDoOmy62t6DP17u4eAhgVmGPZYCIQDvm9Ju8bTYguKhsrROfcveymohpWKa1_2yimRErBQaWg%3D%3D&ratebypass=yes", "player_url": null, "ext": "m4a", "format_note": "tiny", "acodec": "mp4a.40.2", "abr": 128, "container": "m4a_dash", "asr": 44100, "filesize": 3911670, "fps": null, "height": null, "tbr": 127.784, "width": null, "vcodec": "none", "downloader_options": {"http_chunk_size": 10485760}, "format": "140 - audio only (tiny)", "protocol": "https", "http_headers": {"User-Agent": "Mozilla/5.0 (Windows NT 10.0; Win64; x64) AppleWebKit/537.36 (KHTML, like Gecko) Chrome/72.0.3626.25 Safari/537.36", "Accept-Charset": "ISO-8859-1,utf-8;q=0.7,*;q=0.7", "Accept": "text/html,application/xhtml+xml,application/xml;q=0.9,*/*;q=0.8", "Accept-Encoding": "gzip, deflate", "Accept-Language": "en-us,en;q=0.5"}}, {"format_id": "251", "url": "https://r5---sn-5njj-u2xe.googlevideo.com/videoplayback?expire=1611764364&ei=LD4RYMj9DY_u4wLRpZKIDQ&ip=140.109.135.76&id=o-AFj4leja5cTydubZWKOEd-vOM1Y6MJB60z8J3Zu_zGh1&itag=251&source=youtube&requiressl=yes&mh=iT&mm=31%2C29&mn=sn-5njj-u2xe%2Csn-un57en7s&ms=au%2Crdu&mv=m&mvi=5&pl=16&initcwndbps=721250&vprv=1&mime=audio%2Fwebm&ns=LWc24CoSfWrO65PehDbXINgF&gir=yes&clen=4329821&dur=246.181&lmt=1485354487253039&mt=1611742362&fvip=5&keepalive=yes&c=WEB&n=6-tw232Eev3Rp7vG9PGB&sparams=expire%2Cei%2Cip%2Cid%2Citag%2Csource%2Crequiressl%2Cvprv%2Cmime%2Cns%2Cgir%2Cclen%2Cdur%2Clmt&sig=AOq0QJ8wRAIgKJE2tN3ZGUhZyD5W1gjegQReg0gQ9nefQZNoGNS3k4ICICkCMshIYQtid94i4iMAul4EiDNAH5Mnr4YPyfB9aaMD&lsparams=mh%2Cmm%2Cmn%2Cms%2Cmv%2Cmvi%2Cpl%2Cinitcwndbps&lsig=AG3C_xAwRQIgeJsAtZiVGowbbqlyRlDoOmy62t6DP17u4eAhgVmGPZYCIQDvm9Ju8bTYguKhsrROfcveymohpWKa1_2yimRErBQaWg%3D%3D&ratebypass=yes", "player_url": null, "ext": "webm", "format_note": "tiny", "acodec": "opus", "abr": 160, "asr": 48000, "filesize": 4329821, "fps": null, "height": null, "tbr": 159.434, "width": null, "vcodec": "none", "downloader_options": {"http_chunk_size": 10485760}, "format": "251 - audio only (tiny)", "protocol": "https", "http_headers": {"User-Agent": "Mozilla/5.0 (Windows NT 10.0; Win64; x64) AppleWebKit/537.36 (KHTML, like Gecko) Chrome/72.0.3626.25 Safari/537.36", "Accept-Charset": "ISO-8859-1,utf-8;q=0.7,*;q=0.7", "Accept": "text/html,application/xhtml+xml,application/xml;q=0.9,*/*;q=0.8", "Accept-Encoding": "gzip, deflate", "Accept-Language": "en-us,en;q=0.5"}}, {"format_id": "160", "url": "https://r5---sn-5njj-u2xe.googlevideo.com/videoplayback?expire=1611764364&ei=LD4RYMj9DY_u4wLRpZKIDQ&ip=140.109.135.76&id=o-AFj4leja5cTydubZWKOEd-vOM1Y6MJB60z8J3Zu_zGh1&itag=160&aitags=133%2C134%2C135%2C136%2C137%2C160%2C242%2C243%2C244%2C247%2C248%2C278&source=youtube&requiressl=yes&mh=iT&mm=31%2C29&mn=sn-5njj-u2xe%2Csn-un57en7s&ms=au%2Crdu&mv=m&mvi=5&pl=16&initcwndbps=721250&vprv=1&mime=video%2Fmp4&ns=LWc24CoSfWrO65PehDbXINgF&gir=yes&clen=1187097&dur=246.179&lmt=1532143159721327&mt=1611742362&fvip=5&keepalive=yes&c=WEB&n=6-tw232Eev3Rp7vG9PGB&sparams=expire%2Cei%2Cip%2Cid%2Caitags%2Csource%2Crequiressl%2Cvprv%2Cmime%2Cns%2Cgir%2Cclen%2Cdur%2Clmt&sig=AOq0QJ8wRgIhAK1gO6w2NmS2D1t_vff1LANx0lovt1vvJsjqIesaadnZAiEA4bDOOcg0ci7939JO26GziVh7pKRuihME023GWooflsI%3D&lsparams=mh%2Cmm%2Cmn%2Cms%2Cmv%2Cmvi%2Cpl%2Cinitcwndbps&lsig=AG3C_xAwRQIgeJsAtZiVGowbbqlyRlDoOmy62t6DP17u4eAhgVmGPZYCIQDvm9Ju8bTYguKhsrROfcveymohpWKa1_2yimRErBQaWg%3D%3D&ratebypass=yes", "player_url": null, "ext": "mp4", "height": 144, "format_note": "144p", "vcodec": "avc1.4d400c", "asr": null, "filesize": 1187097, "fps": 30, "tbr": 48.356, "width": 256, "acodec": "none", "downloader_options": {"http_chunk_size": 10485760}, "format": "160 - 256x144 (144p)", "protocol": "https", "http_headers": {"User-Agent": "Mozilla/5.0 (Windows NT 10.0; Win64; x64) AppleWebKit/537.36 (KHTML, like Gecko) Chrome/72.0.3626.25 Safari/537.36", "Accept-Charset": "ISO-8859-1,utf-8;q=0.7,*;q=0.7", "Accept": "text/html,application/xhtml+xml,application/xml;q=0.9,*/*;q=0.8", "Accept-Encoding": "gzip, deflate", "Accept-Language": "en-us,en;q=0.5"}}, {"format_id": "133", "url": "https://r5---sn-5njj-u2xe.googlevideo.com/videoplayback?expire=1611764364&ei=LD4RYMj9DY_u4wLRpZKIDQ&ip=140.109.135.76&id=o-AFj4leja5cTydubZWKOEd-vOM1Y6MJB60z8J3Zu_zGh1&itag=133&aitags=133%2C134%2C135%2C136%2C137%2C160%2C242%2C243%2C244%2C247%2C248%2C278&source=youtube&requiressl=yes&mh=iT&mm=31%2C29&mn=sn-5njj-u2xe%2Csn-un57en7s&ms=au%2Crdu&mv=m&mvi=5&pl=16&initcwndbps=721250&vprv=1&mime=video%2Fmp4&ns=LWc24CoSfWrO65PehDbXINgF&gir=yes&clen=2025742&dur=246.179&lmt=1532143160422739&mt=1611742362&fvip=5&keepalive=yes&c=WEB&n=6-tw232Eev3Rp7vG9PGB&sparams=expire%2Cei%2Cip%2Cid%2Caitags%2Csource%2Crequiressl%2Cvprv%2Cmime%2Cns%2Cgir%2Cclen%2Cdur%2Clmt&sig=AOq0QJ8wRAIgUWR5EwpJO4fWXHVGMjzAmy86G9mI3BCR97u63tT26RkCIFuMabFcY2pwI2Zz39Qv0EFG6XVZnRj3iRm31V1KsOYm&lsparams=mh%2Cmm%2Cmn%2Cms%2Cmv%2Cmvi%2Cpl%2Cinitcwndbps&lsig=AG3C_xAwRQIgeJsAtZiVGowbbqlyRlDoOmy62t6DP17u4eAhgVmGPZYCIQDvm9Ju8bTYguKhsrROfcveymohpWKa1_2yimRErBQaWg%3D%3D&ratebypass=yes", "player_url": null, "ext": "mp4", "height": 240, "format_note": "240p", "vcodec": "avc1.4d4015", "asr": null, "filesize": 2025742, "fps": 30, "tbr": 83.892, "width": 426, "acodec": "none", "downloader_options": {"http_chunk_size": 10485760}, "format": "133 - 426x240 (240p)", "protocol": "https", "http_headers": {"User-Agent": "Mozilla/5.0 (Windows NT 10.0; Win64; x64) AppleWebKit/537.36 (KHTML, like Gecko) Chrome/72.0.3626.25 Safari/537.36", "Accept-Charset": "ISO-8859-1,utf-8;q=0.7,*;q=0.7", "Accept": "text/html,application/xhtml+xml,application/xml;q=0.9,*/*;q=0.8", "Accept-Encoding": "gzip, deflate", "Accept-Language": "en-us,en;q=0.5"}}, {"format_id": "278", "url": "https://r5---sn-5njj-u2xe.googlevideo.com/videoplayback?expire=1611764364&ei=LD4RYMj9DY_u4wLRpZKIDQ&ip=140.109.135.76&id=o-AFj4leja5cTydubZWKOEd-vOM1Y6MJB60z8J3Zu_zGh1&itag=278&aitags=133%2C134%2C135%2C136%2C137%2C160%2C242%2C243%2C244%2C247%2C248%2C278&source=youtube&requiressl=yes&mh=iT&mm=31%2C29&mn=sn-5njj-u2xe%2Csn-un57en7s&ms=au%2Crdu&mv=m&mvi=5&pl=16&initcwndbps=721250&vprv=1&mime=video%2Fwebm&ns=LWc24CoSfWrO65PehDbXINgF&gir=yes&clen=2482267&dur=246.146&lmt=1485355268442049&mt=1611742362&fvip=5&keepalive=yes&c=WEB&n=6-tw232Eev3Rp7vG9PGB&sparams=expire%2Cei%2Cip%2Cid%2Caitags%2Csource%2Crequiressl%2Cvprv%2Cmime%2Cns%2Cgir%2Cclen%2Cdur%2Clmt&sig=AOq0QJ8wRAIgVlQIytHW3X86cG2UkxB0GDjDhn32M4umdjNzD1r3NVICIHPvYneMBJW7qvv8K-CojR1qtRHgYTc0--0bYA7VG2EG&lsparams=mh%2Cmm%2Cmn%2Cms%2Cmv%2Cmvi%2Cpl%2Cinitcwndbps&lsig=AG3C_xAwRQIgeJsAtZiVGowbbqlyRlDoOmy62t6DP17u4eAhgVmGPZYCIQDvm9Ju8bTYguKhsrROfcveymohpWKa1_2yimRErBQaWg%3D%3D&ratebypass=yes", "player_url": null, "ext": "webm", "height": 144, "format_note": "144p", "container": "webm", "vcodec": "vp9", "asr": null, "filesize": 2482267, "fps": 30, "tbr": 92.967, "width": 256, "acodec": "none", "downloader_options": {"http_chunk_size": 10485760}, "format": "278 - 256x144 (144p)", "protocol": "https", "http_headers": {"User-Agent": "Mozilla/5.0 (Windows NT 10.0; Win64; x64) AppleWebKit/537.36 (KHTML, like Gecko) Chrome/72.0.3626.25 Safari/537.36", "Accept-Charset": "ISO-8859-1,utf-8;q=0.7,*;q=0.7", "Accept": "text/html,application/xhtml+xml,application/xml;q=0.9,*/*;q=0.8", "Accept-Encoding": "gzip, deflate", "Accept-Language": "en-us,en;q=0.5"}}, {"format_id": "242", "url": "https://r5---sn-5njj-u2xe.googlevideo.com/videoplayback?expire=1611764364&ei=LD4RYMj9DY_u4wLRpZKIDQ&ip=140.109.135.76&id=o-AFj4leja5cTydubZWKOEd-vOM1Y6MJB60z8J3Zu_zGh1&itag=242&aitags=133%2C134%2C135%2C136%2C137%2C160%2C242%2C243%2C244%2C247%2C248%2C278&source=youtube&requiressl=yes&mh=iT&mm=31%2C29&mn=sn-5njj-u2xe%2Csn-un57en7s&ms=au%2Crdu&mv=m&mvi=5&pl=16&initcwndbps=721250&vprv=1&mime=video%2Fwebm&ns=LWc24CoSfWrO65PehDbXINgF&gir=yes&clen=4337873&dur=246.146&lmt=1485355269490044&mt=1611742362&fvip=5&keepalive=yes&c=WEB&n=6-tw232Eev3Rp7vG9PGB&sparams=expire%2Cei%2Cip%2Cid%2Caitags%2Csource%2Crequiressl%2Cvprv%2Cmime%2Cns%2Cgir%2Cclen%2Cdur%2Clmt&sig=AOq0QJ8wRQIhANFZcOMJPWf0uQeupc5v3MQkAb8GWvffKDRpsui3xqcDAiBJLOTljTXmRu43HJXSzXZFGwq_r27NQJZfPJbuzlNzxg%3D%3D&lsparams=mh%2Cmm%2Cmn%2Cms%2Cmv%2Cmvi%2Cpl%2Cinitcwndbps&lsig=AG3C_xAwRQIgeJsAtZiVGowbbqlyRlDoOmy62t6DP17u4eAhgVmGPZYCIQDvm9Ju8bTYguKhsrROfcveymohpWKa1_2yimRErBQaWg%3D%3D&ratebypass=yes", "player_url": null, "ext": "webm", "height": 240, "format_note": "240p", "vcodec": "vp9", "asr": null, "filesize": 4337873, "fps": 30, "tbr": 182.369, "width": 426, "acodec": "none", "downloader_options": {"http_chunk_size": 10485760}, "format": "242 - 426x240 (240p)", "protocol": "https", "http_headers": {"User-Agent": "Mozilla/5.0 (Windows NT 10.0; Win64; x64) AppleWebKit/537.36 (KHTML, like Gecko) Chrome/72.0.3626.25 Safari/537.36", "Accept-Charset": "ISO-8859-1,utf-8;q=0.7,*;q=0.7", "Accept": "text/html,application/xhtml+xml,application/xml;q=0.9,*/*;q=0.8", "Accept-Encoding": "gzip, deflate", "Accept-Language": "en-us,en;q=0.5"}}, {"format_id": "134", "url": "https://r5---sn-5njj-u2xe.googlevideo.com/videoplayback?expire=1611764364&ei=LD4RYMj9DY_u4wLRpZKIDQ&ip=140.109.135.76&id=o-AFj4leja5cTydubZWKOEd-vOM1Y6MJB60z8J3Zu_zGh1&itag=134&aitags=133%2C134%2C135%2C136%2C137%2C160%2C242%2C243%2C244%2C247%2C248%2C278&source=youtube&requiressl=yes&mh=iT&mm=31%2C29&mn=sn-5njj-u2xe%2Csn-un57en7s&ms=au%2Crdu&mv=m&mvi=5&pl=16&initcwndbps=721250&vprv=1&mime=video%2Fmp4&ns=LWc24CoSfWrO65PehDbXINgF&gir=yes&clen=4519441&dur=246.179&lmt=1532143160324573&mt=1611742362&fvip=5&keepalive=yes&c=WEB&n=6-tw232Eev3Rp7vG9PGB&sparams=expire%2Cei%2Cip%2Cid%2Caitags%2Csource%2Crequiressl%2Cvprv%2Cmime%2Cns%2Cgir%2Cclen%2Cdur%2Clmt&sig=AOq0QJ8wRQIge4DQ9Bt4jJU1QZLRg8nz4KrZ8sa7-F8bQr0Noawpxc8CIQDBSDzb8sEOn0JtDOw7Ht82YFTzPK7HWa3tIFjtuY5vvA%3D%3D&lsparams=mh%2Cmm%2Cmn%2Cms%2Cmv%2Cmvi%2Cpl%2Cinitcwndbps&lsig=AG3C_xAwRQIgeJsAtZiVGowbbqlyRlDoOmy62t6DP17u4eAhgVmGPZYCIQDvm9Ju8bTYguKhsrROfcveymohpWKa1_2yimRErBQaWg%3D%3D&ratebypass=yes", "player_url": null, "ext": "mp4", "height": 360, "format_note": "360p", "vcodec": "avc1.4d401e", "asr": null, "filesize": 4519441, "fps": 30, "tbr": 221.643, "width": 640, "acodec": "none", "downloader_options": {"http_chunk_size": 10485760}, "format": "134 - 640x360 (360p)", "protocol": "https", "http_headers": {"User-Agent": "Mozilla/5.0 (Windows NT 10.0; Win64; x64) AppleWebKit/537.36 (KHTML, like Gecko) Chrome/72.0.3626.25 Safari/537.36", "Accept-Charset": "ISO-8859-1,utf-8;q=0.7,*;q=0.7", "Accept": "text/html,application/xhtml+xml,application/xml;q=0.9,*/*;q=0.8", "Accept-Encoding": "gzip, deflate", "Accept-Language": "en-us,en;q=0.5"}}, {"format_id": "243", "url": "https://r5---sn-5njj-u2xe.googlevideo.com/videoplayback?expire=1611764364&ei=LD4RYMj9DY_u4wLRpZKIDQ&ip=140.109.135.76&id=o-AFj4leja5cTydubZWKOEd-vOM1Y6MJB60z8J3Zu_zGh1&itag=243&aitags=133%2C134%2C135%2C136%2C137%2C160%2C242%2C243%2C244%2C247%2C248%2C278&source=youtube&requiressl=yes&mh=iT&mm=31%2C29&mn=sn-5njj-u2xe%2Csn-un57en7s&ms=au%2Crdu&mv=m&mvi=5&pl=16&initcwndbps=721250&vprv=1&mime=video%2Fwebm&ns=LWc24CoSfWrO65PehDbXINgF&gir=yes&clen=8168702&dur=246.146&lmt=1485355270036874&mt=1611742362&fvip=5&keepalive=yes&c=WEB&n=6-tw232Eev3Rp7vG9PGB&sparams=expire%2Cei%2Cip%2Cid%2Caitags%2Csource%2Crequiressl%2Cvprv%2Cmime%2Cns%2Cgir%2Cclen%2Cdur%2Clmt&sig=AOq0QJ8wRQIgPFuO4--zPSKE5c3cSPrtmRyWjU1ocFcxxa7hpCy24lICIQCHLw0QWAnme9IPApAFIzVkOCVms3uZEOwWsQvowyHBGQ%3D%3D&lsparams=mh%2Cmm%2Cmn%2Cms%2Cmv%2Cmvi%2Cpl%2Cinitcwndbps&lsig=AG3C_xAwRQIgeJsAtZiVGowbbqlyRlDoOmy62t6DP17u4eAhgVmGPZYCIQDvm9Ju8bTYguKhsrROfcveymohpWKa1_2yimRErBQaWg%3D%3D&ratebypass=yes", "player_url": null, "ext": "webm", "height": 360, "format_note": "360p", "vcodec": "vp9", "asr": null, "filesize": 8168702, "fps": 30, "tbr": 329.299, "width": 640, "acodec": "none", "downloader_options": {"http_chunk_size": 10485760}, "format": "243 - 640x360 (360p)", "protocol": "https", "http_headers": {"User-Agent": "Mozilla/5.0 (Windows NT 10.0; Win64; x64) AppleWebKit/537.36 (KHTML, like Gecko) Chrome/72.0.3626.25 Safari/537.36", "Accept-Charset": "ISO-8859-1,utf-8;q=0.7,*;q=0.7", "Accept": "text/html,application/xhtml+xml,application/xml;q=0.9,*/*;q=0.8", "Accept-Encoding": "gzip, deflate", "Accept-Language": "en-us,en;q=0.5"}}, {"format_id": "135", "url": "https://r5---sn-5njj-u2xe.googlevideo.com/videoplayback?expire=1611764364&ei=LD4RYMj9DY_u4wLRpZKIDQ&ip=140.109.135.76&id=o-AFj4leja5cTydubZWKOEd-vOM1Y6MJB60z8J3Zu_zGh1&itag=135&aitags=133%2C134%2C135%2C136%2C137%2C160%2C242%2C243%2C244%2C247%2C248%2C278&source=youtube&requiressl=yes&mh=iT&mm=31%2C29&mn=sn-5njj-u2xe%2Csn-un57en7s&ms=au%2Crdu&mv=m&mvi=5&pl=16&initcwndbps=721250&vprv=1&mime=video%2Fmp4&ns=LWc24CoSfWrO65PehDbXINgF&gir=yes&clen=8270961&dur=246.179&lmt=1532143160328409&mt=1611742362&fvip=5&keepalive=yes&c=WEB&n=6-tw232Eev3Rp7vG9PGB&sparams=expire%2Cei%2Cip%2Cid%2Caitags%2Csource%2Crequiressl%2Cvprv%2Cmime%2Cns%2Cgir%2Cclen%2Cdur%2Clmt&sig=AOq0QJ8wRQIgEdqckovN9HkqhJdiwB_1jOzsJ85JqDBIpXbpBjcq4-ICIQDMc90ToM-736MA8rYAKRDi2x0aItOXmcXSaZRZGHvoEA%3D%3D&lsparams=mh%2Cmm%2Cmn%2Cms%2Cmv%2Cmvi%2Cpl%2Cinitcwndbps&lsig=AG3C_xAwRQIgeJsAtZiVGowbbqlyRlDoOmy62t6DP17u4eAhgVmGPZYCIQDvm9Ju8bTYguKhsrROfcveymohpWKa1_2yimRErBQaWg%3D%3D&ratebypass=yes", "player_url": null, "ext": "mp4", "height": 480, "format_note": "480p", "vcodec": "avc1.4d401f", "asr": null, "filesize": 8270961, "fps": 30, "tbr": 499.567, "width": 854, "acodec": "none", "downloader_options": {"http_chunk_size": 10485760}, "format": "135 - 854x480 (480p)", "protocol": "https", "http_headers": {"User-Agent": "Mozilla/5.0 (Windows NT 10.0; Win64; x64) AppleWebKit/537.36 (KHTML, like Gecko) Chrome/72.0.3626.25 Safari/537.36", "Accept-Charset": "ISO-8859-1,utf-8;q=0.7,*;q=0.7", "Accept": "text/html,application/xhtml+xml,application/xml;q=0.9,*/*;q=0.8", "Accept-Encoding": "gzip, deflate", "Accept-Language": "en-us,en;q=0.5"}}, {"format_id": "244", "url": "https://r5---sn-5njj-u2xe.googlevideo.com/videoplayback?expire=1611764364&ei=LD4RYMj9DY_u4wLRpZKIDQ&ip=140.109.135.76&id=o-AFj4leja5cTydubZWKOEd-vOM1Y6MJB60z8J3Zu_zGh1&itag=244&aitags=133%2C134%2C135%2C136%2C137%2C160%2C242%2C243%2C244%2C247%2C248%2C278&source=youtube&requiressl=yes&mh=iT&mm=31%2C29&mn=sn-5njj-u2xe%2Csn-un57en7s&ms=au%2Crdu&mv=m&mvi=5&pl=16&initcwndbps=721250&vprv=1&mime=video%2Fwebm&ns=LWc24CoSfWrO65PehDbXINgF&gir=yes&clen=13630233&dur=246.146&lmt=1485355270245023&mt=1611742362&fvip=5&keepalive=yes&c=WEB&n=6-tw232Eev3Rp7vG9PGB&sparams=expire%2Cei%2Cip%2Cid%2Caitags%2Csource%2Crequiressl%2Cvprv%2Cmime%2Cns%2Cgir%2Cclen%2Cdur%2Clmt&sig=AOq0QJ8wRQIgNSFd3O-TDe7FcsnzdzZQrtw9KFfi5nhzH2-cWr9goM4CIQCWzg3nSxAID64TC0qiR17bKnD4x0wL7TC8wGb6gWzLNw%3D%3D&lsparams=mh%2Cmm%2Cmn%2Cms%2Cmv%2Cmvi%2Cpl%2Cinitcwndbps&lsig=AG3C_xAwRQIgeJsAtZiVGowbbqlyRlDoOmy62t6DP17u4eAhgVmGPZYCIQDvm9Ju8bTYguKhsrROfcveymohpWKa1_2yimRErBQaWg%3D%3D&ratebypass=yes", "player_url": null, "ext": "webm", "height": 480, "format_note": "480p", "vcodec": "vp9", "asr": null, "filesize": 13630233, "fps": 30, "tbr": 544.124, "width": 854, "acodec": "none", "downloader_options": {"http_chunk_size": 10485760}, "format": "244 - 854x480 (480p)", "protocol": "https", "http_headers": {"User-Agent": "Mozilla/5.0 (Windows NT 10.0; Win64; x64) AppleWebKit/537.36 (KHTML, like Gecko) Chrome/72.0.3626.25 Safari/537.36", "Accept-Charset": "ISO-8859-1,utf-8;q=0.7,*;q=0.7", "Accept": "text/html,application/xhtml+xml,application/xml;q=0.9,*/*;q=0.8", "Accept-Encoding": "gzip, deflate", "Accept-Language": "en-us,en;q=0.5"}}, {"format_id": "136", "url": "https://r5---sn-5njj-u2xe.googlevideo.com/videoplayback?expire=1611764364&ei=LD4RYMj9DY_u4wLRpZKIDQ&ip=140.109.135.76&id=o-AFj4leja5cTydubZWKOEd-vOM1Y6MJB60z8J3Zu_zGh1&itag=136&aitags=133%2C134%2C135%2C136%2C137%2C160%2C242%2C243%2C244%2C247%2C248%2C278&source=youtube&requiressl=yes&mh=iT&mm=31%2C29&mn=sn-5njj-u2xe%2Csn-un57en7s&ms=au%2Crdu&mv=m&mvi=5&pl=16&initcwndbps=721250&vprv=1&mime=video%2Fmp4&ns=LWc24CoSfWrO65PehDbXINgF&gir=yes&clen=14638902&dur=246.179&lmt=1532143160737475&mt=1611742362&fvip=5&keepalive=yes&c=WEB&n=6-tw232Eev3Rp7vG9PGB&sparams=expire%2Cei%2Cip%2Cid%2Caitags%2Csource%2Crequiressl%2Cvprv%2Cmime%2Cns%2Cgir%2Cclen%2Cdur%2Clmt&sig=AOq0QJ8wRAIgbkwZhNKA8W08PcX0zQdusDDN8BPybHhgdrJItitArGMCIATRk-Zdmw0nYanovrcusg5R3HeKpNQOJTuFLPCkKWhc&lsparams=mh%2Cmm%2Cmn%2Cms%2Cmv%2Cmvi%2Cpl%2Cinitcwndbps&lsig=AG3C_xAwRQIgeJsAtZiVGowbbqlyRlDoOmy62t6DP17u4eAhgVmGPZYCIQDvm9Ju8bTYguKhsrROfcveymohpWKa1_2yimRErBQaWg%3D%3D&ratebypass=yes", "player_url": null, "ext": "mp4", "height": 720, "format_note": "720p", "vcodec": "avc1.4d401f", "asr": null, "filesize": 14638902, "fps": 30, "tbr": 1036.672, "width": 1280, "acodec": "none", "downloader_options": {"http_chunk_size": 10485760}, "format": "136 - 1280x720 (720p)", "protocol": "https", "http_headers": {"User-Agent": "Mozilla/5.0 (Windows NT 10.0; Win64; x64) AppleWebKit/537.36 (KHTML, like Gecko) Chrome/72.0.3626.25 Safari/537.36", "Accept-Charset": "ISO-8859-1,utf-8;q=0.7,*;q=0.7", "Accept": "text/html,application/xhtml+xml,application/xml;q=0.9,*/*;q=0.8", "Accept-Encoding": "gzip, deflate", "Accept-Language": "en-us,en;q=0.5"}}, {"format_id": "247", "url": "https://r5---sn-5njj-u2xe.googlevideo.com/videoplayback?expire=1611764364&ei=LD4RYMj9DY_u4wLRpZKIDQ&ip=140.109.135.76&id=o-AFj4leja5cTydubZWKOEd-vOM1Y6MJB60z8J3Zu_zGh1&itag=247&aitags=133%2C134%2C135%2C136%2C137%2C160%2C242%2C243%2C244%2C247%2C248%2C278&source=youtube&requiressl=yes&mh=iT&mm=31%2C29&mn=sn-5njj-u2xe%2Csn-un57en7s&ms=au%2Crdu&mv=m&mvi=5&pl=16&initcwndbps=721250&vprv=1&mime=video%2Fwebm&ns=LWc24CoSfWrO65PehDbXINgF&gir=yes&clen=29002270&dur=246.146&lmt=1485355274736705&mt=1611742362&fvip=5&keepalive=yes&c=WEB&n=6-tw232Eev3Rp7vG9PGB&sparams=expire%2Cei%2Cip%2Cid%2Caitags%2Csource%2Crequiressl%2Cvprv%2Cmime%2Cns%2Cgir%2Cclen%2Cdur%2Clmt&sig=AOq0QJ8wRQIhAKnNQIrgtJMOzKOcjXKDxm7FBx0d2maAuH6nXB25nsOLAiAQNzPHxipxaUgR7Pm5Z8jHEw-vqaQhRZAmu3C0jLWZkw%3D%3D&lsparams=mh%2Cmm%2Cmn%2Cms%2Cmv%2Cmvi%2Cpl%2Cinitcwndbps&lsig=AG3C_xAwRQIgeJsAtZiVGowbbqlyRlDoOmy62t6DP17u4eAhgVmGPZYCIQDvm9Ju8bTYguKhsrROfcveymohpWKa1_2yimRErBQaWg%3D%3D&ratebypass=yes", "player_url": null, "ext": "webm", "height": 720, "format_note": "720p", "vcodec": "vp9", "asr": null, "filesize": 29002270, "fps": 30, "tbr": 1133.62, "width": 1280, "acodec": "none", "downloader_options": {"http_chunk_size": 10485760}, "format": "247 - 1280x720 (720p)", "protocol": "https", "http_headers": {"User-Agent": "Mozilla/5.0 (Windows NT 10.0; Win64; x64) AppleWebKit/537.36 (KHTML, like Gecko) Chrome/72.0.3626.25 Safari/537.36", "Accept-Charset": "ISO-8859-1,utf-8;q=0.7,*;q=0.7", "Accept": "text/html,application/xhtml+xml,application/xml;q=0.9,*/*;q=0.8", "Accept-Encoding": "gzip, deflate", "Accept-Language": "en-us,en;q=0.5"}}, {"format_id": "137", "url": "https://r5---sn-5njj-u2xe.googlevideo.com/videoplayback?expire=1611764364&ei=LD4RYMj9DY_u4wLRpZKIDQ&ip=140.109.135.76&id=o-AFj4leja5cTydubZWKOEd-vOM1Y6MJB60z8J3Zu_zGh1&itag=137&aitags=133%2C134%2C135%2C136%2C137%2C160%2C242%2C243%2C244%2C247%2C248%2C278&source=youtube&requiressl=yes&mh=iT&mm=31%2C29&mn=sn-5njj-u2xe%2Csn-un57en7s&ms=au%2Crdu&mv=m&mvi=5&pl=16&initcwndbps=721250&vprv=1&mime=video%2Fmp4&ns=LWc24CoSfWrO65PehDbXINgF&gir=yes&clen=26051754&dur=246.179&lmt=1532143094193638&mt=1611742362&fvip=5&keepalive=yes&c=WEB&n=6-tw232Eev3Rp7vG9PGB&sparams=expire%2Cei%2Cip%2Cid%2Caitags%2Csource%2Crequiressl%2Cvprv%2Cmime%2Cns%2Cgir%2Cclen%2Cdur%2Clmt&sig=AOq0QJ8wRAIgW1YE3QJdAWLOKUMEUKyqQ6Tp1MEiidxmlPq3fFahBJICIH-VhuDOXZrP7kiNM_49bpxE-RAg7_0yyn-1riXUZpi9&lsparams=mh%2Cmm%2Cmn%2Cms%2Cmv%2Cmvi%2Cpl%2Cinitcwndbps&lsig=AG3C_xAwRQIgeJsAtZiVGowbbqlyRlDoOmy62t6DP17u4eAhgVmGPZYCIQDvm9Ju8bTYguKhsrROfcveymohpWKa1_2yimRErBQaWg%3D%3D&ratebypass=yes", "player_url": null, "ext": "mp4", "height": 1080, "format_note": "1080p", "vcodec": "avc1.640028", "asr": null, "filesize": 26051754, "fps": 30, "tbr": 2051.367, "width": 1920, "acodec": "none", "downloader_options": {"http_chunk_size": 10485760}, "format": "137 - 1920x1080 (1080p)", "protocol": "https", "http_headers": {"User-Agent": "Mozilla/5.0 (Windows NT 10.0; Win64; x64) AppleWebKit/537.36 (KHTML, like Gecko) Chrome/72.0.3626.25 Safari/537.36", "Accept-Charset": "ISO-8859-1,utf-8;q=0.7,*;q=0.7", "Accept": "text/html,application/xhtml+xml,application/xml;q=0.9,*/*;q=0.8", "Accept-Encoding": "gzip, deflate", "Accept-Language": "en-us,en;q=0.5"}}, {"format_id": "248", "url": "https://r5---sn-5njj-u2xe.googlevideo.com/videoplayback?expire=1611764364&ei=LD4RYMj9DY_u4wLRpZKIDQ&ip=140.109.135.76&id=o-AFj4leja5cTydubZWKOEd-vOM1Y6MJB60z8J3Zu_zGh1&itag=248&aitags=133%2C134%2C135%2C136%2C137%2C160%2C242%2C243%2C244%2C247%2C248%2C278&source=youtube&requiressl=yes&mh=iT&mm=31%2C29&mn=sn-5njj-u2xe%2Csn-un57en7s&ms=au%2Crdu&mv=m&mvi=5&pl=16&initcwndbps=721250&vprv=1&mime=video%2Fwebm&ns=LWc24CoSfWrO65PehDbXINgF&gir=yes&clen=65966431&dur=246.146&lmt=1485354859152414&mt=1611742362&fvip=5&keepalive=yes&c=WEB&n=6-tw232Eev3Rp7vG9PGB&sparams=expire%2Cei%2Cip%2Cid%2Caitags%2Csource%2Crequiressl%2Cvprv%2Cmime%2Cns%2Cgir%2Cclen%2Cdur%2Clmt&sig=AOq0QJ8wRAIgDBraEfNS2Jb9_FHk9T3CYVZlCQ_T0Ye6TRcVFwQNgScCIAapDn0Rh_Enj0tI9RI7L4sZ-Gs-D0bkkcK_TkBqZikx&lsparams=mh%2Cmm%2Cmn%2Cms%2Cmv%2Cmvi%2Cpl%2Cinitcwndbps&lsig=AG3C_xAwRQIgeJsAtZiVGowbbqlyRlDoOmy62t6DP17u4eAhgVmGPZYCIQDvm9Ju8bTYguKhsrROfcveymohpWKa1_2yimRErBQaWg%3D%3D&ratebypass=yes", "player_url": null, "ext": "webm", "height": 1080, "format_note": "1080p", "vcodec": "vp9", "asr": null, "filesize": 65966431, "fps": 30, "tbr": 2434.52, "width": 1920, "acodec": "none", "downloader_options": {"http_chunk_size": 10485760}, "format": "248 - 1920x1080 (1080p)", "protocol": "https", "http_headers": {"User-Agent": "Mozilla/5.0 (Windows NT 10.0; Win64; x64) AppleWebKit/537.36 (KHTML, like Gecko) Chrome/72.0.3626.25 Safari/537.36", "Accept-Charset": "ISO-8859-1,utf-8;q=0.7,*;q=0.7", "Accept": "text/html,application/xhtml+xml,application/xml;q=0.9,*/*;q=0.8", "Accept-Encoding": "gzip, deflate", "Accept-Language": "en-us,en;q=0.5"}}, {"format_id": "18", "url": "https://r5---sn-5njj-u2xe.googlevideo.com/videoplayback?expire=1611764364&ei=LD4RYMj9DY_u4wLRpZKIDQ&ip=140.109.135.76&id=o-AFj4leja5cTydubZWKOEd-vOM1Y6MJB60z8J3Zu_zGh1&itag=18&source=youtube&requiressl=yes&mh=iT&mm=31%2C29&mn=sn-5njj-u2xe%2Csn-un57en7s&ms=au%2Crdu&mv=m&mvi=5&pl=16&initcwndbps=721250&vprv=1&mime=video%2Fmp4&ns=TLv137ssaJ6i0nAd6kXiA68F&gir=yes&clen=12612271&ratebypass=yes&dur=246.247&lmt=1485501725463606&mt=1611742362&fvip=5&c=WEB&n=SGq9aIFePqD2agE6KcYO&sparams=expire%2Cei%2Cip%2Cid%2Citag%2Csource%2Crequiressl%2Cvprv%2Cmime%2Cns%2Cgir%2Cclen%2Cratebypass%2Cdur%2Clmt&sig=AOq0QJ8wRQIgcpdkCO3int_lG0xk9OLAXGrn6jtM389YOAuZDpuVnqgCIQDPy-no84oAhS6E1G-wO-QWRzTTmvfJyeecE49ZaAeBug%3D%3D&lsparams=mh%2Cmm%2Cmn%2Cms%2Cmv%2Cmvi%2Cpl%2Cinitcwndbps&lsig=AG3C_xAwRQIgeJsAtZiVGowbbqlyRlDoOmy62t6DP17u4eAhgVmGPZYCIQDvm9Ju8bTYguKhsrROfcveymohpWKa1_2yimRErBQaWg%3D%3D", "player_url": null, "ext": "mp4", "width": 640, "height": 360, "acodec": "mp4a.40.2", "abr": 96, "vcodec": "avc1.42001E", "asr": 44100, "filesize": 12612271, "format_note": "360p", "fps": 30, "tbr": 409.856, "format": "18 - 640x360 (360p)", "protocol": "https", "http_headers": {"User-Agent": "Mozilla/5.0 (Windows NT 10.0; Win64; x64) AppleWebKit/537.36 (KHTML, like Gecko) Chrome/72.0.3626.25 Safari/537.36", "Accept-Charset": "ISO-8859-1,utf-8;q=0.7,*;q=0.7", "Accept": "text/html,application/xhtml+xml,application/xml;q=0.9,*/*;q=0.8", "Accept-Encoding": "gzip, deflate", "Accept-Language": "en-us,en;q=0.5"}}], "is_live": null, "start_time": null, "end_time": null, "series": null, "season_number": null, "episode_number": null, "track": null, "artist": null, "album": null, "release_date": null, "release_year": null, "extractor": "youtube", "webpage_url_basename": "watch", "extractor_key": "Youtube", "playlist": null, "playlist_index": null, "thumbnail": "https://i.ytimg.com/vi_webp/BxibZmbGxTk/maxresdefault.webp", "display_id": "BxibZmbGxTk", "requested_subtitles": null, "format_id": "251", "url": "https://r5---sn-5njj-u2xe.googlevideo.com/videoplayback?expire=1611764364&ei=LD4RYMj9DY_u4wLRpZKIDQ&ip=140.109.135.76&id=o-AFj4leja5cTydubZWKOEd-vOM1Y6MJB60z8J3Zu_zGh1&itag=251&source=youtube&requiressl=yes&mh=iT&mm=31%2C29&mn=sn-5njj-u2xe%2Csn-un57en7s&ms=au%2Crdu&mv=m&mvi=5&pl=16&initcwndbps=721250&vprv=1&mime=audio%2Fwebm&ns=LWc24CoSfWrO65PehDbXINgF&gir=yes&clen=4329821&dur=246.181&lmt=1485354487253039&mt=1611742362&fvip=5&keepalive=yes&c=WEB&n=6-tw232Eev3Rp7vG9PGB&sparams=expire%2Cei%2Cip%2Cid%2Citag%2Csource%2Crequiressl%2Cvprv%2Cmime%2Cns%2Cgir%2Cclen%2Cdur%2Clmt&sig=AOq0QJ8wRAIgKJE2tN3ZGUhZyD5W1gjegQReg0gQ9nefQZNoGNS3k4ICICkCMshIYQtid94i4iMAul4EiDNAH5Mnr4YPyfB9aaMD&lsparams=mh%2Cmm%2Cmn%2Cms%2Cmv%2Cmvi%2Cpl%2Cinitcwndbps&lsig=AG3C_xAwRQIgeJsAtZiVGowbbqlyRlDoOmy62t6DP17u4eAhgVmGPZYCIQDvm9Ju8bTYguKhsrROfcveymohpWKa1_2yimRErBQaWg%3D%3D&ratebypass=yes", "player_url": null, "ext": "webm", "format_note": "tiny", "acodec": "opus", "abr": 160, "asr": 48000, "filesize": 4329821, "fps": null, "height": null, "tbr": 159.434, "width": null, "vcodec": "none", "downloader_options": {"http_chunk_size": 10485760}, "format": "251 - audio only (tiny)", "protocol": "https", "http_headers": {"User-Agent": "Mozilla/5.0 (Windows NT 10.0; Win64; x64) AppleWebKit/537.36 (KHTML, like Gecko) Chrome/72.0.3626.25 Safari/537.36", "Accept-Charset": "ISO-8859-1,utf-8;q=0.7,*;q=0.7", "Accept": "text/html,application/xhtml+xml,application/xml;q=0.9,*/*;q=0.8", "Accept-Encoding": "gzip, deflate", "Accept-Language": "en-us,en;q=0.5"}}