{"id": "cFWdWpyvwag", "uploader": "Laurie Th\u00e9berge", "uploader_id": "UCS_eQYb7OAZJ_MOcdlKVg1w", "uploader_url": "http://www.youtube.com/channel/UCS_eQYb7OAZJ_MOcdlKVg1w", "channel_id": "UCS_eQYb7OAZJ_MOcdlKVg1w", "channel_url": "http://www.youtube.com/channel/UCS_eQYb7OAZJ_MOcdlKVg1w", "upload_date": "20201122", "license": null, "creator": null, "title": "The Queen's Gambit - Ceiling Games (Piano Cover)", "alt_title": null, "thumbnails": [{"url": "https://i.ytimg.com/vi/cFWdWpyvwag/hqdefault.jpg?sqp=-oaymwEYCKgBEF5IVfKriqkDCwgBFQAAiEIYAXAB&rs=AOn4CLCfMBkmcLuT-EbnTqWyB5TLp3FgfQ", "width": 168, "height": 94, "resolution": "168x94", "id": "0"}, {"url": "https://i.ytimg.com/vi/cFWdWpyvwag/hqdefault.jpg?sqp=-oaymwEYCMQBEG5IVfKriqkDCwgBFQAAiEIYAXAB&rs=AOn4CLAOhOk6o2mrlfFn0zJ7M1nV46lnDA", "width": 196, "height": 110, "resolution": "196x110", "id": "1"}, {"url": "https://i.ytimg.com/vi/cFWdWpyvwag/hqdefault.jpg?sqp=-oaymwEZCPYBEIoBSFXyq4qpAwsIARUAAIhCGAFwAQ==&rs=AOn4CLDasWcxOau6YsWioldkpmh8koYhEA", "width": 246, "height": 138, "resolution": "246x138", "id": "2"}, {"url": "https://i.ytimg.com/vi/cFWdWpyvwag/hqdefault.jpg?sqp=-oaymwEZCNACELwBSFXyq4qpAwsIARUAAIhCGAFwAQ==&rs=AOn4CLBkh_qMtAJWDUqjvaVjodilUg6Hgw", "width": 336, "height": 188, "resolution": "336x188", "id": "3"}, {"url": "https://i.ytimg.com/vi_webp/cFWdWpyvwag/maxresdefault.webp", "width": 1920, "height": 1080, "resolution": "1920x1080", "id": "4"}], "description": "What a series! So good. If you haven't watched it yet you should. I went through it in two days and I can't wait to watch it again. Everything, the story, the actors, the sets, the chess games and the music of course. Everything was amazing! There are so many great pieces of music from the soundtrack that I want to do a piano arrangement of all of them. Please let me know which ones are your favorites! I loved the concept of the chess board on the ceiling so I decided to start with that one. I hope you like it!\nI play everything by ear so no sheets.\nThanks a lot for watching.", "categories": ["Music"], "tags": null, "subtitles": {}, "automatic_captions": {}, "duration": 120, "age_limit": 0, "annotations": null, "chapters": null, "webpage_url": "https://www.youtube.com/watch?v=cFWdWpyvwag", "view_count": 3000, "like_count": 143, "dislike_count": null, "average_rating": 5.0, "formats": [{"ext": "m4a", "format_note": "DASH audio", "acodec": "mp4a.40.5", "abr": 48, "container": "m4a_dash", "format_id": "139", "manifest_url": "https://manifest.googlevideo.com/api/manifest/dash/expire/1608485380/ei/pDXfX8TwEYvFrQTn14HYCQ/ip/140.109.135.76/id/70559d5a9cafc1a8/source/youtube/requiressl/yes/playback_host/r5---sn-5njj-u2xe.googlevideo.com/mh/cI/mm/31%2C29/mn/sn-5njj-u2xe%2Csn-un57sn7z/ms/au%2Crdu/mv/m/mvi/5/pl/16/hfr/all/as/fmp4_audio_clear%2Cwebm_audio_clear%2Cwebm2_audio_clear%2Cfmp4_sd_hd_clear%2Cwebm2_sd_hd_clear/initcwndbps/395000/vprv/1/mt/1608463244/fvip/5/keepalive/yes/itag/0/sparams/expire%2Cei%2Cip%2Cid%2Csource%2Crequiressl%2Chfr%2Cas%2Cvprv%2Citag/sig/AOq0QJ8wRgIhAPzEDMWNCRjapLRDgH_Ln9iEe9uFvCIRbsB-y-NlQbaaAiEAxOFrMolnRtNjYRLInxROtXRWYYYNaLeDHKjBk64yK8w%3D/lsparams/playback_host%2Cmh%2Cmm%2Cmn%2Cms%2Cmv%2Cmvi%2Cpl%2Cinitcwndbps/lsig/AG3C_xAwRgIhANFV5fYFTh1hwRXfdtxK4yjNij-KYlaXzK0D9Arii9jXAiEAtad_pa2FDsKu_gH3F5mlwOLhb7FmUqdqocSjw_ly3l8%3D", "width": null, "height": null, "tbr": 49.773, "asr": 22050, "fps": null, "language": null, "filesize": null, "vcodec": "none", "url": "https://manifest.googlevideo.com/api/manifest/dash/expire/1608485380/ei/pDXfX8TwEYvFrQTn14HYCQ/ip/140.109.135.76/id/70559d5a9cafc1a8/source/youtube/requiressl/yes/playback_host/r5---sn-5njj-u2xe.googlevideo.com/mh/cI/mm/31%2C29/mn/sn-5njj-u2xe%2Csn-un57sn7z/ms/au%2Crdu/mv/m/mvi/5/pl/16/hfr/all/as/fmp4_audio_clear%2Cwebm_audio_clear%2Cwebm2_audio_clear%2Cfmp4_sd_hd_clear%2Cwebm2_sd_hd_clear/initcwndbps/395000/vprv/1/mt/1608463244/fvip/5/keepalive/yes/itag/0/sparams/expire%2Cei%2Cip%2Cid%2Csource%2Crequiressl%2Chfr%2Cas%2Cvprv%2Citag/sig/AOq0QJ8wRgIhAPzEDMWNCRjapLRDgH_Ln9iEe9uFvCIRbsB-y-NlQbaaAiEAxOFrMolnRtNjYRLInxROtXRWYYYNaLeDHKjBk64yK8w%3D/lsparams/playback_host%2Cmh%2Cmm%2Cmn%2Cms%2Cmv%2Cmvi%2Cpl%2Cinitcwndbps/lsig/AG3C_xAwRgIhANFV5fYFTh1hwRXfdtxK4yjNij-KYlaXzK0D9Arii9jXAiEAtad_pa2FDsKu_gH3F5mlwOLhb7FmUqdqocSjw_ly3l8%3D", "fragment_base_url": "https://r5---sn-5njj-u2xe.googlevideo.com/videoplayback/expire/1608485380/ei/pDXfX8TwEYvFrQTn14HYCQ/ip/140.109.135.76/id/70559d5a9cafc1a8/itag/139/source/youtube/requiressl/yes/mh/cI/mm/31,29/mn/sn-5njj-u2xe,sn-un57sn7z/ms/au,rdu/mv/m/mvi/5/pl/16/initcwndbps/395000/vprv/1/ratebypass/yes/mime/audio%2Fmp4/otfp/1/gir/yes/clen/730717/lmt/1606088061951806/dur/119.629/mt/1608463244/fvip/5/keepalive/yes/sparams/expire,ei,ip,id,itag,source,requiressl,vprv,ratebypass,mime,otfp,gir,clen,lmt,dur/sig/AOq0QJ8wRgIhAL62iDwOHf7m_SI-A-iOnTY_k0_eV1esMJhINEQBh5LyAiEApIIsabrP92a2HVB7xvHAxnl-6zobJcJm23dXr7KKcQk%3D/lsparams/mh,mm,mn,ms,mv,mvi,pl,initcwndbps/lsig/AG3C_xAwRQIhAM5e-CYn7CE4oUrYM8bAq5ncDaCV2T3DHRgS61o3EqCAAiAwm6KRSJmMosiAj39Drt-RVtzLGdeW1QFy7pLio3NWaA%3D%3D/", "fragments": [{"path": "range/0-640"}, {"path": "range/817-62122", "duration": 9.985}, {"path": "range/62123-123103", "duration": 9.984}, {"path": "range/123104-183925", "duration": 9.985}, {"path": "range/183926-244710", "duration": 9.984}, {"path": "range/244711-305731", "duration": 9.985}, {"path": "range/305732-366518", "duration": 9.984}, {"path": "range/366519-427408", "duration": 9.985}, {"path": "range/427409-488315", "duration": 9.985}, {"path": "range/488316-549090", "duration": 9.984}, {"path": "range/549091-610079", "duration": 9.985}, {"path": "range/610080-670805", "duration": 9.984}, {"path": "range/670806-730716", "duration": 9.799}], "protocol": "http_dash_segments", "format": "139 - audio only (DASH audio)", "http_headers": {"User-Agent": "Mozilla/5.0 (Windows NT 10.0; Win64; x64) AppleWebKit/537.36 (KHTML, like Gecko) Chrome/70.0.3538.31 Safari/537.36", "Accept-Charset": "ISO-8859-1,utf-8;q=0.7,*;q=0.7", "Accept": "text/html,application/xhtml+xml,application/xml;q=0.9,*/*;q=0.8", "Accept-Encoding": "gzip, deflate", "Accept-Language": "en-us,en;q=0.5"}}, {"ext": "m4a", "format_note": "DASH audio", "acodec": "mp4a.40.2", "abr": 128, "container": "m4a_dash", "format_id": "140", "manifest_url": "https://manifest.googlevideo.com/api/manifest/dash/expire/1608485380/ei/pDXfX8TwEYvFrQTn14HYCQ/ip/140.109.135.76/id/70559d5a9cafc1a8/source/youtube/requiressl/yes/playback_host/r5---sn-5njj-u2xe.googlevideo.com/mh/cI/mm/31%2C29/mn/sn-5njj-u2xe%2Csn-un57sn7z/ms/au%2Crdu/mv/m/mvi/5/pl/16/hfr/all/as/fmp4_audio_clear%2Cwebm_audio_clear%2Cwebm2_audio_clear%2Cfmp4_sd_hd_clear%2Cwebm2_sd_hd_clear/initcwndbps/395000/vprv/1/mt/1608463244/fvip/5/keepalive/yes/itag/0/sparams/expire%2Cei%2Cip%2Cid%2Csource%2Crequiressl%2Chfr%2Cas%2Cvprv%2Citag/sig/AOq0QJ8wRgIhAPzEDMWNCRjapLRDgH_Ln9iEe9uFvCIRbsB-y-NlQbaaAiEAxOFrMolnRtNjYRLInxROtXRWYYYNaLeDHKjBk64yK8w%3D/lsparams/playback_host%2Cmh%2Cmm%2Cmn%2Cms%2Cmv%2Cmvi%2Cpl%2Cinitcwndbps/lsig/AG3C_xAwRgIhANFV5fYFTh1hwRXfdtxK4yjNij-KYlaXzK0D9Arii9jXAiEAtad_pa2FDsKu_gH3F5mlwOLhb7FmUqdqocSjw_ly3l8%3D", "width": null, "height": null, "tbr": 130.315, "asr": 44100, "fps": null, "language": null, "filesize": null, "vcodec": "none", "url": "https://manifest.googlevideo.com/api/manifest/dash/expire/1608485380/ei/pDXfX8TwEYvFrQTn14HYCQ/ip/140.109.135.76/id/70559d5a9cafc1a8/source/youtube/requiressl/yes/playback_host/r5---sn-5njj-u2xe.googlevideo.com/mh/cI/mm/31%2C29/mn/sn-5njj-u2xe%2Csn-un57sn7z/ms/au%2Crdu/mv/m/mvi/5/pl/16/hfr/all/as/fmp4_audio_clear%2Cwebm_audio_clear%2Cwebm2_audio_clear%2Cfmp4_sd_hd_clear%2Cwebm2_sd_hd_clear/initcwndbps/395000/vprv/1/mt/1608463244/fvip/5/keepalive/yes/itag/0/sparams/expire%2Cei%2Cip%2Cid%2Csource%2Crequiressl%2Chfr%2Cas%2Cvprv%2Citag/sig/AOq0QJ8wRgIhAPzEDMWNCRjapLRDgH_Ln9iEe9uFvCIRbsB-y-NlQbaaAiEAxOFrMolnRtNjYRLInxROtXRWYYYNaLeDHKjBk64yK8w%3D/lsparams/playback_host%2Cmh%2Cmm%2Cmn%2Cms%2Cmv%2Cmvi%2Cpl%2Cinitcwndbps/lsig/AG3C_xAwRgIhANFV5fYFTh1hwRXfdtxK4yjNij-KYlaXzK0D9Arii9jXAiEAtad_pa2FDsKu_gH3F5mlwOLhb7FmUqdqocSjw_ly3l8%3D", "fragment_base_url": "https://r5---sn-5njj-u2xe.googlevideo.com/videoplayback/expire/1608485380/ei/pDXfX8TwEYvFrQTn14HYCQ/ip/140.109.135.76/id/70559d5a9cafc1a8/itag/140/source/youtube/requiressl/yes/mh/cI/mm/31,29/mn/sn-5njj-u2xe,sn-un57sn7z/ms/au,rdu/mv/m/mvi/5/pl/16/initcwndbps/395000/vprv/1/ratebypass/yes/mime/audio%2Fmp4/otfp/1/gir/yes/clen/1936027/lmt/1606088061960777/dur/119.582/mt/1608463244/fvip/5/keepalive/yes/sparams/expire,ei,ip,id,itag,source,requiressl,vprv,ratebypass,mime,otfp,gir,clen,lmt,dur/sig/AOq0QJ8wRQIgOeTrFvfglVND9EmNMjaO1tmmtyqcKNMOcSWpmZfH6aACIQDhbVQC4UHroBIU-dl9apTN-mXNrogDXLwGKsGm9gntSA%3D%3D/lsparams/mh,mm,mn,ms,mv,mvi,pl,initcwndbps/lsig/AG3C_xAwRQIhAN5ZRub26u0a2wUTWeHJ3KeoYUaqXFiq2lOx_uCNZNKeAiAZWYYXVevnHE7AL7uCDKyU2xwnDBTTrFb8_VKkcPmPTg%3D%3D/", "fragments": [{"path": "range/0-631"}, {"path": "range/808-162649", "duration": 9.985}, {"path": "range/162650-324331", "duration": 9.984}, {"path": "range/324332-485874", "duration": 9.985}, {"path": "range/485875-647431", "duration": 9.984}, {"path": "range/647432-809033", "duration": 9.985}, {"path": "range/809034-970625", "duration": 9.984}, {"path": "range/970626-1132212", "duration": 9.985}, {"path": "range/1132213-1293803", "duration": 9.985}, {"path": "range/1293804-1455305", "duration": 9.984}, {"path": "range/1455306-1616846", "duration": 9.985}, {"path": "range/1616847-1778451", "duration": 9.984}, {"path": "range/1778452-1936026", "duration": 9.799}], "protocol": "http_dash_segments", "format": "140 - audio only (DASH audio)", "http_headers": {"User-Agent": "Mozilla/5.0 (Windows NT 10.0; Win64; x64) AppleWebKit/537.36 (KHTML, like Gecko) Chrome/70.0.3538.31 Safari/537.36", "Accept-Charset": "ISO-8859-1,utf-8;q=0.7,*;q=0.7", "Accept": "text/html,application/xhtml+xml,application/xml;q=0.9,*/*;q=0.8", "Accept-Encoding": "gzip, deflate", "Accept-Language": "en-us,en;q=0.5"}}, {"ext": "webm", "format_note": "DASH audio", "acodec": "opus", "abr": 160, "format_id": "251", "manifest_url": "https://manifest.googlevideo.com/api/manifest/dash/expire/1608485380/ei/pDXfX8TwEYvFrQTn14HYCQ/ip/140.109.135.76/id/70559d5a9cafc1a8/source/youtube/requiressl/yes/playback_host/r5---sn-5njj-u2xe.googlevideo.com/mh/cI/mm/31%2C29/mn/sn-5njj-u2xe%2Csn-un57sn7z/ms/au%2Crdu/mv/m/mvi/5/pl/16/hfr/all/as/fmp4_audio_clear%2Cwebm_audio_clear%2Cwebm2_audio_clear%2Cfmp4_sd_hd_clear%2Cwebm2_sd_hd_clear/initcwndbps/395000/vprv/1/mt/1608463244/fvip/5/keepalive/yes/itag/0/sparams/expire%2Cei%2Cip%2Cid%2Csource%2Crequiressl%2Chfr%2Cas%2Cvprv%2Citag/sig/AOq0QJ8wRgIhAPzEDMWNCRjapLRDgH_Ln9iEe9uFvCIRbsB-y-NlQbaaAiEAxOFrMolnRtNjYRLInxROtXRWYYYNaLeDHKjBk64yK8w%3D/lsparams/playback_host%2Cmh%2Cmm%2Cmn%2Cms%2Cmv%2Cmvi%2Cpl%2Cinitcwndbps/lsig/AG3C_xAwRgIhANFV5fYFTh1hwRXfdtxK4yjNij-KYlaXzK0D9Arii9jXAiEAtad_pa2FDsKu_gH3F5mlwOLhb7FmUqdqocSjw_ly3l8%3D", "width": null, "height": null, "tbr": 159.148, "asr": 48000, "fps": null, "language": null, "filesize": null, "container": "webm_dash", "vcodec": "none", "url": "https://manifest.googlevideo.com/api/manifest/dash/expire/1608485380/ei/pDXfX8TwEYvFrQTn14HYCQ/ip/140.109.135.76/id/70559d5a9cafc1a8/source/youtube/requiressl/yes/playback_host/r5---sn-5njj-u2xe.googlevideo.com/mh/cI/mm/31%2C29/mn/sn-5njj-u2xe%2Csn-un57sn7z/ms/au%2Crdu/mv/m/mvi/5/pl/16/hfr/all/as/fmp4_audio_clear%2Cwebm_audio_clear%2Cwebm2_audio_clear%2Cfmp4_sd_hd_clear%2Cwebm2_sd_hd_clear/initcwndbps/395000/vprv/1/mt/1608463244/fvip/5/keepalive/yes/itag/0/sparams/expire%2Cei%2Cip%2Cid%2Csource%2Crequiressl%2Chfr%2Cas%2Cvprv%2Citag/sig/AOq0QJ8wRgIhAPzEDMWNCRjapLRDgH_Ln9iEe9uFvCIRbsB-y-NlQbaaAiEAxOFrMolnRtNjYRLInxROtXRWYYYNaLeDHKjBk64yK8w%3D/lsparams/playback_host%2Cmh%2Cmm%2Cmn%2Cms%2Cmv%2Cmvi%2Cpl%2Cinitcwndbps/lsig/AG3C_xAwRgIhANFV5fYFTh1hwRXfdtxK4yjNij-KYlaXzK0D9Arii9jXAiEAtad_pa2FDsKu_gH3F5mlwOLhb7FmUqdqocSjw_ly3l8%3D", "fragment_base_url": "https://r5---sn-5njj-u2xe.googlevideo.com/videoplayback/expire/1608485380/ei/pDXfX8TwEYvFrQTn14HYCQ/ip/140.109.135.76/id/70559d5a9cafc1a8/itag/251/source/youtube/requiressl/yes/mh/cI/mm/31,29/mn/sn-5njj-u2xe,sn-un57sn7z/ms/au,rdu/mv/m/mvi/5/pl/16/initcwndbps/395000/vprv/1/ratebypass/yes/mime/audio%2Fwebm/otfp/1/gir/yes/clen/2239718/lmt/1606088060254433/dur/119.541/mt/1608463244/fvip/5/keepalive/yes/sparams/expire,ei,ip,id,itag,source,requiressl,vprv,ratebypass,mime,otfp,gir,clen,lmt,dur/sig/AOq0QJ8wRQIgBizBPPEb4WfWD3liqoWJhT-O_zyWH0yBvOJ-bKAyoeMCIQDe958syFih74CTdLW4rsdnK9JdwdvtoqL5xewtnu49tQ%3D%3D/lsparams/mh,mm,mn,ms,mv,mvi,pl,initcwndbps/lsig/AG3C_xAwRAIgGG6Dw1SDUceI86wuW16A5_h-puTY-gDfvvvowAnrdGICIAOHW5vWsoTfQtE6KgyJ8cC6ufj8ihySSXDMDD_j9-Ru/", "fragments": [{"path": "range/0-258"}, {"path": "range/460-174665", "duration": 10.001}, {"path": "range/174666-366770", "duration": 10.0}, {"path": "range/366771-565706", "duration": 10.0}, {"path": "range/565707-755636", "duration": 10.0}, {"path": "range/755637-949422", "duration": 10.0}, {"path": "range/949423-1138153", "duration": 10.0}, {"path": "range/1138154-1329596", "duration": 10.0}, {"path": "range/1329597-1522504", "duration": 10.0}, {"path": "range/1522505-1713530", "duration": 10.0}, {"path": "range/1713531-1898511", "duration": 10.0}, {"path": "range/1898512-2079208", "duration": 10.0}, {"path": "range/2079209-2239717", "duration": 9.54}], "protocol": "http_dash_segments", "format": "251 - audio only (DASH audio)", "http_headers": {"User-Agent": "Mozilla/5.0 (Windows NT 10.0; Win64; x64) AppleWebKit/537.36 (KHTML, like Gecko) Chrome/70.0.3538.31 Safari/537.36", "Accept-Charset": "ISO-8859-1,utf-8;q=0.7,*;q=0.7", "Accept": "text/html,application/xhtml+xml,application/xml;q=0.9,*/*;q=0.8", "Accept-Encoding": "gzip, deflate", "Accept-Language": "en-us,en;q=0.5"}}, {"ext": "webm", "height": 144, "format_note": "DASH video", "container": "webm_dash", "vcodec": "vp9", "format_id": "278", "manifest_url": "https://manifest.googlevideo.com/api/manifest/dash/expire/1608485380/ei/pDXfX8TwEYvFrQTn14HYCQ/ip/140.109.135.76/id/70559d5a9cafc1a8/source/youtube/requiressl/yes/playback_host/r5---sn-5njj-u2xe.googlevideo.com/mh/cI/mm/31%2C29/mn/sn-5njj-u2xe%2Csn-un57sn7z/ms/au%2Crdu/mv/m/mvi/5/pl/16/hfr/all/as/fmp4_audio_clear%2Cwebm_audio_clear%2Cwebm2_audio_clear%2Cfmp4_sd_hd_clear%2Cwebm2_sd_hd_clear/initcwndbps/395000/vprv/1/mt/1608463244/fvip/5/keepalive/yes/itag/0/sparams/expire%2Cei%2Cip%2Cid%2Csource%2Crequiressl%2Chfr%2Cas%2Cvprv%2Citag/sig/AOq0QJ8wRgIhAPzEDMWNCRjapLRDgH_Ln9iEe9uFvCIRbsB-y-NlQbaaAiEAxOFrMolnRtNjYRLInxROtXRWYYYNaLeDHKjBk64yK8w%3D/lsparams/playback_host%2Cmh%2Cmm%2Cmn%2Cms%2Cmv%2Cmvi%2Cpl%2Cinitcwndbps/lsig/AG3C_xAwRgIhANFV5fYFTh1hwRXfdtxK4yjNij-KYlaXzK0D9Arii9jXAiEAtad_pa2FDsKu_gH3F5mlwOLhb7FmUqdqocSjw_ly3l8%3D", "width": 256, "tbr": 95.0, "asr": null, "fps": 30, "language": null, "filesize": null, "acodec": "none", "url": "https://manifest.googlevideo.com/api/manifest/dash/expire/1608485380/ei/pDXfX8TwEYvFrQTn14HYCQ/ip/140.109.135.76/id/70559d5a9cafc1a8/source/youtube/requiressl/yes/playback_host/r5---sn-5njj-u2xe.googlevideo.com/mh/cI/mm/31%2C29/mn/sn-5njj-u2xe%2Csn-un57sn7z/ms/au%2Crdu/mv/m/mvi/5/pl/16/hfr/all/as/fmp4_audio_clear%2Cwebm_audio_clear%2Cwebm2_audio_clear%2Cfmp4_sd_hd_clear%2Cwebm2_sd_hd_clear/initcwndbps/395000/vprv/1/mt/1608463244/fvip/5/keepalive/yes/itag/0/sparams/expire%2Cei%2Cip%2Cid%2Csource%2Crequiressl%2Chfr%2Cas%2Cvprv%2Citag/sig/AOq0QJ8wRgIhAPzEDMWNCRjapLRDgH_Ln9iEe9uFvCIRbsB-y-NlQbaaAiEAxOFrMolnRtNjYRLInxROtXRWYYYNaLeDHKjBk64yK8w%3D/lsparams/playback_host%2Cmh%2Cmm%2Cmn%2Cms%2Cmv%2Cmvi%2Cpl%2Cinitcwndbps/lsig/AG3C_xAwRgIhANFV5fYFTh1hwRXfdtxK4yjNij-KYlaXzK0D9Arii9jXAiEAtad_pa2FDsKu_gH3F5mlwOLhb7FmUqdqocSjw_ly3l8%3D", "fragment_base_url": "https://r5---sn-5njj-u2xe.googlevideo.com/videoplayback/expire/1608485380/ei/pDXfX8TwEYvFrQTn14HYCQ/ip/140.109.135.76/id/70559d5a9cafc1a8/itag/278/source/yt_otf/requiressl/yes/mh/cI/mm/31,29/mn/sn-5njj-u2xe,sn-un57sn7z/ms/au,rdu/mv/m/mvi/5/pl/16/initcwndbps/395000/vprv/1/ratebypass/yes/mime/video%2Fwebm/otfp/1/otf/1/lmt/1606088068738620/mt/1608463244/fvip/5/keepalive/yes/sparams/expire,ei,ip,id,itag,source,requiressl,vprv,ratebypass,mime,otfp,otf,lmt/sig/AOq0QJ8wRAIgdEh5l9J16cKH3h_r-qOdPEFqrz3nqUmbGmSf4uUknTICIDwAzDwRgotsXZI5yko7IcMxQywgmY20vmbhqOL-tQha/lsparams/mh,mm,mn,ms,mv,mvi,pl,initcwndbps/lsig/AG3C_xAwRQIhAP8xfqaCrzrbyqnYruYqiCxEKqdBByJ8TY6SLXOCwEOBAiB-5VMaQwpZfW6wbC2oXAVmtqWIgaiuB_qZn_aAxYxjNA%3D%3D/", "fragments": [{"path": "sq/0"}, {"path": "sq/1/dur/5.072", "duration": 5.072}, {"path": "sq/2/dur/5.071", "duration": 5.071}, {"path": "sq/3/dur/5.072", "duration": 5.072}, {"path": "sq/4/dur/5.072", "duration": 5.072}, {"path": "sq/5/dur/5.072", "duration": 5.072}, {"path": "sq/6/dur/5.071", "duration": 5.071}, {"path": "sq/7/dur/5.072", "duration": 5.072}, {"path": "sq/8/dur/5.072", "duration": 5.072}, {"path": "sq/9/dur/5.072", "duration": 5.072}, {"path": "sq/10/dur/5.071", "duration": 5.071}, {"path": "sq/11/dur/5.072", "duration": 5.072}, {"path": "sq/12/dur/5.072", "duration": 5.072}, {"path": "sq/13/dur/5.072", "duration": 5.072}, {"path": "sq/14/dur/5.071", "duration": 5.071}, {"path": "sq/15/dur/5.072", "duration": 5.072}, {"path": "sq/16/dur/5.072", "duration": 5.072}, {"path": "sq/17/dur/5.071", "duration": 5.071}, {"path": "sq/18/dur/5.072", "duration": 5.072}, {"path": "sq/19/dur/5.072", "duration": 5.072}, {"path": "sq/20/dur/5.072", "duration": 5.072}, {"path": "sq/21/dur/5.071", "duration": 5.071}, {"path": "sq/22/dur/5.072", "duration": 5.072}, {"path": "sq/23/dur/5.072", "duration": 5.072}, {"path": "sq/24/dur/2.870", "duration": 2.87}], "protocol": "http_dash_segments", "format": "278 - 256x144 (DASH video)", "http_headers": {"User-Agent": "Mozilla/5.0 (Windows NT 10.0; Win64; x64) AppleWebKit/537.36 (KHTML, like Gecko) Chrome/70.0.3538.31 Safari/537.36", "Accept-Charset": "ISO-8859-1,utf-8;q=0.7,*;q=0.7", "Accept": "text/html,application/xhtml+xml,application/xml;q=0.9,*/*;q=0.8", "Accept-Encoding": "gzip, deflate", "Accept-Language": "en-us,en;q=0.5"}}, {"ext": "mp4", "height": 144, "format_note": "DASH video", "vcodec": "avc1.4d400b", "format_id": "160", "manifest_url": "https://manifest.googlevideo.com/api/manifest/dash/expire/1608485380/ei/pDXfX8TwEYvFrQTn14HYCQ/ip/140.109.135.76/id/70559d5a9cafc1a8/source/youtube/requiressl/yes/playback_host/r5---sn-5njj-u2xe.googlevideo.com/mh/cI/mm/31%2C29/mn/sn-5njj-u2xe%2Csn-un57sn7z/ms/au%2Crdu/mv/m/mvi/5/pl/16/hfr/all/as/fmp4_audio_clear%2Cwebm_audio_clear%2Cwebm2_audio_clear%2Cfmp4_sd_hd_clear%2Cwebm2_sd_hd_clear/initcwndbps/395000/vprv/1/mt/1608463244/fvip/5/keepalive/yes/itag/0/sparams/expire%2Cei%2Cip%2Cid%2Csource%2Crequiressl%2Chfr%2Cas%2Cvprv%2Citag/sig/AOq0QJ8wRgIhAPzEDMWNCRjapLRDgH_Ln9iEe9uFvCIRbsB-y-NlQbaaAiEAxOFrMolnRtNjYRLInxROtXRWYYYNaLeDHKjBk64yK8w%3D/lsparams/playback_host%2Cmh%2Cmm%2Cmn%2Cms%2Cmv%2Cmvi%2Cpl%2Cinitcwndbps/lsig/AG3C_xAwRgIhANFV5fYFTh1hwRXfdtxK4yjNij-KYlaXzK0D9Arii9jXAiEAtad_pa2FDsKu_gH3F5mlwOLhb7FmUqdqocSjw_ly3l8%3D", "width": 256, "tbr": 108.0, "asr": null, "fps": 30, "language": null, "filesize": null, "container": "mp4_dash", "acodec": "none", "url": "https://manifest.googlevideo.com/api/manifest/dash/expire/1608485380/ei/pDXfX8TwEYvFrQTn14HYCQ/ip/140.109.135.76/id/70559d5a9cafc1a8/source/youtube/requiressl/yes/playback_host/r5---sn-5njj-u2xe.googlevideo.com/mh/cI/mm/31%2C29/mn/sn-5njj-u2xe%2Csn-un57sn7z/ms/au%2Crdu/mv/m/mvi/5/pl/16/hfr/all/as/fmp4_audio_clear%2Cwebm_audio_clear%2Cwebm2_audio_clear%2Cfmp4_sd_hd_clear%2Cwebm2_sd_hd_clear/initcwndbps/395000/vprv/1/mt/1608463244/fvip/5/keepalive/yes/itag/0/sparams/expire%2Cei%2Cip%2Cid%2Csource%2Crequiressl%2Chfr%2Cas%2Cvprv%2Citag/sig/AOq0QJ8wRgIhAPzEDMWNCRjapLRDgH_Ln9iEe9uFvCIRbsB-y-NlQbaaAiEAxOFrMolnRtNjYRLInxROtXRWYYYNaLeDHKjBk64yK8w%3D/lsparams/playback_host%2Cmh%2Cmm%2Cmn%2Cms%2Cmv%2Cmvi%2Cpl%2Cinitcwndbps/lsig/AG3C_xAwRgIhANFV5fYFTh1hwRXfdtxK4yjNij-KYlaXzK0D9Arii9jXAiEAtad_pa2FDsKu_gH3F5mlwOLhb7FmUqdqocSjw_ly3l8%3D", "fragment_base_url": "https://r5---sn-5njj-u2xe.googlevideo.com/videoplayback/expire/1608485380/ei/pDXfX8TwEYvFrQTn14HYCQ/ip/140.109.135.76/id/70559d5a9cafc1a8/itag/160/source/yt_otf/requiressl/yes/mh/cI/mm/31,29/mn/sn-5njj-u2xe,sn-un57sn7z/ms/au,rdu/mv/m/mvi/5/pl/16/initcwndbps/395000/vprv/1/ratebypass/yes/mime/video%2Fmp4/otfp/1/otf/1/lmt/1606088068738620/mt/1608463244/fvip/5/keepalive/yes/sparams/expire,ei,ip,id,itag,source,requiressl,vprv,ratebypass,mime,otfp,otf,lmt/sig/AOq0QJ8wRQIgbbLqFBg-rUKfkaF84YWf_zOvV8vW78pI3mOgPtVveoMCIQC24OEH7Dl1TOs05zK2Zqtto0zs6TNMcFMXJNAeSgv8NA%3D%3D/lsparams/mh,mm,mn,ms,mv,mvi,pl,initcwndbps/lsig/AG3C_xAwRQIhAKFseiCn8ltrTH2sqvHOOHU-SNM39mEId3-nnmmTMP4VAiAYNQ64mNodU4uXmg7nPy3blhIhIcfmX6nMaxcirGdkRQ%3D%3D/", "fragments": [{"path": "sq/0"}, {"path": "sq/1/dur/5.072", "duration": 5.072}, {"path": "sq/2/dur/5.071", "duration": 5.071}, {"path": "sq/3/dur/5.072", "duration": 5.072}, {"path": "sq/4/dur/5.072", "duration": 5.072}, {"path": "sq/5/dur/5.072", "duration": 5.072}, {"path": "sq/6/dur/5.071", "duration": 5.071}, {"path": "sq/7/dur/5.072", "duration": 5.072}, {"path": "sq/8/dur/5.072", "duration": 5.072}, {"path": "sq/9/dur/5.072", "duration": 5.072}, {"path": "sq/10/dur/5.071", "duration": 5.071}, {"path": "sq/11/dur/5.072", "duration": 5.072}, {"path": "sq/12/dur/5.072", "duration": 5.072}, {"path": "sq/13/dur/5.072", "duration": 5.072}, {"path": "sq/14/dur/5.071", "duration": 5.071}, {"path": "sq/15/dur/5.072", "duration": 5.072}, {"path": "sq/16/dur/5.072", "duration": 5.072}, {"path": "sq/17/dur/5.071", "duration": 5.071}, {"path": "sq/18/dur/5.072", "duration": 5.072}, {"path": "sq/19/dur/5.072", "duration": 5.072}, {"path": "sq/20/dur/5.072", "duration": 5.072}, {"path": "sq/21/dur/5.071", "duration": 5.071}, {"path": "sq/22/dur/5.072", "duration": 5.072}, {"path": "sq/23/dur/5.072", "duration": 5.072}, {"path": "sq/24/dur/2.870", "duration": 2.87}], "protocol": "http_dash_segments", "format": "160 - 256x144 (DASH video)", "http_headers": {"User-Agent": "Mozilla/5.0 (Windows NT 10.0; Win64; x64) AppleWebKit/537.36 (KHTML, like Gecko) Chrome/70.0.3538.31 Safari/537.36", "Accept-Charset": "ISO-8859-1,utf-8;q=0.7,*;q=0.7", "Accept": "text/html,application/xhtml+xml,application/xml;q=0.9,*/*;q=0.8", "Accept-Encoding": "gzip, deflate", "Accept-Language": "en-us,en;q=0.5"}}, {"ext": "webm", "height": 240, "format_note": "DASH video", "vcodec": "vp9", "format_id": "242", "manifest_url": "https://manifest.googlevideo.com/api/manifest/dash/expire/1608485380/ei/pDXfX8TwEYvFrQTn14HYCQ/ip/140.109.135.76/id/70559d5a9cafc1a8/source/youtube/requiressl/yes/playback_host/r5---sn-5njj-u2xe.googlevideo.com/mh/cI/mm/31%2C29/mn/sn-5njj-u2xe%2Csn-un57sn7z/ms/au%2Crdu/mv/m/mvi/5/pl/16/hfr/all/as/fmp4_audio_clear%2Cwebm_audio_clear%2Cwebm2_audio_clear%2Cfmp4_sd_hd_clear%2Cwebm2_sd_hd_clear/initcwndbps/395000/vprv/1/mt/1608463244/fvip/5/keepalive/yes/itag/0/sparams/expire%2Cei%2Cip%2Cid%2Csource%2Crequiressl%2Chfr%2Cas%2Cvprv%2Citag/sig/AOq0QJ8wRgIhAPzEDMWNCRjapLRDgH_Ln9iEe9uFvCIRbsB-y-NlQbaaAiEAxOFrMolnRtNjYRLInxROtXRWYYYNaLeDHKjBk64yK8w%3D/lsparams/playback_host%2Cmh%2Cmm%2Cmn%2Cms%2Cmv%2Cmvi%2Cpl%2Cinitcwndbps/lsig/AG3C_xAwRgIhANFV5fYFTh1hwRXfdtxK4yjNij-KYlaXzK0D9Arii9jXAiEAtad_pa2FDsKu_gH3F5mlwOLhb7FmUqdqocSjw_ly3l8%3D", "width": 426, "tbr": 220.5, "asr": null, "fps": 30, "language": null, "filesize": null, "container": "webm_dash", "acodec": "none", "url": "https://manifest.googlevideo.com/api/manifest/dash/expire/1608485380/ei/pDXfX8TwEYvFrQTn14HYCQ/ip/140.109.135.76/id/70559d5a9cafc1a8/source/youtube/requiressl/yes/playback_host/r5---sn-5njj-u2xe.googlevideo.com/mh/cI/mm/31%2C29/mn/sn-5njj-u2xe%2Csn-un57sn7z/ms/au%2Crdu/mv/m/mvi/5/pl/16/hfr/all/as/fmp4_audio_clear%2Cwebm_audio_clear%2Cwebm2_audio_clear%2Cfmp4_sd_hd_clear%2Cwebm2_sd_hd_clear/initcwndbps/395000/vprv/1/mt/1608463244/fvip/5/keepalive/yes/itag/0/sparams/expire%2Cei%2Cip%2Cid%2Csource%2Crequiressl%2Chfr%2Cas%2Cvprv%2Citag/sig/AOq0QJ8wRgIhAPzEDMWNCRjapLRDgH_Ln9iEe9uFvCIRbsB-y-NlQbaaAiEAxOFrMolnRtNjYRLInxROtXRWYYYNaLeDHKjBk64yK8w%3D/lsparams/playback_host%2Cmh%2Cmm%2Cmn%2Cms%2Cmv%2Cmvi%2Cpl%2Cinitcwndbps/lsig/AG3C_xAwRgIhANFV5fYFTh1hwRXfdtxK4yjNij-KYlaXzK0D9Arii9jXAiEAtad_pa2FDsKu_gH3F5mlwOLhb7FmUqdqocSjw_ly3l8%3D", "fragment_base_url": "https://r5---sn-5njj-u2xe.googlevideo.com/videoplayback/expire/1608485380/ei/pDXfX8TwEYvFrQTn14HYCQ/ip/140.109.135.76/id/70559d5a9cafc1a8/itag/242/source/yt_otf/requiressl/yes/mh/cI/mm/31,29/mn/sn-5njj-u2xe,sn-un57sn7z/ms/au,rdu/mv/m/mvi/5/pl/16/initcwndbps/395000/vprv/1/ratebypass/yes/mime/video%2Fwebm/otfp/1/otf/1/lmt/1606088068738620/mt/1608463244/fvip/5/keepalive/yes/sparams/expire,ei,ip,id,itag,source,requiressl,vprv,ratebypass,mime,otfp,otf,lmt/sig/AOq0QJ8wRAIgRuDbjSnhkqYeTwV5bKFq9Gkf7WaB3RtLIa3TmKJmijICIHzM0yn-DHvUe2tAOB08P3UfF1tSARjF4iaO4KJNYyhR/lsparams/mh,mm,mn,ms,mv,mvi,pl,initcwndbps/lsig/AG3C_xAwRAIgTzqCYExH1Wf1o-WbWNjgwQct8VbTKvoyizjqTP1Fg7oCIDjqoR1EPNVS4nqTyBj-0nVwB9aKYHoBb223rkK0UYXd/", "fragments": [{"path": "sq/0"}, {"path": "sq/1/dur/5.072", "duration": 5.072}, {"path": "sq/2/dur/5.071", "duration": 5.071}, {"path": "sq/3/dur/5.072", "duration": 5.072}, {"path": "sq/4/dur/5.072", "duration": 5.072}, {"path": "sq/5/dur/5.072", "duration": 5.072}, {"path": "sq/6/dur/5.071", "duration": 5.071}, {"path": "sq/7/dur/5.072", "duration": 5.072}, {"path": "sq/8/dur/5.072", "duration": 5.072}, {"path": "sq/9/dur/5.072", "duration": 5.072}, {"path": "sq/10/dur/5.071", "duration": 5.071}, {"path": "sq/11/dur/5.072", "duration": 5.072}, {"path": "sq/12/dur/5.072", "duration": 5.072}, {"path": "sq/13/dur/5.072", "duration": 5.072}, {"path": "sq/14/dur/5.071", "duration": 5.071}, {"path": "sq/15/dur/5.072", "duration": 5.072}, {"path": "sq/16/dur/5.072", "duration": 5.072}, {"path": "sq/17/dur/5.071", "duration": 5.071}, {"path": "sq/18/dur/5.072", "duration": 5.072}, {"path": "sq/19/dur/5.072", "duration": 5.072}, {"path": "sq/20/dur/5.072", "duration": 5.072}, {"path": "sq/21/dur/5.071", "duration": 5.071}, {"path": "sq/22/dur/5.072", "duration": 5.072}, {"path": "sq/23/dur/5.072", "duration": 5.072}, {"path": "sq/24/dur/2.870", "duration": 2.87}], "protocol": "http_dash_segments", "format": "242 - 426x240 (DASH video)", "http_headers": {"User-Agent": "Mozilla/5.0 (Windows NT 10.0; Win64; x64) AppleWebKit/537.36 (KHTML, like Gecko) Chrome/70.0.3538.31 Safari/537.36", "Accept-Charset": "ISO-8859-1,utf-8;q=0.7,*;q=0.7", "Accept": "text/html,application/xhtml+xml,application/xml;q=0.9,*/*;q=0.8", "Accept-Encoding": "gzip, deflate", "Accept-Language": "en-us,en;q=0.5"}}, {"ext": "mp4", "height": 240, "format_note": "DASH video", "vcodec": "avc1.4d400c", "format_id": "133", "manifest_url": "https://manifest.googlevideo.com/api/manifest/dash/expire/1608485380/ei/pDXfX8TwEYvFrQTn14HYCQ/ip/140.109.135.76/id/70559d5a9cafc1a8/source/youtube/requiressl/yes/playback_host/r5---sn-5njj-u2xe.googlevideo.com/mh/cI/mm/31%2C29/mn/sn-5njj-u2xe%2Csn-un57sn7z/ms/au%2Crdu/mv/m/mvi/5/pl/16/hfr/all/as/fmp4_audio_clear%2Cwebm_audio_clear%2Cwebm2_audio_clear%2Cfmp4_sd_hd_clear%2Cwebm2_sd_hd_clear/initcwndbps/395000/vprv/1/mt/1608463244/fvip/5/keepalive/yes/itag/0/sparams/expire%2Cei%2Cip%2Cid%2Csource%2Crequiressl%2Chfr%2Cas%2Cvprv%2Citag/sig/AOq0QJ8wRgIhAPzEDMWNCRjapLRDgH_Ln9iEe9uFvCIRbsB-y-NlQbaaAiEAxOFrMolnRtNjYRLInxROtXRWYYYNaLeDHKjBk64yK8w%3D/lsparams/playback_host%2Cmh%2Cmm%2Cmn%2Cms%2Cmv%2Cmvi%2Cpl%2Cinitcwndbps/lsig/AG3C_xAwRgIhANFV5fYFTh1hwRXfdtxK4yjNij-KYlaXzK0D9Arii9jXAiEAtad_pa2FDsKu_gH3F5mlwOLhb7FmUqdqocSjw_ly3l8%3D", "width": 426, "tbr": 242.0, "asr": null, "fps": 30, "language": null, "filesize": null, "container": "mp4_dash", "acodec": "none", "url": "https://manifest.googlevideo.com/api/manifest/dash/expire/1608485380/ei/pDXfX8TwEYvFrQTn14HYCQ/ip/140.109.135.76/id/70559d5a9cafc1a8/source/youtube/requiressl/yes/playback_host/r5---sn-5njj-u2xe.googlevideo.com/mh/cI/mm/31%2C29/mn/sn-5njj-u2xe%2Csn-un57sn7z/ms/au%2Crdu/mv/m/mvi/5/pl/16/hfr/all/as/fmp4_audio_clear%2Cwebm_audio_clear%2Cwebm2_audio_clear%2Cfmp4_sd_hd_clear%2Cwebm2_sd_hd_clear/initcwndbps/395000/vprv/1/mt/1608463244/fvip/5/keepalive/yes/itag/0/sparams/expire%2Cei%2Cip%2Cid%2Csource%2Crequiressl%2Chfr%2Cas%2Cvprv%2Citag/sig/AOq0QJ8wRgIhAPzEDMWNCRjapLRDgH_Ln9iEe9uFvCIRbsB-y-NlQbaaAiEAxOFrMolnRtNjYRLInxROtXRWYYYNaLeDHKjBk64yK8w%3D/lsparams/playback_host%2Cmh%2Cmm%2Cmn%2Cms%2Cmv%2Cmvi%2Cpl%2Cinitcwndbps/lsig/AG3C_xAwRgIhANFV5fYFTh1hwRXfdtxK4yjNij-KYlaXzK0D9Arii9jXAiEAtad_pa2FDsKu_gH3F5mlwOLhb7FmUqdqocSjw_ly3l8%3D", "fragment_base_url": "https://r5---sn-5njj-u2xe.googlevideo.com/videoplayback/expire/1608485380/ei/pDXfX8TwEYvFrQTn14HYCQ/ip/140.109.135.76/id/70559d5a9cafc1a8/itag/133/source/yt_otf/requiressl/yes/mh/cI/mm/31,29/mn/sn-5njj-u2xe,sn-un57sn7z/ms/au,rdu/mv/m/mvi/5/pl/16/initcwndbps/395000/vprv/1/ratebypass/yes/mime/video%2Fmp4/otfp/1/otf/1/lmt/1606088068738620/mt/1608463244/fvip/5/keepalive/yes/sparams/expire,ei,ip,id,itag,source,requiressl,vprv,ratebypass,mime,otfp,otf,lmt/sig/AOq0QJ8wRQIhAJO4XAYGapYRiZbR0jbAupEcYcGaaxqcdsZOHhQHOyXfAiB8mVpuX1Shh4d4EQHeofKu0SnT6kYDqRJ6oX2DMmvj5A%3D%3D/lsparams/mh,mm,mn,ms,mv,mvi,pl,initcwndbps/lsig/AG3C_xAwRgIhAJs4kel82EOxKmbUdigENgGixNfb4QktDMkmPeUs2WqcAiEAnS_h9d6VzCKx4M5rJ7_XCxHbOAJHiQRVsfNyuDXw1MU%3D/", "fragments": [{"path": "sq/0"}, {"path": "sq/1/dur/5.072", "duration": 5.072}, {"path": "sq/2/dur/5.071", "duration": 5.071}, {"path": "sq/3/dur/5.072", "duration": 5.072}, {"path": "sq/4/dur/5.072", "duration": 5.072}, {"path": "sq/5/dur/5.072", "duration": 5.072}, {"path": "sq/6/dur/5.071", "duration": 5.071}, {"path": "sq/7/dur/5.072", "duration": 5.072}, {"path": "sq/8/dur/5.072", "duration": 5.072}, {"path": "sq/9/dur/5.072", "duration": 5.072}, {"path": "sq/10/dur/5.071", "duration": 5.071}, {"path": "sq/11/dur/5.072", "duration": 5.072}, {"path": "sq/12/dur/5.072", "duration": 5.072}, {"path": "sq/13/dur/5.072", "duration": 5.072}, {"path": "sq/14/dur/5.071", "duration": 5.071}, {"path": "sq/15/dur/5.072", "duration": 5.072}, {"path": "sq/16/dur/5.072", "duration": 5.072}, {"path": "sq/17/dur/5.071", "duration": 5.071}, {"path": "sq/18/dur/5.072", "duration": 5.072}, {"path": "sq/19/dur/5.072", "duration": 5.072}, {"path": "sq/20/dur/5.072", "duration": 5.072}, {"path": "sq/21/dur/5.071", "duration": 5.071}, {"path": "sq/22/dur/5.072", "duration": 5.072}, {"path": "sq/23/dur/5.072", "duration": 5.072}, {"path": "sq/24/dur/2.870", "duration": 2.87}], "protocol": "http_dash_segments", "format": "133 - 426x240 (DASH video)", "http_headers": {"User-Agent": "Mozilla/5.0 (Windows NT 10.0; Win64; x64) AppleWebKit/537.36 (KHTML, like Gecko) Chrome/70.0.3538.31 Safari/537.36", "Accept-Charset": "ISO-8859-1,utf-8;q=0.7,*;q=0.7", "Accept": "text/html,application/xhtml+xml,application/xml;q=0.9,*/*;q=0.8", "Accept-Encoding": "gzip, deflate", "Accept-Language": "en-us,en;q=0.5"}}, {"ext": "mp4", "height": 360, "format_note": "DASH video", "vcodec": "avc1.4d401e", "format_id": "134", "manifest_url": "https://manifest.googlevideo.com/api/manifest/dash/expire/1608485380/ei/pDXfX8TwEYvFrQTn14HYCQ/ip/140.109.135.76/id/70559d5a9cafc1a8/source/youtube/requiressl/yes/playback_host/r5---sn-5njj-u2xe.googlevideo.com/mh/cI/mm/31%2C29/mn/sn-5njj-u2xe%2Csn-un57sn7z/ms/au%2Crdu/mv/m/mvi/5/pl/16/hfr/all/as/fmp4_audio_clear%2Cwebm_audio_clear%2Cwebm2_audio_clear%2Cfmp4_sd_hd_clear%2Cwebm2_sd_hd_clear/initcwndbps/395000/vprv/1/mt/1608463244/fvip/5/keepalive/yes/itag/0/sparams/expire%2Cei%2Cip%2Cid%2Csource%2Crequiressl%2Chfr%2Cas%2Cvprv%2Citag/sig/AOq0QJ8wRgIhAPzEDMWNCRjapLRDgH_Ln9iEe9uFvCIRbsB-y-NlQbaaAiEAxOFrMolnRtNjYRLInxROtXRWYYYNaLeDHKjBk64yK8w%3D/lsparams/playback_host%2Cmh%2Cmm%2Cmn%2Cms%2Cmv%2Cmvi%2Cpl%2Cinitcwndbps/lsig/AG3C_xAwRgIhANFV5fYFTh1hwRXfdtxK4yjNij-KYlaXzK0D9Arii9jXAiEAtad_pa2FDsKu_gH3F5mlwOLhb7FmUqdqocSjw_ly3l8%3D", "width": 640, "tbr": 299.886, "asr": null, "fps": 30, "language": null, "filesize": null, "container": "mp4_dash", "acodec": "none", "url": "https://manifest.googlevideo.com/api/manifest/dash/expire/1608485380/ei/pDXfX8TwEYvFrQTn14HYCQ/ip/140.109.135.76/id/70559d5a9cafc1a8/source/youtube/requiressl/yes/playback_host/r5---sn-5njj-u2xe.googlevideo.com/mh/cI/mm/31%2C29/mn/sn-5njj-u2xe%2Csn-un57sn7z/ms/au%2Crdu/mv/m/mvi/5/pl/16/hfr/all/as/fmp4_audio_clear%2Cwebm_audio_clear%2Cwebm2_audio_clear%2Cfmp4_sd_hd_clear%2Cwebm2_sd_hd_clear/initcwndbps/395000/vprv/1/mt/1608463244/fvip/5/keepalive/yes/itag/0/sparams/expire%2Cei%2Cip%2Cid%2Csource%2Crequiressl%2Chfr%2Cas%2Cvprv%2Citag/sig/AOq0QJ8wRgIhAPzEDMWNCRjapLRDgH_Ln9iEe9uFvCIRbsB-y-NlQbaaAiEAxOFrMolnRtNjYRLInxROtXRWYYYNaLeDHKjBk64yK8w%3D/lsparams/playback_host%2Cmh%2Cmm%2Cmn%2Cms%2Cmv%2Cmvi%2Cpl%2Cinitcwndbps/lsig/AG3C_xAwRgIhANFV5fYFTh1hwRXfdtxK4yjNij-KYlaXzK0D9Arii9jXAiEAtad_pa2FDsKu_gH3F5mlwOLhb7FmUqdqocSjw_ly3l8%3D", "fragment_base_url": "https://r5---sn-5njj-u2xe.googlevideo.com/videoplayback/expire/1608485380/ei/pDXfX8TwEYvFrQTn14HYCQ/ip/140.109.135.76/id/70559d5a9cafc1a8/itag/134/source/youtube/requiressl/yes/mh/cI/mm/31,29/mn/sn-5njj-u2xe,sn-un57sn7z/ms/au,rdu/mv/m/mvi/5/pl/16/initcwndbps/395000/vprv/1/ratebypass/yes/mime/video%2Fmp4/otfp/1/gir/yes/clen/3425576/lmt/1606088068678004/dur/119.519/mt/1608463244/fvip/5/keepalive/yes/sparams/expire,ei,ip,id,itag,source,requiressl,vprv,ratebypass,mime,otfp,gir,clen,lmt,dur/sig/AOq0QJ8wRAIgD9mLbZnX7EzYKUV7MjhVQWH4TURnc2pTDBWt9zQo8xgCIGN_zyf_OmJlOHiTsjUNReo3g50UEMG53xWbFKjm4BZK/lsparams/mh,mm,mn,ms,mv,mvi,pl,initcwndbps/lsig/AG3C_xAwRgIhAN1zhOxefg-BL4PSZaCBRHcyluBb6i-yVnHIEfHJxp7zAiEAoxZKMxiMpKqXCu3dPowJ6qMAm4Ds3zx9n6hw350h-tg%3D/", "fragments": [{"path": "range/0-739"}, {"path": "range/1060-123567", "duration": 5.072}, {"path": "range/123568-242298", "duration": 5.071}, {"path": "range/242299-361878", "duration": 5.072}, {"path": "range/361879-494055", "duration": 5.072}, {"path": "range/494056-606378", "duration": 5.072}, {"path": "range/606379-736310", "duration": 5.071}, {"path": "range/736311-878525", "duration": 5.072}, {"path": "range/878526-1033564", "duration": 5.072}, {"path": "range/1033565-1175456", "duration": 5.072}, {"path": "range/1175457-1300940", "duration": 5.071}, {"path": "range/1300941-1424441", "duration": 5.072}, {"path": "range/1424442-1607863", "duration": 5.072}, {"path": "range/1607864-1772157", "duration": 5.072}, {"path": "range/1772158-1926005", "duration": 5.071}, {"path": "range/1926006-2095712", "duration": 5.072}, {"path": "range/2095713-2250794", "duration": 5.072}, {"path": "range/2250795-2414986", "duration": 5.071}, {"path": "range/2414987-2605114", "duration": 5.072}, {"path": "range/2605115-2770498", "duration": 5.072}, {"path": "range/2770499-2944180", "duration": 5.072}, {"path": "range/2944181-3119618", "duration": 5.071}, {"path": "range/3119619-3309573", "duration": 5.072}, {"path": "range/3309574-3386393", "duration": 5.072}, {"path": "range/3386394-3425575", "duration": 2.87}], "protocol": "http_dash_segments", "format": "134 - 640x360 (DASH video)", "http_headers": {"User-Agent": "Mozilla/5.0 (Windows NT 10.0; Win64; x64) AppleWebKit/537.36 (KHTML, like Gecko) Chrome/70.0.3538.31 Safari/537.36", "Accept-Charset": "ISO-8859-1,utf-8;q=0.7,*;q=0.7", "Accept": "text/html,application/xhtml+xml,application/xml;q=0.9,*/*;q=0.8", "Accept-Encoding": "gzip, deflate", "Accept-Language": "en-us,en;q=0.5"}}, {"ext": "webm", "height": 360, "format_note": "DASH video", "vcodec": "vp9", "format_id": "243", "manifest_url": "https://manifest.googlevideo.com/api/manifest/dash/expire/1608485380/ei/pDXfX8TwEYvFrQTn14HYCQ/ip/140.109.135.76/id/70559d5a9cafc1a8/source/youtube/requiressl/yes/playback_host/r5---sn-5njj-u2xe.googlevideo.com/mh/cI/mm/31%2C29/mn/sn-5njj-u2xe%2Csn-un57sn7z/ms/au%2Crdu/mv/m/mvi/5/pl/16/hfr/all/as/fmp4_audio_clear%2Cwebm_audio_clear%2Cwebm2_audio_clear%2Cfmp4_sd_hd_clear%2Cwebm2_sd_hd_clear/initcwndbps/395000/vprv/1/mt/1608463244/fvip/5/keepalive/yes/itag/0/sparams/expire%2Cei%2Cip%2Cid%2Csource%2Crequiressl%2Chfr%2Cas%2Cvprv%2Citag/sig/AOq0QJ8wRgIhAPzEDMWNCRjapLRDgH_Ln9iEe9uFvCIRbsB-y-NlQbaaAiEAxOFrMolnRtNjYRLInxROtXRWYYYNaLeDHKjBk64yK8w%3D/lsparams/playback_host%2Cmh%2Cmm%2Cmn%2Cms%2Cmv%2Cmvi%2Cpl%2Cinitcwndbps/lsig/AG3C_xAwRgIhANFV5fYFTh1hwRXfdtxK4yjNij-KYlaXzK0D9Arii9jXAiEAtad_pa2FDsKu_gH3F5mlwOLhb7FmUqdqocSjw_ly3l8%3D", "width": 640, "tbr": 405.72, "asr": null, "fps": 30, "language": null, "filesize": null, "container": "webm_dash", "acodec": "none", "url": "https://manifest.googlevideo.com/api/manifest/dash/expire/1608485380/ei/pDXfX8TwEYvFrQTn14HYCQ/ip/140.109.135.76/id/70559d5a9cafc1a8/source/youtube/requiressl/yes/playback_host/r5---sn-5njj-u2xe.googlevideo.com/mh/cI/mm/31%2C29/mn/sn-5njj-u2xe%2Csn-un57sn7z/ms/au%2Crdu/mv/m/mvi/5/pl/16/hfr/all/as/fmp4_audio_clear%2Cwebm_audio_clear%2Cwebm2_audio_clear%2Cfmp4_sd_hd_clear%2Cwebm2_sd_hd_clear/initcwndbps/395000/vprv/1/mt/1608463244/fvip/5/keepalive/yes/itag/0/sparams/expire%2Cei%2Cip%2Cid%2Csource%2Crequiressl%2Chfr%2Cas%2Cvprv%2Citag/sig/AOq0QJ8wRgIhAPzEDMWNCRjapLRDgH_Ln9iEe9uFvCIRbsB-y-NlQbaaAiEAxOFrMolnRtNjYRLInxROtXRWYYYNaLeDHKjBk64yK8w%3D/lsparams/playback_host%2Cmh%2Cmm%2Cmn%2Cms%2Cmv%2Cmvi%2Cpl%2Cinitcwndbps/lsig/AG3C_xAwRgIhANFV5fYFTh1hwRXfdtxK4yjNij-KYlaXzK0D9Arii9jXAiEAtad_pa2FDsKu_gH3F5mlwOLhb7FmUqdqocSjw_ly3l8%3D", "fragment_base_url": "https://r5---sn-5njj-u2xe.googlevideo.com/videoplayback/expire/1608485380/ei/pDXfX8TwEYvFrQTn14HYCQ/ip/140.109.135.76/id/70559d5a9cafc1a8/itag/243/source/yt_otf/requiressl/yes/mh/cI/mm/31,29/mn/sn-5njj-u2xe,sn-un57sn7z/ms/au,rdu/mv/m/mvi/5/pl/16/initcwndbps/395000/vprv/1/ratebypass/yes/mime/video%2Fwebm/otfp/1/otf/1/lmt/1606088068738620/mt/1608463244/fvip/5/keepalive/yes/sparams/expire,ei,ip,id,itag,source,requiressl,vprv,ratebypass,mime,otfp,otf,lmt/sig/AOq0QJ8wRgIhAJhRKD4SkB8KfkSjk2Pv8dMJ4TSdZ9S6m49kwu2tXvfEAiEA6D3cCjS4zKGBIJdXT4au8sDLx8GNAqTAT7qr1OxW2Y0%3D/lsparams/mh,mm,mn,ms,mv,mvi,pl,initcwndbps/lsig/AG3C_xAwRQIgdjp47TkdSKIzUCrS28hDG8kX0bgQ3njpjgEQofEEWN0CIQDGPsQ_XjFUtd7wkrqwgvBZu3Ecjgnn2oWQadB4y_aJfg%3D%3D/", "fragments": [{"path": "sq/0"}, {"path": "sq/1/dur/5.072", "duration": 5.072}, {"path": "sq/2/dur/5.071", "duration": 5.071}, {"path": "sq/3/dur/5.072", "duration": 5.072}, {"path": "sq/4/dur/5.072", "duration": 5.072}, {"path": "sq/5/dur/5.072", "duration": 5.072}, {"path": "sq/6/dur/5.071", "duration": 5.071}, {"path": "sq/7/dur/5.072", "duration": 5.072}, {"path": "sq/8/dur/5.072", "duration": 5.072}, {"path": "sq/9/dur/5.072", "duration": 5.072}, {"path": "sq/10/dur/5.071", "duration": 5.071}, {"path": "sq/11/dur/5.072", "duration": 5.072}, {"path": "sq/12/dur/5.072", "duration": 5.072}, {"path": "sq/13/dur/5.072", "duration": 5.072}, {"path": "sq/14/dur/5.071", "duration": 5.071}, {"path": "sq/15/dur/5.072", "duration": 5.072}, {"path": "sq/16/dur/5.072", "duration": 5.072}, {"path": "sq/17/dur/5.071", "duration": 5.071}, {"path": "sq/18/dur/5.072", "duration": 5.072}, {"path": "sq/19/dur/5.072", "duration": 5.072}, {"path": "sq/20/dur/5.072", "duration": 5.072}, {"path": "sq/21/dur/5.071", "duration": 5.071}, {"path": "sq/22/dur/5.072", "duration": 5.072}, {"path": "sq/23/dur/5.072", "duration": 5.072}, {"path": "sq/24/dur/2.870", "duration": 2.87}], "protocol": "http_dash_segments", "format": "243 - 640x360 (DASH video)", "http_headers": {"User-Agent": "Mozilla/5.0 (Windows NT 10.0; Win64; x64) AppleWebKit/537.36 (KHTML, like Gecko) Chrome/70.0.3538.31 Safari/537.36", "Accept-Charset": "ISO-8859-1,utf-8;q=0.7,*;q=0.7", "Accept": "text/html,application/xhtml+xml,application/xml;q=0.9,*/*;q=0.8", "Accept-Encoding": "gzip, deflate", "Accept-Language": "en-us,en;q=0.5"}}, {"ext": "webm", "height": 480, "format_note": "DASH video", "vcodec": "vp9", "format_id": "244", "manifest_url": "https://manifest.googlevideo.com/api/manifest/dash/expire/1608485380/ei/pDXfX8TwEYvFrQTn14HYCQ/ip/140.109.135.76/id/70559d5a9cafc1a8/source/youtube/requiressl/yes/playback_host/r5---sn-5njj-u2xe.googlevideo.com/mh/cI/mm/31%2C29/mn/sn-5njj-u2xe%2Csn-un57sn7z/ms/au%2Crdu/mv/m/mvi/5/pl/16/hfr/all/as/fmp4_audio_clear%2Cwebm_audio_clear%2Cwebm2_audio_clear%2Cfmp4_sd_hd_clear%2Cwebm2_sd_hd_clear/initcwndbps/395000/vprv/1/mt/1608463244/fvip/5/keepalive/yes/itag/0/sparams/expire%2Cei%2Cip%2Cid%2Csource%2Crequiressl%2Chfr%2Cas%2Cvprv%2Citag/sig/AOq0QJ8wRgIhAPzEDMWNCRjapLRDgH_Ln9iEe9uFvCIRbsB-y-NlQbaaAiEAxOFrMolnRtNjYRLInxROtXRWYYYNaLeDHKjBk64yK8w%3D/lsparams/playback_host%2Cmh%2Cmm%2Cmn%2Cms%2Cmv%2Cmvi%2Cpl%2Cinitcwndbps/lsig/AG3C_xAwRgIhANFV5fYFTh1hwRXfdtxK4yjNij-KYlaXzK0D9Arii9jXAiEAtad_pa2FDsKu_gH3F5mlwOLhb7FmUqdqocSjw_ly3l8%3D", "width": 854, "tbr": 752.64, "asr": null, "fps": 30, "language": null, "filesize": null, "container": "webm_dash", "acodec": "none", "url": "https://manifest.googlevideo.com/api/manifest/dash/expire/1608485380/ei/pDXfX8TwEYvFrQTn14HYCQ/ip/140.109.135.76/id/70559d5a9cafc1a8/source/youtube/requiressl/yes/playback_host/r5---sn-5njj-u2xe.googlevideo.com/mh/cI/mm/31%2C29/mn/sn-5njj-u2xe%2Csn-un57sn7z/ms/au%2Crdu/mv/m/mvi/5/pl/16/hfr/all/as/fmp4_audio_clear%2Cwebm_audio_clear%2Cwebm2_audio_clear%2Cfmp4_sd_hd_clear%2Cwebm2_sd_hd_clear/initcwndbps/395000/vprv/1/mt/1608463244/fvip/5/keepalive/yes/itag/0/sparams/expire%2Cei%2Cip%2Cid%2Csource%2Crequiressl%2Chfr%2Cas%2Cvprv%2Citag/sig/AOq0QJ8wRgIhAPzEDMWNCRjapLRDgH_Ln9iEe9uFvCIRbsB-y-NlQbaaAiEAxOFrMolnRtNjYRLInxROtXRWYYYNaLeDHKjBk64yK8w%3D/lsparams/playback_host%2Cmh%2Cmm%2Cmn%2Cms%2Cmv%2Cmvi%2Cpl%2Cinitcwndbps/lsig/AG3C_xAwRgIhANFV5fYFTh1hwRXfdtxK4yjNij-KYlaXzK0D9Arii9jXAiEAtad_pa2FDsKu_gH3F5mlwOLhb7FmUqdqocSjw_ly3l8%3D", "fragment_base_url": "https://r5---sn-5njj-u2xe.googlevideo.com/videoplayback/expire/1608485380/ei/pDXfX8TwEYvFrQTn14HYCQ/ip/140.109.135.76/id/70559d5a9cafc1a8/itag/244/source/yt_otf/requiressl/yes/mh/cI/mm/31,29/mn/sn-5njj-u2xe,sn-un57sn7z/ms/au,rdu/mv/m/mvi/5/pl/16/initcwndbps/395000/vprv/1/ratebypass/yes/mime/video%2Fwebm/otfp/1/otf/1/lmt/1606088068738620/mt/1608463244/fvip/5/keepalive/yes/sparams/expire,ei,ip,id,itag,source,requiressl,vprv,ratebypass,mime,otfp,otf,lmt/sig/AOq0QJ8wRQIhAMB_IUiKyoaoGQeWPKLZbZzkmrgiDvu3vRSyaOF2A-huAiB3ZcUl9nqEegcpdHKMhAprc2b63DCrmp83Ui1ciIozLQ%3D%3D/lsparams/mh,mm,mn,ms,mv,mvi,pl,initcwndbps/lsig/AG3C_xAwRQIhAMj6rkHmt3dXjzJtRZt8Sob2R_FBhbRtdoejl073AU_SAiB0zFp9kYXCvhSm8dc3FSFS2USBazTXdG3bo2TeIue9cw%3D%3D/", "fragments": [{"path": "sq/0"}, {"path": "sq/1/dur/5.072", "duration": 5.072}, {"path": "sq/2/dur/5.071", "duration": 5.071}, {"path": "sq/3/dur/5.072", "duration": 5.072}, {"path": "sq/4/dur/5.072", "duration": 5.072}, {"path": "sq/5/dur/5.072", "duration": 5.072}, {"path": "sq/6/dur/5.071", "duration": 5.071}, {"path": "sq/7/dur/5.072", "duration": 5.072}, {"path": "sq/8/dur/5.072", "duration": 5.072}, {"path": "sq/9/dur/5.072", "duration": 5.072}, {"path": "sq/10/dur/5.071", "duration": 5.071}, {"path": "sq/11/dur/5.072", "duration": 5.072}, {"path": "sq/12/dur/5.072", "duration": 5.072}, {"path": "sq/13/dur/5.072", "duration": 5.072}, {"path": "sq/14/dur/5.071", "duration": 5.071}, {"path": "sq/15/dur/5.072", "duration": 5.072}, {"path": "sq/16/dur/5.072", "duration": 5.072}, {"path": "sq/17/dur/5.071", "duration": 5.071}, {"path": "sq/18/dur/5.072", "duration": 5.072}, {"path": "sq/19/dur/5.072", "duration": 5.072}, {"path": "sq/20/dur/5.072", "duration": 5.072}, {"path": "sq/21/dur/5.071", "duration": 5.071}, {"path": "sq/22/dur/5.072", "duration": 5.072}, {"path": "sq/23/dur/5.072", "duration": 5.072}, {"path": "sq/24/dur/2.870", "duration": 2.87}], "protocol": "http_dash_segments", "format": "244 - 854x480 (DASH video)", "http_headers": {"User-Agent": "Mozilla/5.0 (Windows NT 10.0; Win64; x64) AppleWebKit/537.36 (KHTML, like Gecko) Chrome/70.0.3538.31 Safari/537.36", "Accept-Charset": "ISO-8859-1,utf-8;q=0.7,*;q=0.7", "Accept": "text/html,application/xhtml+xml,application/xml;q=0.9,*/*;q=0.8", "Accept-Encoding": "gzip, deflate", "Accept-Language": "en-us,en;q=0.5"}}, {"ext": "mp4", "height": 480, "format_note": "DASH video", "vcodec": "avc1.4d4014", "format_id": "135", "manifest_url": "https://manifest.googlevideo.com/api/manifest/dash/expire/1608485380/ei/pDXfX8TwEYvFrQTn14HYCQ/ip/140.109.135.76/id/70559d5a9cafc1a8/source/youtube/requiressl/yes/playback_host/r5---sn-5njj-u2xe.googlevideo.com/mh/cI/mm/31%2C29/mn/sn-5njj-u2xe%2Csn-un57sn7z/ms/au%2Crdu/mv/m/mvi/5/pl/16/hfr/all/as/fmp4_audio_clear%2Cwebm_audio_clear%2Cwebm2_audio_clear%2Cfmp4_sd_hd_clear%2Cwebm2_sd_hd_clear/initcwndbps/395000/vprv/1/mt/1608463244/fvip/5/keepalive/yes/itag/0/sparams/expire%2Cei%2Cip%2Cid%2Csource%2Crequiressl%2Chfr%2Cas%2Cvprv%2Citag/sig/AOq0QJ8wRgIhAPzEDMWNCRjapLRDgH_Ln9iEe9uFvCIRbsB-y-NlQbaaAiEAxOFrMolnRtNjYRLInxROtXRWYYYNaLeDHKjBk64yK8w%3D/lsparams/playback_host%2Cmh%2Cmm%2Cmn%2Cms%2Cmv%2Cmvi%2Cpl%2Cinitcwndbps/lsig/AG3C_xAwRgIhANFV5fYFTh1hwRXfdtxK4yjNij-KYlaXzK0D9Arii9jXAiEAtad_pa2FDsKu_gH3F5mlwOLhb7FmUqdqocSjw_ly3l8%3D", "width": 854, "tbr": 1155.0, "asr": null, "fps": 30, "language": null, "filesize": null, "container": "mp4_dash", "acodec": "none", "url": "https://manifest.googlevideo.com/api/manifest/dash/expire/1608485380/ei/pDXfX8TwEYvFrQTn14HYCQ/ip/140.109.135.76/id/70559d5a9cafc1a8/source/youtube/requiressl/yes/playback_host/r5---sn-5njj-u2xe.googlevideo.com/mh/cI/mm/31%2C29/mn/sn-5njj-u2xe%2Csn-un57sn7z/ms/au%2Crdu/mv/m/mvi/5/pl/16/hfr/all/as/fmp4_audio_clear%2Cwebm_audio_clear%2Cwebm2_audio_clear%2Cfmp4_sd_hd_clear%2Cwebm2_sd_hd_clear/initcwndbps/395000/vprv/1/mt/1608463244/fvip/5/keepalive/yes/itag/0/sparams/expire%2Cei%2Cip%2Cid%2Csource%2Crequiressl%2Chfr%2Cas%2Cvprv%2Citag/sig/AOq0QJ8wRgIhAPzEDMWNCRjapLRDgH_Ln9iEe9uFvCIRbsB-y-NlQbaaAiEAxOFrMolnRtNjYRLInxROtXRWYYYNaLeDHKjBk64yK8w%3D/lsparams/playback_host%2Cmh%2Cmm%2Cmn%2Cms%2Cmv%2Cmvi%2Cpl%2Cinitcwndbps/lsig/AG3C_xAwRgIhANFV5fYFTh1hwRXfdtxK4yjNij-KYlaXzK0D9Arii9jXAiEAtad_pa2FDsKu_gH3F5mlwOLhb7FmUqdqocSjw_ly3l8%3D", "fragment_base_url": "https://r5---sn-5njj-u2xe.googlevideo.com/videoplayback/expire/1608485380/ei/pDXfX8TwEYvFrQTn14HYCQ/ip/140.109.135.76/id/70559d5a9cafc1a8/itag/135/source/yt_otf/requiressl/yes/mh/cI/mm/31,29/mn/sn-5njj-u2xe,sn-un57sn7z/ms/au,rdu/mv/m/mvi/5/pl/16/initcwndbps/395000/vprv/1/ratebypass/yes/mime/video%2Fmp4/otfp/1/otf/1/lmt/1606088068738620/mt/1608463244/fvip/5/keepalive/yes/sparams/expire,ei,ip,id,itag,source,requiressl,vprv,ratebypass,mime,otfp,otf,lmt/sig/AOq0QJ8wRgIhAO87fl5p02bj9XrA8Rf5FUUAynN1LXVHRufVNAzzlKjnAiEAj0qLejcPQ-UgZKKP70dSxwb7ZcdvKXLRY-hReewhX5Y%3D/lsparams/mh,mm,mn,ms,mv,mvi,pl,initcwndbps/lsig/AG3C_xAwRgIhAI8aV52wHPG92dFw5ilBfzIbjDB8P6mzINGpDJZxbs23AiEA5zAkMNMtia569ezV4kuGFsNeA-0umdoRnWsejjy69Uc%3D/", "fragments": [{"path": "sq/0"}, {"path": "sq/1/dur/5.072", "duration": 5.072}, {"path": "sq/2/dur/5.071", "duration": 5.071}, {"path": "sq/3/dur/5.072", "duration": 5.072}, {"path": "sq/4/dur/5.072", "duration": 5.072}, {"path": "sq/5/dur/5.072", "duration": 5.072}, {"path": "sq/6/dur/5.071", "duration": 5.071}, {"path": "sq/7/dur/5.072", "duration": 5.072}, {"path": "sq/8/dur/5.072", "duration": 5.072}, {"path": "sq/9/dur/5.072", "duration": 5.072}, {"path": "sq/10/dur/5.071", "duration": 5.071}, {"path": "sq/11/dur/5.072", "duration": 5.072}, {"path": "sq/12/dur/5.072", "duration": 5.072}, {"path": "sq/13/dur/5.072", "duration": 5.072}, {"path": "sq/14/dur/5.071", "duration": 5.071}, {"path": "sq/15/dur/5.072", "duration": 5.072}, {"path": "sq/16/dur/5.072", "duration": 5.072}, {"path": "sq/17/dur/5.071", "duration": 5.071}, {"path": "sq/18/dur/5.072", "duration": 5.072}, {"path": "sq/19/dur/5.072", "duration": 5.072}, {"path": "sq/20/dur/5.072", "duration": 5.072}, {"path": "sq/21/dur/5.071", "duration": 5.071}, {"path": "sq/22/dur/5.072", "duration": 5.072}, {"path": "sq/23/dur/5.072", "duration": 5.072}, {"path": "sq/24/dur/2.870", "duration": 2.87}], "protocol": "http_dash_segments", "format": "135 - 854x480 (DASH video)", "http_headers": {"User-Agent": "Mozilla/5.0 (Windows NT 10.0; Win64; x64) AppleWebKit/537.36 (KHTML, like Gecko) Chrome/70.0.3538.31 Safari/537.36", "Accept-Charset": "ISO-8859-1,utf-8;q=0.7,*;q=0.7", "Accept": "text/html,application/xhtml+xml,application/xml;q=0.9,*/*;q=0.8", "Accept-Encoding": "gzip, deflate", "Accept-Language": "en-us,en;q=0.5"}}, {"ext": "mp4", "height": 720, "format_note": "DASH video", "vcodec": "avc1.640020", "fps": 60, "format_id": "298", "manifest_url": "https://manifest.googlevideo.com/api/manifest/dash/expire/1608485380/ei/pDXfX8TwEYvFrQTn14HYCQ/ip/140.109.135.76/id/70559d5a9cafc1a8/source/youtube/requiressl/yes/playback_host/r5---sn-5njj-u2xe.googlevideo.com/mh/cI/mm/31%2C29/mn/sn-5njj-u2xe%2Csn-un57sn7z/ms/au%2Crdu/mv/m/mvi/5/pl/16/hfr/all/as/fmp4_audio_clear%2Cwebm_audio_clear%2Cwebm2_audio_clear%2Cfmp4_sd_hd_clear%2Cwebm2_sd_hd_clear/initcwndbps/395000/vprv/1/mt/1608463244/fvip/5/keepalive/yes/itag/0/sparams/expire%2Cei%2Cip%2Cid%2Csource%2Crequiressl%2Chfr%2Cas%2Cvprv%2Citag/sig/AOq0QJ8wRgIhAPzEDMWNCRjapLRDgH_Ln9iEe9uFvCIRbsB-y-NlQbaaAiEAxOFrMolnRtNjYRLInxROtXRWYYYNaLeDHKjBk64yK8w%3D/lsparams/playback_host%2Cmh%2Cmm%2Cmn%2Cms%2Cmv%2Cmvi%2Cpl%2Cinitcwndbps/lsig/AG3C_xAwRgIhANFV5fYFTh1hwRXfdtxK4yjNij-KYlaXzK0D9Arii9jXAiEAtad_pa2FDsKu_gH3F5mlwOLhb7FmUqdqocSjw_ly3l8%3D", "width": 1280, "tbr": 1353.968, "asr": null, "language": null, "filesize": null, "container": "mp4_dash", "acodec": "none", "url": "https://manifest.googlevideo.com/api/manifest/dash/expire/1608485380/ei/pDXfX8TwEYvFrQTn14HYCQ/ip/140.109.135.76/id/70559d5a9cafc1a8/source/youtube/requiressl/yes/playback_host/r5---sn-5njj-u2xe.googlevideo.com/mh/cI/mm/31%2C29/mn/sn-5njj-u2xe%2Csn-un57sn7z/ms/au%2Crdu/mv/m/mvi/5/pl/16/hfr/all/as/fmp4_audio_clear%2Cwebm_audio_clear%2Cwebm2_audio_clear%2Cfmp4_sd_hd_clear%2Cwebm2_sd_hd_clear/initcwndbps/395000/vprv/1/mt/1608463244/fvip/5/keepalive/yes/itag/0/sparams/expire%2Cei%2Cip%2Cid%2Csource%2Crequiressl%2Chfr%2Cas%2Cvprv%2Citag/sig/AOq0QJ8wRgIhAPzEDMWNCRjapLRDgH_Ln9iEe9uFvCIRbsB-y-NlQbaaAiEAxOFrMolnRtNjYRLInxROtXRWYYYNaLeDHKjBk64yK8w%3D/lsparams/playback_host%2Cmh%2Cmm%2Cmn%2Cms%2Cmv%2Cmvi%2Cpl%2Cinitcwndbps/lsig/AG3C_xAwRgIhANFV5fYFTh1hwRXfdtxK4yjNij-KYlaXzK0D9Arii9jXAiEAtad_pa2FDsKu_gH3F5mlwOLhb7FmUqdqocSjw_ly3l8%3D", "fragment_base_url": "https://r5---sn-5njj-u2xe.googlevideo.com/videoplayback/expire/1608485380/ei/pDXfX8TwEYvFrQTn14HYCQ/ip/140.109.135.76/id/70559d5a9cafc1a8/itag/298/source/youtube/requiressl/yes/mh/cI/mm/31,29/mn/sn-5njj-u2xe,sn-un57sn7z/ms/au,rdu/mv/m/mvi/5/pl/16/initcwndbps/395000/vprv/1/ratebypass/yes/mime/video%2Fmp4/otfp/1/gir/yes/clen/16440843/lmt/1606088068738620/dur/119.519/mt/1608463244/fvip/5/keepalive/yes/sparams/expire,ei,ip,id,itag,source,requiressl,vprv,ratebypass,mime,otfp,gir,clen,lmt,dur/sig/AOq0QJ8wRgIhAOLcHI_vv2G_mvogPMgnUyC-0HhLRJHOHKux-N0yG_-pAiEAx9p1fkNmF3KDUyG-wv6uuLf1jfbbjbxq9s89yPSjJds%3D/lsparams/mh,mm,mn,ms,mv,mvi,pl,initcwndbps/lsig/AG3C_xAwRgIhANPmaOaPXxoUfaZj9C2nqzF8F-Ob7KK6Pn86xbp-WEZAAiEAif77BqqtkLnGhsUwTAQQ-wHdiUiqX8QXR4VewPmlWPo%3D/", "fragments": [{"path": "range/0-738"}, {"path": "range/1059-624252", "duration": 5.072}, {"path": "range/624253-1196695", "duration": 5.071}, {"path": "range/1196696-1802054", "duration": 5.072}, {"path": "range/1802055-2553563", "duration": 5.072}, {"path": "range/2553564-3068880", "duration": 5.072}, {"path": "range/3068881-3740051", "duration": 5.071}, {"path": "range/3740052-4432813", "duration": 5.072}, {"path": "range/4432814-5155074", "duration": 5.072}, {"path": "range/5155075-5845565", "duration": 5.072}, {"path": "range/5845566-6479840", "duration": 5.071}, {"path": "range/6479841-7106794", "duration": 5.072}, {"path": "range/7106795-7848027", "duration": 5.072}, {"path": "range/7848028-8435334", "duration": 5.072}, {"path": "range/8435335-9265618", "duration": 5.071}, {"path": "range/9265619-10069653", "duration": 5.072}, {"path": "range/10069654-10869634", "duration": 5.072}, {"path": "range/10869635-11691581", "duration": 5.071}, {"path": "range/11691582-12521787", "duration": 5.072}, {"path": "range/12521788-13336448", "duration": 5.072}, {"path": "range/13336449-14176846", "duration": 5.072}, {"path": "range/14176847-15035262", "duration": 5.071}, {"path": "range/15035263-15840557", "duration": 5.072}, {"path": "range/15840558-16257750", "duration": 5.072}, {"path": "range/16257751-16440842", "duration": 2.87}], "protocol": "http_dash_segments", "format": "298 - 1280x720 (DASH video)", "http_headers": {"User-Agent": "Mozilla/5.0 (Windows NT 10.0; Win64; x64) AppleWebKit/537.36 (KHTML, like Gecko) Chrome/70.0.3538.31 Safari/537.36", "Accept-Charset": "ISO-8859-1,utf-8;q=0.7,*;q=0.7", "Accept": "text/html,application/xhtml+xml,application/xml;q=0.9,*/*;q=0.8", "Accept-Encoding": "gzip, deflate", "Accept-Language": "en-us,en;q=0.5"}}, {"ext": "webm", "height": 720, "format_note": "DASH video", "vcodec": "vp9", "format_id": "247", "manifest_url": "https://manifest.googlevideo.com/api/manifest/dash/expire/1608485380/ei/pDXfX8TwEYvFrQTn14HYCQ/ip/140.109.135.76/id/70559d5a9cafc1a8/source/youtube/requiressl/yes/playback_host/r5---sn-5njj-u2xe.googlevideo.com/mh/cI/mm/31%2C29/mn/sn-5njj-u2xe%2Csn-un57sn7z/ms/au%2Crdu/mv/m/mvi/5/pl/16/hfr/all/as/fmp4_audio_clear%2Cwebm_audio_clear%2Cwebm2_audio_clear%2Cfmp4_sd_hd_clear%2Cwebm2_sd_hd_clear/initcwndbps/395000/vprv/1/mt/1608463244/fvip/5/keepalive/yes/itag/0/sparams/expire%2Cei%2Cip%2Cid%2Csource%2Crequiressl%2Chfr%2Cas%2Cvprv%2Citag/sig/AOq0QJ8wRgIhAPzEDMWNCRjapLRDgH_Ln9iEe9uFvCIRbsB-y-NlQbaaAiEAxOFrMolnRtNjYRLInxROtXRWYYYNaLeDHKjBk64yK8w%3D/lsparams/playback_host%2Cmh%2Cmm%2Cmn%2Cms%2Cmv%2Cmvi%2Cpl%2Cinitcwndbps/lsig/AG3C_xAwRgIhANFV5fYFTh1hwRXfdtxK4yjNij-KYlaXzK0D9Arii9jXAiEAtad_pa2FDsKu_gH3F5mlwOLhb7FmUqdqocSjw_ly3l8%3D", "width": 1280, "tbr": 1505.28, "asr": null, "fps": 30, "language": null, "filesize": null, "container": "webm_dash", "acodec": "none", "url": "https://manifest.googlevideo.com/api/manifest/dash/expire/1608485380/ei/pDXfX8TwEYvFrQTn14HYCQ/ip/140.109.135.76/id/70559d5a9cafc1a8/source/youtube/requiressl/yes/playback_host/r5---sn-5njj-u2xe.googlevideo.com/mh/cI/mm/31%2C29/mn/sn-5njj-u2xe%2Csn-un57sn7z/ms/au%2Crdu/mv/m/mvi/5/pl/16/hfr/all/as/fmp4_audio_clear%2Cwebm_audio_clear%2Cwebm2_audio_clear%2Cfmp4_sd_hd_clear%2Cwebm2_sd_hd_clear/initcwndbps/395000/vprv/1/mt/1608463244/fvip/5/keepalive/yes/itag/0/sparams/expire%2Cei%2Cip%2Cid%2Csource%2Crequiressl%2Chfr%2Cas%2Cvprv%2Citag/sig/AOq0QJ8wRgIhAPzEDMWNCRjapLRDgH_Ln9iEe9uFvCIRbsB-y-NlQbaaAiEAxOFrMolnRtNjYRLInxROtXRWYYYNaLeDHKjBk64yK8w%3D/lsparams/playback_host%2Cmh%2Cmm%2Cmn%2Cms%2Cmv%2Cmvi%2Cpl%2Cinitcwndbps/lsig/AG3C_xAwRgIhANFV5fYFTh1hwRXfdtxK4yjNij-KYlaXzK0D9Arii9jXAiEAtad_pa2FDsKu_gH3F5mlwOLhb7FmUqdqocSjw_ly3l8%3D", "fragment_base_url": "https://r5---sn-5njj-u2xe.googlevideo.com/videoplayback/expire/1608485380/ei/pDXfX8TwEYvFrQTn14HYCQ/ip/140.109.135.76/id/70559d5a9cafc1a8/itag/247/source/yt_otf/requiressl/yes/mh/cI/mm/31,29/mn/sn-5njj-u2xe,sn-un57sn7z/ms/au,rdu/mv/m/mvi/5/pl/16/initcwndbps/395000/vprv/1/ratebypass/yes/mime/video%2Fwebm/otfp/1/otf/1/lmt/1606088068738620/mt/1608463244/fvip/5/keepalive/yes/sparams/expire,ei,ip,id,itag,source,requiressl,vprv,ratebypass,mime,otfp,otf,lmt/sig/AOq0QJ8wRAIgCBeq1UdFbaVG_hL1vI-Rx2GSydPPySF9w7V52SjPgOgCIHFg9_YpVY7P7Ynz1Qv62-UQbws9uxgDC7zZLWk3PD3b/lsparams/mh,mm,mn,ms,mv,mvi,pl,initcwndbps/lsig/AG3C_xAwRQIgGDWD2lX8Smegq4pt5t7Xhndmr-uEWecU5jvzNxN_yYYCIQD3qgylv2CUtyXPopOvlm2dqV3I-wSGy6tUcRRc2d7h3w%3D%3D/", "fragments": [{"path": "sq/0"}, {"path": "sq/1/dur/5.072", "duration": 5.072}, {"path": "sq/2/dur/5.071", "duration": 5.071}, {"path": "sq/3/dur/5.072", "duration": 5.072}, {"path": "sq/4/dur/5.072", "duration": 5.072}, {"path": "sq/5/dur/5.072", "duration": 5.072}, {"path": "sq/6/dur/5.071", "duration": 5.071}, {"path": "sq/7/dur/5.072", "duration": 5.072}, {"path": "sq/8/dur/5.072", "duration": 5.072}, {"path": "sq/9/dur/5.072", "duration": 5.072}, {"path": "sq/10/dur/5.071", "duration": 5.071}, {"path": "sq/11/dur/5.072", "duration": 5.072}, {"path": "sq/12/dur/5.072", "duration": 5.072}, {"path": "sq/13/dur/5.072", "duration": 5.072}, {"path": "sq/14/dur/5.071", "duration": 5.071}, {"path": "sq/15/dur/5.072", "duration": 5.072}, {"path": "sq/16/dur/5.072", "duration": 5.072}, {"path": "sq/17/dur/5.071", "duration": 5.071}, {"path": "sq/18/dur/5.072", "duration": 5.072}, {"path": "sq/19/dur/5.072", "duration": 5.072}, {"path": "sq/20/dur/5.072", "duration": 5.072}, {"path": "sq/21/dur/5.071", "duration": 5.071}, {"path": "sq/22/dur/5.072", "duration": 5.072}, {"path": "sq/23/dur/5.072", "duration": 5.072}, {"path": "sq/24/dur/2.870", "duration": 2.87}], "protocol": "http_dash_segments", "format": "247 - 1280x720 (DASH video)", "http_headers": {"User-Agent": "Mozilla/5.0 (Windows NT 10.0; Win64; x64) AppleWebKit/537.36 (KHTML, like Gecko) Chrome/70.0.3538.31 Safari/537.36", "Accept-Charset": "ISO-8859-1,utf-8;q=0.7,*;q=0.7", "Accept": "text/html,application/xhtml+xml,application/xml;q=0.9,*/*;q=0.8", "Accept-Encoding": "gzip, deflate", "Accept-Language": "en-us,en;q=0.5"}}, {"ext": "mp4", "height": 720, "format_note": "DASH video", "vcodec": "avc1.4d400b", "format_id": "136", "manifest_url": "https://manifest.googlevideo.com/api/manifest/dash/expire/1608485380/ei/pDXfX8TwEYvFrQTn14HYCQ/ip/140.109.135.76/id/70559d5a9cafc1a8/source/youtube/requiressl/yes/playback_host/r5---sn-5njj-u2xe.googlevideo.com/mh/cI/mm/31%2C29/mn/sn-5njj-u2xe%2Csn-un57sn7z/ms/au%2Crdu/mv/m/mvi/5/pl/16/hfr/all/as/fmp4_audio_clear%2Cwebm_audio_clear%2Cwebm2_audio_clear%2Cfmp4_sd_hd_clear%2Cwebm2_sd_hd_clear/initcwndbps/395000/vprv/1/mt/1608463244/fvip/5/keepalive/yes/itag/0/sparams/expire%2Cei%2Cip%2Cid%2Csource%2Crequiressl%2Chfr%2Cas%2Cvprv%2Citag/sig/AOq0QJ8wRgIhAPzEDMWNCRjapLRDgH_Ln9iEe9uFvCIRbsB-y-NlQbaaAiEAxOFrMolnRtNjYRLInxROtXRWYYYNaLeDHKjBk64yK8w%3D/lsparams/playback_host%2Cmh%2Cmm%2Cmn%2Cms%2Cmv%2Cmvi%2Cpl%2Cinitcwndbps/lsig/AG3C_xAwRgIhANFV5fYFTh1hwRXfdtxK4yjNij-KYlaXzK0D9Arii9jXAiEAtad_pa2FDsKu_gH3F5mlwOLhb7FmUqdqocSjw_ly3l8%3D", "width": 1280, "tbr": 2310.0, "asr": null, "fps": 30, "language": null, "filesize": null, "container": "mp4_dash", "acodec": "none", "url": "https://manifest.googlevideo.com/api/manifest/dash/expire/1608485380/ei/pDXfX8TwEYvFrQTn14HYCQ/ip/140.109.135.76/id/70559d5a9cafc1a8/source/youtube/requiressl/yes/playback_host/r5---sn-5njj-u2xe.googlevideo.com/mh/cI/mm/31%2C29/mn/sn-5njj-u2xe%2Csn-un57sn7z/ms/au%2Crdu/mv/m/mvi/5/pl/16/hfr/all/as/fmp4_audio_clear%2Cwebm_audio_clear%2Cwebm2_audio_clear%2Cfmp4_sd_hd_clear%2Cwebm2_sd_hd_clear/initcwndbps/395000/vprv/1/mt/1608463244/fvip/5/keepalive/yes/itag/0/sparams/expire%2Cei%2Cip%2Cid%2Csource%2Crequiressl%2Chfr%2Cas%2Cvprv%2Citag/sig/AOq0QJ8wRgIhAPzEDMWNCRjapLRDgH_Ln9iEe9uFvCIRbsB-y-NlQbaaAiEAxOFrMolnRtNjYRLInxROtXRWYYYNaLeDHKjBk64yK8w%3D/lsparams/playback_host%2Cmh%2Cmm%2Cmn%2Cms%2Cmv%2Cmvi%2Cpl%2Cinitcwndbps/lsig/AG3C_xAwRgIhANFV5fYFTh1hwRXfdtxK4yjNij-KYlaXzK0D9Arii9jXAiEAtad_pa2FDsKu_gH3F5mlwOLhb7FmUqdqocSjw_ly3l8%3D", "fragment_base_url": "https://r5---sn-5njj-u2xe.googlevideo.com/videoplayback/expire/1608485380/ei/pDXfX8TwEYvFrQTn14HYCQ/ip/140.109.135.76/id/70559d5a9cafc1a8/itag/136/source/yt_otf/requiressl/yes/mh/cI/mm/31,29/mn/sn-5njj-u2xe,sn-un57sn7z/ms/au,rdu/mv/m/mvi/5/pl/16/initcwndbps/395000/vprv/1/ratebypass/yes/mime/video%2Fmp4/otfp/1/otf/1/lmt/1606088068738620/mt/1608463244/fvip/5/keepalive/yes/sparams/expire,ei,ip,id,itag,source,requiressl,vprv,ratebypass,mime,otfp,otf,lmt/sig/AOq0QJ8wRQIgUhS9_RBGpmF5QbXnkPnMEj05Qa7grorBHjRQVNwHNcACIQCyb7H7ktFfL8orfc6gEjm3CpGvpv1e4EDLwapm_doDbQ%3D%3D/lsparams/mh,mm,mn,ms,mv,mvi,pl,initcwndbps/lsig/AG3C_xAwRgIhAMi9tr2klLS4O4hBT75LFl4KUvm0b6VMy2cU1M05ScpfAiEAwtmChzZ4R-U2Ltgi2Bzx-lO9OjZHxa0iwI0QIizvQ8k%3D/", "fragments": [{"path": "sq/0"}, {"path": "sq/1/dur/5.072", "duration": 5.072}, {"path": "sq/2/dur/5.071", "duration": 5.071}, {"path": "sq/3/dur/5.072", "duration": 5.072}, {"path": "sq/4/dur/5.072", "duration": 5.072}, {"path": "sq/5/dur/5.072", "duration": 5.072}, {"path": "sq/6/dur/5.071", "duration": 5.071}, {"path": "sq/7/dur/5.072", "duration": 5.072}, {"path": "sq/8/dur/5.072", "duration": 5.072}, {"path": "sq/9/dur/5.072", "duration": 5.072}, {"path": "sq/10/dur/5.071", "duration": 5.071}, {"path": "sq/11/dur/5.072", "duration": 5.072}, {"path": "sq/12/dur/5.072", "duration": 5.072}, {"path": "sq/13/dur/5.072", "duration": 5.072}, {"path": "sq/14/dur/5.071", "duration": 5.071}, {"path": "sq/15/dur/5.072", "duration": 5.072}, {"path": "sq/16/dur/5.072", "duration": 5.072}, {"path": "sq/17/dur/5.071", "duration": 5.071}, {"path": "sq/18/dur/5.072", "duration": 5.072}, {"path": "sq/19/dur/5.072", "duration": 5.072}, {"path": "sq/20/dur/5.072", "duration": 5.072}, {"path": "sq/21/dur/5.071", "duration": 5.071}, {"path": "sq/22/dur/5.072", "duration": 5.072}, {"path": "sq/23/dur/5.072", "duration": 5.072}, {"path": "sq/24/dur/2.870", "duration": 2.87}], "protocol": "http_dash_segments", "format": "136 - 1280x720 (DASH video)", "http_headers": {"User-Agent": "Mozilla/5.0 (Windows NT 10.0; Win64; x64) AppleWebKit/537.36 (KHTML, like Gecko) Chrome/70.0.3538.31 Safari/537.36", "Accept-Charset": "ISO-8859-1,utf-8;q=0.7,*;q=0.7", "Accept": "text/html,application/xhtml+xml,application/xml;q=0.9,*/*;q=0.8", "Accept-Encoding": "gzip, deflate", "Accept-Language": "en-us,en;q=0.5"}}, {"ext": "webm", "height": 720, "format_note": "DASH video", "vcodec": "vp9", "fps": 60, "format_id": "302", "manifest_url": "https://manifest.googlevideo.com/api/manifest/dash/expire/1608485380/ei/pDXfX8TwEYvFrQTn14HYCQ/ip/140.109.135.76/id/70559d5a9cafc1a8/source/youtube/requiressl/yes/playback_host/r5---sn-5njj-u2xe.googlevideo.com/mh/cI/mm/31%2C29/mn/sn-5njj-u2xe%2Csn-un57sn7z/ms/au%2Crdu/mv/m/mvi/5/pl/16/hfr/all/as/fmp4_audio_clear%2Cwebm_audio_clear%2Cwebm2_audio_clear%2Cfmp4_sd_hd_clear%2Cwebm2_sd_hd_clear/initcwndbps/395000/vprv/1/mt/1608463244/fvip/5/keepalive/yes/itag/0/sparams/expire%2Cei%2Cip%2Cid%2Csource%2Crequiressl%2Chfr%2Cas%2Cvprv%2Citag/sig/AOq0QJ8wRgIhAPzEDMWNCRjapLRDgH_Ln9iEe9uFvCIRbsB-y-NlQbaaAiEAxOFrMolnRtNjYRLInxROtXRWYYYNaLeDHKjBk64yK8w%3D/lsparams/playback_host%2Cmh%2Cmm%2Cmn%2Cms%2Cmv%2Cmvi%2Cpl%2Cinitcwndbps/lsig/AG3C_xAwRgIhANFV5fYFTh1hwRXfdtxK4yjNij-KYlaXzK0D9Arii9jXAiEAtad_pa2FDsKu_gH3F5mlwOLhb7FmUqdqocSjw_ly3l8%3D", "width": 1280, "tbr": 2646.0, "asr": null, "language": null, "filesize": null, "container": "webm_dash", "acodec": "none", "url": "https://manifest.googlevideo.com/api/manifest/dash/expire/1608485380/ei/pDXfX8TwEYvFrQTn14HYCQ/ip/140.109.135.76/id/70559d5a9cafc1a8/source/youtube/requiressl/yes/playback_host/r5---sn-5njj-u2xe.googlevideo.com/mh/cI/mm/31%2C29/mn/sn-5njj-u2xe%2Csn-un57sn7z/ms/au%2Crdu/mv/m/mvi/5/pl/16/hfr/all/as/fmp4_audio_clear%2Cwebm_audio_clear%2Cwebm2_audio_clear%2Cfmp4_sd_hd_clear%2Cwebm2_sd_hd_clear/initcwndbps/395000/vprv/1/mt/1608463244/fvip/5/keepalive/yes/itag/0/sparams/expire%2Cei%2Cip%2Cid%2Csource%2Crequiressl%2Chfr%2Cas%2Cvprv%2Citag/sig/AOq0QJ8wRgIhAPzEDMWNCRjapLRDgH_Ln9iEe9uFvCIRbsB-y-NlQbaaAiEAxOFrMolnRtNjYRLInxROtXRWYYYNaLeDHKjBk64yK8w%3D/lsparams/playback_host%2Cmh%2Cmm%2Cmn%2Cms%2Cmv%2Cmvi%2Cpl%2Cinitcwndbps/lsig/AG3C_xAwRgIhANFV5fYFTh1hwRXfdtxK4yjNij-KYlaXzK0D9Arii9jXAiEAtad_pa2FDsKu_gH3F5mlwOLhb7FmUqdqocSjw_ly3l8%3D", "fragment_base_url": "https://r5---sn-5njj-u2xe.googlevideo.com/videoplayback/expire/1608485380/ei/pDXfX8TwEYvFrQTn14HYCQ/ip/140.109.135.76/id/70559d5a9cafc1a8/itag/302/source/yt_otf/requiressl/yes/mh/cI/mm/31,29/mn/sn-5njj-u2xe,sn-un57sn7z/ms/au,rdu/mv/m/mvi/5/pl/16/initcwndbps/395000/vprv/1/ratebypass/yes/mime/video%2Fwebm/otfp/1/otf/1/lmt/1606088068738620/mt/1608463244/fvip/5/keepalive/yes/sparams/expire,ei,ip,id,itag,source,requiressl,vprv,ratebypass,mime,otfp,otf,lmt/sig/AOq0QJ8wRgIhAIWSvi6PL7Evnxk2JjhY-IEEi10vgcbo7wsOjjrFfxkXAiEAgI4MqcQBt_cxCI8h_uubqclb3QI_Zjlw0jlY6icVnpo%3D/lsparams/mh,mm,mn,ms,mv,mvi,pl,initcwndbps/lsig/AG3C_xAwRgIhAK77IJpWh3cJ6WKgwCvw-MmBts3b5n4D2QZSu_kj7XYyAiEAwh6fvciee_zNXGIsqoyKRu0kdcSxxBaERA7KMR7TAUE%3D/", "fragments": [{"path": "sq/0"}, {"path": "sq/1/dur/5.072", "duration": 5.072}, {"path": "sq/2/dur/5.071", "duration": 5.071}, {"path": "sq/3/dur/5.072", "duration": 5.072}, {"path": "sq/4/dur/5.072", "duration": 5.072}, {"path": "sq/5/dur/5.072", "duration": 5.072}, {"path": "sq/6/dur/5.071", "duration": 5.071}, {"path": "sq/7/dur/5.072", "duration": 5.072}, {"path": "sq/8/dur/5.072", "duration": 5.072}, {"path": "sq/9/dur/5.072", "duration": 5.072}, {"path": "sq/10/dur/5.071", "duration": 5.071}, {"path": "sq/11/dur/5.072", "duration": 5.072}, {"path": "sq/12/dur/5.072", "duration": 5.072}, {"path": "sq/13/dur/5.072", "duration": 5.072}, {"path": "sq/14/dur/5.071", "duration": 5.071}, {"path": "sq/15/dur/5.072", "duration": 5.072}, {"path": "sq/16/dur/5.072", "duration": 5.072}, {"path": "sq/17/dur/5.071", "duration": 5.071}, {"path": "sq/18/dur/5.072", "duration": 5.072}, {"path": "sq/19/dur/5.072", "duration": 5.072}, {"path": "sq/20/dur/5.072", "duration": 5.072}, {"path": "sq/21/dur/5.071", "duration": 5.071}, {"path": "sq/22/dur/5.072", "duration": 5.072}, {"path": "sq/23/dur/5.072", "duration": 5.072}, {"path": "sq/24/dur/2.870", "duration": 2.87}], "protocol": "http_dash_segments", "format": "302 - 1280x720 (DASH video)", "http_headers": {"User-Agent": "Mozilla/5.0 (Windows NT 10.0; Win64; x64) AppleWebKit/537.36 (KHTML, like Gecko) Chrome/70.0.3538.31 Safari/537.36", "Accept-Charset": "ISO-8859-1,utf-8;q=0.7,*;q=0.7", "Accept": "text/html,application/xhtml+xml,application/xml;q=0.9,*/*;q=0.8", "Accept-Encoding": "gzip, deflate", "Accept-Language": "en-us,en;q=0.5"}}, {"format_id": "18", "url": "https://r5---sn-5njj-u2xe.googlevideo.com/videoplayback?expire=1608485380&ei=pDXfX8TwEYvFrQTn14HYCQ&ip=140.109.135.76&id=o-AM1oWQKHdx-kDgOgk7WG1RP9cTCiHuG1D_LjKDece20N&itag=18&source=youtube&requiressl=yes&mh=cI&mm=31%2C29&mn=sn-5njj-u2xe%2Csn-un57sn7z&ms=au%2Crdu&mv=m&mvi=5&pl=16&initcwndbps=395000&vprv=1&mime=video%2Fmp4&ns=L_i8wZPDrZ7GrmR8PXZJSUkF&gir=yes&clen=4861712&ratebypass=yes&dur=119.582&lmt=1606088066167355&mt=1608463244&fvip=5&c=WEB&txp=6210222&n=U0ixWXHbTEHHKn4S_&sparams=expire%2Cei%2Cip%2Cid%2Citag%2Csource%2Crequiressl%2Cvprv%2Cmime%2Cns%2Cgir%2Cclen%2Cratebypass%2Cdur%2Clmt&sig=AOq0QJ8wRQIhALapjDcY30xGbPY-HONZzQPGkUMFxTWo8TsqwRMIgqVEAiBqauASMhz09lvC8IMVH5ylfYXiWaFYLBXrrLcH5Dp66w%3D%3D&lsparams=mh%2Cmm%2Cmn%2Cms%2Cmv%2Cmvi%2Cpl%2Cinitcwndbps&lsig=AG3C_xAwRQIhALMWqNP6EAT6zRwweauoG4g7ELHP0Vp6rjRIgk7BD-9LAiAUeo1cKDN2573uMKHGaI3ULbmuXTFew641_19a5FMC3w%3D%3D", "player_url": null, "ext": "mp4", "width": 640, "height": 360, "acodec": "mp4a.40.2", "abr": 96, "vcodec": "avc1.42001E", "asr": 44100, "filesize": 4861712, "format_note": "360p", "fps": 30, "tbr": 325.418, "format": "18 - 640x360 (360p)", "protocol": "https", "http_headers": {"User-Agent": "Mozilla/5.0 (Windows NT 10.0; Win64; x64) AppleWebKit/537.36 (KHTML, like Gecko) Chrome/70.0.3538.31 Safari/537.36", "Accept-Charset": "ISO-8859-1,utf-8;q=0.7,*;q=0.7", "Accept": "text/html,application/xhtml+xml,application/xml;q=0.9,*/*;q=0.8", "Accept-Encoding": "gzip, deflate", "Accept-Language": "en-us,en;q=0.5"}}], "is_live": null, "start_time": null, "end_time": null, "series": null, "season_number": null, "episode_number": null, "track": null, "artist": null, "album": null, "release_date": null, "release_year": null, "extractor": "youtube", "webpage_url_basename": "watch", "extractor_key": "Youtube", "playlist": null, "playlist_index": null, "thumbnail": "https://i.ytimg.com/vi_webp/cFWdWpyvwag/maxresdefault.webp", "display_id": "cFWdWpyvwag", "requested_subtitles": null, "ext": "webm", "format_note": "DASH audio", "acodec": "opus", "abr": 160, "format_id": "251", "manifest_url": "https://manifest.googlevideo.com/api/manifest/dash/expire/1608485380/ei/pDXfX8TwEYvFrQTn14HYCQ/ip/140.109.135.76/id/70559d5a9cafc1a8/source/youtube/requiressl/yes/playback_host/r5---sn-5njj-u2xe.googlevideo.com/mh/cI/mm/31%2C29/mn/sn-5njj-u2xe%2Csn-un57sn7z/ms/au%2Crdu/mv/m/mvi/5/pl/16/hfr/all/as/fmp4_audio_clear%2Cwebm_audio_clear%2Cwebm2_audio_clear%2Cfmp4_sd_hd_clear%2Cwebm2_sd_hd_clear/initcwndbps/395000/vprv/1/mt/1608463244/fvip/5/keepalive/yes/itag/0/sparams/expire%2Cei%2Cip%2Cid%2Csource%2Crequiressl%2Chfr%2Cas%2Cvprv%2Citag/sig/AOq0QJ8wRgIhAPzEDMWNCRjapLRDgH_Ln9iEe9uFvCIRbsB-y-NlQbaaAiEAxOFrMolnRtNjYRLInxROtXRWYYYNaLeDHKjBk64yK8w%3D/lsparams/playback_host%2Cmh%2Cmm%2Cmn%2Cms%2Cmv%2Cmvi%2Cpl%2Cinitcwndbps/lsig/AG3C_xAwRgIhANFV5fYFTh1hwRXfdtxK4yjNij-KYlaXzK0D9Arii9jXAiEAtad_pa2FDsKu_gH3F5mlwOLhb7FmUqdqocSjw_ly3l8%3D", "width": null, "height": null, "tbr": 159.148, "asr": 48000, "fps": null, "language": null, "filesize": null, "container": "webm_dash", "vcodec": "none", "url": "https://manifest.googlevideo.com/api/manifest/dash/expire/1608485380/ei/pDXfX8TwEYvFrQTn14HYCQ/ip/140.109.135.76/id/70559d5a9cafc1a8/source/youtube/requiressl/yes/playback_host/r5---sn-5njj-u2xe.googlevideo.com/mh/cI/mm/31%2C29/mn/sn-5njj-u2xe%2Csn-un57sn7z/ms/au%2Crdu/mv/m/mvi/5/pl/16/hfr/all/as/fmp4_audio_clear%2Cwebm_audio_clear%2Cwebm2_audio_clear%2Cfmp4_sd_hd_clear%2Cwebm2_sd_hd_clear/initcwndbps/395000/vprv/1/mt/1608463244/fvip/5/keepalive/yes/itag/0/sparams/expire%2Cei%2Cip%2Cid%2Csource%2Crequiressl%2Chfr%2Cas%2Cvprv%2Citag/sig/AOq0QJ8wRgIhAPzEDMWNCRjapLRDgH_Ln9iEe9uFvCIRbsB-y-NlQbaaAiEAxOFrMolnRtNjYRLInxROtXRWYYYNaLeDHKjBk64yK8w%3D/lsparams/playback_host%2Cmh%2Cmm%2Cmn%2Cms%2Cmv%2Cmvi%2Cpl%2Cinitcwndbps/lsig/AG3C_xAwRgIhANFV5fYFTh1hwRXfdtxK4yjNij-KYlaXzK0D9Arii9jXAiEAtad_pa2FDsKu_gH3F5mlwOLhb7FmUqdqocSjw_ly3l8%3D", "fragment_base_url": "https://r5---sn-5njj-u2xe.googlevideo.com/videoplayback/expire/1608485380/ei/pDXfX8TwEYvFrQTn14HYCQ/ip/140.109.135.76/id/70559d5a9cafc1a8/itag/251/source/youtube/requiressl/yes/mh/cI/mm/31,29/mn/sn-5njj-u2xe,sn-un57sn7z/ms/au,rdu/mv/m/mvi/5/pl/16/initcwndbps/395000/vprv/1/ratebypass/yes/mime/audio%2Fwebm/otfp/1/gir/yes/clen/2239718/lmt/1606088060254433/dur/119.541/mt/1608463244/fvip/5/keepalive/yes/sparams/expire,ei,ip,id,itag,source,requiressl,vprv,ratebypass,mime,otfp,gir,clen,lmt,dur/sig/AOq0QJ8wRQIgBizBPPEb4WfWD3liqoWJhT-O_zyWH0yBvOJ-bKAyoeMCIQDe958syFih74CTdLW4rsdnK9JdwdvtoqL5xewtnu49tQ%3D%3D/lsparams/mh,mm,mn,ms,mv,mvi,pl,initcwndbps/lsig/AG3C_xAwRAIgGG6Dw1SDUceI86wuW16A5_h-puTY-gDfvvvowAnrdGICIAOHW5vWsoTfQtE6KgyJ8cC6ufj8ihySSXDMDD_j9-Ru/", "fragments": [{"path": "range/0-258"}, {"path": "range/460-174665", "duration": 10.001}, {"path": "range/174666-366770", "duration": 10.0}, {"path": "range/366771-565706", "duration": 10.0}, {"path": "range/565707-755636", "duration": 10.0}, {"path": "range/755637-949422", "duration": 10.0}, {"path": "range/949423-1138153", "duration": 10.0}, {"path": "range/1138154-1329596", "duration": 10.0}, {"path": "range/1329597-1522504", "duration": 10.0}, {"path": "range/1522505-1713530", "duration": 10.0}, {"path": "range/1713531-1898511", "duration": 10.0}, {"path": "range/1898512-2079208", "duration": 10.0}, {"path": "range/2079209-2239717", "duration": 9.54}], "protocol": "http_dash_segments", "format": "251 - audio only (DASH audio)", "http_headers": {"User-Agent": "Mozilla/5.0 (Windows NT 10.0; Win64; x64) AppleWebKit/537.36 (KHTML, like Gecko) Chrome/70.0.3538.31 Safari/537.36", "Accept-Charset": "ISO-8859-1,utf-8;q=0.7,*;q=0.7", "Accept": "text/html,application/xhtml+xml,application/xml;q=0.9,*/*;q=0.8", "Accept-Encoding": "gzip, deflate", "Accept-Language": "en-us,en;q=0.5"}}