{"id": "CxFXrYgdSSI", "uploader": "Epidemic Relax", "uploader_id": "UCx7SnEbCAGzBtxqvBvSIAWA", "uploader_url": "http://www.youtube.com/channel/UCx7SnEbCAGzBtxqvBvSIAWA", "channel_id": "UCx7SnEbCAGzBtxqvBvSIAWA", "channel_url": "http://www.youtube.com/channel/UCx7SnEbCAGzBtxqvBvSIAWA", "upload_date": "20200918", "license": null, "creator": null, "title": "Johannes Bornl\u00f6f - Declaration (Cinematic Mood Video)", "alt_title": null, "thumbnails": [{"url": "https://i.ytimg.com/vi/CxFXrYgdSSI/hqdefault.jpg?sqp=-oaymwEYCKgBEF5IVfKriqkDCwgBFQAAiEIYAXAB&rs=AOn4CLDj_HhonpF57a3Ss6csCoaY9ghC-Q", "width": 168, "height": 94, "resolution": "168x94", "id": "0"}, {"url": "https://i.ytimg.com/vi/CxFXrYgdSSI/hqdefault.jpg?sqp=-oaymwEYCMQBEG5IVfKriqkDCwgBFQAAiEIYAXAB&rs=AOn4CLB_ofKySyIhEO-BpYtLGcQMQwUnFA", "width": 196, "height": 110, "resolution": "196x110", "id": "1"}, {"url": "https://i.ytimg.com/vi/CxFXrYgdSSI/hqdefault.jpg?sqp=-oaymwEZCPYBEIoBSFXyq4qpAwsIARUAAIhCGAFwAQ==&rs=AOn4CLAVg5s2JNQOjsgtx17qZLkkJ2EzCA", "width": 246, "height": 138, "resolution": "246x138", "id": "2"}, {"url": "https://i.ytimg.com/vi/CxFXrYgdSSI/hqdefault.jpg?sqp=-oaymwEZCNACELwBSFXyq4qpAwsIARUAAIhCGAFwAQ==&rs=AOn4CLB__Ibk5BLKUPO3j2KLU8xGVfZJjA", "width": 336, "height": 188, "resolution": "336x188", "id": "3"}, {"url": "https://i.ytimg.com/vi/CxFXrYgdSSI/maxresdefault.jpg", "width": 1920, "height": 1080, "resolution": "1920x1080", "id": "4"}], "description": "Listen to our relaxing playlist: https://www.youtube.com/playlist?list=PL42LpDafHrkiDecHF1w46WUXsucok2gJc\nSubscribe for more relaxing music! \ud83c\udfb6\n\nListen to Epidemic Relax on Spotify: link.epidemicsound.com/Relax-Playlist\n\n\nOfficial cinematic mood video for 'Declaration' by Johannes Bornl\u00f6f.\n\nBe a part of our community and discover new music: http://link.epidemicsound.com/RelaxNews\n\nSubscribe for more relaxing music! \ud83c\udfb6\n\nListen to Johannes Bornl\u00f6f on Spotify, Apple Music and more:  http://link.epidemicsound.com/JohannesBornlof\nFollow Johannes Bornl\u00f6f on Instagram: https://www.instagram.com/johannesbornlofcomposer/\n\n\ud83c\udfb6 Use this track in your videos: https://www.epidemicsound.com/creator-subscription/?utm_source=YT_ES&utm_medium=organic&_us=YT_ES&_usx=VideoDesc&utm_campaign=VideoDescEpidemicRelax\n\n\ud83c\udfb6 Download the track of the month: http://link.epidemicsound.com/relax-freetrack\n\n#epidemicrelax #ESmusic", "categories": ["Music"], "tags": ["Focus relax music music for studying music for relaxing sleep music sentimental music restless", "ambient", "calm", "pacific", "peaceful", "placid", "quiet", "serene", "tranquil", "calming", "comforting", "dreamy", "lulling", "pacifying", "quieting", "relaxing", "hypnotic", "antistress"], "subtitles": {}, "automatic_captions": {}, "duration": 233, "age_limit": 0, "annotations": null, "chapters": null, "webpage_url": "https://www.youtube.com/watch?v=CxFXrYgdSSI", "view_count": 9277, "like_count": 231, "dislike_count": 7, "average_rating": 4.8823528, "formats": [{"format_id": "249", "url": "https://r4---sn-5njj-u2xe.googlevideo.com/videoplayback?expire=1608485427&ei=0zXfX96OC4WfrQTqm46YCQ&ip=140.109.135.76&id=o-AHsTZYhEsN1Xn2z5WtoMdqxDbn9Jp-r6e2ttothTRFTZ&itag=249&source=youtube&requiressl=yes&mh=yO&mm=31%2C29&mn=sn-5njj-u2xe%2Csn-un57en7e&ms=au%2Crdu&mv=m&mvi=4&pl=16&initcwndbps=395000&vprv=1&mime=audio%2Fwebm&ns=OHLRTviunUqR59ZjnZ5Vk7AF&gir=yes&clen=1660063&dur=233.221&lmt=1599552410573308&mt=1608463244&fvip=4&keepalive=yes&c=WEB&txp=6211222&n=yD8phoMMdv5CmporX&sparams=expire%2Cei%2Cip%2Cid%2Citag%2Csource%2Crequiressl%2Cvprv%2Cmime%2Cns%2Cgir%2Cclen%2Cdur%2Clmt&lsparams=mh%2Cmm%2Cmn%2Cms%2Cmv%2Cmvi%2Cpl%2Cinitcwndbps&lsig=AG3C_xAwRgIhAILgty1QS0-_eEvCZWwm1-e5QVjqXQ2y9LW7folgDJM_AiEAtY_0Gds7GFroV2rJJTT_NJtxK9lIHfGVIO2edxzxfhI%3D&sig=AOq0QJ8wRAIgFmrl1EPWa9dTEWHaN7EC9zSsIFPKmkCpHxYjACDfrMMCIEc9vvcghLnM2Gg-tBBMVc8RdbHIDhWjQyroui6rJxIO&ratebypass=yes", "player_url": "/s/player/2e6e57d8/player_ias.vflset/en_US/base.js", "ext": "webm", "format_note": "tiny", "acodec": "opus", "abr": 50, "asr": 48000, "filesize": 1660063, "fps": null, "height": null, "tbr": 61.157, "width": null, "vcodec": "none", "downloader_options": {"http_chunk_size": 10485760}, "format": "249 - audio only (tiny)", "protocol": "https", "http_headers": {"User-Agent": "Mozilla/5.0 (Windows NT 10.0; Win64; x64) AppleWebKit/537.36 (KHTML, like Gecko) Chrome/70.0.3538.31 Safari/537.36", "Accept-Charset": "ISO-8859-1,utf-8;q=0.7,*;q=0.7", "Accept": "text/html,application/xhtml+xml,application/xml;q=0.9,*/*;q=0.8", "Accept-Encoding": "gzip, deflate", "Accept-Language": "en-us,en;q=0.5"}}, {"format_id": "250", "url": "https://r4---sn-5njj-u2xe.googlevideo.com/videoplayback?expire=1608485427&ei=0zXfX96OC4WfrQTqm46YCQ&ip=140.109.135.76&id=o-AHsTZYhEsN1Xn2z5WtoMdqxDbn9Jp-r6e2ttothTRFTZ&itag=250&source=youtube&requiressl=yes&mh=yO&mm=31%2C29&mn=sn-5njj-u2xe%2Csn-un57en7e&ms=au%2Crdu&mv=m&mvi=4&pl=16&initcwndbps=395000&vprv=1&mime=audio%2Fwebm&ns=OHLRTviunUqR59ZjnZ5Vk7AF&gir=yes&clen=2197290&dur=233.221&lmt=1599552409373215&mt=1608463244&fvip=4&keepalive=yes&c=WEB&txp=6211222&n=yD8phoMMdv5CmporX&sparams=expire%2Cei%2Cip%2Cid%2Citag%2Csource%2Crequiressl%2Cvprv%2Cmime%2Cns%2Cgir%2Cclen%2Cdur%2Clmt&lsparams=mh%2Cmm%2Cmn%2Cms%2Cmv%2Cmvi%2Cpl%2Cinitcwndbps&lsig=AG3C_xAwRQIgLw0kRzMqFg1m3hBjxMVMYIOgvqsyFo2OrXE7j933iLkCIQCqf6xMVLG4sF6SZ-6TjPHHVO8e8yX6UMJcctjvo1KHRg%3D%3D&sig=AOq0QJ8wRgIhANR28OJDbi0Y7grh0XAnFH-3U55UTleWJxOhmPRzJXbJAiEAjlmSvQ_YL89JdKfugyOXgy5bKbaI9mUtbSvFgyiGFkE=&ratebypass=yes", "player_url": "/s/player/2e6e57d8/player_ias.vflset/en_US/base.js", "ext": "webm", "format_note": "tiny", "acodec": "opus", "abr": 70, "asr": 48000, "filesize": 2197290, "fps": null, "height": null, "tbr": 80.014, "width": null, "vcodec": "none", "downloader_options": {"http_chunk_size": 10485760}, "format": "250 - audio only (tiny)", "protocol": "https", "http_headers": {"User-Agent": "Mozilla/5.0 (Windows NT 10.0; Win64; x64) AppleWebKit/537.36 (KHTML, like Gecko) Chrome/70.0.3538.31 Safari/537.36", "Accept-Charset": "ISO-8859-1,utf-8;q=0.7,*;q=0.7", "Accept": "text/html,application/xhtml+xml,application/xml;q=0.9,*/*;q=0.8", "Accept-Encoding": "gzip, deflate", "Accept-Language": "en-us,en;q=0.5"}}, {"format_id": "140", "url": "https://r4---sn-5njj-u2xe.googlevideo.com/videoplayback?expire=1608485427&ei=0zXfX96OC4WfrQTqm46YCQ&ip=140.109.135.76&id=o-AHsTZYhEsN1Xn2z5WtoMdqxDbn9Jp-r6e2ttothTRFTZ&itag=140&source=youtube&requiressl=yes&mh=yO&mm=31%2C29&mn=sn-5njj-u2xe%2Csn-un57en7e&ms=au%2Crdu&mv=m&mvi=4&pl=16&initcwndbps=395000&vprv=1&mime=audio%2Fmp4&ns=OHLRTviunUqR59ZjnZ5Vk7AF&gir=yes&clen=3775914&dur=233.267&lmt=1599552410978647&mt=1608463244&fvip=4&keepalive=yes&c=WEB&txp=6211222&n=yD8phoMMdv5CmporX&sparams=expire%2Cei%2Cip%2Cid%2Citag%2Csource%2Crequiressl%2Cvprv%2Cmime%2Cns%2Cgir%2Cclen%2Cdur%2Clmt&lsparams=mh%2Cmm%2Cmn%2Cms%2Cmv%2Cmvi%2Cpl%2Cinitcwndbps&lsig=AG3C_xAwRQIgSKbCsPlRCvyV1qi-6O1aIGYlkgBzdm8kK6Eas6yG5vgCIQDnmXfp_w1sDoSYxOju2ZzQRF40WM1Ne311XS52Tz0_Hw%3D%3D&sig=AOq0QJ8wRQIhAKKj_LgqwENX9HfbqTVtAFlOM4Yh9qW5Aqly7AeY2JxiAiBR7KfuIVIM79UD-pvdlZ1pbf1HIb6_Fmyr3EftL7Iung==&ratebypass=yes", "player_url": "/s/player/2e6e57d8/player_ias.vflset/en_US/base.js", "ext": "m4a", "format_note": "tiny", "acodec": "mp4a.40.2", "abr": 128, "container": "m4a_dash", "asr": 44100, "filesize": 3775914, "fps": null, "height": null, "tbr": 130.467, "width": null, "vcodec": "none", "downloader_options": {"http_chunk_size": 10485760}, "format": "140 - audio only (tiny)", "protocol": "https", "http_headers": {"User-Agent": "Mozilla/5.0 (Windows NT 10.0; Win64; x64) AppleWebKit/537.36 (KHTML, like Gecko) Chrome/70.0.3538.31 Safari/537.36", "Accept-Charset": "ISO-8859-1,utf-8;q=0.7,*;q=0.7", "Accept": "text/html,application/xhtml+xml,application/xml;q=0.9,*/*;q=0.8", "Accept-Encoding": "gzip, deflate", "Accept-Language": "en-us,en;q=0.5"}}, {"format_id": "251", "url": "https://r4---sn-5njj-u2xe.googlevideo.com/videoplayback?expire=1608485427&ei=0zXfX96OC4WfrQTqm46YCQ&ip=140.109.135.76&id=o-AHsTZYhEsN1Xn2z5WtoMdqxDbn9Jp-r6e2ttothTRFTZ&itag=251&source=youtube&requiressl=yes&mh=yO&mm=31%2C29&mn=sn-5njj-u2xe%2Csn-un57en7e&ms=au%2Crdu&mv=m&mvi=4&pl=16&initcwndbps=395000&vprv=1&mime=audio%2Fwebm&ns=OHLRTviunUqR59ZjnZ5Vk7AF&gir=yes&clen=4286146&dur=233.221&lmt=1599552409769787&mt=1608463244&fvip=4&keepalive=yes&c=WEB&txp=6211222&n=yD8phoMMdv5CmporX&sparams=expire%2Cei%2Cip%2Cid%2Citag%2Csource%2Crequiressl%2Cvprv%2Cmime%2Cns%2Cgir%2Cclen%2Cdur%2Clmt&lsparams=mh%2Cmm%2Cmn%2Cms%2Cmv%2Cmvi%2Cpl%2Cinitcwndbps&lsig=AG3C_xAwRQIgIuHIuCigwVa4oShOe8sgc-DdIAqo7sEqKvvt_PSlPpACIQD7J2RBLBzly9qG7tvSCD5kTOoBIJDlCarmgmpwVQ1p7w%3D%3D&sig=AOq0QJ8wRgIhAOdbVdmkzc4sWCnQ-tr6JWxnDmTOyyIJBwY5p_Vs20HFAiEAsoah5pw9Sq_u_BzJiLNNMueDHGZfVyz-DI5ldwkLYwU=&ratebypass=yes", "player_url": "/s/player/2e6e57d8/player_ias.vflset/en_US/base.js", "ext": "webm", "format_note": "tiny", "acodec": "opus", "abr": 160, "asr": 48000, "filesize": 4286146, "fps": null, "height": null, "tbr": 153.682, "width": null, "vcodec": "none", "downloader_options": {"http_chunk_size": 10485760}, "format": "251 - audio only (tiny)", "protocol": "https", "http_headers": {"User-Agent": "Mozilla/5.0 (Windows NT 10.0; Win64; x64) AppleWebKit/537.36 (KHTML, like Gecko) Chrome/70.0.3538.31 Safari/537.36", "Accept-Charset": "ISO-8859-1,utf-8;q=0.7,*;q=0.7", "Accept": "text/html,application/xhtml+xml,application/xml;q=0.9,*/*;q=0.8", "Accept-Encoding": "gzip, deflate", "Accept-Language": "en-us,en;q=0.5"}}, {"format_id": "278", "url": "https://r4---sn-5njj-u2xe.googlevideo.com/videoplayback?expire=1608485427&ei=0zXfX96OC4WfrQTqm46YCQ&ip=140.109.135.76&id=o-AHsTZYhEsN1Xn2z5WtoMdqxDbn9Jp-r6e2ttothTRFTZ&itag=278&aitags=133%2C134%2C135%2C136%2C137%2C160%2C242%2C243%2C244%2C247%2C248%2C271%2C278%2C313&source=youtube&requiressl=yes&mh=yO&mm=31%2C29&mn=sn-5njj-u2xe%2Csn-un57en7e&ms=au%2Crdu&mv=m&mvi=4&pl=16&initcwndbps=395000&vprv=1&mime=video%2Fwebm&ns=OHLRTviunUqR59ZjnZ5Vk7AF&gir=yes&clen=2323542&dur=233.200&lmt=1599552438725174&mt=1608463244&fvip=4&keepalive=yes&c=WEB&txp=6216222&n=yD8phoMMdv5CmporX&sparams=expire%2Cei%2Cip%2Cid%2Caitags%2Csource%2Crequiressl%2Cvprv%2Cmime%2Cns%2Cgir%2Cclen%2Cdur%2Clmt&lsparams=mh%2Cmm%2Cmn%2Cms%2Cmv%2Cmvi%2Cpl%2Cinitcwndbps&lsig=AG3C_xAwRQIgPXaMAf8ty3wJsDOFmIvFgRfFMPwOckedCUQk-F5WXDwCIQDlggFjDVmaOrOFGEvn4aC_n_CL_hYniYYzsY2Lm41XGA%3D%3D&sig=AOq0QJ8wRQIgV9-TVxyPAno3FKNDd3SziLvRRiGz7L8M_k7BQbqbEykCIQDmqR9byYtdw40UGsuW1y4lG8m1q-ktuwYtxzGA6PgBhQ==&ratebypass=yes", "player_url": "/s/player/2e6e57d8/player_ias.vflset/en_US/base.js", "ext": "webm", "height": 144, "format_note": "144p", "container": "webm", "vcodec": "vp9", "asr": null, "filesize": 2323542, "fps": 25, "tbr": 108.207, "width": 256, "acodec": "none", "downloader_options": {"http_chunk_size": 10485760}, "format": "278 - 256x144 (144p)", "protocol": "https", "http_headers": {"User-Agent": "Mozilla/5.0 (Windows NT 10.0; Win64; x64) AppleWebKit/537.36 (KHTML, like Gecko) Chrome/70.0.3538.31 Safari/537.36", "Accept-Charset": "ISO-8859-1,utf-8;q=0.7,*;q=0.7", "Accept": "text/html,application/xhtml+xml,application/xml;q=0.9,*/*;q=0.8", "Accept-Encoding": "gzip, deflate", "Accept-Language": "en-us,en;q=0.5"}}, {"format_id": "160", "url": "https://r4---sn-5njj-u2xe.googlevideo.com/videoplayback?expire=1608485427&ei=0zXfX96OC4WfrQTqm46YCQ&ip=140.109.135.76&id=o-AHsTZYhEsN1Xn2z5WtoMdqxDbn9Jp-r6e2ttothTRFTZ&itag=160&aitags=133%2C134%2C135%2C136%2C137%2C160%2C242%2C243%2C244%2C247%2C248%2C271%2C278%2C313&source=youtube&requiressl=yes&mh=yO&mm=31%2C29&mn=sn-5njj-u2xe%2Csn-un57en7e&ms=au%2Crdu&mv=m&mvi=4&pl=16&initcwndbps=395000&vprv=1&mime=video%2Fmp4&ns=OHLRTviunUqR59ZjnZ5Vk7AF&gir=yes&clen=2408773&dur=233.200&lmt=1599552464660480&mt=1608463244&fvip=4&keepalive=yes&c=WEB&txp=6216222&n=yD8phoMMdv5CmporX&sparams=expire%2Cei%2Cip%2Cid%2Caitags%2Csource%2Crequiressl%2Cvprv%2Cmime%2Cns%2Cgir%2Cclen%2Cdur%2Clmt&lsparams=mh%2Cmm%2Cmn%2Cms%2Cmv%2Cmvi%2Cpl%2Cinitcwndbps&lsig=AG3C_xAwRQIgVC7HCaYTJlAg5AJlJtmeXwQYb2hzODnYm6WGFaOAnIUCIQDJrx-LfJ1sMJI-3ihMJbidZIhvfcgA2vDceF4zka9TZQ%3D%3D&sig=AOq0QJ8wRQIhAKmChUeUMSwpqUl_Bup6CX45Ng2lde5nNkyxV5zMZUavAiAulnsclJs3kyDKGznYLSSMaYN-q7WKp7e4MKaQ_0L5Hg==&ratebypass=yes", "player_url": "/s/player/2e6e57d8/player_ias.vflset/en_US/base.js", "ext": "mp4", "height": 144, "format_note": "144p", "vcodec": "avc1.4d400c", "asr": null, "filesize": 2408773, "fps": 25, "tbr": 128.362, "width": 256, "acodec": "none", "downloader_options": {"http_chunk_size": 10485760}, "format": "160 - 256x144 (144p)", "protocol": "https", "http_headers": {"User-Agent": "Mozilla/5.0 (Windows NT 10.0; Win64; x64) AppleWebKit/537.36 (KHTML, like Gecko) Chrome/70.0.3538.31 Safari/537.36", "Accept-Charset": "ISO-8859-1,utf-8;q=0.7,*;q=0.7", "Accept": "text/html,application/xhtml+xml,application/xml;q=0.9,*/*;q=0.8", "Accept-Encoding": "gzip, deflate", "Accept-Language": "en-us,en;q=0.5"}}, {"format_id": "242", "url": "https://r4---sn-5njj-u2xe.googlevideo.com/videoplayback?expire=1608485427&ei=0zXfX96OC4WfrQTqm46YCQ&ip=140.109.135.76&id=o-AHsTZYhEsN1Xn2z5WtoMdqxDbn9Jp-r6e2ttothTRFTZ&itag=242&aitags=133%2C134%2C135%2C136%2C137%2C160%2C242%2C243%2C244%2C247%2C248%2C271%2C278%2C313&source=youtube&requiressl=yes&mh=yO&mm=31%2C29&mn=sn-5njj-u2xe%2Csn-un57en7e&ms=au%2Crdu&mv=m&mvi=4&pl=16&initcwndbps=395000&vprv=1&mime=video%2Fwebm&ns=OHLRTviunUqR59ZjnZ5Vk7AF&gir=yes&clen=3562406&dur=233.200&lmt=1599552438728118&mt=1608463244&fvip=4&keepalive=yes&c=WEB&txp=6216222&n=yD8phoMMdv5CmporX&sparams=expire%2Cei%2Cip%2Cid%2Caitags%2Csource%2Crequiressl%2Cvprv%2Cmime%2Cns%2Cgir%2Cclen%2Cdur%2Clmt&lsparams=mh%2Cmm%2Cmn%2Cms%2Cmv%2Cmvi%2Cpl%2Cinitcwndbps&lsig=AG3C_xAwRQIgBslkSpol6qWHNHjdazmRQfoYRYkx3kyrH_94QDqrFFcCIQDhRHKYAjE-E62MZHCRhrGDQe7d1WVWO17yC2EG9Ni1hA%3D%3D&sig=AOq0QJ8wRQIhAJQ9JYIpVKCYC8RFQvDCB_Xhk4f28hoVwxYzzPua_nQcAiAI8l0sUrTtX7S06XTdc1664gxx4_t9NUKswfGbiqyCwQ==&ratebypass=yes", "player_url": "/s/player/2e6e57d8/player_ias.vflset/en_US/base.js", "ext": "webm", "height": 240, "format_note": "240p", "vcodec": "vp9", "asr": null, "filesize": 3562406, "fps": 25, "tbr": 225.232, "width": 426, "acodec": "none", "downloader_options": {"http_chunk_size": 10485760}, "format": "242 - 426x240 (240p)", "protocol": "https", "http_headers": {"User-Agent": "Mozilla/5.0 (Windows NT 10.0; Win64; x64) AppleWebKit/537.36 (KHTML, like Gecko) Chrome/70.0.3538.31 Safari/537.36", "Accept-Charset": "ISO-8859-1,utf-8;q=0.7,*;q=0.7", "Accept": "text/html,application/xhtml+xml,application/xml;q=0.9,*/*;q=0.8", "Accept-Encoding": "gzip, deflate", "Accept-Language": "en-us,en;q=0.5"}}, {"format_id": "133", "url": "https://r4---sn-5njj-u2xe.googlevideo.com/videoplayback?expire=1608485427&ei=0zXfX96OC4WfrQTqm46YCQ&ip=140.109.135.76&id=o-AHsTZYhEsN1Xn2z5WtoMdqxDbn9Jp-r6e2ttothTRFTZ&itag=133&aitags=133%2C134%2C135%2C136%2C137%2C160%2C242%2C243%2C244%2C247%2C248%2C271%2C278%2C313&source=youtube&requiressl=yes&mh=yO&mm=31%2C29&mn=sn-5njj-u2xe%2Csn-un57en7e&ms=au%2Crdu&mv=m&mvi=4&pl=16&initcwndbps=395000&vprv=1&mime=video%2Fmp4&ns=OHLRTviunUqR59ZjnZ5Vk7AF&gir=yes&clen=5461723&dur=233.200&lmt=1599552464687886&mt=1608463244&fvip=4&keepalive=yes&c=WEB&txp=6216222&n=yD8phoMMdv5CmporX&sparams=expire%2Cei%2Cip%2Cid%2Caitags%2Csource%2Crequiressl%2Cvprv%2Cmime%2Cns%2Cgir%2Cclen%2Cdur%2Clmt&lsparams=mh%2Cmm%2Cmn%2Cms%2Cmv%2Cmvi%2Cpl%2Cinitcwndbps&lsig=AG3C_xAwRAIgBK7wWJv6_JetlluzvuRlKi2nYSPZ2tEuAPE0wCvjNw0CIEgykUXbZiTnZt4m1dIbLuLw5ccVkkYbdV9vPMTkaCkX&sig=AOq0QJ8wRAIgf2eTh14mxDnNHH-DtoNpjggBn9FH6BuzkbegvWWe1c0CIBjnIRzwybjkiHxIoVb_N130n0ZwgeLK5gCTjyXl5g6W&ratebypass=yes", "player_url": "/s/player/2e6e57d8/player_ias.vflset/en_US/base.js", "ext": "mp4", "height": 240, "format_note": "240p", "vcodec": "avc1.4d4015", "asr": null, "filesize": 5461723, "fps": 25, "tbr": 289.771, "width": 426, "acodec": "none", "downloader_options": {"http_chunk_size": 10485760}, "format": "133 - 426x240 (240p)", "protocol": "https", "http_headers": {"User-Agent": "Mozilla/5.0 (Windows NT 10.0; Win64; x64) AppleWebKit/537.36 (KHTML, like Gecko) Chrome/70.0.3538.31 Safari/537.36", "Accept-Charset": "ISO-8859-1,utf-8;q=0.7,*;q=0.7", "Accept": "text/html,application/xhtml+xml,application/xml;q=0.9,*/*;q=0.8", "Accept-Encoding": "gzip, deflate", "Accept-Language": "en-us,en;q=0.5"}}, {"format_id": "243", "url": "https://r4---sn-5njj-u2xe.googlevideo.com/videoplayback?expire=1608485427&ei=0zXfX96OC4WfrQTqm46YCQ&ip=140.109.135.76&id=o-AHsTZYhEsN1Xn2z5WtoMdqxDbn9Jp-r6e2ttothTRFTZ&itag=243&aitags=133%2C134%2C135%2C136%2C137%2C160%2C242%2C243%2C244%2C247%2C248%2C271%2C278%2C313&source=youtube&requiressl=yes&mh=yO&mm=31%2C29&mn=sn-5njj-u2xe%2Csn-un57en7e&ms=au%2Crdu&mv=m&mvi=4&pl=16&initcwndbps=395000&vprv=1&mime=video%2Fwebm&ns=OHLRTviunUqR59ZjnZ5Vk7AF&gir=yes&clen=5977611&dur=233.200&lmt=1599552438723547&mt=1608463244&fvip=4&keepalive=yes&c=WEB&txp=6216222&n=yD8phoMMdv5CmporX&sparams=expire%2Cei%2Cip%2Cid%2Caitags%2Csource%2Crequiressl%2Cvprv%2Cmime%2Cns%2Cgir%2Cclen%2Cdur%2Clmt&lsparams=mh%2Cmm%2Cmn%2Cms%2Cmv%2Cmvi%2Cpl%2Cinitcwndbps&lsig=AG3C_xAwRQIhAOV1OENEV6HBBKsF9FuYJD0wzP1-0abphpp1IRa0630IAiBr-JHxGbpKFuoBAUhwHYwOX49z3gOghCCTR4mw_n7XQA%3D%3D&sig=AOq0QJ8wRQIhAOl5M5IQlhewQrSQZFbDCNzHdj1wtHDi2wGkQdzVdi8rAiB5kr8skHnFzK95hIIeGe88mPxfDh9fg5MzEekiVR0OrQ==&ratebypass=yes", "player_url": "/s/player/2e6e57d8/player_ias.vflset/en_US/base.js", "ext": "webm", "height": 360, "format_note": "360p", "vcodec": "vp9", "asr": null, "filesize": 5977611, "fps": 25, "tbr": 408.451, "width": 640, "acodec": "none", "downloader_options": {"http_chunk_size": 10485760}, "format": "243 - 640x360 (360p)", "protocol": "https", "http_headers": {"User-Agent": "Mozilla/5.0 (Windows NT 10.0; Win64; x64) AppleWebKit/537.36 (KHTML, like Gecko) Chrome/70.0.3538.31 Safari/537.36", "Accept-Charset": "ISO-8859-1,utf-8;q=0.7,*;q=0.7", "Accept": "text/html,application/xhtml+xml,application/xml;q=0.9,*/*;q=0.8", "Accept-Encoding": "gzip, deflate", "Accept-Language": "en-us,en;q=0.5"}}, {"format_id": "134", "url": "https://r4---sn-5njj-u2xe.googlevideo.com/videoplayback?expire=1608485427&ei=0zXfX96OC4WfrQTqm46YCQ&ip=140.109.135.76&id=o-AHsTZYhEsN1Xn2z5WtoMdqxDbn9Jp-r6e2ttothTRFTZ&itag=134&aitags=133%2C134%2C135%2C136%2C137%2C160%2C242%2C243%2C244%2C247%2C248%2C271%2C278%2C313&source=youtube&requiressl=yes&mh=yO&mm=31%2C29&mn=sn-5njj-u2xe%2Csn-un57en7e&ms=au%2Crdu&mv=m&mvi=4&pl=16&initcwndbps=395000&vprv=1&mime=video%2Fmp4&ns=OHLRTviunUqR59ZjnZ5Vk7AF&gir=yes&clen=10684344&dur=233.200&lmt=1599552464662887&mt=1608463244&fvip=4&keepalive=yes&c=WEB&txp=6216222&n=yD8phoMMdv5CmporX&sparams=expire%2Cei%2Cip%2Cid%2Caitags%2Csource%2Crequiressl%2Cvprv%2Cmime%2Cns%2Cgir%2Cclen%2Cdur%2Clmt&lsparams=mh%2Cmm%2Cmn%2Cms%2Cmv%2Cmvi%2Cpl%2Cinitcwndbps&lsig=AG3C_xAwRQIhAJfz6znzISHvyFIWNn3ybmTnlLwbbp2bWaTBk3iwqPBAAiAmZEuCdDeF7c_FRgf51v2X7TpncGpEEMpBGZ6V4Ds0lg%3D%3D&sig=AOq0QJ8wRAIgX8qvPxl24ShiwaZnYyrXYVA3z-RBzXiehB0b6Zb8vA8CICRQ6Ou06MUhXUfw06q9GfTiDghaQgqqelKBBBK2oMMp&ratebypass=yes", "player_url": "/s/player/2e6e57d8/player_ias.vflset/en_US/base.js", "ext": "mp4", "height": 360, "format_note": "360p", "vcodec": "avc1.4d401e", "asr": null, "filesize": 10684344, "fps": 25, "tbr": 645.95, "width": 640, "acodec": "none", "downloader_options": {"http_chunk_size": 10485760}, "format": "134 - 640x360 (360p)", "protocol": "https", "http_headers": {"User-Agent": "Mozilla/5.0 (Windows NT 10.0; Win64; x64) AppleWebKit/537.36 (KHTML, like Gecko) Chrome/70.0.3538.31 Safari/537.36", "Accept-Charset": "ISO-8859-1,utf-8;q=0.7,*;q=0.7", "Accept": "text/html,application/xhtml+xml,application/xml;q=0.9,*/*;q=0.8", "Accept-Encoding": "gzip, deflate", "Accept-Language": "en-us,en;q=0.5"}}, {"format_id": "244", "url": "https://r4---sn-5njj-u2xe.googlevideo.com/videoplayback?expire=1608485427&ei=0zXfX96OC4WfrQTqm46YCQ&ip=140.109.135.76&id=o-AHsTZYhEsN1Xn2z5WtoMdqxDbn9Jp-r6e2ttothTRFTZ&itag=244&aitags=133%2C134%2C135%2C136%2C137%2C160%2C242%2C243%2C244%2C247%2C248%2C271%2C278%2C313&source=youtube&requiressl=yes&mh=yO&mm=31%2C29&mn=sn-5njj-u2xe%2Csn-un57en7e&ms=au%2Crdu&mv=m&mvi=4&pl=16&initcwndbps=395000&vprv=1&mime=video%2Fwebm&ns=OHLRTviunUqR59ZjnZ5Vk7AF&gir=yes&clen=9619240&dur=233.200&lmt=1599552438717457&mt=1608463244&fvip=4&keepalive=yes&c=WEB&txp=6216222&n=yD8phoMMdv5CmporX&sparams=expire%2Cei%2Cip%2Cid%2Caitags%2Csource%2Crequiressl%2Cvprv%2Cmime%2Cns%2Cgir%2Cclen%2Cdur%2Clmt&lsparams=mh%2Cmm%2Cmn%2Cms%2Cmv%2Cmvi%2Cpl%2Cinitcwndbps&lsig=AG3C_xAwRAIgDr9O0gt9WGYVevytN-uBET6Ppyh61n2tASPGSi-EDBACIBxoQpcFp7Kga8N0IHJvDdepF3xSD3SsrgBhRp_iV201&sig=AOq0QJ8wRAIgTQ_HaN10_5jDXP0BMi_OlgA_lsPF-fwPccrTgtwOGiMCIAsSqvF548aoy8ZcucABT_EvdAkn0nW1_wvPn61bWH18&ratebypass=yes", "player_url": "/s/player/2e6e57d8/player_ias.vflset/en_US/base.js", "ext": "webm", "height": 480, "format_note": "480p", "vcodec": "vp9", "asr": null, "filesize": 9619240, "fps": 25, "tbr": 708.542, "width": 854, "acodec": "none", "downloader_options": {"http_chunk_size": 10485760}, "format": "244 - 854x480 (480p)", "protocol": "https", "http_headers": {"User-Agent": "Mozilla/5.0 (Windows NT 10.0; Win64; x64) AppleWebKit/537.36 (KHTML, like Gecko) Chrome/70.0.3538.31 Safari/537.36", "Accept-Charset": "ISO-8859-1,utf-8;q=0.7,*;q=0.7", "Accept": "text/html,application/xhtml+xml,application/xml;q=0.9,*/*;q=0.8", "Accept-Encoding": "gzip, deflate", "Accept-Language": "en-us,en;q=0.5"}}, {"format_id": "135", "url": "https://r4---sn-5njj-u2xe.googlevideo.com/videoplayback?expire=1608485427&ei=0zXfX96OC4WfrQTqm46YCQ&ip=140.109.135.76&id=o-AHsTZYhEsN1Xn2z5WtoMdqxDbn9Jp-r6e2ttothTRFTZ&itag=135&aitags=133%2C134%2C135%2C136%2C137%2C160%2C242%2C243%2C244%2C247%2C248%2C271%2C278%2C313&source=youtube&requiressl=yes&mh=yO&mm=31%2C29&mn=sn-5njj-u2xe%2Csn-un57en7e&ms=au%2Crdu&mv=m&mvi=4&pl=16&initcwndbps=395000&vprv=1&mime=video%2Fmp4&ns=OHLRTviunUqR59ZjnZ5Vk7AF&gir=yes&clen=19702081&dur=233.200&lmt=1599552464669698&mt=1608463244&fvip=4&keepalive=yes&c=WEB&txp=6216222&n=yD8phoMMdv5CmporX&sparams=expire%2Cei%2Cip%2Cid%2Caitags%2Csource%2Crequiressl%2Cvprv%2Cmime%2Cns%2Cgir%2Cclen%2Cdur%2Clmt&lsparams=mh%2Cmm%2Cmn%2Cms%2Cmv%2Cmvi%2Cpl%2Cinitcwndbps&lsig=AG3C_xAwQwIfPr70kCRiK1Fy6lVmgf4OG3JwKgBzdwo_RpDLUgLUhwIgbDAgmdfhUKP_AyloEcuwuVUVrjjgMPiCtqXcl_vNvDU%3D&sig=AOq0QJ8wRgIhAKk1CKdWkHO6SW3HwaqpsgTXiDtULQqHxzD1elZMBSwTAiEA8J6jp4pnL2xGinRi-rzQTsyxjCHYNLl6Jdv5KMVm69Q=&ratebypass=yes", "player_url": "/s/player/2e6e57d8/player_ias.vflset/en_US/base.js", "ext": "mp4", "height": 480, "format_note": "480p", "vcodec": "avc1.4d401e", "asr": null, "filesize": 19702081, "fps": 25, "tbr": 1188.121, "width": 854, "acodec": "none", "downloader_options": {"http_chunk_size": 10485760}, "format": "135 - 854x480 (480p)", "protocol": "https", "http_headers": {"User-Agent": "Mozilla/5.0 (Windows NT 10.0; Win64; x64) AppleWebKit/537.36 (KHTML, like Gecko) Chrome/70.0.3538.31 Safari/537.36", "Accept-Charset": "ISO-8859-1,utf-8;q=0.7,*;q=0.7", "Accept": "text/html,application/xhtml+xml,application/xml;q=0.9,*/*;q=0.8", "Accept-Encoding": "gzip, deflate", "Accept-Language": "en-us,en;q=0.5"}}, {"format_id": "247", "url": "https://r4---sn-5njj-u2xe.googlevideo.com/videoplayback?expire=1608485427&ei=0zXfX96OC4WfrQTqm46YCQ&ip=140.109.135.76&id=o-AHsTZYhEsN1Xn2z5WtoMdqxDbn9Jp-r6e2ttothTRFTZ&itag=247&aitags=133%2C134%2C135%2C136%2C137%2C160%2C242%2C243%2C244%2C247%2C248%2C271%2C278%2C313&source=youtube&requiressl=yes&mh=yO&mm=31%2C29&mn=sn-5njj-u2xe%2Csn-un57en7e&ms=au%2Crdu&mv=m&mvi=4&pl=16&initcwndbps=395000&vprv=1&mime=video%2Fwebm&ns=OHLRTviunUqR59ZjnZ5Vk7AF&gir=yes&clen=17739704&dur=233.200&lmt=1599552438715262&mt=1608463244&fvip=4&keepalive=yes&c=WEB&txp=6216222&n=yD8phoMMdv5CmporX&sparams=expire%2Cei%2Cip%2Cid%2Caitags%2Csource%2Crequiressl%2Cvprv%2Cmime%2Cns%2Cgir%2Cclen%2Cdur%2Clmt&lsparams=mh%2Cmm%2Cmn%2Cms%2Cmv%2Cmvi%2Cpl%2Cinitcwndbps&lsig=AG3C_xAwRQIgBd5Mv9D3REuwBIo35ZDnKu0ZwGRqJZiyPzIBtMUwVtoCIQCYTQ83sdTzCFRAmRGSbJbIX0-AU2V0K4SOw4vAy0nrrA%3D%3D&sig=AOq0QJ8wRQIhAO8HlKC-NErAjmczIlEkW2aHTIqdciY_qvZD1n6JfUYAAiB8G_Q9nQanXoUS5VDTsG06EJduE0As4hneu_ZMJyYDZw==&ratebypass=yes", "player_url": "/s/player/2e6e57d8/player_ias.vflset/en_US/base.js", "ext": "webm", "height": 720, "format_note": "720p", "vcodec": "vp9", "asr": null, "filesize": 17739704, "fps": 25, "tbr": 1429.435, "width": 1280, "acodec": "none", "downloader_options": {"http_chunk_size": 10485760}, "format": "247 - 1280x720 (720p)", "protocol": "https", "http_headers": {"User-Agent": "Mozilla/5.0 (Windows NT 10.0; Win64; x64) AppleWebKit/537.36 (KHTML, like Gecko) Chrome/70.0.3538.31 Safari/537.36", "Accept-Charset": "ISO-8859-1,utf-8;q=0.7,*;q=0.7", "Accept": "text/html,application/xhtml+xml,application/xml;q=0.9,*/*;q=0.8", "Accept-Encoding": "gzip, deflate", "Accept-Language": "en-us,en;q=0.5"}}, {"format_id": "136", "url": "https://r4---sn-5njj-u2xe.googlevideo.com/videoplayback?expire=1608485427&ei=0zXfX96OC4WfrQTqm46YCQ&ip=140.109.135.76&id=o-AHsTZYhEsN1Xn2z5WtoMdqxDbn9Jp-r6e2ttothTRFTZ&itag=136&aitags=133%2C134%2C135%2C136%2C137%2C160%2C242%2C243%2C244%2C247%2C248%2C271%2C278%2C313&source=youtube&requiressl=yes&mh=yO&mm=31%2C29&mn=sn-5njj-u2xe%2Csn-un57en7e&ms=au%2Crdu&mv=m&mvi=4&pl=16&initcwndbps=395000&vprv=1&mime=video%2Fmp4&ns=OHLRTviunUqR59ZjnZ5Vk7AF&gir=yes&clen=37050386&dur=233.200&lmt=1599552464662308&mt=1608463244&fvip=4&keepalive=yes&c=WEB&txp=6216222&n=yD8phoMMdv5CmporX&sparams=expire%2Cei%2Cip%2Cid%2Caitags%2Csource%2Crequiressl%2Cvprv%2Cmime%2Cns%2Cgir%2Cclen%2Cdur%2Clmt&lsparams=mh%2Cmm%2Cmn%2Cms%2Cmv%2Cmvi%2Cpl%2Cinitcwndbps&lsig=AG3C_xAwRAIgV1YJsiUs35ZJt_LmwhmNezkQPgCUzZr0coeYEJrWRH0CICLJ3TmEa32zQMVgIKUBiGCEKGNYjsMJaZx3zrPPqs6V&sig=AOq0QJ8wRQIhAMw1c5xuXULSgc7F0sPjHpGFyTbYkXdu7RuPFBQOYBqvAiAZbBY2VEYOW0_DoMEz9MTdHKvccGmS7FoR_xk99Al30w==&ratebypass=yes", "player_url": "/s/player/2e6e57d8/player_ias.vflset/en_US/base.js", "ext": "mp4", "height": 720, "format_note": "720p", "vcodec": "avc1.64001f", "asr": null, "filesize": 37050386, "fps": 25, "tbr": 2330.143, "width": 1280, "acodec": "none", "downloader_options": {"http_chunk_size": 10485760}, "format": "136 - 1280x720 (720p)", "protocol": "https", "http_headers": {"User-Agent": "Mozilla/5.0 (Windows NT 10.0; Win64; x64) AppleWebKit/537.36 (KHTML, like Gecko) Chrome/70.0.3538.31 Safari/537.36", "Accept-Charset": "ISO-8859-1,utf-8;q=0.7,*;q=0.7", "Accept": "text/html,application/xhtml+xml,application/xml;q=0.9,*/*;q=0.8", "Accept-Encoding": "gzip, deflate", "Accept-Language": "en-us,en;q=0.5"}}, {"format_id": "248", "url": "https://r4---sn-5njj-u2xe.googlevideo.com/videoplayback?expire=1608485427&ei=0zXfX96OC4WfrQTqm46YCQ&ip=140.109.135.76&id=o-AHsTZYhEsN1Xn2z5WtoMdqxDbn9Jp-r6e2ttothTRFTZ&itag=248&aitags=133%2C134%2C135%2C136%2C137%2C160%2C242%2C243%2C244%2C247%2C248%2C271%2C278%2C313&source=youtube&requiressl=yes&mh=yO&mm=31%2C29&mn=sn-5njj-u2xe%2Csn-un57en7e&ms=au%2Crdu&mv=m&mvi=4&pl=16&initcwndbps=395000&vprv=1&mime=video%2Fwebm&ns=OHLRTviunUqR59ZjnZ5Vk7AF&gir=yes&clen=28276293&dur=233.200&lmt=1599552438716683&mt=1608463244&fvip=4&keepalive=yes&c=WEB&txp=6216222&n=yD8phoMMdv5CmporX&sparams=expire%2Cei%2Cip%2Cid%2Caitags%2Csource%2Crequiressl%2Cvprv%2Cmime%2Cns%2Cgir%2Cclen%2Cdur%2Clmt&lsparams=mh%2Cmm%2Cmn%2Cms%2Cmv%2Cmvi%2Cpl%2Cinitcwndbps&lsig=AG3C_xAwRAIgVmFPvfHhqKPBue3mpADcYGy-afKgWr7NDVzwR1kLvJoCID3kAFEJlaMp6JA9YrQC61vgYxTv9FTW2bPZL4d6Z2FQ&sig=AOq0QJ8wRAIgIRXBOa4QY_hy4NKug7KP7C_Tg0lkFv8IqvyngnVzs3UCIGQaPjq-jtdTYF-8iuWAyAFyvGeztIqXIaMqtXnjzwyH&ratebypass=yes", "player_url": "/s/player/2e6e57d8/player_ias.vflset/en_US/base.js", "ext": "webm", "height": 1080, "format_note": "1080p", "vcodec": "vp9", "asr": null, "filesize": 28276293, "fps": 25, "tbr": 2350.99, "width": 1920, "acodec": "none", "downloader_options": {"http_chunk_size": 10485760}, "format": "248 - 1920x1080 (1080p)", "protocol": "https", "http_headers": {"User-Agent": "Mozilla/5.0 (Windows NT 10.0; Win64; x64) AppleWebKit/537.36 (KHTML, like Gecko) Chrome/70.0.3538.31 Safari/537.36", "Accept-Charset": "ISO-8859-1,utf-8;q=0.7,*;q=0.7", "Accept": "text/html,application/xhtml+xml,application/xml;q=0.9,*/*;q=0.8", "Accept-Encoding": "gzip, deflate", "Accept-Language": "en-us,en;q=0.5"}}, {"format_id": "137", "url": "https://r4---sn-5njj-u2xe.googlevideo.com/videoplayback?expire=1608485427&ei=0zXfX96OC4WfrQTqm46YCQ&ip=140.109.135.76&id=o-AHsTZYhEsN1Xn2z5WtoMdqxDbn9Jp-r6e2ttothTRFTZ&itag=137&aitags=133%2C134%2C135%2C136%2C137%2C160%2C242%2C243%2C244%2C247%2C248%2C271%2C278%2C313&source=youtube&requiressl=yes&mh=yO&mm=31%2C29&mn=sn-5njj-u2xe%2Csn-un57en7e&ms=au%2Crdu&mv=m&mvi=4&pl=16&initcwndbps=395000&vprv=1&mime=video%2Fmp4&ns=OHLRTviunUqR59ZjnZ5Vk7AF&gir=yes&clen=75350736&dur=233.200&lmt=1599552464661037&mt=1608463244&fvip=4&keepalive=yes&c=WEB&txp=6216222&n=yD8phoMMdv5CmporX&sparams=expire%2Cei%2Cip%2Cid%2Caitags%2Csource%2Crequiressl%2Cvprv%2Cmime%2Cns%2Cgir%2Cclen%2Cdur%2Clmt&lsparams=mh%2Cmm%2Cmn%2Cms%2Cmv%2Cmvi%2Cpl%2Cinitcwndbps&lsig=AG3C_xAwRQIhAOorkZD_psIuvGTz9ob2s6MyyrSISsB1Hdhf5fNgWJSNAiAbZRPe7pdhZEgMv12ag_6Y2iSsCu_2Qe7Zo3fh3f4qmw%3D%3D&sig=AOq0QJ8wRAIgAIkgi4hs96a9OT-WxtjAbm0CMUYH4p9r-vhxVnHGgBMCICuY3Wu-QDGa51L8qk5ae99mQf8uWx-sE4LPrNVH7N3G&ratebypass=yes", "player_url": "/s/player/2e6e57d8/player_ias.vflset/en_US/base.js", "ext": "mp4", "height": 1080, "format_note": "1080p", "vcodec": "avc1.640028", "asr": null, "filesize": 75350736, "fps": 25, "tbr": 4863.781, "width": 1920, "acodec": "none", "downloader_options": {"http_chunk_size": 10485760}, "format": "137 - 1920x1080 (1080p)", "protocol": "https", "http_headers": {"User-Agent": "Mozilla/5.0 (Windows NT 10.0; Win64; x64) AppleWebKit/537.36 (KHTML, like Gecko) Chrome/70.0.3538.31 Safari/537.36", "Accept-Charset": "ISO-8859-1,utf-8;q=0.7,*;q=0.7", "Accept": "text/html,application/xhtml+xml,application/xml;q=0.9,*/*;q=0.8", "Accept-Encoding": "gzip, deflate", "Accept-Language": "en-us,en;q=0.5"}}, {"format_id": "271", "url": "https://r4---sn-5njj-u2xe.googlevideo.com/videoplayback?expire=1608485427&ei=0zXfX96OC4WfrQTqm46YCQ&ip=140.109.135.76&id=o-AHsTZYhEsN1Xn2z5WtoMdqxDbn9Jp-r6e2ttothTRFTZ&itag=271&aitags=133%2C134%2C135%2C136%2C137%2C160%2C242%2C243%2C244%2C247%2C248%2C271%2C278%2C313&source=youtube&requiressl=yes&mh=yO&mm=31%2C29&mn=sn-5njj-u2xe%2Csn-un57en7e&ms=au%2Crdu&mv=m&mvi=4&pl=16&initcwndbps=395000&vprv=1&mime=video%2Fwebm&ns=OHLRTviunUqR59ZjnZ5Vk7AF&gir=yes&clen=99765579&dur=233.200&lmt=1599552438717014&mt=1608463244&fvip=4&keepalive=yes&c=WEB&txp=6216222&n=yD8phoMMdv5CmporX&sparams=expire%2Cei%2Cip%2Cid%2Caitags%2Csource%2Crequiressl%2Cvprv%2Cmime%2Cns%2Cgir%2Cclen%2Cdur%2Clmt&lsparams=mh%2Cmm%2Cmn%2Cms%2Cmv%2Cmvi%2Cpl%2Cinitcwndbps&lsig=AG3C_xAwRAIgXkqmWVKt9ZmJQ8w1zG4dM6FD83_HFb2j-ntN1Bxdg8QCIHIsiuZGl_J0FgCVzEOOrAbUw2ftiHD9nWT0bUikl3bS&sig=AOq0QJ8wRgIhAJC4_jwRLzW9IQPkCLhKE-ukFwSExMWykGEhlftL3fQMAiEA6xA3e37Frvn6xmILdI-Rto4pxG3DNJRMB-q5xgV4yTM=&ratebypass=yes", "player_url": "/s/player/2e6e57d8/player_ias.vflset/en_US/base.js", "ext": "webm", "height": 1440, "format_note": "1440p", "vcodec": "vp9", "asr": null, "filesize": 99765579, "fps": 25, "tbr": 6603.317, "width": 2560, "acodec": "none", "downloader_options": {"http_chunk_size": 10485760}, "format": "271 - 2560x1440 (1440p)", "protocol": "https", "http_headers": {"User-Agent": "Mozilla/5.0 (Windows NT 10.0; Win64; x64) AppleWebKit/537.36 (KHTML, like Gecko) Chrome/70.0.3538.31 Safari/537.36", "Accept-Charset": "ISO-8859-1,utf-8;q=0.7,*;q=0.7", "Accept": "text/html,application/xhtml+xml,application/xml;q=0.9,*/*;q=0.8", "Accept-Encoding": "gzip, deflate", "Accept-Language": "en-us,en;q=0.5"}}, {"format_id": "313", "url": "https://r4---sn-5njj-u2xe.googlevideo.com/videoplayback?expire=1608485427&ei=0zXfX96OC4WfrQTqm46YCQ&ip=140.109.135.76&id=o-AHsTZYhEsN1Xn2z5WtoMdqxDbn9Jp-r6e2ttothTRFTZ&itag=313&aitags=133%2C134%2C135%2C136%2C137%2C160%2C242%2C243%2C244%2C247%2C248%2C271%2C278%2C313&source=youtube&requiressl=yes&mh=yO&mm=31%2C29&mn=sn-5njj-u2xe%2Csn-un57en7e&ms=au%2Crdu&mv=m&mvi=4&pl=16&initcwndbps=395000&vprv=1&mime=video%2Fwebm&ns=OHLRTviunUqR59ZjnZ5Vk7AF&gir=yes&clen=212372299&dur=233.200&lmt=1599552438718707&mt=1608463244&fvip=4&keepalive=yes&c=WEB&txp=6216222&n=yD8phoMMdv5CmporX&sparams=expire%2Cei%2Cip%2Cid%2Caitags%2Csource%2Crequiressl%2Cvprv%2Cmime%2Cns%2Cgir%2Cclen%2Cdur%2Clmt&lsparams=mh%2Cmm%2Cmn%2Cms%2Cmv%2Cmvi%2Cpl%2Cinitcwndbps&lsig=AG3C_xAwRAIgXIDGeYHVknkEmzn88HYTuBprpzJMeAbZKQwMlqmRgqwCIG9GTlmclkQnC2hVRGfE1LC-Do77UsGzoB2e3G4GekfA&sig=AOq0QJ8wRgIhAOJ94kXVLRMf7VRMJbUXVADK8SNoQKiL1y2j-iOaLMxKAiEAracSRpsQeRJZ1DCcuyJr4GW2bLmcs7B2zsXCjYayYAY=&ratebypass=yes", "player_url": "/s/player/2e6e57d8/player_ias.vflset/en_US/base.js", "ext": "webm", "height": 2160, "format_note": "2160p", "vcodec": "vp9", "asr": null, "filesize": 212372299, "fps": 25, "tbr": 12744.75, "width": 3840, "acodec": "none", "downloader_options": {"http_chunk_size": 10485760}, "format": "313 - 3840x2160 (2160p)", "protocol": "https", "http_headers": {"User-Agent": "Mozilla/5.0 (Windows NT 10.0; Win64; x64) AppleWebKit/537.36 (KHTML, like Gecko) Chrome/70.0.3538.31 Safari/537.36", "Accept-Charset": "ISO-8859-1,utf-8;q=0.7,*;q=0.7", "Accept": "text/html,application/xhtml+xml,application/xml;q=0.9,*/*;q=0.8", "Accept-Encoding": "gzip, deflate", "Accept-Language": "en-us,en;q=0.5"}}, {"format_id": "18", "url": "https://r4---sn-5njj-u2xe.googlevideo.com/videoplayback?expire=1608485427&ei=0zXfX96OC4WfrQTqm46YCQ&ip=140.109.135.76&id=o-AHsTZYhEsN1Xn2z5WtoMdqxDbn9Jp-r6e2ttothTRFTZ&itag=18&source=youtube&requiressl=yes&mh=yO&mm=31%2C29&mn=sn-5njj-u2xe%2Csn-un57en7e&ms=au%2Crdu&mv=m&mvi=4&pl=16&initcwndbps=395000&vprv=1&mime=video%2Fmp4&ns=LEyPpQqZZ6QoLY9YMRSXmZUF&gir=yes&clen=15937017&ratebypass=yes&dur=233.267&lmt=1599550427251081&mt=1608463244&fvip=4&c=WEB&txp=6216222&n=D75VPt1W7lkwR-teh&sparams=expire%2Cei%2Cip%2Cid%2Citag%2Csource%2Crequiressl%2Cvprv%2Cmime%2Cns%2Cgir%2Cclen%2Cratebypass%2Cdur%2Clmt&lsparams=mh%2Cmm%2Cmn%2Cms%2Cmv%2Cmvi%2Cpl%2Cinitcwndbps&lsig=AG3C_xAwRAIgdAhDGDYQ0pFmpuXEvGnkmr7q9Dry1hKt3PuoregZtOMCIF5v4pTJ3fkrXQ6TUDIZEvW-nDSKTjLQA2Fe4jzG9-ee&sig=AOq0QJ8wRAIgTxDkLyE-vJpRSk1Sqadmv_TT42Bk_-Gm-1KeKRgLBbACIEWJrmy-WCRFNV8kWXEjTyd3z0DNcFaZB_yXtIe7r1bh", "player_url": "/s/player/2e6e57d8/player_ias.vflset/en_US/base.js", "ext": "mp4", "width": 640, "height": 360, "acodec": "mp4a.40.2", "abr": 96, "vcodec": "avc1.42001E", "asr": 44100, "filesize": 15937017, "format_note": "360p", "fps": 25, "tbr": 546.724, "format": "18 - 640x360 (360p)", "protocol": "https", "http_headers": {"User-Agent": "Mozilla/5.0 (Windows NT 10.0; Win64; x64) AppleWebKit/537.36 (KHTML, like Gecko) Chrome/70.0.3538.31 Safari/537.36", "Accept-Charset": "ISO-8859-1,utf-8;q=0.7,*;q=0.7", "Accept": "text/html,application/xhtml+xml,application/xml;q=0.9,*/*;q=0.8", "Accept-Encoding": "gzip, deflate", "Accept-Language": "en-us,en;q=0.5"}}, {"format_id": "22", "url": "https://r4---sn-5njj-u2xe.googlevideo.com/videoplayback?expire=1608485427&ei=0zXfX96OC4WfrQTqm46YCQ&ip=140.109.135.76&id=o-AHsTZYhEsN1Xn2z5WtoMdqxDbn9Jp-r6e2ttothTRFTZ&itag=22&source=youtube&requiressl=yes&mh=yO&mm=31%2C29&mn=sn-5njj-u2xe%2Csn-un57en7e&ms=au%2Crdu&mv=m&mvi=4&pl=16&initcwndbps=395000&vprv=1&mime=video%2Fmp4&ns=LEyPpQqZZ6QoLY9YMRSXmZUF&ratebypass=yes&dur=233.267&lmt=1599552516357038&mt=1608463244&fvip=4&c=WEB&txp=6216222&n=D75VPt1W7lkwR-teh&sparams=expire%2Cei%2Cip%2Cid%2Citag%2Csource%2Crequiressl%2Cvprv%2Cmime%2Cns%2Cratebypass%2Cdur%2Clmt&lsparams=mh%2Cmm%2Cmn%2Cms%2Cmv%2Cmvi%2Cpl%2Cinitcwndbps&lsig=AG3C_xAwRgIhAP1ePlC5X30v4srU9NCUJoDf58g5AqPgVCJIIfBuju7NAiEApPj2Z3YRY29stFz-j9vxafvhQR1R-gy9xqdDrYd_0lY%3D&sig=AOq0QJ8wRQIgeT4BGCgfkr6iiRSmQvrZK70Z0mFQZTGCHtxnlX7wGQQCIQC6cLCar367U_Ys8KZJSGJHOsG6cpspI8FqVKZ6ELdE5w==", "player_url": "/s/player/2e6e57d8/player_ias.vflset/en_US/base.js", "ext": "mp4", "width": 1280, "height": 720, "acodec": "mp4a.40.2", "abr": 192, "vcodec": "avc1.64001F", "asr": 44100, "filesize": null, "format_note": "720p", "fps": 25, "tbr": 1399.542, "format": "22 - 1280x720 (720p)", "protocol": "https", "http_headers": {"User-Agent": "Mozilla/5.0 (Windows NT 10.0; Win64; x64) AppleWebKit/537.36 (KHTML, like Gecko) Chrome/70.0.3538.31 Safari/537.36", "Accept-Charset": "ISO-8859-1,utf-8;q=0.7,*;q=0.7", "Accept": "text/html,application/xhtml+xml,application/xml;q=0.9,*/*;q=0.8", "Accept-Encoding": "gzip, deflate", "Accept-Language": "en-us,en;q=0.5"}}], "is_live": null, "start_time": null, "end_time": null, "series": null, "season_number": null, "episode_number": null, "track": null, "artist": null, "album": null, "release_date": null, "release_year": null, "extractor": "youtube", "webpage_url_basename": "watch", "extractor_key": "Youtube", "playlist": null, "playlist_index": null, "thumbnail": "https://i.ytimg.com/vi/CxFXrYgdSSI/maxresdefault.jpg", "display_id": "CxFXrYgdSSI", "requested_subtitles": null, "format_id": "251", "url": "https://r4---sn-5njj-u2xe.googlevideo.com/videoplayback?expire=1608485427&ei=0zXfX96OC4WfrQTqm46YCQ&ip=140.109.135.76&id=o-AHsTZYhEsN1Xn2z5WtoMdqxDbn9Jp-r6e2ttothTRFTZ&itag=251&source=youtube&requiressl=yes&mh=yO&mm=31%2C29&mn=sn-5njj-u2xe%2Csn-un57en7e&ms=au%2Crdu&mv=m&mvi=4&pl=16&initcwndbps=395000&vprv=1&mime=audio%2Fwebm&ns=OHLRTviunUqR59ZjnZ5Vk7AF&gir=yes&clen=4286146&dur=233.221&lmt=1599552409769787&mt=1608463244&fvip=4&keepalive=yes&c=WEB&txp=6211222&n=yD8phoMMdv5CmporX&sparams=expire%2Cei%2Cip%2Cid%2Citag%2Csource%2Crequiressl%2Cvprv%2Cmime%2Cns%2Cgir%2Cclen%2Cdur%2Clmt&lsparams=mh%2Cmm%2Cmn%2Cms%2Cmv%2Cmvi%2Cpl%2Cinitcwndbps&lsig=AG3C_xAwRQIgIuHIuCigwVa4oShOe8sgc-DdIAqo7sEqKvvt_PSlPpACIQD7J2RBLBzly9qG7tvSCD5kTOoBIJDlCarmgmpwVQ1p7w%3D%3D&sig=AOq0QJ8wRgIhAOdbVdmkzc4sWCnQ-tr6JWxnDmTOyyIJBwY5p_Vs20HFAiEAsoah5pw9Sq_u_BzJiLNNMueDHGZfVyz-DI5ldwkLYwU=&ratebypass=yes", "player_url": "/s/player/2e6e57d8/player_ias.vflset/en_US/base.js", "ext": "webm", "format_note": "tiny", "acodec": "opus", "abr": 160, "asr": 48000, "filesize": 4286146, "fps": null, "height": null, "tbr": 153.682, "width": null, "vcodec": "none", "downloader_options": {"http_chunk_size": 10485760}, "format": "251 - audio only (tiny)", "protocol": "https", "http_headers": {"User-Agent": "Mozilla/5.0 (Windows NT 10.0; Win64; x64) AppleWebKit/537.36 (KHTML, like Gecko) Chrome/70.0.3538.31 Safari/537.36", "Accept-Charset": "ISO-8859-1,utf-8;q=0.7,*;q=0.7", "Accept": "text/html,application/xhtml+xml,application/xml;q=0.9,*/*;q=0.8", "Accept-Encoding": "gzip, deflate", "Accept-Language": "en-us,en;q=0.5"}}