{"id": "D5kyjnlDNZs", "uploader": "Animenz Piano Sheets", "uploader_id": "Animenzzz", "uploader_url": "http://www.youtube.com/user/Animenzzz", "channel_id": "UCyW-leqPXUunrXXxFjpZ7VA", "channel_url": "http://www.youtube.com/channel/UCyW-leqPXUunrXXxFjpZ7VA", "upload_date": "20140703", "license": null, "creator": null, "title": "[OLD VIDEO] Swordland - Sword Art Online OST [Piano]", "alt_title": null, "thumbnails": [{"url": "https://i.ytimg.com/vi/D5kyjnlDNZs/hqdefault.jpg?sqp=-oaymwEYCKgBEF5IVfKriqkDCwgBFQAAiEIYAXAB&rs=AOn4CLD851Msl8icaeurFVMPkn8JQY1QqA", "width": 168, "height": 94, "resolution": "168x94", "id": "0"}, {"url": "https://i.ytimg.com/vi/D5kyjnlDNZs/hqdefault.jpg?sqp=-oaymwEYCMQBEG5IVfKriqkDCwgBFQAAiEIYAXAB&rs=AOn4CLBmheFjeunizHO5kSPWRb0RurNG9g", "width": 196, "height": 110, "resolution": "196x110", "id": "1"}, {"url": "https://i.ytimg.com/vi/D5kyjnlDNZs/hqdefault.jpg?sqp=-oaymwEZCPYBEIoBSFXyq4qpAwsIARUAAIhCGAFwAQ==&rs=AOn4CLD2jjowjEF8SQftEVhWaEDviqx4jw", "width": 246, "height": 138, "resolution": "246x138", "id": "2"}, {"url": "https://i.ytimg.com/vi/D5kyjnlDNZs/hqdefault.jpg?sqp=-oaymwEZCNACELwBSFXyq4qpAwsIARUAAIhCGAFwAQ==&rs=AOn4CLAqe1ZN11y1U9LX2RLbPvQkP78lag", "width": 336, "height": 188, "resolution": "336x188", "id": "3"}, {"url": "https://i.ytimg.com/vi/D5kyjnlDNZs/maxresdefault.jpg", "width": 1920, "height": 1080, "resolution": "1920x1080", "id": "4"}], "description": "UPDATE 2020: I have uploaded a re-mastered version of Swordland, link below \u2193  https://youtu.be/0308z4AyFcE\nThis old video of Swordland will be unlisted in the future. \n- - - - - - - - - - - - - - - - - - - - - - - - - - - - - - - - - \nHey everyone, I have recovered from my left hand injury and can finally play the piano again, just in time for the start of the new summer anime season 2014!\n\nThis is also my 100th video upload and in order to celebrate this milestone, I've decided to upload a piano cover of one of the most majestic Anime Soundtracks in recent history: The Main Theme from Sword Art Online - Swordland!\n\nI didn't record this piece in my conservatory as in my usual videos since I have returned to my parents home for a week. I asked my former piano teacher if I can record at his place, because he owns a Boesendorfer grand piano. He even has his own recording equipment and microphones.\n \nA small warning: The arrangement is SUPER exhausting for the left hand because of the merciless arpeggios all over the place. Therefore, don't practice this piece too much in one go!\nWell then, see you in the next video then!\n\nAnimenz\n- - - - - - - - - - - - - - - - - - - - - - - - - - - - - - - - - \nMy facebook page:\nhttp://www.facebook.com/Animenz\nFollow me on Twitter!\nhttps://twitter.com/Animenzzz\nI am using Instagram as well!\nhttps://www.instagram.com/animenz_official/\n- - - - - - - - - - - - - - - - - - - - - - - - - - - - - - - -\nPiano arrangement by Animenz\nOriginal Song: Swordland (Main theme)\nAnime: Sword Art Online / SAO \nPublished by: Aniplex (2013)\nComposed by: Yuki Kajiura\n\n#Swordland #SAO #Piano #Animenz", "categories": ["Entertainment"], "tags": ["sword art online", "sao", "ost", "swordland", "\u30bd\u30fc\u30c9\u30a2\u30fc\u30c8\u30aa\u30f3\u30e9\u30a4\u30f3", "\u30d4\u30a2\u30ce", "piano", "cover", "soundtrack", "\u68b6\u6d66\u7531\u8a18", "yuki kajiura", "\u30b5\u30f3\u30c8\u30e9", "\u30b5\u30a6\u30f3\u30c9\u30c8\u30e9\u30c3\u30af", "\u30d0\u30c8\u30eb\u30b7\u30fc\u30f3", "\u30d0\u30c8\u30eb", "movie", "song", "\u6b4c"], "subtitles": {}, "automatic_captions": {}, "duration": 209, "age_limit": 0, "annotations": null, "chapters": null, "webpage_url": "https://www.youtube.com/watch?v=D5kyjnlDNZs", "view_count": 6399168, "like_count": 61061, "dislike_count": 410, "average_rating": 4.973321, "formats": [{"format_id": "249", "url": "https://r3---sn-5njj-u2xe.googlevideo.com/videoplayback?expire=1611764422&ei=Zj4RYLyTFNfXgAOBu73QAg&ip=140.109.135.76&id=o-ADf-jY-fgwZDefvq80TP-ShxFx52nl5jtJ4SrIwaoqnZ&itag=249&source=youtube&requiressl=yes&mh=QB&mm=31%2C29&mn=sn-5njj-u2xe%2Csn-un57en7s&ms=au%2Crdu&mv=m&mvi=3&pl=16&initcwndbps=721250&vprv=1&mime=audio%2Fwebm&ns=vxZaDv0BxUU_IOAKGHJ180kF&gir=yes&clen=1409233&dur=208.941&lmt=1541896987819929&mt=1611742362&fvip=3&keepalive=yes&c=WEB&txp=5411222&n=2Ke-miBEy43RtbVDTmmL&sparams=expire%2Cei%2Cip%2Cid%2Citag%2Csource%2Crequiressl%2Cvprv%2Cmime%2Cns%2Cgir%2Cclen%2Cdur%2Clmt&sig=AOq0QJ8wRQIhAII2PVNAZZ08NbZ827E7DKLfc81VRmr2kn_EJq54zuMOAiA_KLuqf0DVqTknqKFZMZuzy_449IWpKlDH-Gy8_DTgsA%3D%3D&lsparams=mh%2Cmm%2Cmn%2Cms%2Cmv%2Cmvi%2Cpl%2Cinitcwndbps&lsig=AG3C_xAwRAIgQJsq53zWJZfPl9_8miFO7COf7T0XyvYdsbsCE2-6jBACIAUf91CUmn6XNWUr-h02E6t5-9vu9-bd-6KyqEQMT5i9&ratebypass=yes", "player_url": null, "ext": "webm", "format_note": "tiny", "acodec": "opus", "abr": 50, "asr": 48000, "filesize": 1409233, "fps": null, "height": null, "tbr": 62.287, "width": null, "vcodec": "none", "downloader_options": {"http_chunk_size": 10485760}, "format": "249 - audio only (tiny)", "protocol": "https", "http_headers": {"User-Agent": "Mozilla/5.0 (Windows NT 10.0; Win64; x64) AppleWebKit/537.36 (KHTML, like Gecko) Chrome/72.0.3626.25 Safari/537.36", "Accept-Charset": "ISO-8859-1,utf-8;q=0.7,*;q=0.7", "Accept": "text/html,application/xhtml+xml,application/xml;q=0.9,*/*;q=0.8", "Accept-Encoding": "gzip, deflate", "Accept-Language": "en-us,en;q=0.5"}}, {"format_id": "250", "url": "https://r3---sn-5njj-u2xe.googlevideo.com/videoplayback?expire=1611764422&ei=Zj4RYLyTFNfXgAOBu73QAg&ip=140.109.135.76&id=o-ADf-jY-fgwZDefvq80TP-ShxFx52nl5jtJ4SrIwaoqnZ&itag=250&source=youtube&requiressl=yes&mh=QB&mm=31%2C29&mn=sn-5njj-u2xe%2Csn-un57en7s&ms=au%2Crdu&mv=m&mvi=3&pl=16&initcwndbps=721250&vprv=1&mime=audio%2Fwebm&ns=vxZaDv0BxUU_IOAKGHJ180kF&gir=yes&clen=1857769&dur=208.941&lmt=1541896989415283&mt=1611742362&fvip=3&keepalive=yes&c=WEB&txp=5411222&n=2Ke-miBEy43RtbVDTmmL&sparams=expire%2Cei%2Cip%2Cid%2Citag%2Csource%2Crequiressl%2Cvprv%2Cmime%2Cns%2Cgir%2Cclen%2Cdur%2Clmt&sig=AOq0QJ8wRQIgXvSiVgu-r3x-xJRXeYJLqK5H2l865YStqx-kalPI9IcCIQCZi8LZlRnOXOfhM-NsbkHSy8oCQBMNT5V_ufxjThVWFA%3D%3D&lsparams=mh%2Cmm%2Cmn%2Cms%2Cmv%2Cmvi%2Cpl%2Cinitcwndbps&lsig=AG3C_xAwRAIgQJsq53zWJZfPl9_8miFO7COf7T0XyvYdsbsCE2-6jBACIAUf91CUmn6XNWUr-h02E6t5-9vu9-bd-6KyqEQMT5i9&ratebypass=yes", "player_url": null, "ext": "webm", "format_note": "tiny", "acodec": "opus", "abr": 70, "asr": 48000, "filesize": 1857769, "fps": null, "height": null, "tbr": 81.932, "width": null, "vcodec": "none", "downloader_options": {"http_chunk_size": 10485760}, "format": "250 - audio only (tiny)", "protocol": "https", "http_headers": {"User-Agent": "Mozilla/5.0 (Windows NT 10.0; Win64; x64) AppleWebKit/537.36 (KHTML, like Gecko) Chrome/72.0.3626.25 Safari/537.36", "Accept-Charset": "ISO-8859-1,utf-8;q=0.7,*;q=0.7", "Accept": "text/html,application/xhtml+xml,application/xml;q=0.9,*/*;q=0.8", "Accept-Encoding": "gzip, deflate", "Accept-Language": "en-us,en;q=0.5"}}, {"format_id": "140", "url": "https://r3---sn-5njj-u2xe.googlevideo.com/videoplayback?expire=1611764422&ei=Zj4RYLyTFNfXgAOBu73QAg&ip=140.109.135.76&id=o-ADf-jY-fgwZDefvq80TP-ShxFx52nl5jtJ4SrIwaoqnZ&itag=140&source=youtube&requiressl=yes&mh=QB&mm=31%2C29&mn=sn-5njj-u2xe%2Csn-un57en7s&ms=au%2Crdu&mv=m&mvi=3&pl=16&initcwndbps=721250&vprv=1&mime=audio%2Fmp4&ns=vxZaDv0BxUU_IOAKGHJ180kF&gir=yes&clen=3382773&dur=208.979&lmt=1610093317096946&mt=1611742362&fvip=3&keepalive=yes&c=WEB&txp=5431432&n=2Ke-miBEy43RtbVDTmmL&sparams=expire%2Cei%2Cip%2Cid%2Citag%2Csource%2Crequiressl%2Cvprv%2Cmime%2Cns%2Cgir%2Cclen%2Cdur%2Clmt&sig=AOq0QJ8wRgIhAIzEQflTS3jyiLlL10UDdf85WhlU0Ivkd2rTQo39FxbrAiEAizoBCA3JcvC2u-o7_wuniswKVTrBvv_oUflqRzVraPQ%3D&lsparams=mh%2Cmm%2Cmn%2Cms%2Cmv%2Cmvi%2Cpl%2Cinitcwndbps&lsig=AG3C_xAwRAIgQJsq53zWJZfPl9_8miFO7COf7T0XyvYdsbsCE2-6jBACIAUf91CUmn6XNWUr-h02E6t5-9vu9-bd-6KyqEQMT5i9&ratebypass=yes", "player_url": null, "ext": "m4a", "format_note": "tiny", "acodec": "mp4a.40.2", "abr": 128, "container": "m4a_dash", "asr": 44100, "filesize": 3382773, "fps": null, "height": null, "tbr": 130.543, "width": null, "vcodec": "none", "downloader_options": {"http_chunk_size": 10485760}, "format": "140 - audio only (tiny)", "protocol": "https", "http_headers": {"User-Agent": "Mozilla/5.0 (Windows NT 10.0; Win64; x64) AppleWebKit/537.36 (KHTML, like Gecko) Chrome/72.0.3626.25 Safari/537.36", "Accept-Charset": "ISO-8859-1,utf-8;q=0.7,*;q=0.7", "Accept": "text/html,application/xhtml+xml,application/xml;q=0.9,*/*;q=0.8", "Accept-Encoding": "gzip, deflate", "Accept-Language": "en-us,en;q=0.5"}}, {"format_id": "251", "url": "https://r3---sn-5njj-u2xe.googlevideo.com/videoplayback?expire=1611764422&ei=Zj4RYLyTFNfXgAOBu73QAg&ip=140.109.135.76&id=o-ADf-jY-fgwZDefvq80TP-ShxFx52nl5jtJ4SrIwaoqnZ&itag=251&source=youtube&requiressl=yes&mh=QB&mm=31%2C29&mn=sn-5njj-u2xe%2Csn-un57en7s&ms=au%2Crdu&mv=m&mvi=3&pl=16&initcwndbps=721250&vprv=1&mime=audio%2Fwebm&ns=vxZaDv0BxUU_IOAKGHJ180kF&gir=yes&clen=3544692&dur=208.941&lmt=1541896989014145&mt=1611742362&fvip=3&keepalive=yes&c=WEB&txp=5411222&n=2Ke-miBEy43RtbVDTmmL&sparams=expire%2Cei%2Cip%2Cid%2Citag%2Csource%2Crequiressl%2Cvprv%2Cmime%2Cns%2Cgir%2Cclen%2Cdur%2Clmt&sig=AOq0QJ8wRQIgTetvzHCkNn1Wl_SwIe8gWYUf6hyOXcM75YaPuAyFubcCIQCn3t6hbC9pM3-yGIo7I40Lhxy6tcjnErIs5b6H7S-uaQ%3D%3D&lsparams=mh%2Cmm%2Cmn%2Cms%2Cmv%2Cmvi%2Cpl%2Cinitcwndbps&lsig=AG3C_xAwRAIgQJsq53zWJZfPl9_8miFO7COf7T0XyvYdsbsCE2-6jBACIAUf91CUmn6XNWUr-h02E6t5-9vu9-bd-6KyqEQMT5i9&ratebypass=yes", "player_url": null, "ext": "webm", "format_note": "tiny", "acodec": "opus", "abr": 160, "asr": 48000, "filesize": 3544692, "fps": null, "height": null, "tbr": 156.161, "width": null, "vcodec": "none", "downloader_options": {"http_chunk_size": 10485760}, "format": "251 - audio only (tiny)", "protocol": "https", "http_headers": {"User-Agent": "Mozilla/5.0 (Windows NT 10.0; Win64; x64) AppleWebKit/537.36 (KHTML, like Gecko) Chrome/72.0.3626.25 Safari/537.36", "Accept-Charset": "ISO-8859-1,utf-8;q=0.7,*;q=0.7", "Accept": "text/html,application/xhtml+xml,application/xml;q=0.9,*/*;q=0.8", "Accept-Encoding": "gzip, deflate", "Accept-Language": "en-us,en;q=0.5"}}, {"format_id": "160", "url": "https://r3---sn-5njj-u2xe.googlevideo.com/videoplayback?expire=1611764422&ei=Zj4RYLyTFNfXgAOBu73QAg&ip=140.109.135.76&id=o-ADf-jY-fgwZDefvq80TP-ShxFx52nl5jtJ4SrIwaoqnZ&itag=160&aitags=133%2C134%2C135%2C136%2C160%2C242%2C243%2C244%2C247%2C278&source=youtube&requiressl=yes&mh=QB&mm=31%2C29&mn=sn-5njj-u2xe%2Csn-un57en7s&ms=au%2Crdu&mv=m&mvi=3&pl=16&initcwndbps=721250&vprv=1&mime=video%2Fmp4&ns=vxZaDv0BxUU_IOAKGHJ180kF&gir=yes&clen=1063939&dur=208.920&lmt=1610093877072039&mt=1611742362&fvip=3&keepalive=yes&c=WEB&txp=5432432&n=2Ke-miBEy43RtbVDTmmL&sparams=expire%2Cei%2Cip%2Cid%2Caitags%2Csource%2Crequiressl%2Cvprv%2Cmime%2Cns%2Cgir%2Cclen%2Cdur%2Clmt&sig=AOq0QJ8wRQIhAODH-DjoVRynzgLqpbjvC3HUUI7Ysyt1GFe562DhdaURAiAgBRWlXEyVAxFXwdoap77qY826lDO7MFn7UkuAmUiZYg%3D%3D&lsparams=mh%2Cmm%2Cmn%2Cms%2Cmv%2Cmvi%2Cpl%2Cinitcwndbps&lsig=AG3C_xAwRAIgQJsq53zWJZfPl9_8miFO7COf7T0XyvYdsbsCE2-6jBACIAUf91CUmn6XNWUr-h02E6t5-9vu9-bd-6KyqEQMT5i9&ratebypass=yes", "player_url": null, "ext": "mp4", "height": 144, "format_note": "144p", "vcodec": "avc1.4d400c", "asr": null, "filesize": 1063939, "fps": 25, "tbr": 63.782, "width": 256, "acodec": "none", "downloader_options": {"http_chunk_size": 10485760}, "format": "160 - 256x144 (144p)", "protocol": "https", "http_headers": {"User-Agent": "Mozilla/5.0 (Windows NT 10.0; Win64; x64) AppleWebKit/537.36 (KHTML, like Gecko) Chrome/72.0.3626.25 Safari/537.36", "Accept-Charset": "ISO-8859-1,utf-8;q=0.7,*;q=0.7", "Accept": "text/html,application/xhtml+xml,application/xml;q=0.9,*/*;q=0.8", "Accept-Encoding": "gzip, deflate", "Accept-Language": "en-us,en;q=0.5"}}, {"format_id": "278", "url": "https://r3---sn-5njj-u2xe.googlevideo.com/videoplayback?expire=1611764422&ei=Zj4RYLyTFNfXgAOBu73QAg&ip=140.109.135.76&id=o-ADf-jY-fgwZDefvq80TP-ShxFx52nl5jtJ4SrIwaoqnZ&itag=278&aitags=133%2C134%2C135%2C136%2C160%2C242%2C243%2C244%2C247%2C278&source=youtube&requiressl=yes&mh=QB&mm=31%2C29&mn=sn-5njj-u2xe%2Csn-un57en7s&ms=au%2Crdu&mv=m&mvi=3&pl=16&initcwndbps=721250&vprv=1&mime=video%2Fwebm&ns=vxZaDv0BxUU_IOAKGHJ180kF&gir=yes&clen=2153488&dur=208.920&lmt=1541896703820227&mt=1611742362&fvip=3&keepalive=yes&c=WEB&txp=5432432&n=2Ke-miBEy43RtbVDTmmL&sparams=expire%2Cei%2Cip%2Cid%2Caitags%2Csource%2Crequiressl%2Cvprv%2Cmime%2Cns%2Cgir%2Cclen%2Cdur%2Clmt&sig=AOq0QJ8wRgIhANt8swlVB6G3P0bH2KLXkaD_14PP77w9V5z82Yt4VYSmAiEA7_a1Jv7Z7yoHvMBqrgMBk2fJYs9SANBrP8iBtBtPftQ%3D&lsparams=mh%2Cmm%2Cmn%2Cms%2Cmv%2Cmvi%2Cpl%2Cinitcwndbps&lsig=AG3C_xAwRAIgQJsq53zWJZfPl9_8miFO7COf7T0XyvYdsbsCE2-6jBACIAUf91CUmn6XNWUr-h02E6t5-9vu9-bd-6KyqEQMT5i9&ratebypass=yes", "player_url": null, "ext": "webm", "height": 144, "format_note": "144p", "container": "webm", "vcodec": "vp9", "asr": null, "filesize": 2153488, "fps": 25, "tbr": 94.112, "width": 256, "acodec": "none", "downloader_options": {"http_chunk_size": 10485760}, "format": "278 - 256x144 (144p)", "protocol": "https", "http_headers": {"User-Agent": "Mozilla/5.0 (Windows NT 10.0; Win64; x64) AppleWebKit/537.36 (KHTML, like Gecko) Chrome/72.0.3626.25 Safari/537.36", "Accept-Charset": "ISO-8859-1,utf-8;q=0.7,*;q=0.7", "Accept": "text/html,application/xhtml+xml,application/xml;q=0.9,*/*;q=0.8", "Accept-Encoding": "gzip, deflate", "Accept-Language": "en-us,en;q=0.5"}}, {"format_id": "133", "url": "https://r3---sn-5njj-u2xe.googlevideo.com/videoplayback?expire=1611764422&ei=Zj4RYLyTFNfXgAOBu73QAg&ip=140.109.135.76&id=o-ADf-jY-fgwZDefvq80TP-ShxFx52nl5jtJ4SrIwaoqnZ&itag=133&aitags=133%2C134%2C135%2C136%2C160%2C242%2C243%2C244%2C247%2C278&source=youtube&requiressl=yes&mh=QB&mm=31%2C29&mn=sn-5njj-u2xe%2Csn-un57en7s&ms=au%2Crdu&mv=m&mvi=3&pl=16&initcwndbps=721250&vprv=1&mime=video%2Fmp4&ns=vxZaDv0BxUU_IOAKGHJ180kF&gir=yes&clen=2123179&dur=208.920&lmt=1610093877074132&mt=1611742362&fvip=3&keepalive=yes&c=WEB&txp=5432432&n=2Ke-miBEy43RtbVDTmmL&sparams=expire%2Cei%2Cip%2Cid%2Caitags%2Csource%2Crequiressl%2Cvprv%2Cmime%2Cns%2Cgir%2Cclen%2Cdur%2Clmt&sig=AOq0QJ8wRAIgTzIVcRGh405cSKl-Grn2a11_PUKrGN-5kPbpaEpbEWoCIBVHzMXFfATwymMSEeq4GBh0zsTuV3u2wdjgVfLT6W_F&lsparams=mh%2Cmm%2Cmn%2Cms%2Cmv%2Cmvi%2Cpl%2Cinitcwndbps&lsig=AG3C_xAwRAIgQJsq53zWJZfPl9_8miFO7COf7T0XyvYdsbsCE2-6jBACIAUf91CUmn6XNWUr-h02E6t5-9vu9-bd-6KyqEQMT5i9&ratebypass=yes", "player_url": null, "ext": "mp4", "height": 240, "format_note": "240p", "vcodec": "avc1.4d4015", "asr": null, "filesize": 2123179, "fps": 25, "tbr": 127.667, "width": 426, "acodec": "none", "downloader_options": {"http_chunk_size": 10485760}, "format": "133 - 426x240 (240p)", "protocol": "https", "http_headers": {"User-Agent": "Mozilla/5.0 (Windows NT 10.0; Win64; x64) AppleWebKit/537.36 (KHTML, like Gecko) Chrome/72.0.3626.25 Safari/537.36", "Accept-Charset": "ISO-8859-1,utf-8;q=0.7,*;q=0.7", "Accept": "text/html,application/xhtml+xml,application/xml;q=0.9,*/*;q=0.8", "Accept-Encoding": "gzip, deflate", "Accept-Language": "en-us,en;q=0.5"}}, {"format_id": "242", "url": "https://r3---sn-5njj-u2xe.googlevideo.com/videoplayback?expire=1611764422&ei=Zj4RYLyTFNfXgAOBu73QAg&ip=140.109.135.76&id=o-ADf-jY-fgwZDefvq80TP-ShxFx52nl5jtJ4SrIwaoqnZ&itag=242&aitags=133%2C134%2C135%2C136%2C160%2C242%2C243%2C244%2C247%2C278&source=youtube&requiressl=yes&mh=QB&mm=31%2C29&mn=sn-5njj-u2xe%2Csn-un57en7s&ms=au%2Crdu&mv=m&mvi=3&pl=16&initcwndbps=721250&vprv=1&mime=video%2Fwebm&ns=vxZaDv0BxUU_IOAKGHJ180kF&gir=yes&clen=3575398&dur=208.920&lmt=1541896703826631&mt=1611742362&fvip=3&keepalive=yes&c=WEB&txp=5432432&n=2Ke-miBEy43RtbVDTmmL&sparams=expire%2Cei%2Cip%2Cid%2Caitags%2Csource%2Crequiressl%2Cvprv%2Cmime%2Cns%2Cgir%2Cclen%2Cdur%2Clmt&sig=AOq0QJ8wRQIgUshHPlptOLKH7ad76wU2TnM2hfRvca_eQqqtzOUPTuQCIQCHSoOFZH5PReOX5LKAQGWFLbljlOUQuILF15GCRBMgyQ%3D%3D&lsparams=mh%2Cmm%2Cmn%2Cms%2Cmv%2Cmvi%2Cpl%2Cinitcwndbps&lsig=AG3C_xAwRAIgQJsq53zWJZfPl9_8miFO7COf7T0XyvYdsbsCE2-6jBACIAUf91CUmn6XNWUr-h02E6t5-9vu9-bd-6KyqEQMT5i9&ratebypass=yes", "player_url": null, "ext": "webm", "height": 240, "format_note": "240p", "vcodec": "vp9", "asr": null, "filesize": 3575398, "fps": 25, "tbr": 177.818, "width": 426, "acodec": "none", "downloader_options": {"http_chunk_size": 10485760}, "format": "242 - 426x240 (240p)", "protocol": "https", "http_headers": {"User-Agent": "Mozilla/5.0 (Windows NT 10.0; Win64; x64) AppleWebKit/537.36 (KHTML, like Gecko) Chrome/72.0.3626.25 Safari/537.36", "Accept-Charset": "ISO-8859-1,utf-8;q=0.7,*;q=0.7", "Accept": "text/html,application/xhtml+xml,application/xml;q=0.9,*/*;q=0.8", "Accept-Encoding": "gzip, deflate", "Accept-Language": "en-us,en;q=0.5"}}, {"format_id": "134", "url": "https://r3---sn-5njj-u2xe.googlevideo.com/videoplayback?expire=1611764422&ei=Zj4RYLyTFNfXgAOBu73QAg&ip=140.109.135.76&id=o-ADf-jY-fgwZDefvq80TP-ShxFx52nl5jtJ4SrIwaoqnZ&itag=134&aitags=133%2C134%2C135%2C136%2C160%2C242%2C243%2C244%2C247%2C278&source=youtube&requiressl=yes&mh=QB&mm=31%2C29&mn=sn-5njj-u2xe%2Csn-un57en7s&ms=au%2Crdu&mv=m&mvi=3&pl=16&initcwndbps=721250&vprv=1&mime=video%2Fmp4&ns=vxZaDv0BxUU_IOAKGHJ180kF&gir=yes&clen=3867599&dur=208.920&lmt=1610093877088428&mt=1611742362&fvip=3&keepalive=yes&c=WEB&txp=5432432&n=2Ke-miBEy43RtbVDTmmL&sparams=expire%2Cei%2Cip%2Cid%2Caitags%2Csource%2Crequiressl%2Cvprv%2Cmime%2Cns%2Cgir%2Cclen%2Cdur%2Clmt&sig=AOq0QJ8wRgIhAPXGVNCOCiIPgOhCZLhIbOmohstenPhXowe8ca_pp-1JAiEAxV5DSlJItKKOlIInF51LOnxGucXHedg8vTno1o92r6Y%3D&lsparams=mh%2Cmm%2Cmn%2Cms%2Cmv%2Cmvi%2Cpl%2Cinitcwndbps&lsig=AG3C_xAwRAIgQJsq53zWJZfPl9_8miFO7COf7T0XyvYdsbsCE2-6jBACIAUf91CUmn6XNWUr-h02E6t5-9vu9-bd-6KyqEQMT5i9&ratebypass=yes", "player_url": null, "ext": "mp4", "height": 360, "format_note": "360p", "vcodec": "avc1.4d401e", "asr": null, "filesize": 3867599, "fps": 25, "tbr": 232.588, "width": 640, "acodec": "none", "downloader_options": {"http_chunk_size": 10485760}, "format": "134 - 640x360 (360p)", "protocol": "https", "http_headers": {"User-Agent": "Mozilla/5.0 (Windows NT 10.0; Win64; x64) AppleWebKit/537.36 (KHTML, like Gecko) Chrome/72.0.3626.25 Safari/537.36", "Accept-Charset": "ISO-8859-1,utf-8;q=0.7,*;q=0.7", "Accept": "text/html,application/xhtml+xml,application/xml;q=0.9,*/*;q=0.8", "Accept-Encoding": "gzip, deflate", "Accept-Language": "en-us,en;q=0.5"}}, {"format_id": "243", "url": "https://r3---sn-5njj-u2xe.googlevideo.com/videoplayback?expire=1611764422&ei=Zj4RYLyTFNfXgAOBu73QAg&ip=140.109.135.76&id=o-ADf-jY-fgwZDefvq80TP-ShxFx52nl5jtJ4SrIwaoqnZ&itag=243&aitags=133%2C134%2C135%2C136%2C160%2C242%2C243%2C244%2C247%2C278&source=youtube&requiressl=yes&mh=QB&mm=31%2C29&mn=sn-5njj-u2xe%2Csn-un57en7s&ms=au%2Crdu&mv=m&mvi=3&pl=16&initcwndbps=721250&vprv=1&mime=video%2Fwebm&ns=vxZaDv0BxUU_IOAKGHJ180kF&gir=yes&clen=7161323&dur=208.920&lmt=1541896703851813&mt=1611742362&fvip=3&keepalive=yes&c=WEB&txp=5432432&n=2Ke-miBEy43RtbVDTmmL&sparams=expire%2Cei%2Cip%2Cid%2Caitags%2Csource%2Crequiressl%2Cvprv%2Cmime%2Cns%2Cgir%2Cclen%2Cdur%2Clmt&sig=AOq0QJ8wRQIhALfZkBJq2H6ZQwImWH1_zaVxzrchFge61J1b3UoZZyrsAiApVrfS2qH4gGkifLWbE0EVb55toyshtpXYAmfKI9V3HQ%3D%3D&lsparams=mh%2Cmm%2Cmn%2Cms%2Cmv%2Cmvi%2Cpl%2Cinitcwndbps&lsig=AG3C_xAwRAIgQJsq53zWJZfPl9_8miFO7COf7T0XyvYdsbsCE2-6jBACIAUf91CUmn6XNWUr-h02E6t5-9vu9-bd-6KyqEQMT5i9&ratebypass=yes", "player_url": null, "ext": "webm", "height": 360, "format_note": "360p", "vcodec": "vp9", "asr": null, "filesize": 7161323, "fps": 25, "tbr": 352.034, "width": 640, "acodec": "none", "downloader_options": {"http_chunk_size": 10485760}, "format": "243 - 640x360 (360p)", "protocol": "https", "http_headers": {"User-Agent": "Mozilla/5.0 (Windows NT 10.0; Win64; x64) AppleWebKit/537.36 (KHTML, like Gecko) Chrome/72.0.3626.25 Safari/537.36", "Accept-Charset": "ISO-8859-1,utf-8;q=0.7,*;q=0.7", "Accept": "text/html,application/xhtml+xml,application/xml;q=0.9,*/*;q=0.8", "Accept-Encoding": "gzip, deflate", "Accept-Language": "en-us,en;q=0.5"}}, {"format_id": "135", "url": "https://r3---sn-5njj-u2xe.googlevideo.com/videoplayback?expire=1611764422&ei=Zj4RYLyTFNfXgAOBu73QAg&ip=140.109.135.76&id=o-ADf-jY-fgwZDefvq80TP-ShxFx52nl5jtJ4SrIwaoqnZ&itag=135&aitags=133%2C134%2C135%2C136%2C160%2C242%2C243%2C244%2C247%2C278&source=youtube&requiressl=yes&mh=QB&mm=31%2C29&mn=sn-5njj-u2xe%2Csn-un57en7s&ms=au%2Crdu&mv=m&mvi=3&pl=16&initcwndbps=721250&vprv=1&mime=video%2Fmp4&ns=vxZaDv0BxUU_IOAKGHJ180kF&gir=yes&clen=6433337&dur=208.920&lmt=1610093877072678&mt=1611742362&fvip=3&keepalive=yes&c=WEB&txp=5432432&n=2Ke-miBEy43RtbVDTmmL&sparams=expire%2Cei%2Cip%2Cid%2Caitags%2Csource%2Crequiressl%2Cvprv%2Cmime%2Cns%2Cgir%2Cclen%2Cdur%2Clmt&sig=AOq0QJ8wRQIgFy6f9oczGRPwidEn_ohyLojra7fdzt8njAnXALDt3W8CIQCM8tC6i1_Njt19fw6wmV3af014htuDG71TH-zhS1OHFw%3D%3D&lsparams=mh%2Cmm%2Cmn%2Cms%2Cmv%2Cmvi%2Cpl%2Cinitcwndbps&lsig=AG3C_xAwRAIgQJsq53zWJZfPl9_8miFO7COf7T0XyvYdsbsCE2-6jBACIAUf91CUmn6XNWUr-h02E6t5-9vu9-bd-6KyqEQMT5i9&ratebypass=yes", "player_url": null, "ext": "mp4", "height": 480, "format_note": "480p", "vcodec": "avc1.4d401e", "asr": null, "filesize": 6433337, "fps": 25, "tbr": 514.526, "width": 854, "acodec": "none", "downloader_options": {"http_chunk_size": 10485760}, "format": "135 - 854x480 (480p)", "protocol": "https", "http_headers": {"User-Agent": "Mozilla/5.0 (Windows NT 10.0; Win64; x64) AppleWebKit/537.36 (KHTML, like Gecko) Chrome/72.0.3626.25 Safari/537.36", "Accept-Charset": "ISO-8859-1,utf-8;q=0.7,*;q=0.7", "Accept": "text/html,application/xhtml+xml,application/xml;q=0.9,*/*;q=0.8", "Accept-Encoding": "gzip, deflate", "Accept-Language": "en-us,en;q=0.5"}}, {"format_id": "244", "url": "https://r3---sn-5njj-u2xe.googlevideo.com/videoplayback?expire=1611764422&ei=Zj4RYLyTFNfXgAOBu73QAg&ip=140.109.135.76&id=o-ADf-jY-fgwZDefvq80TP-ShxFx52nl5jtJ4SrIwaoqnZ&itag=244&aitags=133%2C134%2C135%2C136%2C160%2C242%2C243%2C244%2C247%2C278&source=youtube&requiressl=yes&mh=QB&mm=31%2C29&mn=sn-5njj-u2xe%2Csn-un57en7s&ms=au%2Crdu&mv=m&mvi=3&pl=16&initcwndbps=721250&vprv=1&mime=video%2Fwebm&ns=vxZaDv0BxUU_IOAKGHJ180kF&gir=yes&clen=13173271&dur=208.920&lmt=1541896703957257&mt=1611742362&fvip=3&keepalive=yes&c=WEB&txp=5432432&n=2Ke-miBEy43RtbVDTmmL&sparams=expire%2Cei%2Cip%2Cid%2Caitags%2Csource%2Crequiressl%2Cvprv%2Cmime%2Cns%2Cgir%2Cclen%2Cdur%2Clmt&sig=AOq0QJ8wRgIhAIUpU_IcwuLcykbyqQXexT7ZqYJQx3El8ofvlkf9fNbPAiEAvlaDX_aMBmv0Ik0w_0Hsp8IVXDYzmJFTZwxAVS9b-wo%3D&lsparams=mh%2Cmm%2Cmn%2Cms%2Cmv%2Cmvi%2Cpl%2Cinitcwndbps&lsig=AG3C_xAwRAIgQJsq53zWJZfPl9_8miFO7COf7T0XyvYdsbsCE2-6jBACIAUf91CUmn6XNWUr-h02E6t5-9vu9-bd-6KyqEQMT5i9&ratebypass=yes", "player_url": null, "ext": "webm", "height": 480, "format_note": "480p", "vcodec": "vp9", "asr": null, "filesize": 13173271, "fps": 25, "tbr": 681.609, "width": 854, "acodec": "none", "downloader_options": {"http_chunk_size": 10485760}, "format": "244 - 854x480 (480p)", "protocol": "https", "http_headers": {"User-Agent": "Mozilla/5.0 (Windows NT 10.0; Win64; x64) AppleWebKit/537.36 (KHTML, like Gecko) Chrome/72.0.3626.25 Safari/537.36", "Accept-Charset": "ISO-8859-1,utf-8;q=0.7,*;q=0.7", "Accept": "text/html,application/xhtml+xml,application/xml;q=0.9,*/*;q=0.8", "Accept-Encoding": "gzip, deflate", "Accept-Language": "en-us,en;q=0.5"}}, {"format_id": "136", "url": "https://r3---sn-5njj-u2xe.googlevideo.com/videoplayback?expire=1611764422&ei=Zj4RYLyTFNfXgAOBu73QAg&ip=140.109.135.76&id=o-ADf-jY-fgwZDefvq80TP-ShxFx52nl5jtJ4SrIwaoqnZ&itag=136&aitags=133%2C134%2C135%2C136%2C160%2C242%2C243%2C244%2C247%2C278&source=youtube&requiressl=yes&mh=QB&mm=31%2C29&mn=sn-5njj-u2xe%2Csn-un57en7s&ms=au%2Crdu&mv=m&mvi=3&pl=16&initcwndbps=721250&vprv=1&mime=video%2Fmp4&ns=vxZaDv0BxUU_IOAKGHJ180kF&gir=yes&clen=23336780&dur=208.920&lmt=1610093877071490&mt=1611742362&fvip=3&keepalive=yes&c=WEB&txp=5432432&n=2Ke-miBEy43RtbVDTmmL&sparams=expire%2Cei%2Cip%2Cid%2Caitags%2Csource%2Crequiressl%2Cvprv%2Cmime%2Cns%2Cgir%2Cclen%2Cdur%2Clmt&sig=AOq0QJ8wRgIhALwLdD_D2zLCkmi6ucl-_ANPMWeJw4NWncoEObYrdOrRAiEA1PDwIEVDSoEV9bg5DKpbI2qNNAXbqIbJnu0u-3aVp9Y%3D&lsparams=mh%2Cmm%2Cmn%2Cms%2Cmv%2Cmvi%2Cpl%2Cinitcwndbps&lsig=AG3C_xAwRAIgQJsq53zWJZfPl9_8miFO7COf7T0XyvYdsbsCE2-6jBACIAUf91CUmn6XNWUr-h02E6t5-9vu9-bd-6KyqEQMT5i9&ratebypass=yes", "player_url": null, "ext": "mp4", "height": 720, "format_note": "720p", "vcodec": "avc1.4d401f", "asr": null, "filesize": 23336780, "fps": 25, "tbr": 1344.627, "width": 1280, "acodec": "none", "downloader_options": {"http_chunk_size": 10485760}, "format": "136 - 1280x720 (720p)", "protocol": "https", "http_headers": {"User-Agent": "Mozilla/5.0 (Windows NT 10.0; Win64; x64) AppleWebKit/537.36 (KHTML, like Gecko) Chrome/72.0.3626.25 Safari/537.36", "Accept-Charset": "ISO-8859-1,utf-8;q=0.7,*;q=0.7", "Accept": "text/html,application/xhtml+xml,application/xml;q=0.9,*/*;q=0.8", "Accept-Encoding": "gzip, deflate", "Accept-Language": "en-us,en;q=0.5"}}, {"format_id": "247", "url": "https://r3---sn-5njj-u2xe.googlevideo.com/videoplayback?expire=1611764422&ei=Zj4RYLyTFNfXgAOBu73QAg&ip=140.109.135.76&id=o-ADf-jY-fgwZDefvq80TP-ShxFx52nl5jtJ4SrIwaoqnZ&itag=247&aitags=133%2C134%2C135%2C136%2C160%2C242%2C243%2C244%2C247%2C278&source=youtube&requiressl=yes&mh=QB&mm=31%2C29&mn=sn-5njj-u2xe%2Csn-un57en7s&ms=au%2Crdu&mv=m&mvi=3&pl=16&initcwndbps=721250&vprv=1&mime=video%2Fwebm&ns=vxZaDv0BxUU_IOAKGHJ180kF&gir=yes&clen=31295262&dur=208.920&lmt=1541896703908293&mt=1611742362&fvip=3&keepalive=yes&c=WEB&txp=5432432&n=2Ke-miBEy43RtbVDTmmL&sparams=expire%2Cei%2Cip%2Cid%2Caitags%2Csource%2Crequiressl%2Cvprv%2Cmime%2Cns%2Cgir%2Cclen%2Cdur%2Clmt&sig=AOq0QJ8wRgIhANobkVfqy6q5ufzxd4sVi55Ff9qwR2tMc-S5SR7J57rkAiEA3s-soTFsyGAEjr6vIgoAPb89uJIcxhO0FAjHVLpfcnk%3D&lsparams=mh%2Cmm%2Cmn%2Cms%2Cmv%2Cmvi%2Cpl%2Cinitcwndbps&lsig=AG3C_xAwRAIgQJsq53zWJZfPl9_8miFO7COf7T0XyvYdsbsCE2-6jBACIAUf91CUmn6XNWUr-h02E6t5-9vu9-bd-6KyqEQMT5i9&ratebypass=yes", "player_url": null, "ext": "webm", "height": 720, "format_note": "720p", "vcodec": "vp9", "asr": null, "filesize": 31295262, "fps": 25, "tbr": 1450.075, "width": 1280, "acodec": "none", "downloader_options": {"http_chunk_size": 10485760}, "format": "247 - 1280x720 (720p)", "protocol": "https", "http_headers": {"User-Agent": "Mozilla/5.0 (Windows NT 10.0; Win64; x64) AppleWebKit/537.36 (KHTML, like Gecko) Chrome/72.0.3626.25 Safari/537.36", "Accept-Charset": "ISO-8859-1,utf-8;q=0.7,*;q=0.7", "Accept": "text/html,application/xhtml+xml,application/xml;q=0.9,*/*;q=0.8", "Accept-Encoding": "gzip, deflate", "Accept-Language": "en-us,en;q=0.5"}}, {"format_id": "18", "url": "https://r3---sn-5njj-u2xe.googlevideo.com/videoplayback?expire=1611764422&ei=Zj4RYLyTFNfXgAOBu73QAg&ip=140.109.135.76&id=o-ADf-jY-fgwZDefvq80TP-ShxFx52nl5jtJ4SrIwaoqnZ&itag=18&source=youtube&requiressl=yes&mh=QB&mm=31%2C29&mn=sn-5njj-u2xe%2Csn-un57en7s&ms=au%2Crdu&mv=m&mvi=3&pl=16&initcwndbps=721250&vprv=1&mime=video%2Fmp4&ns=VejiG6Pd3x8g289lof__JSwF&gir=yes&clen=13612124&ratebypass=yes&dur=208.979&lmt=1541896198680296&mt=1611742362&fvip=3&c=WEB&txp=5431432&n=wpyGhukTY0CHK2imWQ30&sparams=expire%2Cei%2Cip%2Cid%2Citag%2Csource%2Crequiressl%2Cvprv%2Cmime%2Cns%2Cgir%2Cclen%2Cratebypass%2Cdur%2Clmt&sig=AOq0QJ8wRAIgayd9PFj6ZgZAzjZyjIRfK0T5WuDfb5iGSkgKzE3mm3YCIENB38zFxtX6tki88YfuPkeQx-aRpmS3es3XLQkWI8-b&lsparams=mh%2Cmm%2Cmn%2Cms%2Cmv%2Cmvi%2Cpl%2Cinitcwndbps&lsig=AG3C_xAwRAIgQJsq53zWJZfPl9_8miFO7COf7T0XyvYdsbsCE2-6jBACIAUf91CUmn6XNWUr-h02E6t5-9vu9-bd-6KyqEQMT5i9", "player_url": null, "ext": "mp4", "width": 640, "height": 360, "acodec": "mp4a.40.2", "abr": 96, "vcodec": "avc1.42001E", "asr": 44100, "filesize": 13612124, "format_note": "360p", "fps": 25, "tbr": 521.237, "format": "18 - 640x360 (360p)", "protocol": "https", "http_headers": {"User-Agent": "Mozilla/5.0 (Windows NT 10.0; Win64; x64) AppleWebKit/537.36 (KHTML, like Gecko) Chrome/72.0.3626.25 Safari/537.36", "Accept-Charset": "ISO-8859-1,utf-8;q=0.7,*;q=0.7", "Accept": "text/html,application/xhtml+xml,application/xml;q=0.9,*/*;q=0.8", "Accept-Encoding": "gzip, deflate", "Accept-Language": "en-us,en;q=0.5"}}], "is_live": null, "start_time": null, "end_time": null, "series": null, "season_number": null, "episode_number": null, "track": null, "artist": null, "album": null, "release_date": null, "release_year": null, "extractor": "youtube", "webpage_url_basename": "watch", "extractor_key": "Youtube", "playlist": null, "playlist_index": null, "thumbnail": "https://i.ytimg.com/vi/D5kyjnlDNZs/maxresdefault.jpg", "display_id": "D5kyjnlDNZs", "requested_subtitles": null, "format_id": "251", "url": "https://r3---sn-5njj-u2xe.googlevideo.com/videoplayback?expire=1611764422&ei=Zj4RYLyTFNfXgAOBu73QAg&ip=140.109.135.76&id=o-ADf-jY-fgwZDefvq80TP-ShxFx52nl5jtJ4SrIwaoqnZ&itag=251&source=youtube&requiressl=yes&mh=QB&mm=31%2C29&mn=sn-5njj-u2xe%2Csn-un57en7s&ms=au%2Crdu&mv=m&mvi=3&pl=16&initcwndbps=721250&vprv=1&mime=audio%2Fwebm&ns=vxZaDv0BxUU_IOAKGHJ180kF&gir=yes&clen=3544692&dur=208.941&lmt=1541896989014145&mt=1611742362&fvip=3&keepalive=yes&c=WEB&txp=5411222&n=2Ke-miBEy43RtbVDTmmL&sparams=expire%2Cei%2Cip%2Cid%2Citag%2Csource%2Crequiressl%2Cvprv%2Cmime%2Cns%2Cgir%2Cclen%2Cdur%2Clmt&sig=AOq0QJ8wRQIgTetvzHCkNn1Wl_SwIe8gWYUf6hyOXcM75YaPuAyFubcCIQCn3t6hbC9pM3-yGIo7I40Lhxy6tcjnErIs5b6H7S-uaQ%3D%3D&lsparams=mh%2Cmm%2Cmn%2Cms%2Cmv%2Cmvi%2Cpl%2Cinitcwndbps&lsig=AG3C_xAwRAIgQJsq53zWJZfPl9_8miFO7COf7T0XyvYdsbsCE2-6jBACIAUf91CUmn6XNWUr-h02E6t5-9vu9-bd-6KyqEQMT5i9&ratebypass=yes", "player_url": null, "ext": "webm", "format_note": "tiny", "acodec": "opus", "abr": 160, "asr": 48000, "filesize": 3544692, "fps": null, "height": null, "tbr": 156.161, "width": null, "vcodec": "none", "downloader_options": {"http_chunk_size": 10485760}, "format": "251 - audio only (tiny)", "protocol": "https", "http_headers": {"User-Agent": "Mozilla/5.0 (Windows NT 10.0; Win64; x64) AppleWebKit/537.36 (KHTML, like Gecko) Chrome/72.0.3626.25 Safari/537.36", "Accept-Charset": "ISO-8859-1,utf-8;q=0.7,*;q=0.7", "Accept": "text/html,application/xhtml+xml,application/xml;q=0.9,*/*;q=0.8", "Accept-Encoding": "gzip, deflate", "Accept-Language": "en-us,en;q=0.5"}}