{"id": "frXbjXbgP7U", "uploader": "Jason Piano", "uploader_id": "fanjason0", "uploader_url": "http://www.youtube.com/user/fanjason0", "channel_id": "UCIa2J-D_OQf7h-WIwV4ApnQ", "channel_url": "http://www.youtube.com/channel/UCIa2J-D_OQf7h-WIwV4ApnQ", "upload_date": "20180930", "license": null, "creator": null, "title": "\u90a3\u4e9b\u4f60\u5f88\u5192\u96aa\u7684\u5922 Those Were The Days  (\u6797\u4fca\u5091 JJ Lin ) \u92fc\u7434 Jason Piano Cover", "alt_title": null, "thumbnails": [{"url": "https://i.ytimg.com/vi/frXbjXbgP7U/hqdefault.jpg?sqp=-oaymwEYCKgBEF5IVfKriqkDCwgBFQAAiEIYAXAB&rs=AOn4CLCfPsFdV5WjSkJfyVyLxWpZqWDaWQ", "width": 168, "height": 94, "resolution": "168x94", "id": "0"}, {"url": "https://i.ytimg.com/vi/frXbjXbgP7U/hqdefault.jpg?sqp=-oaymwEYCMQBEG5IVfKriqkDCwgBFQAAiEIYAXAB&rs=AOn4CLDwRWRzsl7XG6VX8s4DPz5lWnwDiw", "width": 196, "height": 110, "resolution": "196x110", "id": "1"}, {"url": "https://i.ytimg.com/vi/frXbjXbgP7U/hqdefault.jpg?sqp=-oaymwEZCPYBEIoBSFXyq4qpAwsIARUAAIhCGAFwAQ==&rs=AOn4CLBk5eaN8_CrVp4bh8yzLBfAvppY1Q", "width": 246, "height": 138, "resolution": "246x138", "id": "2"}, {"url": "https://i.ytimg.com/vi/frXbjXbgP7U/hqdefault.jpg?sqp=-oaymwEZCNACELwBSFXyq4qpAwsIARUAAIhCGAFwAQ==&rs=AOn4CLDREZULwpikOQx6m7sfzlyYPCXKPQ", "width": 336, "height": 188, "resolution": "336x188", "id": "3"}, {"url": "https://i.ytimg.com/vi_webp/frXbjXbgP7U/maxresdefault.webp", "width": 1920, "height": 1080, "resolution": "1920x1080", "id": "4"}], "description": "\u4f86\u5b78\u7fd2\u5f48\u5f48\u92fc\u7434\u5427 Discover the new way to learn piano \u25ba\nhttps://go.flowkey.com/jasonpiano\n\n\u52a0\u5165\u6703\u54e1 Jason Piano member\nhttps://goo.gl/JzDChh \n\n\u807d\u66f4\u591aJason Piano\u6d41\u884c\u92fc\u7434\u97f3\u6a02\nhttp://goo.gl/CJGIck\nJason Piano\u7b2c\u4e8c\u983b\u9053\u8a02\u95b1\u9023\u7d50 https://goo.gl/jWTjwW\n\nFB  \u25bahttp://goo.gl/nnGWzk\nIG   \u25bahttps://goo.gl/m5zQu8\nWeibo \u25bahttp://goo.gl/Bs0oZm", "categories": ["Music"], "tags": ["Background", "music", "Crystal", "Music", "BGM", "\u92fc\u7434", "Jason", "Piano", "\ud53c\uc544\ub178", "\uc57d\uc74c", "\u30d4\u30a2\u30ce", "\u0e40\u0e1b\u0e35\u0e22\u0e42\u0e19", "cover", "d\u01b0\u01a1ng", "c\u1ea7m", "klaver", "piyano", "\u043f\u0456\u044f\u043d\u0456\u043d\u0430", "\u03c0\u03b9\u03ac\u03bd\u03bf", "\u043f\u0438\u0430\u043d\u0438\u043d\u043e", "\u043f\u0456\u0430\u043d\u0456\u043d\u043e", "pianoforte", "\u6d41\u884c\u92fc\u7434", "\u7235\u58eb\u92fc\u7434", "\u7d14\u97f3\u6a02", "\u8212\u7720", "\u8212\u58d3", "\u6c34\u6676\u97f3\u6a02", "\u8f15\u97f3\u6a02", "\u7d14\u92fc\u7434", "\u92fc\u7434\u97f3\u6a02", "Study", "\u8b80\u66f8\u97f3\u6a02", "Relaxing", "Beautiful", "\u0645\u0648\u0633\u064a\u0642\u0649", "\u0628\u064a\u0627\u0646\u0648", "\u062c\u0645\u064a\u0644\u0647", "\u062c\u062f\u0627", "Relajar", "la", "m\u00fasica", "M\u00fasica", "para", "Relajarse", "\u90a3\u4e9b\u4f60\u5f88\u5192\u96aa\u7684\u5922", "Those Were The Days", "\u6797\u4fca\u5091", "JJ Lin", "JJ"], "subtitles": {}, "automatic_captions": {}, "duration": 225, "age_limit": 0, "annotations": null, "chapters": null, "webpage_url": "https://www.youtube.com/watch?v=frXbjXbgP7U", "view_count": 91883, "like_count": 310, "dislike_count": 8, "average_rating": 4.8993711, "formats": [{"format_id": "249", "url": "https://r6---sn-5njj-u2xl.googlevideo.com/videoplayback?expire=1611764449&ei=gT4RYNS0M8qvs8IPopuOoA0&ip=140.109.135.76&id=o-ABDEBaq1Sq95167U8fyKvysG4W7KmsWCvH5m7hps-Ng7&itag=249&source=youtube&requiressl=yes&mh=k-&mm=31%2C29&mn=sn-5njj-u2xl%2Csn-un57en7l&ms=au%2Crdu&mv=m&mvi=6&pl=16&initcwndbps=546250&vprv=1&mime=audio%2Fwebm&ns=y3-h0xR4SJP7f-xl3RvDlwUF&gir=yes&clen=1533664&dur=225.381&lmt=1540780461120781&mt=1611742362&fvip=6&keepalive=yes&c=WEB&txp=5411222&n=xdbLjL9jQ1SRJX7_lTbb&sparams=expire%2Cei%2Cip%2Cid%2Citag%2Csource%2Crequiressl%2Cvprv%2Cmime%2Cns%2Cgir%2Cclen%2Cdur%2Clmt&sig=AOq0QJ8wRAIgZz6wjiDg-zf3bDxrO2sLW2LwvNrVd98t22Q-iW6ZNj0CIEiKUdqw4jjQhkk3zrUF5tFLqEoTay1dRPIYLSO3aCJk&lsparams=mh%2Cmm%2Cmn%2Cms%2Cmv%2Cmvi%2Cpl%2Cinitcwndbps&lsig=AG3C_xAwRAIgdJbqGj725DrKuuM_4nTTqPcDoFH8Iq0hqKaxg3pSitoCIBNMwYgSXHxc98rHB2VHjpauwVM2SfynIleL64osODpp&ratebypass=yes", "player_url": null, "ext": "webm", "format_note": "tiny", "acodec": "opus", "abr": 50, "asr": 48000, "filesize": 1533664, "fps": null, "height": null, "tbr": 63.79, "width": null, "vcodec": "none", "downloader_options": {"http_chunk_size": 10485760}, "format": "249 - audio only (tiny)", "protocol": "https", "http_headers": {"User-Agent": "Mozilla/5.0 (Windows NT 10.0; Win64; x64) AppleWebKit/537.36 (KHTML, like Gecko) Chrome/72.0.3626.25 Safari/537.36", "Accept-Charset": "ISO-8859-1,utf-8;q=0.7,*;q=0.7", "Accept": "text/html,application/xhtml+xml,application/xml;q=0.9,*/*;q=0.8", "Accept-Encoding": "gzip, deflate", "Accept-Language": "en-us,en;q=0.5"}}, {"format_id": "250", "url": "https://r6---sn-5njj-u2xl.googlevideo.com/videoplayback?expire=1611764449&ei=gT4RYNS0M8qvs8IPopuOoA0&ip=140.109.135.76&id=o-ABDEBaq1Sq95167U8fyKvysG4W7KmsWCvH5m7hps-Ng7&itag=250&source=youtube&requiressl=yes&mh=k-&mm=31%2C29&mn=sn-5njj-u2xl%2Csn-un57en7l&ms=au%2Crdu&mv=m&mvi=6&pl=16&initcwndbps=546250&vprv=1&mime=audio%2Fwebm&ns=y3-h0xR4SJP7f-xl3RvDlwUF&gir=yes&clen=2048182&dur=225.381&lmt=1540780461640861&mt=1611742362&fvip=6&keepalive=yes&c=WEB&txp=5411222&n=xdbLjL9jQ1SRJX7_lTbb&sparams=expire%2Cei%2Cip%2Cid%2Citag%2Csource%2Crequiressl%2Cvprv%2Cmime%2Cns%2Cgir%2Cclen%2Cdur%2Clmt&sig=AOq0QJ8wRQIhAOfrA5kv_r1IYDTSk40qJpq7B2Aq_xtnMWq4GpV4b-CXAiBaQoc9St7tO5-UOCodyPK6PIxqgfZs3QNGuozFXh-KIQ%3D%3D&lsparams=mh%2Cmm%2Cmn%2Cms%2Cmv%2Cmvi%2Cpl%2Cinitcwndbps&lsig=AG3C_xAwRAIgdJbqGj725DrKuuM_4nTTqPcDoFH8Iq0hqKaxg3pSitoCIBNMwYgSXHxc98rHB2VHjpauwVM2SfynIleL64osODpp&ratebypass=yes", "player_url": null, "ext": "webm", "format_note": "tiny", "acodec": "opus", "abr": 70, "asr": 48000, "filesize": 2048182, "fps": null, "height": null, "tbr": 84.765, "width": null, "vcodec": "none", "downloader_options": {"http_chunk_size": 10485760}, "format": "250 - audio only (tiny)", "protocol": "https", "http_headers": {"User-Agent": "Mozilla/5.0 (Windows NT 10.0; Win64; x64) AppleWebKit/537.36 (KHTML, like Gecko) Chrome/72.0.3626.25 Safari/537.36", "Accept-Charset": "ISO-8859-1,utf-8;q=0.7,*;q=0.7", "Accept": "text/html,application/xhtml+xml,application/xml;q=0.9,*/*;q=0.8", "Accept-Encoding": "gzip, deflate", "Accept-Language": "en-us,en;q=0.5"}}, {"format_id": "140", "url": "https://r6---sn-5njj-u2xl.googlevideo.com/videoplayback?expire=1611764449&ei=gT4RYNS0M8qvs8IPopuOoA0&ip=140.109.135.76&id=o-ABDEBaq1Sq95167U8fyKvysG4W7KmsWCvH5m7hps-Ng7&itag=140&source=youtube&requiressl=yes&mh=k-&mm=31%2C29&mn=sn-5njj-u2xl%2Csn-un57en7l&ms=au%2Crdu&mv=m&mvi=6&pl=16&initcwndbps=546250&vprv=1&mime=audio%2Fmp4&ns=y3-h0xR4SJP7f-xl3RvDlwUF&gir=yes&clen=3580877&dur=225.419&lmt=1540779111281926&mt=1611742362&fvip=6&keepalive=yes&c=WEB&txp=5432432&n=xdbLjL9jQ1SRJX7_lTbb&sparams=expire%2Cei%2Cip%2Cid%2Citag%2Csource%2Crequiressl%2Cvprv%2Cmime%2Cns%2Cgir%2Cclen%2Cdur%2Clmt&sig=AOq0QJ8wRgIhAI2qff80SNjeizKf0mPv27JFJFnFWMKlWE3WcR3bcxuZAiEAoqEIP_YqYC2y6Jp6nlVr5SGYu0ClYs5wntDv3ha8Ig0%3D&lsparams=mh%2Cmm%2Cmn%2Cms%2Cmv%2Cmvi%2Cpl%2Cinitcwndbps&lsig=AG3C_xAwRAIgdJbqGj725DrKuuM_4nTTqPcDoFH8Iq0hqKaxg3pSitoCIBNMwYgSXHxc98rHB2VHjpauwVM2SfynIleL64osODpp&ratebypass=yes", "player_url": null, "ext": "m4a", "format_note": "tiny", "acodec": "mp4a.40.2", "abr": 128, "container": "m4a_dash", "asr": 44100, "filesize": 3580877, "fps": null, "height": null, "tbr": 128.049, "width": null, "vcodec": "none", "downloader_options": {"http_chunk_size": 10485760}, "format": "140 - audio only (tiny)", "protocol": "https", "http_headers": {"User-Agent": "Mozilla/5.0 (Windows NT 10.0; Win64; x64) AppleWebKit/537.36 (KHTML, like Gecko) Chrome/72.0.3626.25 Safari/537.36", "Accept-Charset": "ISO-8859-1,utf-8;q=0.7,*;q=0.7", "Accept": "text/html,application/xhtml+xml,application/xml;q=0.9,*/*;q=0.8", "Accept-Encoding": "gzip, deflate", "Accept-Language": "en-us,en;q=0.5"}}, {"format_id": "251", "url": "https://r6---sn-5njj-u2xl.googlevideo.com/videoplayback?expire=1611764449&ei=gT4RYNS0M8qvs8IPopuOoA0&ip=140.109.135.76&id=o-ABDEBaq1Sq95167U8fyKvysG4W7KmsWCvH5m7hps-Ng7&itag=251&source=youtube&requiressl=yes&mh=k-&mm=31%2C29&mn=sn-5njj-u2xl%2Csn-un57en7l&ms=au%2Crdu&mv=m&mvi=6&pl=16&initcwndbps=546250&vprv=1&mime=audio%2Fwebm&ns=y3-h0xR4SJP7f-xl3RvDlwUF&gir=yes&clen=3917074&dur=225.381&lmt=1540780462033197&mt=1611742362&fvip=6&keepalive=yes&c=WEB&txp=5411222&n=xdbLjL9jQ1SRJX7_lTbb&sparams=expire%2Cei%2Cip%2Cid%2Citag%2Csource%2Crequiressl%2Cvprv%2Cmime%2Cns%2Cgir%2Cclen%2Cdur%2Clmt&sig=AOq0QJ8wRgIhAIPnIFLSgQI8CEndz9oNllIMZYQ_MOCc9xiO7yhftewqAiEAmRgs4yE-1dIUbbSeScAuKaMiheJIhkQJyrY6fN2UU9I%3D&lsparams=mh%2Cmm%2Cmn%2Cms%2Cmv%2Cmvi%2Cpl%2Cinitcwndbps&lsig=AG3C_xAwRAIgdJbqGj725DrKuuM_4nTTqPcDoFH8Iq0hqKaxg3pSitoCIBNMwYgSXHxc98rHB2VHjpauwVM2SfynIleL64osODpp&ratebypass=yes", "player_url": null, "ext": "webm", "format_note": "tiny", "acodec": "opus", "abr": 160, "asr": 48000, "filesize": 3917074, "fps": null, "height": null, "tbr": 158.069, "width": null, "vcodec": "none", "downloader_options": {"http_chunk_size": 10485760}, "format": "251 - audio only (tiny)", "protocol": "https", "http_headers": {"User-Agent": "Mozilla/5.0 (Windows NT 10.0; Win64; x64) AppleWebKit/537.36 (KHTML, like Gecko) Chrome/72.0.3626.25 Safari/537.36", "Accept-Charset": "ISO-8859-1,utf-8;q=0.7,*;q=0.7", "Accept": "text/html,application/xhtml+xml,application/xml;q=0.9,*/*;q=0.8", "Accept-Encoding": "gzip, deflate", "Accept-Language": "en-us,en;q=0.5"}}, {"format_id": "160", "url": "https://r6---sn-5njj-u2xl.googlevideo.com/videoplayback?expire=1611764449&ei=gT4RYNS0M8qvs8IPopuOoA0&ip=140.109.135.76&id=o-ABDEBaq1Sq95167U8fyKvysG4W7KmsWCvH5m7hps-Ng7&itag=160&aitags=133%2C134%2C135%2C136%2C137%2C160%2C242%2C243%2C244%2C247%2C248%2C278&source=youtube&requiressl=yes&mh=k-&mm=31%2C29&mn=sn-5njj-u2xl%2Csn-un57en7l&ms=au%2Crdu&mv=m&mvi=6&pl=16&initcwndbps=546250&vprv=1&mime=video%2Fmp4&ns=y3-h0xR4SJP7f-xl3RvDlwUF&gir=yes&clen=430367&dur=225.358&lmt=1540779111440521&mt=1611742362&fvip=6&keepalive=yes&c=WEB&txp=5432432&n=xdbLjL9jQ1SRJX7_lTbb&sparams=expire%2Cei%2Cip%2Cid%2Caitags%2Csource%2Crequiressl%2Cvprv%2Cmime%2Cns%2Cgir%2Cclen%2Cdur%2Clmt&sig=AOq0QJ8wRQIhAKwrUWu8VJSSO29aR1rx14F_6aCdLgI-YfxNjTYura1UAiArOk6Ff04QyctdDpW0Gs_wY-4ZYLkyPz16dkR6Fx4KDg%3D%3D&lsparams=mh%2Cmm%2Cmn%2Cms%2Cmv%2Cmvi%2Cpl%2Cinitcwndbps&lsig=AG3C_xAwRAIgdJbqGj725DrKuuM_4nTTqPcDoFH8Iq0hqKaxg3pSitoCIBNMwYgSXHxc98rHB2VHjpauwVM2SfynIleL64osODpp&ratebypass=yes", "player_url": null, "ext": "mp4", "height": 144, "format_note": "144p", "vcodec": "avc1.4d400c", "asr": null, "filesize": 430367, "fps": 30, "tbr": 27.294, "width": 256, "acodec": "none", "downloader_options": {"http_chunk_size": 10485760}, "format": "160 - 256x144 (144p)", "protocol": "https", "http_headers": {"User-Agent": "Mozilla/5.0 (Windows NT 10.0; Win64; x64) AppleWebKit/537.36 (KHTML, like Gecko) Chrome/72.0.3626.25 Safari/537.36", "Accept-Charset": "ISO-8859-1,utf-8;q=0.7,*;q=0.7", "Accept": "text/html,application/xhtml+xml,application/xml;q=0.9,*/*;q=0.8", "Accept-Encoding": "gzip, deflate", "Accept-Language": "en-us,en;q=0.5"}}, {"format_id": "133", "url": "https://r6---sn-5njj-u2xl.googlevideo.com/videoplayback?expire=1611764449&ei=gT4RYNS0M8qvs8IPopuOoA0&ip=140.109.135.76&id=o-ABDEBaq1Sq95167U8fyKvysG4W7KmsWCvH5m7hps-Ng7&itag=133&aitags=133%2C134%2C135%2C136%2C137%2C160%2C242%2C243%2C244%2C247%2C248%2C278&source=youtube&requiressl=yes&mh=k-&mm=31%2C29&mn=sn-5njj-u2xl%2Csn-un57en7l&ms=au%2Crdu&mv=m&mvi=6&pl=16&initcwndbps=546250&vprv=1&mime=video%2Fmp4&ns=y3-h0xR4SJP7f-xl3RvDlwUF&gir=yes&clen=708958&dur=225.358&lmt=1540779111535689&mt=1611742362&fvip=6&keepalive=yes&c=WEB&txp=5432432&n=xdbLjL9jQ1SRJX7_lTbb&sparams=expire%2Cei%2Cip%2Cid%2Caitags%2Csource%2Crequiressl%2Cvprv%2Cmime%2Cns%2Cgir%2Cclen%2Cdur%2Clmt&sig=AOq0QJ8wRQIgD9GVrT0Io7qTLNgVNfY4rZb9jCLmYtiRwu1lEUBcpEwCIQCL4lZTiLT3yxV34lYi_CDp5Px4EKPLfmUrtqsgDCXrDQ%3D%3D&lsparams=mh%2Cmm%2Cmn%2Cms%2Cmv%2Cmvi%2Cpl%2Cinitcwndbps&lsig=AG3C_xAwRAIgdJbqGj725DrKuuM_4nTTqPcDoFH8Iq0hqKaxg3pSitoCIBNMwYgSXHxc98rHB2VHjpauwVM2SfynIleL64osODpp&ratebypass=yes", "player_url": null, "ext": "mp4", "height": 240, "format_note": "240p", "vcodec": "avc1.4d4015", "asr": null, "filesize": 708958, "fps": 30, "tbr": 50.53, "width": 426, "acodec": "none", "downloader_options": {"http_chunk_size": 10485760}, "format": "133 - 426x240 (240p)", "protocol": "https", "http_headers": {"User-Agent": "Mozilla/5.0 (Windows NT 10.0; Win64; x64) AppleWebKit/537.36 (KHTML, like Gecko) Chrome/72.0.3626.25 Safari/537.36", "Accept-Charset": "ISO-8859-1,utf-8;q=0.7,*;q=0.7", "Accept": "text/html,application/xhtml+xml,application/xml;q=0.9,*/*;q=0.8", "Accept-Encoding": "gzip, deflate", "Accept-Language": "en-us,en;q=0.5"}}, {"format_id": "278", "url": "https://r6---sn-5njj-u2xl.googlevideo.com/videoplayback?expire=1611764449&ei=gT4RYNS0M8qvs8IPopuOoA0&ip=140.109.135.76&id=o-ABDEBaq1Sq95167U8fyKvysG4W7KmsWCvH5m7hps-Ng7&itag=278&aitags=133%2C134%2C135%2C136%2C137%2C160%2C242%2C243%2C244%2C247%2C248%2C278&source=youtube&requiressl=yes&mh=k-&mm=31%2C29&mn=sn-5njj-u2xl%2Csn-un57en7l&ms=au%2Crdu&mv=m&mvi=6&pl=16&initcwndbps=546250&vprv=1&mime=video%2Fwebm&ns=y3-h0xR4SJP7f-xl3RvDlwUF&gir=yes&clen=1221890&dur=225.359&lmt=1540779479021924&mt=1611742362&fvip=6&keepalive=yes&c=WEB&txp=5432432&n=xdbLjL9jQ1SRJX7_lTbb&sparams=expire%2Cei%2Cip%2Cid%2Caitags%2Csource%2Crequiressl%2Cvprv%2Cmime%2Cns%2Cgir%2Cclen%2Cdur%2Clmt&sig=AOq0QJ8wRQIhALSvVoyGESlmA50lfclnMYqT2nmOipW_eeIn0BL6Shb8AiBi7aYXx4_EIArFMl39Sa-uLU9pV3FQgADGTUmj0rVq4w%3D%3D&lsparams=mh%2Cmm%2Cmn%2Cms%2Cmv%2Cmvi%2Cpl%2Cinitcwndbps&lsig=AG3C_xAwRAIgdJbqGj725DrKuuM_4nTTqPcDoFH8Iq0hqKaxg3pSitoCIBNMwYgSXHxc98rHB2VHjpauwVM2SfynIleL64osODpp&ratebypass=yes", "player_url": null, "ext": "webm", "height": 144, "format_note": "144p", "container": "webm", "vcodec": "vp9", "asr": null, "filesize": 1221890, "fps": 30, "tbr": 75.874, "width": 256, "acodec": "none", "downloader_options": {"http_chunk_size": 10485760}, "format": "278 - 256x144 (144p)", "protocol": "https", "http_headers": {"User-Agent": "Mozilla/5.0 (Windows NT 10.0; Win64; x64) AppleWebKit/537.36 (KHTML, like Gecko) Chrome/72.0.3626.25 Safari/537.36", "Accept-Charset": "ISO-8859-1,utf-8;q=0.7,*;q=0.7", "Accept": "text/html,application/xhtml+xml,application/xml;q=0.9,*/*;q=0.8", "Accept-Encoding": "gzip, deflate", "Accept-Language": "en-us,en;q=0.5"}}, {"format_id": "242", "url": "https://r6---sn-5njj-u2xl.googlevideo.com/videoplayback?expire=1611764449&ei=gT4RYNS0M8qvs8IPopuOoA0&ip=140.109.135.76&id=o-ABDEBaq1Sq95167U8fyKvysG4W7KmsWCvH5m7hps-Ng7&itag=242&aitags=133%2C134%2C135%2C136%2C137%2C160%2C242%2C243%2C244%2C247%2C248%2C278&source=youtube&requiressl=yes&mh=k-&mm=31%2C29&mn=sn-5njj-u2xl%2Csn-un57en7l&ms=au%2Crdu&mv=m&mvi=6&pl=16&initcwndbps=546250&vprv=1&mime=video%2Fwebm&ns=y3-h0xR4SJP7f-xl3RvDlwUF&gir=yes&clen=1181694&dur=225.359&lmt=1540779479001842&mt=1611742362&fvip=6&keepalive=yes&c=WEB&txp=5432432&n=xdbLjL9jQ1SRJX7_lTbb&sparams=expire%2Cei%2Cip%2Cid%2Caitags%2Csource%2Crequiressl%2Cvprv%2Cmime%2Cns%2Cgir%2Cclen%2Cdur%2Clmt&sig=AOq0QJ8wRgIhAJbd0LEhKCK40ZzlfNk6ygalzBRUo-0ak62N28duP1KUAiEA-PORKkfNZ1SPkYWRG_iz0mneUYvyuDLEHncD_e5laq4%3D&lsparams=mh%2Cmm%2Cmn%2Cms%2Cmv%2Cmvi%2Cpl%2Cinitcwndbps&lsig=AG3C_xAwRAIgdJbqGj725DrKuuM_4nTTqPcDoFH8Iq0hqKaxg3pSitoCIBNMwYgSXHxc98rHB2VHjpauwVM2SfynIleL64osODpp&ratebypass=yes", "player_url": null, "ext": "webm", "height": 240, "format_note": "240p", "vcodec": "vp9", "asr": null, "filesize": 1181694, "fps": 30, "tbr": 95.598, "width": 426, "acodec": "none", "downloader_options": {"http_chunk_size": 10485760}, "format": "242 - 426x240 (240p)", "protocol": "https", "http_headers": {"User-Agent": "Mozilla/5.0 (Windows NT 10.0; Win64; x64) AppleWebKit/537.36 (KHTML, like Gecko) Chrome/72.0.3626.25 Safari/537.36", "Accept-Charset": "ISO-8859-1,utf-8;q=0.7,*;q=0.7", "Accept": "text/html,application/xhtml+xml,application/xml;q=0.9,*/*;q=0.8", "Accept-Encoding": "gzip, deflate", "Accept-Language": "en-us,en;q=0.5"}}, {"format_id": "134", "url": "https://r6---sn-5njj-u2xl.googlevideo.com/videoplayback?expire=1611764449&ei=gT4RYNS0M8qvs8IPopuOoA0&ip=140.109.135.76&id=o-ABDEBaq1Sq95167U8fyKvysG4W7KmsWCvH5m7hps-Ng7&itag=134&aitags=133%2C134%2C135%2C136%2C137%2C160%2C242%2C243%2C244%2C247%2C248%2C278&source=youtube&requiressl=yes&mh=k-&mm=31%2C29&mn=sn-5njj-u2xl%2Csn-un57en7l&ms=au%2Crdu&mv=m&mvi=6&pl=16&initcwndbps=546250&vprv=1&mime=video%2Fmp4&ns=y3-h0xR4SJP7f-xl3RvDlwUF&gir=yes&clen=1473448&dur=225.358&lmt=1540779111520354&mt=1611742362&fvip=6&keepalive=yes&c=WEB&txp=5432432&n=xdbLjL9jQ1SRJX7_lTbb&sparams=expire%2Cei%2Cip%2Cid%2Caitags%2Csource%2Crequiressl%2Cvprv%2Cmime%2Cns%2Cgir%2Cclen%2Cdur%2Clmt&sig=AOq0QJ8wRgIhAPwL3YuL0uKQGL8KicMKSvqWd20nVbcTS6xpMSuOfgT-AiEA8dyozmvt5Ladip07CL9NQfbaNyNHcE-kdbJkcBCxBsU%3D&lsparams=mh%2Cmm%2Cmn%2Cms%2Cmv%2Cmvi%2Cpl%2Cinitcwndbps&lsig=AG3C_xAwRAIgdJbqGj725DrKuuM_4nTTqPcDoFH8Iq0hqKaxg3pSitoCIBNMwYgSXHxc98rHB2VHjpauwVM2SfynIleL64osODpp&ratebypass=yes", "player_url": null, "ext": "mp4", "height": 360, "format_note": "360p", "vcodec": "avc1.4d401e", "asr": null, "filesize": 1473448, "fps": 30, "tbr": 121.912, "width": 640, "acodec": "none", "downloader_options": {"http_chunk_size": 10485760}, "format": "134 - 640x360 (360p)", "protocol": "https", "http_headers": {"User-Agent": "Mozilla/5.0 (Windows NT 10.0; Win64; x64) AppleWebKit/537.36 (KHTML, like Gecko) Chrome/72.0.3626.25 Safari/537.36", "Accept-Charset": "ISO-8859-1,utf-8;q=0.7,*;q=0.7", "Accept": "text/html,application/xhtml+xml,application/xml;q=0.9,*/*;q=0.8", "Accept-Encoding": "gzip, deflate", "Accept-Language": "en-us,en;q=0.5"}}, {"format_id": "243", "url": "https://r6---sn-5njj-u2xl.googlevideo.com/videoplayback?expire=1611764449&ei=gT4RYNS0M8qvs8IPopuOoA0&ip=140.109.135.76&id=o-ABDEBaq1Sq95167U8fyKvysG4W7KmsWCvH5m7hps-Ng7&itag=243&aitags=133%2C134%2C135%2C136%2C137%2C160%2C242%2C243%2C244%2C247%2C248%2C278&source=youtube&requiressl=yes&mh=k-&mm=31%2C29&mn=sn-5njj-u2xl%2Csn-un57en7l&ms=au%2Crdu&mv=m&mvi=6&pl=16&initcwndbps=546250&vprv=1&mime=video%2Fwebm&ns=y3-h0xR4SJP7f-xl3RvDlwUF&gir=yes&clen=2186532&dur=225.359&lmt=1540779479020487&mt=1611742362&fvip=6&keepalive=yes&c=WEB&txp=5432432&n=xdbLjL9jQ1SRJX7_lTbb&sparams=expire%2Cei%2Cip%2Cid%2Caitags%2Csource%2Crequiressl%2Cvprv%2Cmime%2Cns%2Cgir%2Cclen%2Cdur%2Clmt&sig=AOq0QJ8wRgIhAMM3FrAAqROfTTIcy-y16L1Gn-6UC7wKJadBG51frbF1AiEA59qzvSxvjVZThnxyPNL0k2rJ7_Kfu6BhkegjU21CPn8%3D&lsparams=mh%2Cmm%2Cmn%2Cms%2Cmv%2Cmvi%2Cpl%2Cinitcwndbps&lsig=AG3C_xAwRAIgdJbqGj725DrKuuM_4nTTqPcDoFH8Iq0hqKaxg3pSitoCIBNMwYgSXHxc98rHB2VHjpauwVM2SfynIleL64osODpp&ratebypass=yes", "player_url": null, "ext": "webm", "height": 360, "format_note": "360p", "vcodec": "vp9", "asr": null, "filesize": 2186532, "fps": 30, "tbr": 198.255, "width": 640, "acodec": "none", "downloader_options": {"http_chunk_size": 10485760}, "format": "243 - 640x360 (360p)", "protocol": "https", "http_headers": {"User-Agent": "Mozilla/5.0 (Windows NT 10.0; Win64; x64) AppleWebKit/537.36 (KHTML, like Gecko) Chrome/72.0.3626.25 Safari/537.36", "Accept-Charset": "ISO-8859-1,utf-8;q=0.7,*;q=0.7", "Accept": "text/html,application/xhtml+xml,application/xml;q=0.9,*/*;q=0.8", "Accept-Encoding": "gzip, deflate", "Accept-Language": "en-us,en;q=0.5"}}, {"format_id": "135", "url": "https://r6---sn-5njj-u2xl.googlevideo.com/videoplayback?expire=1611764449&ei=gT4RYNS0M8qvs8IPopuOoA0&ip=140.109.135.76&id=o-ABDEBaq1Sq95167U8fyKvysG4W7KmsWCvH5m7hps-Ng7&itag=135&aitags=133%2C134%2C135%2C136%2C137%2C160%2C242%2C243%2C244%2C247%2C248%2C278&source=youtube&requiressl=yes&mh=k-&mm=31%2C29&mn=sn-5njj-u2xl%2Csn-un57en7l&ms=au%2Crdu&mv=m&mvi=6&pl=16&initcwndbps=546250&vprv=1&mime=video%2Fmp4&ns=y3-h0xR4SJP7f-xl3RvDlwUF&gir=yes&clen=2718500&dur=225.358&lmt=1540779111644406&mt=1611742362&fvip=6&keepalive=yes&c=WEB&txp=5432432&n=xdbLjL9jQ1SRJX7_lTbb&sparams=expire%2Cei%2Cip%2Cid%2Caitags%2Csource%2Crequiressl%2Cvprv%2Cmime%2Cns%2Cgir%2Cclen%2Cdur%2Clmt&sig=AOq0QJ8wRAIgTSD7JUZzxKLs11S6OqyivjfwJFjGSdfTCsz8PoK7Tr0CIFYHlYNUUiGT3kgYjdr44lugdaFPoM30iDrN7RY2-7s_&lsparams=mh%2Cmm%2Cmn%2Cms%2Cmv%2Cmvi%2Cpl%2Cinitcwndbps&lsig=AG3C_xAwRAIgdJbqGj725DrKuuM_4nTTqPcDoFH8Iq0hqKaxg3pSitoCIBNMwYgSXHxc98rHB2VHjpauwVM2SfynIleL64osODpp&ratebypass=yes", "player_url": null, "ext": "mp4", "height": 480, "format_note": "480p", "vcodec": "avc1.4d401f", "asr": null, "filesize": 2718500, "fps": 30, "tbr": 231.417, "width": 854, "acodec": "none", "downloader_options": {"http_chunk_size": 10485760}, "format": "135 - 854x480 (480p)", "protocol": "https", "http_headers": {"User-Agent": "Mozilla/5.0 (Windows NT 10.0; Win64; x64) AppleWebKit/537.36 (KHTML, like Gecko) Chrome/72.0.3626.25 Safari/537.36", "Accept-Charset": "ISO-8859-1,utf-8;q=0.7,*;q=0.7", "Accept": "text/html,application/xhtml+xml,application/xml;q=0.9,*/*;q=0.8", "Accept-Encoding": "gzip, deflate", "Accept-Language": "en-us,en;q=0.5"}}, {"format_id": "244", "url": "https://r6---sn-5njj-u2xl.googlevideo.com/videoplayback?expire=1611764449&ei=gT4RYNS0M8qvs8IPopuOoA0&ip=140.109.135.76&id=o-ABDEBaq1Sq95167U8fyKvysG4W7KmsWCvH5m7hps-Ng7&itag=244&aitags=133%2C134%2C135%2C136%2C137%2C160%2C242%2C243%2C244%2C247%2C248%2C278&source=youtube&requiressl=yes&mh=k-&mm=31%2C29&mn=sn-5njj-u2xl%2Csn-un57en7l&ms=au%2Crdu&mv=m&mvi=6&pl=16&initcwndbps=546250&vprv=1&mime=video%2Fwebm&ns=y3-h0xR4SJP7f-xl3RvDlwUF&gir=yes&clen=3399841&dur=225.359&lmt=1540779479008174&mt=1611742362&fvip=6&keepalive=yes&c=WEB&txp=5432432&n=xdbLjL9jQ1SRJX7_lTbb&sparams=expire%2Cei%2Cip%2Cid%2Caitags%2Csource%2Crequiressl%2Cvprv%2Cmime%2Cns%2Cgir%2Cclen%2Cdur%2Clmt&sig=AOq0QJ8wRQIgPYqMeFdBD9H3C3F1FD2omloH59C0w3TcBZ49DWo_sssCIQDbKeH-DVmEPb5N6ArIomtYf2Ts-mlYZ96Gv9PQWQF4HQ%3D%3D&lsparams=mh%2Cmm%2Cmn%2Cms%2Cmv%2Cmvi%2Cpl%2Cinitcwndbps&lsig=AG3C_xAwRAIgdJbqGj725DrKuuM_4nTTqPcDoFH8Iq0hqKaxg3pSitoCIBNMwYgSXHxc98rHB2VHjpauwVM2SfynIleL64osODpp&ratebypass=yes", "player_url": null, "ext": "webm", "height": 480, "format_note": "480p", "vcodec": "vp9", "asr": null, "filesize": 3399841, "fps": 30, "tbr": 324.496, "width": 854, "acodec": "none", "downloader_options": {"http_chunk_size": 10485760}, "format": "244 - 854x480 (480p)", "protocol": "https", "http_headers": {"User-Agent": "Mozilla/5.0 (Windows NT 10.0; Win64; x64) AppleWebKit/537.36 (KHTML, like Gecko) Chrome/72.0.3626.25 Safari/537.36", "Accept-Charset": "ISO-8859-1,utf-8;q=0.7,*;q=0.7", "Accept": "text/html,application/xhtml+xml,application/xml;q=0.9,*/*;q=0.8", "Accept-Encoding": "gzip, deflate", "Accept-Language": "en-us,en;q=0.5"}}, {"format_id": "136", "url": "https://r6---sn-5njj-u2xl.googlevideo.com/videoplayback?expire=1611764449&ei=gT4RYNS0M8qvs8IPopuOoA0&ip=140.109.135.76&id=o-ABDEBaq1Sq95167U8fyKvysG4W7KmsWCvH5m7hps-Ng7&itag=136&aitags=133%2C134%2C135%2C136%2C137%2C160%2C242%2C243%2C244%2C247%2C248%2C278&source=youtube&requiressl=yes&mh=k-&mm=31%2C29&mn=sn-5njj-u2xl%2Csn-un57en7l&ms=au%2Crdu&mv=m&mvi=6&pl=16&initcwndbps=546250&vprv=1&mime=video%2Fmp4&ns=y3-h0xR4SJP7f-xl3RvDlwUF&gir=yes&clen=5263492&dur=225.358&lmt=1540779111746535&mt=1611742362&fvip=6&keepalive=yes&c=WEB&txp=5432432&n=xdbLjL9jQ1SRJX7_lTbb&sparams=expire%2Cei%2Cip%2Cid%2Caitags%2Csource%2Crequiressl%2Cvprv%2Cmime%2Cns%2Cgir%2Cclen%2Cdur%2Clmt&sig=AOq0QJ8wRAIgLjil0ZBf7p9IVA5fveQg69SCnAJaA-3-h1yUpbbWgBkCIENfmszMI7odFTk7DIjbrSz-ypZB6If9C196drqZ40ab&lsparams=mh%2Cmm%2Cmn%2Cms%2Cmv%2Cmvi%2Cpl%2Cinitcwndbps&lsig=AG3C_xAwRAIgdJbqGj725DrKuuM_4nTTqPcDoFH8Iq0hqKaxg3pSitoCIBNMwYgSXHxc98rHB2VHjpauwVM2SfynIleL64osODpp&ratebypass=yes", "player_url": null, "ext": "mp4", "height": 720, "format_note": "720p", "vcodec": "avc1.4d401f", "asr": null, "filesize": 5263492, "fps": 30, "tbr": 457.316, "width": 1280, "acodec": "none", "downloader_options": {"http_chunk_size": 10485760}, "format": "136 - 1280x720 (720p)", "protocol": "https", "http_headers": {"User-Agent": "Mozilla/5.0 (Windows NT 10.0; Win64; x64) AppleWebKit/537.36 (KHTML, like Gecko) Chrome/72.0.3626.25 Safari/537.36", "Accept-Charset": "ISO-8859-1,utf-8;q=0.7,*;q=0.7", "Accept": "text/html,application/xhtml+xml,application/xml;q=0.9,*/*;q=0.8", "Accept-Encoding": "gzip, deflate", "Accept-Language": "en-us,en;q=0.5"}}, {"format_id": "247", "url": "https://r6---sn-5njj-u2xl.googlevideo.com/videoplayback?expire=1611764449&ei=gT4RYNS0M8qvs8IPopuOoA0&ip=140.109.135.76&id=o-ABDEBaq1Sq95167U8fyKvysG4W7KmsWCvH5m7hps-Ng7&itag=247&aitags=133%2C134%2C135%2C136%2C137%2C160%2C242%2C243%2C244%2C247%2C248%2C278&source=youtube&requiressl=yes&mh=k-&mm=31%2C29&mn=sn-5njj-u2xl%2Csn-un57en7l&ms=au%2Crdu&mv=m&mvi=6&pl=16&initcwndbps=546250&vprv=1&mime=video%2Fwebm&ns=y3-h0xR4SJP7f-xl3RvDlwUF&gir=yes&clen=7081234&dur=225.359&lmt=1540779479012885&mt=1611742362&fvip=6&keepalive=yes&c=WEB&txp=5432432&n=xdbLjL9jQ1SRJX7_lTbb&sparams=expire%2Cei%2Cip%2Cid%2Caitags%2Csource%2Crequiressl%2Cvprv%2Cmime%2Cns%2Cgir%2Cclen%2Cdur%2Clmt&sig=AOq0QJ8wRgIhAMXFSp_jdTfAw_L2bGOT6_UXqBe5d2TPnUy0xnTp5-8nAiEA2WV3vloYBgsd9HBxXiiN_s9hCKHcHQb5mcJ4eU28hGg%3D&lsparams=mh%2Cmm%2Cmn%2Cms%2Cmv%2Cmvi%2Cpl%2Cinitcwndbps&lsig=AG3C_xAwRAIgdJbqGj725DrKuuM_4nTTqPcDoFH8Iq0hqKaxg3pSitoCIBNMwYgSXHxc98rHB2VHjpauwVM2SfynIleL64osODpp&ratebypass=yes", "player_url": null, "ext": "webm", "height": 720, "format_note": "720p", "vcodec": "vp9", "asr": null, "filesize": 7081234, "fps": 30, "tbr": 647.398, "width": 1280, "acodec": "none", "downloader_options": {"http_chunk_size": 10485760}, "format": "247 - 1280x720 (720p)", "protocol": "https", "http_headers": {"User-Agent": "Mozilla/5.0 (Windows NT 10.0; Win64; x64) AppleWebKit/537.36 (KHTML, like Gecko) Chrome/72.0.3626.25 Safari/537.36", "Accept-Charset": "ISO-8859-1,utf-8;q=0.7,*;q=0.7", "Accept": "text/html,application/xhtml+xml,application/xml;q=0.9,*/*;q=0.8", "Accept-Encoding": "gzip, deflate", "Accept-Language": "en-us,en;q=0.5"}}, {"format_id": "137", "url": "https://r6---sn-5njj-u2xl.googlevideo.com/videoplayback?expire=1611764449&ei=gT4RYNS0M8qvs8IPopuOoA0&ip=140.109.135.76&id=o-ABDEBaq1Sq95167U8fyKvysG4W7KmsWCvH5m7hps-Ng7&itag=137&aitags=133%2C134%2C135%2C136%2C137%2C160%2C242%2C243%2C244%2C247%2C248%2C278&source=youtube&requiressl=yes&mh=k-&mm=31%2C29&mn=sn-5njj-u2xl%2Csn-un57en7l&ms=au%2Crdu&mv=m&mvi=6&pl=16&initcwndbps=546250&vprv=1&mime=video%2Fmp4&ns=y3-h0xR4SJP7f-xl3RvDlwUF&gir=yes&clen=10214518&dur=225.358&lmt=1540779111841410&mt=1611742362&fvip=6&keepalive=yes&c=WEB&txp=5432432&n=xdbLjL9jQ1SRJX7_lTbb&sparams=expire%2Cei%2Cip%2Cid%2Caitags%2Csource%2Crequiressl%2Cvprv%2Cmime%2Cns%2Cgir%2Cclen%2Cdur%2Clmt&sig=AOq0QJ8wRgIhAMnYerWQP4OP8BIx5G_SQZU8GgNGEHAzqc286AFHZJqXAiEAgBlAupJ3bIkQ4BqmTPp5X1yIaVsPtleav_lGaQLKPRY%3D&lsparams=mh%2Cmm%2Cmn%2Cms%2Cmv%2Cmvi%2Cpl%2Cinitcwndbps&lsig=AG3C_xAwRAIgdJbqGj725DrKuuM_4nTTqPcDoFH8Iq0hqKaxg3pSitoCIBNMwYgSXHxc98rHB2VHjpauwVM2SfynIleL64osODpp&ratebypass=yes", "player_url": null, "ext": "mp4", "height": 1080, "format_note": "1080p", "vcodec": "avc1.640028", "asr": null, "filesize": 10214518, "fps": 30, "tbr": 829.045, "width": 1920, "acodec": "none", "downloader_options": {"http_chunk_size": 10485760}, "format": "137 - 1920x1080 (1080p)", "protocol": "https", "http_headers": {"User-Agent": "Mozilla/5.0 (Windows NT 10.0; Win64; x64) AppleWebKit/537.36 (KHTML, like Gecko) Chrome/72.0.3626.25 Safari/537.36", "Accept-Charset": "ISO-8859-1,utf-8;q=0.7,*;q=0.7", "Accept": "text/html,application/xhtml+xml,application/xml;q=0.9,*/*;q=0.8", "Accept-Encoding": "gzip, deflate", "Accept-Language": "en-us,en;q=0.5"}}, {"format_id": "248", "url": "https://r6---sn-5njj-u2xl.googlevideo.com/videoplayback?expire=1611764449&ei=gT4RYNS0M8qvs8IPopuOoA0&ip=140.109.135.76&id=o-ABDEBaq1Sq95167U8fyKvysG4W7KmsWCvH5m7hps-Ng7&itag=248&aitags=133%2C134%2C135%2C136%2C137%2C160%2C242%2C243%2C244%2C247%2C248%2C278&source=youtube&requiressl=yes&mh=k-&mm=31%2C29&mn=sn-5njj-u2xl%2Csn-un57en7l&ms=au%2Crdu&mv=m&mvi=6&pl=16&initcwndbps=546250&vprv=1&mime=video%2Fwebm&ns=y3-h0xR4SJP7f-xl3RvDlwUF&gir=yes&clen=12754434&dur=225.359&lmt=1540779479005557&mt=1611742362&fvip=6&keepalive=yes&c=WEB&txp=5432432&n=xdbLjL9jQ1SRJX7_lTbb&sparams=expire%2Cei%2Cip%2Cid%2Caitags%2Csource%2Crequiressl%2Cvprv%2Cmime%2Cns%2Cgir%2Cclen%2Cdur%2Clmt&sig=AOq0QJ8wRAIgI_LnBEh2TUgr5UuPbuFOBL8xlMCP4QhvIWY8WWk1jsICIF1GxFtkncen7M6dfN9wPfXzEQMQrVH4mAEJvsWdoAqx&lsparams=mh%2Cmm%2Cmn%2Cms%2Cmv%2Cmvi%2Cpl%2Cinitcwndbps&lsig=AG3C_xAwRAIgdJbqGj725DrKuuM_4nTTqPcDoFH8Iq0hqKaxg3pSitoCIBNMwYgSXHxc98rHB2VHjpauwVM2SfynIleL64osODpp&ratebypass=yes", "player_url": null, "ext": "webm", "height": 1080, "format_note": "1080p", "vcodec": "vp9", "asr": null, "filesize": 12754434, "fps": 30, "tbr": 1194.279, "width": 1920, "acodec": "none", "downloader_options": {"http_chunk_size": 10485760}, "format": "248 - 1920x1080 (1080p)", "protocol": "https", "http_headers": {"User-Agent": "Mozilla/5.0 (Windows NT 10.0; Win64; x64) AppleWebKit/537.36 (KHTML, like Gecko) Chrome/72.0.3626.25 Safari/537.36", "Accept-Charset": "ISO-8859-1,utf-8;q=0.7,*;q=0.7", "Accept": "text/html,application/xhtml+xml,application/xml;q=0.9,*/*;q=0.8", "Accept-Encoding": "gzip, deflate", "Accept-Language": "en-us,en;q=0.5"}}, {"format_id": "18", "url": "https://r6---sn-5njj-u2xl.googlevideo.com/videoplayback?expire=1611764449&ei=gT4RYNS0M8qvs8IPopuOoA0&ip=140.109.135.76&id=o-ABDEBaq1Sq95167U8fyKvysG4W7KmsWCvH5m7hps-Ng7&itag=18&source=youtube&requiressl=yes&mh=k-&mm=31%2C29&mn=sn-5njj-u2xl%2Csn-un57en7l&ms=au%2Crdu&mv=m&mvi=6&pl=16&initcwndbps=546250&vprv=1&mime=video%2Fmp4&ns=3fePzYUxhSkOpTXvwClATpsF&gir=yes&clen=9637602&ratebypass=yes&dur=225.419&lmt=1540779165705019&mt=1611742362&fvip=6&c=WEB&txp=5431432&n=Jfw_02ArGjyO-qZur1I6&sparams=expire%2Cei%2Cip%2Cid%2Citag%2Csource%2Crequiressl%2Cvprv%2Cmime%2Cns%2Cgir%2Cclen%2Cratebypass%2Cdur%2Clmt&sig=AOq0QJ8wRgIhAOWPJFGiLyBLo07HaegKK6ss39SXiIAYtjxFEr-QAvq6AiEAwexw-LnaJH6GdKAfKuENdAhWEMONJiDfftoBGAVdXq4%3D&lsparams=mh%2Cmm%2Cmn%2Cms%2Cmv%2Cmvi%2Cpl%2Cinitcwndbps&lsig=AG3C_xAwRAIgdJbqGj725DrKuuM_4nTTqPcDoFH8Iq0hqKaxg3pSitoCIBNMwYgSXHxc98rHB2VHjpauwVM2SfynIleL64osODpp", "player_url": null, "ext": "mp4", "width": 640, "height": 360, "acodec": "mp4a.40.2", "abr": 96, "vcodec": "avc1.42001E", "asr": 44100, "filesize": 9637602, "format_note": "360p", "fps": 30, "tbr": 342.125, "format": "18 - 640x360 (360p)", "protocol": "https", "http_headers": {"User-Agent": "Mozilla/5.0 (Windows NT 10.0; Win64; x64) AppleWebKit/537.36 (KHTML, like Gecko) Chrome/72.0.3626.25 Safari/537.36", "Accept-Charset": "ISO-8859-1,utf-8;q=0.7,*;q=0.7", "Accept": "text/html,application/xhtml+xml,application/xml;q=0.9,*/*;q=0.8", "Accept-Encoding": "gzip, deflate", "Accept-Language": "en-us,en;q=0.5"}}, {"format_id": "22", "url": "https://r6---sn-5njj-u2xl.googlevideo.com/videoplayback?expire=1611764449&ei=gT4RYNS0M8qvs8IPopuOoA0&ip=140.109.135.76&id=o-ABDEBaq1Sq95167U8fyKvysG4W7KmsWCvH5m7hps-Ng7&itag=22&source=youtube&requiressl=yes&mh=k-&mm=31%2C29&mn=sn-5njj-u2xl%2Csn-un57en7l&ms=au%2Crdu&mv=m&mvi=6&pl=16&initcwndbps=546250&vprv=1&mime=video%2Fmp4&ns=3fePzYUxhSkOpTXvwClATpsF&ratebypass=yes&dur=225.419&lmt=1610142984714306&mt=1611742362&fvip=6&c=WEB&txp=5432434&n=Jfw_02ArGjyO-qZur1I6&sparams=expire%2Cei%2Cip%2Cid%2Citag%2Csource%2Crequiressl%2Cvprv%2Cmime%2Cns%2Cratebypass%2Cdur%2Clmt&sig=AOq0QJ8wRgIhAPrHy-6jOVlDdqXCeXJqF8v-czcFJ0VRtdLX2zNeC1MFAiEAzlCrubl6Wv9gUBCcRMlud9PT4um38NMkHyfMBWKrWfM%3D&lsparams=mh%2Cmm%2Cmn%2Cms%2Cmv%2Cmvi%2Cpl%2Cinitcwndbps&lsig=AG3C_xAwRAIgdJbqGj725DrKuuM_4nTTqPcDoFH8Iq0hqKaxg3pSitoCIBNMwYgSXHxc98rHB2VHjpauwVM2SfynIleL64osODpp", "player_url": null, "ext": "mp4", "width": 1280, "height": 720, "acodec": "mp4a.40.2", "abr": 192, "vcodec": "avc1.64001F", "asr": 44100, "filesize": null, "format_note": "720p", "fps": 30, "tbr": 950.961, "format": "22 - 1280x720 (720p)", "protocol": "https", "http_headers": {"User-Agent": "Mozilla/5.0 (Windows NT 10.0; Win64; x64) AppleWebKit/537.36 (KHTML, like Gecko) Chrome/72.0.3626.25 Safari/537.36", "Accept-Charset": "ISO-8859-1,utf-8;q=0.7,*;q=0.7", "Accept": "text/html,application/xhtml+xml,application/xml;q=0.9,*/*;q=0.8", "Accept-Encoding": "gzip, deflate", "Accept-Language": "en-us,en;q=0.5"}}], "is_live": null, "start_time": null, "end_time": null, "series": null, "season_number": null, "episode_number": null, "track": null, "artist": null, "album": null, "release_date": null, "release_year": null, "extractor": "youtube", "webpage_url_basename": "watch", "extractor_key": "Youtube", "playlist": null, "playlist_index": null, "thumbnail": "https://i.ytimg.com/vi_webp/frXbjXbgP7U/maxresdefault.webp", "display_id": "frXbjXbgP7U", "requested_subtitles": null, "format_id": "251", "url": "https://r6---sn-5njj-u2xl.googlevideo.com/videoplayback?expire=1611764449&ei=gT4RYNS0M8qvs8IPopuOoA0&ip=140.109.135.76&id=o-ABDEBaq1Sq95167U8fyKvysG4W7KmsWCvH5m7hps-Ng7&itag=251&source=youtube&requiressl=yes&mh=k-&mm=31%2C29&mn=sn-5njj-u2xl%2Csn-un57en7l&ms=au%2Crdu&mv=m&mvi=6&pl=16&initcwndbps=546250&vprv=1&mime=audio%2Fwebm&ns=y3-h0xR4SJP7f-xl3RvDlwUF&gir=yes&clen=3917074&dur=225.381&lmt=1540780462033197&mt=1611742362&fvip=6&keepalive=yes&c=WEB&txp=5411222&n=xdbLjL9jQ1SRJX7_lTbb&sparams=expire%2Cei%2Cip%2Cid%2Citag%2Csource%2Crequiressl%2Cvprv%2Cmime%2Cns%2Cgir%2Cclen%2Cdur%2Clmt&sig=AOq0QJ8wRgIhAIPnIFLSgQI8CEndz9oNllIMZYQ_MOCc9xiO7yhftewqAiEAmRgs4yE-1dIUbbSeScAuKaMiheJIhkQJyrY6fN2UU9I%3D&lsparams=mh%2Cmm%2Cmn%2Cms%2Cmv%2Cmvi%2Cpl%2Cinitcwndbps&lsig=AG3C_xAwRAIgdJbqGj725DrKuuM_4nTTqPcDoFH8Iq0hqKaxg3pSitoCIBNMwYgSXHxc98rHB2VHjpauwVM2SfynIleL64osODpp&ratebypass=yes", "player_url": null, "ext": "webm", "format_note": "tiny", "acodec": "opus", "abr": 160, "asr": 48000, "filesize": 3917074, "fps": null, "height": null, "tbr": 158.069, "width": null, "vcodec": "none", "downloader_options": {"http_chunk_size": 10485760}, "format": "251 - audio only (tiny)", "protocol": "https", "http_headers": {"User-Agent": "Mozilla/5.0 (Windows NT 10.0; Win64; x64) AppleWebKit/537.36 (KHTML, like Gecko) Chrome/72.0.3626.25 Safari/537.36", "Accept-Charset": "ISO-8859-1,utf-8;q=0.7,*;q=0.7", "Accept": "text/html,application/xhtml+xml,application/xml;q=0.9,*/*;q=0.8", "Accept-Encoding": "gzip, deflate", "Accept-Language": "en-us,en;q=0.5"}}