{"id": "ii1Jw1-7Ka4", "uploader": "Epic Music World", "uploader_id": "RogueOfAvatar", "uploader_url": "http://www.youtube.com/user/RogueOfAvatar", "channel_id": "UC9ImTi0cbFHs7PQ4l2jGO1g", "channel_url": "http://www.youtube.com/channel/UC9ImTi0cbFHs7PQ4l2jGO1g", "upload_date": "20190923", "license": null, "creator": null, "title": "\"FORGIVEN\" by Norman D\u00fcck ~ World's Most Emotional Piano Music", "alt_title": null, "thumbnails": [{"url": "https://i.ytimg.com/vi/ii1Jw1-7Ka4/hqdefault.jpg?sqp=-oaymwEbCKgBEF5IVfKriqkDDggBFQAAiEIYAXABwAEG&rs=AOn4CLDIRQblI5V8E1qfhl3WUThw084mkg", "width": 168, "height": 94, "resolution": "168x94", "id": "0"}, {"url": "https://i.ytimg.com/vi/ii1Jw1-7Ka4/hqdefault.jpg?sqp=-oaymwEbCMQBEG5IVfKriqkDDggBFQAAiEIYAXABwAEG&rs=AOn4CLCRBp7-jcPeH5-6QpWhT7tQjZ4GrQ", "width": 196, "height": 110, "resolution": "196x110", "id": "1"}, {"url": "https://i.ytimg.com/vi/ii1Jw1-7Ka4/hqdefault.jpg?sqp=-oaymwEcCPYBEIoBSFXyq4qpAw4IARUAAIhCGAFwAcABBg==&rs=AOn4CLDQX0Tw3ZkjT-gQ9tJuDWWkaVWFHQ", "width": 246, "height": 138, "resolution": "246x138", "id": "2"}, {"url": "https://i.ytimg.com/vi/ii1Jw1-7Ka4/hqdefault.jpg?sqp=-oaymwEcCNACELwBSFXyq4qpAw4IARUAAIhCGAFwAcABBg==&rs=AOn4CLA8Nmoh8zwDiyx7BmLxB0c4DmV8RA", "width": 336, "height": 188, "resolution": "336x188", "id": "3"}, {"url": "https://i.ytimg.com/vi_webp/ii1Jw1-7Ka4/maxresdefault.webp", "width": 1920, "height": 1080, "resolution": "1920x1080", "id": "4"}], "description": "Artist Websites:\n\n\u25b8 Hear This Upload & More On Spotify To Go: https://spoti.fi/2RMvpX7\n\n\u25b8 Spotify: https://spoti.fi/2ZXBlQh\n\u25b8 Apple Music: https://apple.co/2KxxcgY\n\u25b8 Amazon: https://amzn.to/2OQ6uUJ\n\u25b8 Deezer: http://bit.ly/2H5H4w7\n\u25b8 Google Play: http://bit.ly/2H2U31K\n\n\u25b8 Youtube: https://www.youtube.com/channel/UCZrx074saEGIs9Cxo1GOjgg\n\u25b8 Patreon: https://www.patreon.com/NormanDueck/creators\n\u25b8 Instagram: https://www.instagram.com/norman_dueck/\n\u25b8 Twitter: https://twitter.com/norman_dueck\n\u25b8 Facebook: https://www.facebook.com/norman.du\n\u2582\n\n\u2605 LEARN TO COMPOSE EPIC MUSIC & MORE STEP BY STEP:\n\n\u25b8 Learn From Evenant Courses (Learn To Make: Trailer Music, Cinematic Music, Cinematic Design, Sound Design & More): https://goo.gl/miZCfd\n\u25b8 Learn How To Master Orchestral Post Production: https://goo.gl/vidFoo\n\u25b8 Trailer Music Mastery - Your Way Into The Music Business: https://goo.gl/urFTBu\n\u2582\n\nEpic Music World Websites: \n\n\u25b8 Spotify: https://spoti.fi/2YhQKdw\n\u25b8 Keep Me Alive (Donation): https://goo.gl/iIsogi\n\u25b8 Merchandise EU: https://shop.spreadshirt.net/epicmusicworld/\n\u25b8 Epic Music World II: http://bit.ly/1Oo4n11\n\u25b8 Facebook (Submit Your Work): https://www.facebook.com/EpicMusicWorld2/\n\u25b8 Join Discord: https://discord.gg/ry5z8AZ\n\u25b8 Patreon: https://patreon.com/EpicMusicWorld\n\u25b8 Soundcloud: https://soundcloud.com/epicmusicworld\n\u25b8 Instagram: https://www.instagram.com/kai_emw/\n\u2582\n\n\ud83c\udfa7 Video Details:\n\nTitle: Forgiven\nArtist: Norman D\u00fcck \n\n\u2605 Animation by Realtime Motion Studios: http://realtime-motion-studios.rf.gd\n\u2605 Buy Your Animation: https://rocketr.net/sellers/realtimemotionstudios\n\u2582\n\n\ud83d\udcf8 Image Artist: trungbui42\n\n\u25b8 Image: http://fav.me/ddcswwg\n\u25b8 Image Artist: https://www.deviantart.com/trungbui42\n\u25b8 Instagram: https://www.instagram.com/trungbui42/\n\u25b8 ArtStation: https://www.artstation.com/trungbui42\n\u25b8 Facebook: https://www.facebook.com/trungbui42\n\u25b8 Shop: https://www.teepublic.com/user/trungbui42\n\u2582\n\n\u00a9 Copyright Info\n\n\u2714 Be aware all music and pictures belongs to the original artists.\n\u2714 This video was given a special license directly from the artists.\n\u2716 I am in no position to give anyone permission to use this\n\n.\u279d Please ask the artists and NOT me for permission !!!\n\n\ud83d\udd14 Relevant hashtags: \n#pianomusic #emotionalmusic #relaxingmusic", "categories": ["Music"], "tags": ["piano music", "emotional music", "relaxing music", "background music", "forgiven", "florian bur", "epic music world", "emw", "sad piano", "beautiful piano", "beautiful piano music", "beautiful music", "classic piano", "instrumental music", "angel music", "female angel", "world's most emotional piano music", "most emotional", "top emotional"], "subtitles": {}, "automatic_captions": {}, "duration": 183, "age_limit": 0, "annotations": null, "chapters": null, "webpage_url": "https://www.youtube.com/watch?v=ii1Jw1-7Ka4", "view_count": 66140, "like_count": 2972, "dislike_count": 32, "average_rating": 4.9573903, "formats": [{"format_id": "249", "url": "https://r4---sn-5njj-u2xl.googlevideo.com/videoplayback?expire=1611764173&ei=bT0RYN2BKJiegAOR_6SQDQ&ip=140.109.135.76&id=o-AEVCpCyfv4pNrTIUWnJw5uQvY0N3UdGjI5XLhCIFf-zG&itag=249&source=youtube&requiressl=yes&mh=6T&mm=31%2C29&mn=sn-5njj-u2xl%2Csn-un57sn76&ms=au%2Crdu&mv=m&mvi=4&pl=16&initcwndbps=453750&vprv=1&mime=audio%2Fwebm&ns=U-oH340kOtAhOOak00HGQqEF&gir=yes&clen=1341780&dur=182.881&lmt=1569248783382491&mt=1611742127&fvip=4&keepalive=yes&c=WEB&txp=5531432&n=CVEV4ecXS5vdEbAP3ESB&sparams=expire%2Cei%2Cip%2Cid%2Citag%2Csource%2Crequiressl%2Cvprv%2Cmime%2Cns%2Cgir%2Cclen%2Cdur%2Clmt&lsparams=mh%2Cmm%2Cmn%2Cms%2Cmv%2Cmvi%2Cpl%2Cinitcwndbps&lsig=AG3C_xAwRQIgKnF1PShwLG0CEBCyzU3f17uhZ3lW98hNsoZUvmWvQrcCIQD_UUSBPBVl9nuK5zsf5un3J1no_zj9hgGBKw1S5-pEpA%3D%3D&sig=AOq0QJ8wRQIgWIkJ9wNZdSP_hkMAjuL-b60mDxDAfePXJkdDcNAo86YCIQC2bbVy9wC4yyiLriKGHWCaOmYM5WP7QiAdDGfaTM9cXw==&ratebypass=yes", "player_url": "/s/player/c6df6ed7/player_ias.vflset/en_US/base.js", "ext": "webm", "format_note": "tiny", "acodec": "opus", "abr": 50, "asr": 48000, "filesize": 1341780, "fps": null, "height": null, "tbr": 63.762, "width": null, "vcodec": "none", "downloader_options": {"http_chunk_size": 10485760}, "format": "249 - audio only (tiny)", "protocol": "https", "http_headers": {"User-Agent": "Mozilla/5.0 (Windows NT 10.0; Win64; x64) AppleWebKit/537.36 (KHTML, like Gecko) Chrome/72.0.3626.25 Safari/537.36", "Accept-Charset": "ISO-8859-1,utf-8;q=0.7,*;q=0.7", "Accept": "text/html,application/xhtml+xml,application/xml;q=0.9,*/*;q=0.8", "Accept-Encoding": "gzip, deflate", "Accept-Language": "en-us,en;q=0.5"}}, {"format_id": "250", "url": "https://r4---sn-5njj-u2xl.googlevideo.com/videoplayback?expire=1611764173&ei=bT0RYN2BKJiegAOR_6SQDQ&ip=140.109.135.76&id=o-AEVCpCyfv4pNrTIUWnJw5uQvY0N3UdGjI5XLhCIFf-zG&itag=250&source=youtube&requiressl=yes&mh=6T&mm=31%2C29&mn=sn-5njj-u2xl%2Csn-un57sn76&ms=au%2Crdu&mv=m&mvi=4&pl=16&initcwndbps=453750&vprv=1&mime=audio%2Fwebm&ns=U-oH340kOtAhOOak00HGQqEF&gir=yes&clen=1792710&dur=182.881&lmt=1569248783719061&mt=1611742127&fvip=4&keepalive=yes&c=WEB&txp=5531432&n=CVEV4ecXS5vdEbAP3ESB&sparams=expire%2Cei%2Cip%2Cid%2Citag%2Csource%2Crequiressl%2Cvprv%2Cmime%2Cns%2Cgir%2Cclen%2Cdur%2Clmt&lsparams=mh%2Cmm%2Cmn%2Cms%2Cmv%2Cmvi%2Cpl%2Cinitcwndbps&lsig=AG3C_xAwRQIgJYL3XIkO7pxPUEPWiD90U34p3wrdo0rbZ3ep8hYtyBUCIQCfaI705ex3tC5aLEs671c4iG8CpmbuhAJTTI9qgOTZqg%3D%3D&sig=AOq0QJ8wRgIhAJ8ow6vnl89u9YowJURskf1dV8cRdBAoO5b6-QJfSii5AiEAwRmWjq3J69pLnsJfUUpa9AMmtHIcn4fVecg9yxUHpSw=&ratebypass=yes", "player_url": "/s/player/c6df6ed7/player_ias.vflset/en_US/base.js", "ext": "webm", "format_note": "tiny", "acodec": "opus", "abr": 70, "asr": 48000, "filesize": 1792710, "fps": null, "height": null, "tbr": 85.122, "width": null, "vcodec": "none", "downloader_options": {"http_chunk_size": 10485760}, "format": "250 - audio only (tiny)", "protocol": "https", "http_headers": {"User-Agent": "Mozilla/5.0 (Windows NT 10.0; Win64; x64) AppleWebKit/537.36 (KHTML, like Gecko) Chrome/72.0.3626.25 Safari/537.36", "Accept-Charset": "ISO-8859-1,utf-8;q=0.7,*;q=0.7", "Accept": "text/html,application/xhtml+xml,application/xml;q=0.9,*/*;q=0.8", "Accept-Encoding": "gzip, deflate", "Accept-Language": "en-us,en;q=0.5"}}, {"format_id": "140", "url": "https://r4---sn-5njj-u2xl.googlevideo.com/videoplayback?expire=1611764173&ei=bT0RYN2BKJiegAOR_6SQDQ&ip=140.109.135.76&id=o-AEVCpCyfv4pNrTIUWnJw5uQvY0N3UdGjI5XLhCIFf-zG&itag=140&source=youtube&requiressl=yes&mh=6T&mm=31%2C29&mn=sn-5njj-u2xl%2Csn-un57sn76&ms=au%2Crdu&mv=m&mvi=4&pl=16&initcwndbps=453750&vprv=1&mime=audio%2Fmp4&ns=U-oH340kOtAhOOak00HGQqEF&gir=yes&clen=2961208&dur=182.926&lmt=1569248784472761&mt=1611742127&fvip=4&keepalive=yes&c=WEB&txp=5531432&n=CVEV4ecXS5vdEbAP3ESB&sparams=expire%2Cei%2Cip%2Cid%2Citag%2Csource%2Crequiressl%2Cvprv%2Cmime%2Cns%2Cgir%2Cclen%2Cdur%2Clmt&lsparams=mh%2Cmm%2Cmn%2Cms%2Cmv%2Cmvi%2Cpl%2Cinitcwndbps&lsig=AG3C_xAwRAIgcTOPli2SnAMthfUD2A6yv-r6HY6cwyW3GIj__Q5kUg4CICvZqhdZG8tU41t09_30L33eWQzl3fzjnL6ek3ZoQTex&sig=AOq0QJ8wRgIhAL8TNeTVKCi_9taTDlrVKG9TsLf9_aibwDMsv-YEp8AJAiEApYbbt25ZqJWPJN50vIuQtTx4UJIDKiSI0g6zvBVyYxY=&ratebypass=yes", "player_url": "/s/player/c6df6ed7/player_ias.vflset/en_US/base.js", "ext": "m4a", "format_note": "tiny", "acodec": "mp4a.40.2", "abr": 128, "container": "m4a_dash", "asr": 44100, "filesize": 2961208, "fps": null, "height": null, "tbr": 130.475, "width": null, "vcodec": "none", "downloader_options": {"http_chunk_size": 10485760}, "format": "140 - audio only (tiny)", "protocol": "https", "http_headers": {"User-Agent": "Mozilla/5.0 (Windows NT 10.0; Win64; x64) AppleWebKit/537.36 (KHTML, like Gecko) Chrome/72.0.3626.25 Safari/537.36", "Accept-Charset": "ISO-8859-1,utf-8;q=0.7,*;q=0.7", "Accept": "text/html,application/xhtml+xml,application/xml;q=0.9,*/*;q=0.8", "Accept-Encoding": "gzip, deflate", "Accept-Language": "en-us,en;q=0.5"}}, {"format_id": "251", "url": "https://r4---sn-5njj-u2xl.googlevideo.com/videoplayback?expire=1611764173&ei=bT0RYN2BKJiegAOR_6SQDQ&ip=140.109.135.76&id=o-AEVCpCyfv4pNrTIUWnJw5uQvY0N3UdGjI5XLhCIFf-zG&itag=251&source=youtube&requiressl=yes&mh=6T&mm=31%2C29&mn=sn-5njj-u2xl%2Csn-un57sn76&ms=au%2Crdu&mv=m&mvi=4&pl=16&initcwndbps=453750&vprv=1&mime=audio%2Fwebm&ns=U-oH340kOtAhOOak00HGQqEF&gir=yes&clen=3423382&dur=182.881&lmt=1569248785661224&mt=1611742127&fvip=4&keepalive=yes&c=WEB&txp=5531432&n=CVEV4ecXS5vdEbAP3ESB&sparams=expire%2Cei%2Cip%2Cid%2Citag%2Csource%2Crequiressl%2Cvprv%2Cmime%2Cns%2Cgir%2Cclen%2Cdur%2Clmt&lsparams=mh%2Cmm%2Cmn%2Cms%2Cmv%2Cmvi%2Cpl%2Cinitcwndbps&lsig=AG3C_xAwRgIhAL70jRjQZsw99P1xhPNrM0ljgCfxN8G4NoprmlU_XKsSAiEA3uf94UnfrJq0XmC20F3ydvpTF7xGWf9WUCsVo5O15Nk%3D&sig=AOq0QJ8wRQIgJdOpxYDx7pVK_vl9GV_tQjEM5YRh5nHN1xbIYGNfTVECIQDTa2N3LuQqSwnFn0pW4t-M9nSHLljtrNMAVEqEKVtntg==&ratebypass=yes", "player_url": "/s/player/c6df6ed7/player_ias.vflset/en_US/base.js", "ext": "webm", "format_note": "tiny", "acodec": "opus", "abr": 160, "asr": 48000, "filesize": 3423382, "fps": null, "height": null, "tbr": 160.075, "width": null, "vcodec": "none", "downloader_options": {"http_chunk_size": 10485760}, "format": "251 - audio only (tiny)", "protocol": "https", "http_headers": {"User-Agent": "Mozilla/5.0 (Windows NT 10.0; Win64; x64) AppleWebKit/537.36 (KHTML, like Gecko) Chrome/72.0.3626.25 Safari/537.36", "Accept-Charset": "ISO-8859-1,utf-8;q=0.7,*;q=0.7", "Accept": "text/html,application/xhtml+xml,application/xml;q=0.9,*/*;q=0.8", "Accept-Encoding": "gzip, deflate", "Accept-Language": "en-us,en;q=0.5"}}, {"format_id": "160", "url": "https://r4---sn-5njj-u2xl.googlevideo.com/videoplayback?expire=1611764173&ei=bT0RYN2BKJiegAOR_6SQDQ&ip=140.109.135.76&id=o-AEVCpCyfv4pNrTIUWnJw5uQvY0N3UdGjI5XLhCIFf-zG&itag=160&aitags=133%2C134%2C135%2C136%2C160%2C242%2C243%2C244%2C247%2C278%2C298%2C299%2C302%2C303&source=youtube&requiressl=yes&mh=6T&mm=31%2C29&mn=sn-5njj-u2xl%2Csn-un57sn76&ms=au%2Crdu&mv=m&mvi=4&pl=16&initcwndbps=453750&vprv=1&mime=video%2Fmp4&ns=U-oH340kOtAhOOak00HGQqEF&gir=yes&clen=505871&dur=182.866&lmt=1569249096474336&mt=1611742127&fvip=4&keepalive=yes&c=WEB&txp=5535432&n=CVEV4ecXS5vdEbAP3ESB&sparams=expire%2Cei%2Cip%2Cid%2Caitags%2Csource%2Crequiressl%2Cvprv%2Cmime%2Cns%2Cgir%2Cclen%2Cdur%2Clmt&lsparams=mh%2Cmm%2Cmn%2Cms%2Cmv%2Cmvi%2Cpl%2Cinitcwndbps&lsig=AG3C_xAwRAIgPxA_cSnsPdpoPL3zhSzwP4SYifkBoZjZcfBSKriYWMcCIACQqjTKr5C11ekZnB2nAnqvYiAtTa2kF49XMlJGPP8E&sig=AOq0QJ8wRAIgcptrDPUGqqqtiShK75trOcOiCUGWzS6iCQfBJEL7hZwCIG3G5FZH_Y8oHEF3GPqiCdw-tdMj620b2MCjqzNR0U1-&ratebypass=yes", "player_url": "/s/player/c6df6ed7/player_ias.vflset/en_US/base.js", "ext": "mp4", "height": 144, "format_note": "144p", "vcodec": "avc1.4d400c", "asr": null, "filesize": 505871, "fps": 30, "tbr": 39.961, "width": 256, "acodec": "none", "downloader_options": {"http_chunk_size": 10485760}, "format": "160 - 256x144 (144p)", "protocol": "https", "http_headers": {"User-Agent": "Mozilla/5.0 (Windows NT 10.0; Win64; x64) AppleWebKit/537.36 (KHTML, like Gecko) Chrome/72.0.3626.25 Safari/537.36", "Accept-Charset": "ISO-8859-1,utf-8;q=0.7,*;q=0.7", "Accept": "text/html,application/xhtml+xml,application/xml;q=0.9,*/*;q=0.8", "Accept-Encoding": "gzip, deflate", "Accept-Language": "en-us,en;q=0.5"}}, {"format_id": "133", "url": "https://r4---sn-5njj-u2xl.googlevideo.com/videoplayback?expire=1611764173&ei=bT0RYN2BKJiegAOR_6SQDQ&ip=140.109.135.76&id=o-AEVCpCyfv4pNrTIUWnJw5uQvY0N3UdGjI5XLhCIFf-zG&itag=133&aitags=133%2C134%2C135%2C136%2C160%2C242%2C243%2C244%2C247%2C278%2C298%2C299%2C302%2C303&source=youtube&requiressl=yes&mh=6T&mm=31%2C29&mn=sn-5njj-u2xl%2Csn-un57sn76&ms=au%2Crdu&mv=m&mvi=4&pl=16&initcwndbps=453750&vprv=1&mime=video%2Fmp4&ns=U-oH340kOtAhOOak00HGQqEF&gir=yes&clen=1083014&dur=182.866&lmt=1569249096473827&mt=1611742127&fvip=4&keepalive=yes&c=WEB&txp=5535432&n=CVEV4ecXS5vdEbAP3ESB&sparams=expire%2Cei%2Cip%2Cid%2Caitags%2Csource%2Crequiressl%2Cvprv%2Cmime%2Cns%2Cgir%2Cclen%2Cdur%2Clmt&lsparams=mh%2Cmm%2Cmn%2Cms%2Cmv%2Cmvi%2Cpl%2Cinitcwndbps&lsig=AG3C_xAwRAIgTM1OkiXtoU7idF0ukaXQD9PSRU5jSB4QbdpsnWG8b4UCID9-E-Hl7MjdU5yIX4M_pMwWgm2EbLASaLj7Ompgj5vs&sig=AOq0QJ8wRgIhAIZj_kM3NolEqCwtwGn-Tx7p_k-y5JYM3rlLvHZc4601AiEApDzHq_IErI3y8vYRS0HUrAVBBKii0lXFzaGXAuTDriE=&ratebypass=yes", "player_url": "/s/player/c6df6ed7/player_ias.vflset/en_US/base.js", "ext": "mp4", "height": 240, "format_note": "240p", "vcodec": "avc1.4d4015", "asr": null, "filesize": 1083014, "fps": 30, "tbr": 86.89, "width": 426, "acodec": "none", "downloader_options": {"http_chunk_size": 10485760}, "format": "133 - 426x240 (240p)", "protocol": "https", "http_headers": {"User-Agent": "Mozilla/5.0 (Windows NT 10.0; Win64; x64) AppleWebKit/537.36 (KHTML, like Gecko) Chrome/72.0.3626.25 Safari/537.36", "Accept-Charset": "ISO-8859-1,utf-8;q=0.7,*;q=0.7", "Accept": "text/html,application/xhtml+xml,application/xml;q=0.9,*/*;q=0.8", "Accept-Encoding": "gzip, deflate", "Accept-Language": "en-us,en;q=0.5"}}, {"format_id": "278", "url": "https://r4---sn-5njj-u2xl.googlevideo.com/videoplayback?expire=1611764173&ei=bT0RYN2BKJiegAOR_6SQDQ&ip=140.109.135.76&id=o-AEVCpCyfv4pNrTIUWnJw5uQvY0N3UdGjI5XLhCIFf-zG&itag=278&aitags=133%2C134%2C135%2C136%2C160%2C242%2C243%2C244%2C247%2C278%2C298%2C299%2C302%2C303&source=youtube&requiressl=yes&mh=6T&mm=31%2C29&mn=sn-5njj-u2xl%2Csn-un57sn76&ms=au%2Crdu&mv=m&mvi=4&pl=16&initcwndbps=453750&vprv=1&mime=video%2Fwebm&ns=U-oH340kOtAhOOak00HGQqEF&gir=yes&clen=1185325&dur=182.867&lmt=1569249617502566&mt=1611742127&fvip=4&keepalive=yes&c=WEB&txp=5535432&n=CVEV4ecXS5vdEbAP3ESB&sparams=expire%2Cei%2Cip%2Cid%2Caitags%2Csource%2Crequiressl%2Cvprv%2Cmime%2Cns%2Cgir%2Cclen%2Cdur%2Clmt&lsparams=mh%2Cmm%2Cmn%2Cms%2Cmv%2Cmvi%2Cpl%2Cinitcwndbps&lsig=AG3C_xAwRAIgI2AebUrz7nAAbQPqRyliTKLQxXEgGDAjW1q4H0L5pNYCIBVBdJ7Q-0O2dHyxI7Cuk0bn1wD4_7YCxc6QN-gAXfwS&sig=AOq0QJ8wRgIhANRZU2TpZGqPVA6cSlTdiJq33DE4rcby2XdQ16os7L4XAiEAkrkL89PkFa5MgW1I1KfERfF9SJcrGP1jzbtEzowGGQA=&ratebypass=yes", "player_url": "/s/player/c6df6ed7/player_ias.vflset/en_US/base.js", "ext": "webm", "height": 144, "format_note": "144p", "container": "webm", "vcodec": "vp9", "asr": null, "filesize": 1185325, "fps": 30, "tbr": 93.342, "width": 256, "acodec": "none", "downloader_options": {"http_chunk_size": 10485760}, "format": "278 - 256x144 (144p)", "protocol": "https", "http_headers": {"User-Agent": "Mozilla/5.0 (Windows NT 10.0; Win64; x64) AppleWebKit/537.36 (KHTML, like Gecko) Chrome/72.0.3626.25 Safari/537.36", "Accept-Charset": "ISO-8859-1,utf-8;q=0.7,*;q=0.7", "Accept": "text/html,application/xhtml+xml,application/xml;q=0.9,*/*;q=0.8", "Accept-Encoding": "gzip, deflate", "Accept-Language": "en-us,en;q=0.5"}}, {"format_id": "242", "url": "https://r4---sn-5njj-u2xl.googlevideo.com/videoplayback?expire=1611764173&ei=bT0RYN2BKJiegAOR_6SQDQ&ip=140.109.135.76&id=o-AEVCpCyfv4pNrTIUWnJw5uQvY0N3UdGjI5XLhCIFf-zG&itag=242&aitags=133%2C134%2C135%2C136%2C160%2C242%2C243%2C244%2C247%2C278%2C298%2C299%2C302%2C303&source=youtube&requiressl=yes&mh=6T&mm=31%2C29&mn=sn-5njj-u2xl%2Csn-un57sn76&ms=au%2Crdu&mv=m&mvi=4&pl=16&initcwndbps=453750&vprv=1&mime=video%2Fwebm&ns=U-oH340kOtAhOOak00HGQqEF&gir=yes&clen=1191132&dur=182.867&lmt=1569249617503277&mt=1611742127&fvip=4&keepalive=yes&c=WEB&txp=5535432&n=CVEV4ecXS5vdEbAP3ESB&sparams=expire%2Cei%2Cip%2Cid%2Caitags%2Csource%2Crequiressl%2Cvprv%2Cmime%2Cns%2Cgir%2Cclen%2Cdur%2Clmt&lsparams=mh%2Cmm%2Cmn%2Cms%2Cmv%2Cmvi%2Cpl%2Cinitcwndbps&lsig=AG3C_xAwRQIhAOWvr9YZUDwaLSCDnnzgulBbhZl80lDhlEIYXkJXbrQ3AiBN3PkmujzQ_-EmGNsp2mMkYku4QrtsMkwBL3_kmFtPUA%3D%3D&sig=AOq0QJ8wRQIgWPXjJ-HHZtNWM4UhMHFRN6tn7Jx16SYIHWXLB2zfLjECIQDH71xeNtMQcyd6ZuLwXuD9c6HJrIF7x6svwXBkoZ_DOA==&ratebypass=yes", "player_url": "/s/player/c6df6ed7/player_ias.vflset/en_US/base.js", "ext": "webm", "height": 240, "format_note": "240p", "vcodec": "vp9", "asr": null, "filesize": 1191132, "fps": 30, "tbr": 93.53, "width": 426, "acodec": "none", "downloader_options": {"http_chunk_size": 10485760}, "format": "242 - 426x240 (240p)", "protocol": "https", "http_headers": {"User-Agent": "Mozilla/5.0 (Windows NT 10.0; Win64; x64) AppleWebKit/537.36 (KHTML, like Gecko) Chrome/72.0.3626.25 Safari/537.36", "Accept-Charset": "ISO-8859-1,utf-8;q=0.7,*;q=0.7", "Accept": "text/html,application/xhtml+xml,application/xml;q=0.9,*/*;q=0.8", "Accept-Encoding": "gzip, deflate", "Accept-Language": "en-us,en;q=0.5"}}, {"format_id": "134", "url": "https://r4---sn-5njj-u2xl.googlevideo.com/videoplayback?expire=1611764173&ei=bT0RYN2BKJiegAOR_6SQDQ&ip=140.109.135.76&id=o-AEVCpCyfv4pNrTIUWnJw5uQvY0N3UdGjI5XLhCIFf-zG&itag=134&aitags=133%2C134%2C135%2C136%2C160%2C242%2C243%2C244%2C247%2C278%2C298%2C299%2C302%2C303&source=youtube&requiressl=yes&mh=6T&mm=31%2C29&mn=sn-5njj-u2xl%2Csn-un57sn76&ms=au%2Crdu&mv=m&mvi=4&pl=16&initcwndbps=453750&vprv=1&mime=video%2Fmp4&ns=U-oH340kOtAhOOak00HGQqEF&gir=yes&clen=1534671&dur=182.866&lmt=1569249096472979&mt=1611742127&fvip=4&keepalive=yes&c=WEB&txp=5535432&n=CVEV4ecXS5vdEbAP3ESB&sparams=expire%2Cei%2Cip%2Cid%2Caitags%2Csource%2Crequiressl%2Cvprv%2Cmime%2Cns%2Cgir%2Cclen%2Cdur%2Clmt&lsparams=mh%2Cmm%2Cmn%2Cms%2Cmv%2Cmvi%2Cpl%2Cinitcwndbps&lsig=AG3C_xAwRgIhAIZ1etBqxU8UJf4RRydARGoGPLjLWC08JNUUZrqcUwcCAiEA04Exy2m_wz314CLwBsA_4m_LzLqix6VgRJnaGluJE8E%3D&sig=AOq0QJ8wRQIhAKEBUyl9IA2bXlJBUKDei30DYhPMZdtp0z68OcbLbUdyAiBoY6tR4yKpPF60QGmxSXHJtExQxfe8jmq1KGqCKtPriw==&ratebypass=yes", "player_url": "/s/player/c6df6ed7/player_ias.vflset/en_US/base.js", "ext": "mp4", "height": 360, "format_note": "360p", "vcodec": "avc1.4d401e", "asr": null, "filesize": 1534671, "fps": 30, "tbr": 117.944, "width": 640, "acodec": "none", "downloader_options": {"http_chunk_size": 10485760}, "format": "134 - 640x360 (360p)", "protocol": "https", "http_headers": {"User-Agent": "Mozilla/5.0 (Windows NT 10.0; Win64; x64) AppleWebKit/537.36 (KHTML, like Gecko) Chrome/72.0.3626.25 Safari/537.36", "Accept-Charset": "ISO-8859-1,utf-8;q=0.7,*;q=0.7", "Accept": "text/html,application/xhtml+xml,application/xml;q=0.9,*/*;q=0.8", "Accept-Encoding": "gzip, deflate", "Accept-Language": "en-us,en;q=0.5"}}, {"format_id": "243", "url": "https://r4---sn-5njj-u2xl.googlevideo.com/videoplayback?expire=1611764173&ei=bT0RYN2BKJiegAOR_6SQDQ&ip=140.109.135.76&id=o-AEVCpCyfv4pNrTIUWnJw5uQvY0N3UdGjI5XLhCIFf-zG&itag=243&aitags=133%2C134%2C135%2C136%2C160%2C242%2C243%2C244%2C247%2C278%2C298%2C299%2C302%2C303&source=youtube&requiressl=yes&mh=6T&mm=31%2C29&mn=sn-5njj-u2xl%2Csn-un57sn76&ms=au%2Crdu&mv=m&mvi=4&pl=16&initcwndbps=453750&vprv=1&mime=video%2Fwebm&ns=U-oH340kOtAhOOak00HGQqEF&gir=yes&clen=2122481&dur=182.867&lmt=1569249617511304&mt=1611742127&fvip=4&keepalive=yes&c=WEB&txp=5535432&n=CVEV4ecXS5vdEbAP3ESB&sparams=expire%2Cei%2Cip%2Cid%2Caitags%2Csource%2Crequiressl%2Cvprv%2Cmime%2Cns%2Cgir%2Cclen%2Cdur%2Clmt&lsparams=mh%2Cmm%2Cmn%2Cms%2Cmv%2Cmvi%2Cpl%2Cinitcwndbps&lsig=AG3C_xAwRAIgGfKNDJHJGRPaSW7gch18gi5qIU7Vi8S0wTxT9STMrY8CIGmXHKvBL6ml6ien_N5FJ3TMATahCxaWZbkVrc1UqG-f&sig=AOq0QJ8wRgIhAKwFlf6LOViZFDFqH0ZwE5bSvdfvKvqo1Z9DMAW8tojjAiEA-fT_mkmiQaCaGX1j3jaAhDZkCt6lCOio6KRPmVoKAj4=&ratebypass=yes", "player_url": "/s/player/c6df6ed7/player_ias.vflset/en_US/base.js", "ext": "webm", "height": 360, "format_note": "360p", "vcodec": "vp9", "asr": null, "filesize": 2122481, "fps": 30, "tbr": 137.295, "width": 640, "acodec": "none", "downloader_options": {"http_chunk_size": 10485760}, "format": "243 - 640x360 (360p)", "protocol": "https", "http_headers": {"User-Agent": "Mozilla/5.0 (Windows NT 10.0; Win64; x64) AppleWebKit/537.36 (KHTML, like Gecko) Chrome/72.0.3626.25 Safari/537.36", "Accept-Charset": "ISO-8859-1,utf-8;q=0.7,*;q=0.7", "Accept": "text/html,application/xhtml+xml,application/xml;q=0.9,*/*;q=0.8", "Accept-Encoding": "gzip, deflate", "Accept-Language": "en-us,en;q=0.5"}}, {"format_id": "135", "url": "https://r4---sn-5njj-u2xl.googlevideo.com/videoplayback?expire=1611764173&ei=bT0RYN2BKJiegAOR_6SQDQ&ip=140.109.135.76&id=o-AEVCpCyfv4pNrTIUWnJw5uQvY0N3UdGjI5XLhCIFf-zG&itag=135&aitags=133%2C134%2C135%2C136%2C160%2C242%2C243%2C244%2C247%2C278%2C298%2C299%2C302%2C303&source=youtube&requiressl=yes&mh=6T&mm=31%2C29&mn=sn-5njj-u2xl%2Csn-un57sn76&ms=au%2Crdu&mv=m&mvi=4&pl=16&initcwndbps=453750&vprv=1&mime=video%2Fmp4&ns=U-oH340kOtAhOOak00HGQqEF&gir=yes&clen=2209114&dur=182.866&lmt=1569249096472982&mt=1611742127&fvip=4&keepalive=yes&c=WEB&txp=5535432&n=CVEV4ecXS5vdEbAP3ESB&sparams=expire%2Cei%2Cip%2Cid%2Caitags%2Csource%2Crequiressl%2Cvprv%2Cmime%2Cns%2Cgir%2Cclen%2Cdur%2Clmt&lsparams=mh%2Cmm%2Cmn%2Cms%2Cmv%2Cmvi%2Cpl%2Cinitcwndbps&lsig=AG3C_xAwRQIgKXsXAacpqxi-xIPKjbBoqzWl2isq_Lg6O6uBSq0bqhoCIQC3Wl4hCQDDyl_AykfUNtsEluJZwOB-CORgkW-cGSOYjw%3D%3D&sig=AOq0QJ8wRgIhAIp61aqUTPIThl418-wxE93DyxAmlJMTXDrppMtGXeFsAiEA20vOy9FbySFA4o-U5m16PgaaoeENPCxrPx94gTYH1xY=&ratebypass=yes", "player_url": "/s/player/c6df6ed7/player_ias.vflset/en_US/base.js", "ext": "mp4", "height": 480, "format_note": "480p", "vcodec": "avc1.4d401f", "asr": null, "filesize": 2209114, "fps": 30, "tbr": 162.759, "width": 854, "acodec": "none", "downloader_options": {"http_chunk_size": 10485760}, "format": "135 - 854x480 (480p)", "protocol": "https", "http_headers": {"User-Agent": "Mozilla/5.0 (Windows NT 10.0; Win64; x64) AppleWebKit/537.36 (KHTML, like Gecko) Chrome/72.0.3626.25 Safari/537.36", "Accept-Charset": "ISO-8859-1,utf-8;q=0.7,*;q=0.7", "Accept": "text/html,application/xhtml+xml,application/xml;q=0.9,*/*;q=0.8", "Accept-Encoding": "gzip, deflate", "Accept-Language": "en-us,en;q=0.5"}}, {"format_id": "244", "url": "https://r4---sn-5njj-u2xl.googlevideo.com/videoplayback?expire=1611764173&ei=bT0RYN2BKJiegAOR_6SQDQ&ip=140.109.135.76&id=o-AEVCpCyfv4pNrTIUWnJw5uQvY0N3UdGjI5XLhCIFf-zG&itag=244&aitags=133%2C134%2C135%2C136%2C160%2C242%2C243%2C244%2C247%2C278%2C298%2C299%2C302%2C303&source=youtube&requiressl=yes&mh=6T&mm=31%2C29&mn=sn-5njj-u2xl%2Csn-un57sn76&ms=au%2Crdu&mv=m&mvi=4&pl=16&initcwndbps=453750&vprv=1&mime=video%2Fwebm&ns=U-oH340kOtAhOOak00HGQqEF&gir=yes&clen=4107973&dur=182.867&lmt=1569249617511323&mt=1611742127&fvip=4&keepalive=yes&c=WEB&txp=5535432&n=CVEV4ecXS5vdEbAP3ESB&sparams=expire%2Cei%2Cip%2Cid%2Caitags%2Csource%2Crequiressl%2Cvprv%2Cmime%2Cns%2Cgir%2Cclen%2Cdur%2Clmt&lsparams=mh%2Cmm%2Cmn%2Cms%2Cmv%2Cmvi%2Cpl%2Cinitcwndbps&lsig=AG3C_xAwRQIhAMh6S0xXyOBlgH5DkeF5nAiMCE6XVCb9bQUOHIZnd-RUAiAAp8c_fnZyOol1BpA8v0zfydT19hmQiCKmsU320T-p8Q%3D%3D&sig=AOq0QJ8wRAIgGgI1NkRuOIfO3tjKu0eYwO4zXKaEB-H_92jeRfffuPwCIEEL4RpMC2kDjLG3KeMsELMJjQByRNOScLB9n_r7XTpk&ratebypass=yes", "player_url": "/s/player/c6df6ed7/player_ias.vflset/en_US/base.js", "ext": "webm", "height": 480, "format_note": "480p", "vcodec": "vp9", "asr": null, "filesize": 4107973, "fps": 30, "tbr": 212.414, "width": 854, "acodec": "none", "downloader_options": {"http_chunk_size": 10485760}, "format": "244 - 854x480 (480p)", "protocol": "https", "http_headers": {"User-Agent": "Mozilla/5.0 (Windows NT 10.0; Win64; x64) AppleWebKit/537.36 (KHTML, like Gecko) Chrome/72.0.3626.25 Safari/537.36", "Accept-Charset": "ISO-8859-1,utf-8;q=0.7,*;q=0.7", "Accept": "text/html,application/xhtml+xml,application/xml;q=0.9,*/*;q=0.8", "Accept-Encoding": "gzip, deflate", "Accept-Language": "en-us,en;q=0.5"}}, {"format_id": "298", "url": "https://r4---sn-5njj-u2xl.googlevideo.com/videoplayback?expire=1611764173&ei=bT0RYN2BKJiegAOR_6SQDQ&ip=140.109.135.76&id=o-AEVCpCyfv4pNrTIUWnJw5uQvY0N3UdGjI5XLhCIFf-zG&itag=298&aitags=133%2C134%2C135%2C136%2C160%2C242%2C243%2C244%2C247%2C278%2C298%2C299%2C302%2C303&source=youtube&requiressl=yes&mh=6T&mm=31%2C29&mn=sn-5njj-u2xl%2Csn-un57sn76&ms=au%2Crdu&mv=m&mvi=4&pl=16&initcwndbps=453750&vprv=1&mime=video%2Fmp4&ns=U-oH340kOtAhOOak00HGQqEF&gir=yes&clen=4717951&dur=182.866&lmt=1569249019984178&mt=1611742127&fvip=4&keepalive=yes&c=WEB&txp=5535432&n=CVEV4ecXS5vdEbAP3ESB&sparams=expire%2Cei%2Cip%2Cid%2Caitags%2Csource%2Crequiressl%2Cvprv%2Cmime%2Cns%2Cgir%2Cclen%2Cdur%2Clmt&lsparams=mh%2Cmm%2Cmn%2Cms%2Cmv%2Cmvi%2Cpl%2Cinitcwndbps&lsig=AG3C_xAwRAIgECnKK0_IHSAysFWrjWMAZOOA_D-uRnBKxq9Pskku42oCIEviHzhQKD_yVRK08MyJVJS-LN8Lq0DwsS8Imbm4qQ7e&sig=AOq0QJ8wRQIgO5B8Lc5glmvGTHOxeXV-_Ly9Ug4wZq5tWodM-Xln3aICIQDp0P1-hUZlqjPg80F_ffJf2XT_zfGcxHSZPKs6716y-A==&ratebypass=yes", "player_url": "/s/player/c6df6ed7/player_ias.vflset/en_US/base.js", "ext": "mp4", "height": 720, "format_note": "720p60", "vcodec": "avc1.4d4020", "fps": 60, "asr": null, "filesize": 4717951, "tbr": 376.35, "width": 1280, "acodec": "none", "downloader_options": {"http_chunk_size": 10485760}, "format": "298 - 1280x720 (720p60)", "protocol": "https", "http_headers": {"User-Agent": "Mozilla/5.0 (Windows NT 10.0; Win64; x64) AppleWebKit/537.36 (KHTML, like Gecko) Chrome/72.0.3626.25 Safari/537.36", "Accept-Charset": "ISO-8859-1,utf-8;q=0.7,*;q=0.7", "Accept": "text/html,application/xhtml+xml,application/xml;q=0.9,*/*;q=0.8", "Accept-Encoding": "gzip, deflate", "Accept-Language": "en-us,en;q=0.5"}}, {"format_id": "302", "url": "https://r4---sn-5njj-u2xl.googlevideo.com/videoplayback?expire=1611764173&ei=bT0RYN2BKJiegAOR_6SQDQ&ip=140.109.135.76&id=o-AEVCpCyfv4pNrTIUWnJw5uQvY0N3UdGjI5XLhCIFf-zG&itag=302&aitags=133%2C134%2C135%2C136%2C160%2C242%2C243%2C244%2C247%2C278%2C298%2C299%2C302%2C303&source=youtube&requiressl=yes&mh=6T&mm=31%2C29&mn=sn-5njj-u2xl%2Csn-un57sn76&ms=au%2Crdu&mv=m&mvi=4&pl=16&initcwndbps=453750&vprv=1&mime=video%2Fwebm&ns=U-oH340kOtAhOOak00HGQqEF&gir=yes&clen=9232930&dur=182.866&lmt=1569249481356468&mt=1611742127&fvip=4&keepalive=yes&c=WEB&txp=5535432&n=CVEV4ecXS5vdEbAP3ESB&sparams=expire%2Cei%2Cip%2Cid%2Caitags%2Csource%2Crequiressl%2Cvprv%2Cmime%2Cns%2Cgir%2Cclen%2Cdur%2Clmt&lsparams=mh%2Cmm%2Cmn%2Cms%2Cmv%2Cmvi%2Cpl%2Cinitcwndbps&lsig=AG3C_xAwRAIgOJg4xvE--WS5_AMjeKIgx8vAHtBDuibcl91mnGbtxp4CICZABO0DYfEFnwURnR5lmL7Ssga-hqwjfyNZjzy1A3qv&sig=AOq0QJ8wRAIgTeowHE1ipSNaCu_U3AxC_jMRJbl1PpeR4b18W_ftY0ECIHGBK1WK3AQDTUPqxXhNNRcSrcEuKtc4Uux0qoqLRHRX&ratebypass=yes", "player_url": "/s/player/c6df6ed7/player_ias.vflset/en_US/base.js", "ext": "webm", "height": 720, "format_note": "720p60", "vcodec": "vp9", "fps": 60, "asr": null, "filesize": 9232930, "tbr": 595.472, "width": 1280, "acodec": "none", "downloader_options": {"http_chunk_size": 10485760}, "format": "302 - 1280x720 (720p60)", "protocol": "https", "http_headers": {"User-Agent": "Mozilla/5.0 (Windows NT 10.0; Win64; x64) AppleWebKit/537.36 (KHTML, like Gecko) Chrome/72.0.3626.25 Safari/537.36", "Accept-Charset": "ISO-8859-1,utf-8;q=0.7,*;q=0.7", "Accept": "text/html,application/xhtml+xml,application/xml;q=0.9,*/*;q=0.8", "Accept-Encoding": "gzip, deflate", "Accept-Language": "en-us,en;q=0.5"}}, {"format_id": "136", "url": "https://r4---sn-5njj-u2xl.googlevideo.com/videoplayback?expire=1611764173&ei=bT0RYN2BKJiegAOR_6SQDQ&ip=140.109.135.76&id=o-AEVCpCyfv4pNrTIUWnJw5uQvY0N3UdGjI5XLhCIFf-zG&itag=136&aitags=133%2C134%2C135%2C136%2C160%2C242%2C243%2C244%2C247%2C278%2C298%2C299%2C302%2C303&source=youtube&requiressl=yes&mh=6T&mm=31%2C29&mn=sn-5njj-u2xl%2Csn-un57sn76&ms=au%2Crdu&mv=m&mvi=4&pl=16&initcwndbps=453750&vprv=1&mime=video%2Fmp4&ns=U-oH340kOtAhOOak00HGQqEF&gir=yes&clen=9882229&dur=182.866&lmt=1569249096483698&mt=1611742127&fvip=4&keepalive=yes&c=WEB&txp=5535432&n=CVEV4ecXS5vdEbAP3ESB&sparams=expire%2Cei%2Cip%2Cid%2Caitags%2Csource%2Crequiressl%2Cvprv%2Cmime%2Cns%2Cgir%2Cclen%2Cdur%2Clmt&lsparams=mh%2Cmm%2Cmn%2Cms%2Cmv%2Cmvi%2Cpl%2Cinitcwndbps&lsig=AG3C_xAwRQIgCu7je4mM1s6WEiPjaTUaKqevbwofD3TcVCczQlhQ9j4CIQDkvbqZpHoL-6Tq2BLEevLLTRJdi-BBIkFlt5n972poQA%3D%3D&sig=AOq0QJ8wQwIgew5cRHNz941cVEvIm_QvmMKYV6UHJd--UJHa2F_XlR8CHyqR_g2yLvTPEINdIIof97aSrOpZ577a539X2xEjqm0=&ratebypass=yes", "player_url": "/s/player/c6df6ed7/player_ias.vflset/en_US/base.js", "ext": "mp4", "height": 720, "format_note": "720p", "vcodec": "avc1.4d401f", "asr": null, "filesize": 9882229, "fps": 30, "tbr": 744.267, "width": 1280, "acodec": "none", "downloader_options": {"http_chunk_size": 10485760}, "format": "136 - 1280x720 (720p)", "protocol": "https", "http_headers": {"User-Agent": "Mozilla/5.0 (Windows NT 10.0; Win64; x64) AppleWebKit/537.36 (KHTML, like Gecko) Chrome/72.0.3626.25 Safari/537.36", "Accept-Charset": "ISO-8859-1,utf-8;q=0.7,*;q=0.7", "Accept": "text/html,application/xhtml+xml,application/xml;q=0.9,*/*;q=0.8", "Accept-Encoding": "gzip, deflate", "Accept-Language": "en-us,en;q=0.5"}}, {"format_id": "247", "url": "https://r4---sn-5njj-u2xl.googlevideo.com/videoplayback?expire=1611764173&ei=bT0RYN2BKJiegAOR_6SQDQ&ip=140.109.135.76&id=o-AEVCpCyfv4pNrTIUWnJw5uQvY0N3UdGjI5XLhCIFf-zG&itag=247&aitags=133%2C134%2C135%2C136%2C160%2C242%2C243%2C244%2C247%2C278%2C298%2C299%2C302%2C303&source=youtube&requiressl=yes&mh=6T&mm=31%2C29&mn=sn-5njj-u2xl%2Csn-un57sn76&ms=au%2Crdu&mv=m&mvi=4&pl=16&initcwndbps=453750&vprv=1&mime=video%2Fwebm&ns=U-oH340kOtAhOOak00HGQqEF&gir=yes&clen=10592164&dur=182.867&lmt=1569249617499386&mt=1611742127&fvip=4&keepalive=yes&c=WEB&txp=5535432&n=CVEV4ecXS5vdEbAP3ESB&sparams=expire%2Cei%2Cip%2Cid%2Caitags%2Csource%2Crequiressl%2Cvprv%2Cmime%2Cns%2Cgir%2Cclen%2Cdur%2Clmt&lsparams=mh%2Cmm%2Cmn%2Cms%2Cmv%2Cmvi%2Cpl%2Cinitcwndbps&lsig=AG3C_xAwRQIgaceX3kUq1IG4yEm3C9HR0xqsQTs57MXnwkdAbxeJn7oCIQD9M682W2TUOqxUO_btu_ksYqryH7CBIxRby5udKGxw2w%3D%3D&sig=AOq0QJ8wRQIhALjIeRjbAWgIItyfi8NFuqKW1aeEAUwvaZ0HUl8zIOOXAiBbWxuNtAnG72YpF3hVhMybd6pzwJLpAyxS_STw4mo-kw==&ratebypass=yes", "player_url": "/s/player/c6df6ed7/player_ias.vflset/en_US/base.js", "ext": "webm", "height": 720, "format_note": "720p", "vcodec": "vp9", "asr": null, "filesize": 10592164, "fps": 30, "tbr": 792.72, "width": 1280, "acodec": "none", "downloader_options": {"http_chunk_size": 10485760}, "format": "247 - 1280x720 (720p)", "protocol": "https", "http_headers": {"User-Agent": "Mozilla/5.0 (Windows NT 10.0; Win64; x64) AppleWebKit/537.36 (KHTML, like Gecko) Chrome/72.0.3626.25 Safari/537.36", "Accept-Charset": "ISO-8859-1,utf-8;q=0.7,*;q=0.7", "Accept": "text/html,application/xhtml+xml,application/xml;q=0.9,*/*;q=0.8", "Accept-Encoding": "gzip, deflate", "Accept-Language": "en-us,en;q=0.5"}}, {"format_id": "299", "url": "https://r4---sn-5njj-u2xl.googlevideo.com/videoplayback?expire=1611764173&ei=bT0RYN2BKJiegAOR_6SQDQ&ip=140.109.135.76&id=o-AEVCpCyfv4pNrTIUWnJw5uQvY0N3UdGjI5XLhCIFf-zG&itag=299&aitags=133%2C134%2C135%2C136%2C160%2C242%2C243%2C244%2C247%2C278%2C298%2C299%2C302%2C303&source=youtube&requiressl=yes&mh=6T&mm=31%2C29&mn=sn-5njj-u2xl%2Csn-un57sn76&ms=au%2Crdu&mv=m&mvi=4&pl=16&initcwndbps=453750&vprv=1&mime=video%2Fmp4&ns=U-oH340kOtAhOOak00HGQqEF&gir=yes&clen=19966910&dur=182.866&lmt=1569249053119091&mt=1611742127&fvip=4&keepalive=yes&c=WEB&txp=5535432&n=CVEV4ecXS5vdEbAP3ESB&sparams=expire%2Cei%2Cip%2Cid%2Caitags%2Csource%2Crequiressl%2Cvprv%2Cmime%2Cns%2Cgir%2Cclen%2Cdur%2Clmt&lsparams=mh%2Cmm%2Cmn%2Cms%2Cmv%2Cmvi%2Cpl%2Cinitcwndbps&lsig=AG3C_xAwRAIgE4oK0LlTWQ1CHyaRfZMGpZ0-Ol0qxrFoJ6Wm1AT-NZACIHPnsipSJ7vKgQEM9N4zYpkuV9babY8KA-VhUVJJ876M&sig=AOq0QJ8wRQIhAKfPdxDdYf6TxzIY-XRccvdTTaYsyYa5apxeDMZ476vOAiA3xlm8t-ms-X7YJxb5m5_4dAc2E-V_eUXM20bODkqEyQ==&ratebypass=yes", "player_url": "/s/player/c6df6ed7/player_ias.vflset/en_US/base.js", "ext": "mp4", "height": 1080, "format_note": "1080p60", "vcodec": "avc1.64002a", "fps": 60, "asr": null, "filesize": 19966910, "tbr": 1794.757, "width": 1920, "acodec": "none", "downloader_options": {"http_chunk_size": 10485760}, "format": "299 - 1920x1080 (1080p60)", "protocol": "https", "http_headers": {"User-Agent": "Mozilla/5.0 (Windows NT 10.0; Win64; x64) AppleWebKit/537.36 (KHTML, like Gecko) Chrome/72.0.3626.25 Safari/537.36", "Accept-Charset": "ISO-8859-1,utf-8;q=0.7,*;q=0.7", "Accept": "text/html,application/xhtml+xml,application/xml;q=0.9,*/*;q=0.8", "Accept-Encoding": "gzip, deflate", "Accept-Language": "en-us,en;q=0.5"}}, {"format_id": "303", "url": "https://r4---sn-5njj-u2xl.googlevideo.com/videoplayback?expire=1611764173&ei=bT0RYN2BKJiegAOR_6SQDQ&ip=140.109.135.76&id=o-AEVCpCyfv4pNrTIUWnJw5uQvY0N3UdGjI5XLhCIFf-zG&itag=303&aitags=133%2C134%2C135%2C136%2C160%2C242%2C243%2C244%2C247%2C278%2C298%2C299%2C302%2C303&source=youtube&requiressl=yes&mh=6T&mm=31%2C29&mn=sn-5njj-u2xl%2Csn-un57sn76&ms=au%2Crdu&mv=m&mvi=4&pl=16&initcwndbps=453750&vprv=1&mime=video%2Fwebm&ns=U-oH340kOtAhOOak00HGQqEF&gir=yes&clen=28531304&dur=182.866&lmt=1569249585349384&mt=1611742127&fvip=4&keepalive=yes&c=WEB&txp=5535432&n=CVEV4ecXS5vdEbAP3ESB&sparams=expire%2Cei%2Cip%2Cid%2Caitags%2Csource%2Crequiressl%2Cvprv%2Cmime%2Cns%2Cgir%2Cclen%2Cdur%2Clmt&lsparams=mh%2Cmm%2Cmn%2Cms%2Cmv%2Cmvi%2Cpl%2Cinitcwndbps&lsig=AG3C_xAwRAIgVSje5UdTG9ipFkS6UzJZNdZWDH8f7AEm2dehvwUBw_ECIGmw7SPsaY9oJEWOLv8EBFr8VL2iCR8SNSHmBhtMkLDH&sig=AOq0QJ8wRQIhAOgRI40Mav5AvPkFoGv2RUAWYClTt0CuE_8g7b0i2MeTAiBe--Qo9Z9M2E8tGmSGm-5_GI1pT6l8mRknKf6ihL9h1g==&ratebypass=yes", "player_url": "/s/player/c6df6ed7/player_ias.vflset/en_US/base.js", "ext": "webm", "height": 1080, "format_note": "1080p60", "vcodec": "vp9", "fps": 60, "asr": null, "filesize": 28531304, "tbr": 2317.25, "width": 1920, "acodec": "none", "downloader_options": {"http_chunk_size": 10485760}, "format": "303 - 1920x1080 (1080p60)", "protocol": "https", "http_headers": {"User-Agent": "Mozilla/5.0 (Windows NT 10.0; Win64; x64) AppleWebKit/537.36 (KHTML, like Gecko) Chrome/72.0.3626.25 Safari/537.36", "Accept-Charset": "ISO-8859-1,utf-8;q=0.7,*;q=0.7", "Accept": "text/html,application/xhtml+xml,application/xml;q=0.9,*/*;q=0.8", "Accept-Encoding": "gzip, deflate", "Accept-Language": "en-us,en;q=0.5"}}, {"format_id": "18", "url": "https://r4---sn-5njj-u2xl.googlevideo.com/videoplayback?expire=1611764173&ei=bT0RYN2BKJiegAOR_6SQDQ&ip=140.109.135.76&id=o-AEVCpCyfv4pNrTIUWnJw5uQvY0N3UdGjI5XLhCIFf-zG&itag=18&source=youtube&requiressl=yes&mh=6T&mm=31%2C29&mn=sn-5njj-u2xl%2Csn-un57sn76&ms=au%2Crdu&mv=m&mvi=4&pl=16&initcwndbps=453750&vprv=1&mime=video%2Fmp4&ns=x7rmlTLFqrH54Qt1EKU53JcF&gir=yes&clen=8056109&ratebypass=yes&dur=182.950&lmt=1569248573071968&mt=1611742127&fvip=4&c=WEB&txp=5531432&n=iFScMnBVKjDIpfi_4iZi&sparams=expire%2Cei%2Cip%2Cid%2Citag%2Csource%2Crequiressl%2Cvprv%2Cmime%2Cns%2Cgir%2Cclen%2Cratebypass%2Cdur%2Clmt&lsparams=mh%2Cmm%2Cmn%2Cms%2Cmv%2Cmvi%2Cpl%2Cinitcwndbps&lsig=AG3C_xAwRAIgVdO9liEebLzF_GXRH2p6_H_FYbPRu8kSNVyH8G9CuT8CIFn2CgEZ85pf2AAmoE-krxOAe2oZ4km1KKI69sCEHDwn&sig=AOq0QJ8wRgIhANSECb7BVQhgP5ggDNU85wL_c84B3n-ZCtbRgzmPD0VOAiEAtFqQGPWJi7FHmOnBMKB7pPtAGtvcc6ZT6yKVEv0hwng=", "player_url": "/s/player/c6df6ed7/player_ias.vflset/en_US/base.js", "ext": "mp4", "width": 640, "height": 360, "acodec": "mp4a.40.2", "abr": 96, "vcodec": "avc1.42001E", "asr": 44100, "filesize": 8056109, "format_note": "360p", "fps": 30, "tbr": 352.372, "format": "18 - 640x360 (360p)", "protocol": "https", "http_headers": {"User-Agent": "Mozilla/5.0 (Windows NT 10.0; Win64; x64) AppleWebKit/537.36 (KHTML, like Gecko) Chrome/72.0.3626.25 Safari/537.36", "Accept-Charset": "ISO-8859-1,utf-8;q=0.7,*;q=0.7", "Accept": "text/html,application/xhtml+xml,application/xml;q=0.9,*/*;q=0.8", "Accept-Encoding": "gzip, deflate", "Accept-Language": "en-us,en;q=0.5"}}], "is_live": null, "start_time": null, "end_time": null, "series": null, "season_number": null, "episode_number": null, "track": null, "artist": null, "album": null, "release_date": null, "release_year": null, "extractor": "youtube", "webpage_url_basename": "watch", "extractor_key": "Youtube", "playlist": null, "playlist_index": null, "thumbnail": "https://i.ytimg.com/vi_webp/ii1Jw1-7Ka4/maxresdefault.webp", "display_id": "ii1Jw1-7Ka4", "requested_subtitles": null, "format_id": "251", "url": "https://r4---sn-5njj-u2xl.googlevideo.com/videoplayback?expire=1611764173&ei=bT0RYN2BKJiegAOR_6SQDQ&ip=140.109.135.76&id=o-AEVCpCyfv4pNrTIUWnJw5uQvY0N3UdGjI5XLhCIFf-zG&itag=251&source=youtube&requiressl=yes&mh=6T&mm=31%2C29&mn=sn-5njj-u2xl%2Csn-un57sn76&ms=au%2Crdu&mv=m&mvi=4&pl=16&initcwndbps=453750&vprv=1&mime=audio%2Fwebm&ns=U-oH340kOtAhOOak00HGQqEF&gir=yes&clen=3423382&dur=182.881&lmt=1569248785661224&mt=1611742127&fvip=4&keepalive=yes&c=WEB&txp=5531432&n=CVEV4ecXS5vdEbAP3ESB&sparams=expire%2Cei%2Cip%2Cid%2Citag%2Csource%2Crequiressl%2Cvprv%2Cmime%2Cns%2Cgir%2Cclen%2Cdur%2Clmt&lsparams=mh%2Cmm%2Cmn%2Cms%2Cmv%2Cmvi%2Cpl%2Cinitcwndbps&lsig=AG3C_xAwRgIhAL70jRjQZsw99P1xhPNrM0ljgCfxN8G4NoprmlU_XKsSAiEA3uf94UnfrJq0XmC20F3ydvpTF7xGWf9WUCsVo5O15Nk%3D&sig=AOq0QJ8wRQIgJdOpxYDx7pVK_vl9GV_tQjEM5YRh5nHN1xbIYGNfTVECIQDTa2N3LuQqSwnFn0pW4t-M9nSHLljtrNMAVEqEKVtntg==&ratebypass=yes", "player_url": "/s/player/c6df6ed7/player_ias.vflset/en_US/base.js", "ext": "webm", "format_note": "tiny", "acodec": "opus", "abr": 160, "asr": 48000, "filesize": 3423382, "fps": null, "height": null, "tbr": 160.075, "width": null, "vcodec": "none", "downloader_options": {"http_chunk_size": 10485760}, "format": "251 - audio only (tiny)", "protocol": "https", "http_headers": {"User-Agent": "Mozilla/5.0 (Windows NT 10.0; Win64; x64) AppleWebKit/537.36 (KHTML, like Gecko) Chrome/72.0.3626.25 Safari/537.36", "Accept-Charset": "ISO-8859-1,utf-8;q=0.7,*;q=0.7", "Accept": "text/html,application/xhtml+xml,application/xml;q=0.9,*/*;q=0.8", "Accept-Encoding": "gzip, deflate", "Accept-Language": "en-us,en;q=0.5"}}