{"id": "jO2zX6Ul8GM", "uploader": "Epidemic Relax", "uploader_id": "UCx7SnEbCAGzBtxqvBvSIAWA", "uploader_url": "http://www.youtube.com/channel/UCx7SnEbCAGzBtxqvBvSIAWA", "channel_id": "UCx7SnEbCAGzBtxqvBvSIAWA", "channel_url": "http://www.youtube.com/channel/UCx7SnEbCAGzBtxqvBvSIAWA", "upload_date": "20200709", "license": null, "creator": "Franz Gordon", "title": "Franz Gordon - Slow Day (Full Album)", "alt_title": "Airy-Fairy Heart", "thumbnails": [{"url": "https://i.ytimg.com/vi/jO2zX6Ul8GM/hqdefault.jpg?sqp=-oaymwEYCKgBEF5IVfKriqkDCwgBFQAAiEIYAXAB&rs=AOn4CLADJQ0H2Oe7L4i0jvDAOy10LmPVvA", "width": 168, "height": 94, "resolution": "168x94", "id": "0"}, {"url": "https://i.ytimg.com/vi/jO2zX6Ul8GM/hqdefault.jpg?sqp=-oaymwEYCMQBEG5IVfKriqkDCwgBFQAAiEIYAXAB&rs=AOn4CLBpwqOLIHDfhcOv9S627hZejxfVyg", "width": 196, "height": 110, "resolution": "196x110", "id": "1"}, {"url": "https://i.ytimg.com/vi/jO2zX6Ul8GM/hqdefault.jpg?sqp=-oaymwEZCPYBEIoBSFXyq4qpAwsIARUAAIhCGAFwAQ==&rs=AOn4CLD8NMjp_K8C40WtqxgYH2t9TAMtkw", "width": 246, "height": 138, "resolution": "246x138", "id": "2"}, {"url": "https://i.ytimg.com/vi/jO2zX6Ul8GM/hqdefault.jpg?sqp=-oaymwEZCNACELwBSFXyq4qpAwsIARUAAIhCGAFwAQ==&rs=AOn4CLAUf_7dvYshMsYTXP-mBXl0nhptFw", "width": 336, "height": 188, "resolution": "336x188", "id": "3"}, {"url": "https://i.ytimg.com/vi_webp/jO2zX6Ul8GM/maxresdefault.webp", "width": 1920, "height": 1080, "resolution": "1920x1080", "id": "4"}], "description": "Listen to our relaxing playlist: https://www.youtube.com/playlist?list=PL42LpDafHrkiDecHF1w46WUXsucok2gJc\nSubscribe for more relaxing music! \ud83c\udfb6\n\nListen to Epidemic Relax on Spotify: link.epidemicsound.com/Relax-Playlist\n\n\nFull album for 'Slow Day' by Franz Gordon.\n\nBe a part of our community and discover new music: http://link.epidemicsound.com/RelaxNews\n\nSubscribe for more relaxing music! \ud83c\udfb6\n\n\u25ba Tracklist:\n00:00 Slow Day\n02:40 Airy-Fairy Heart\n\n\ud83c\udfb6 Use this track in your videos: https://www.epidemicsound.com/creator-subscription/?utm_source=YT_ES&utm_medium=organic&_us=YT_ES&_usx=VideoDesc&utm_campaign=VideoDescEpidemicRelax\n\n\ud83c\udfb6 Download the track of the month: http://link.epidemicsound.com/relax-freetrack\n\n#epidemicrelax #ESmusic", "categories": ["Music"], "tags": ["Focus relax music music for studying music for relaxing sleep music sentimental music restless", "ambient", "calm", "pacific", "peaceful", "placid", "quiet", "serene", "tranquil", "calming", "comforting", "dreamy", "lulling", "pacifying", "quieting", "relaxing", "hypnotic", "antistress"], "subtitles": {}, "automatic_captions": {}, "duration": 370, "age_limit": 0, "annotations": null, "chapters": [{"start_time": 0.0, "end_time": 160.0, "title": "Slow Day"}, {"start_time": 160.0, "end_time": 370, "title": "Airy-Fairy Heart"}], "webpage_url": "https://www.youtube.com/watch?v=jO2zX6Ul8GM", "view_count": 65462, "like_count": 415, "dislike_count": 104, "average_rating": 4.1984587, "formats": [{"format_id": "249", "url": "https://r6---sn-5njj-u2xl.googlevideo.com/videoplayback?expire=1608485432&ei=2DXfX5ifId-Cs8IPxKiQqAE&ip=140.109.135.76&id=o-AMOfGA-sv1qXZRREizilLqYbs3lbqnmKnBnm5V0E64oX&itag=249&source=youtube&requiressl=yes&mh=1G&mm=31%2C29&mn=sn-5njj-u2xl%2Csn-un57sn76&ms=au%2Crdu&mv=m&mvi=6&pl=16&initcwndbps=690000&vprv=1&mime=audio%2Fwebm&ns=eK_7v7QHCr8eQo8psvmYdZcF&gir=yes&clen=2661998&dur=369.701&lmt=1605413911039941&mt=1608463244&fvip=6&keepalive=yes&c=WEB&txp=1311224&n=iUP81x5quzBm3gn-L&sparams=expire%2Cei%2Cip%2Cid%2Citag%2Csource%2Crequiressl%2Cvprv%2Cmime%2Cns%2Cgir%2Cclen%2Cdur%2Clmt&lsparams=mh%2Cmm%2Cmn%2Cms%2Cmv%2Cmvi%2Cpl%2Cinitcwndbps&lsig=AG3C_xAwRQIgAdOejbX_mnvIg5F_AEzPaFGgAGgriLfcXs45o5YRR8ICIQDAMdYzbt3vEiBqMWb2m-IbEnxwUWomSZxNq4qLo4ZdBg%3D%3D&sig=AOq0QJ8wRAIgJOxX_YKwvuNpSgC6ohYYoDoDFGAJrEOkT_2UiiCdSNgCIBgRjIwsNBX5vyRFmzIeApiw0LcUiAKD6IKtLlopf1G3&ratebypass=yes", "player_url": "/s/player/2e6e57d8/player_ias.vflset/en_US/base.js", "ext": "webm", "format_note": "tiny", "acodec": "opus", "abr": 50, "asr": 48000, "filesize": 2661998, "fps": null, "height": null, "tbr": 59.771, "width": null, "vcodec": "none", "downloader_options": {"http_chunk_size": 10485760}, "format": "249 - audio only (tiny)", "protocol": "https", "http_headers": {"User-Agent": "Mozilla/5.0 (Windows NT 10.0; Win64; x64) AppleWebKit/537.36 (KHTML, like Gecko) Chrome/70.0.3538.31 Safari/537.36", "Accept-Charset": "ISO-8859-1,utf-8;q=0.7,*;q=0.7", "Accept": "text/html,application/xhtml+xml,application/xml;q=0.9,*/*;q=0.8", "Accept-Encoding": "gzip, deflate", "Accept-Language": "en-us,en;q=0.5"}}, {"format_id": "250", "url": "https://r6---sn-5njj-u2xl.googlevideo.com/videoplayback?expire=1608485432&ei=2DXfX5ifId-Cs8IPxKiQqAE&ip=140.109.135.76&id=o-AMOfGA-sv1qXZRREizilLqYbs3lbqnmKnBnm5V0E64oX&itag=250&source=youtube&requiressl=yes&mh=1G&mm=31%2C29&mn=sn-5njj-u2xl%2Csn-un57sn76&ms=au%2Crdu&mv=m&mvi=6&pl=16&initcwndbps=690000&vprv=1&mime=audio%2Fwebm&ns=eK_7v7QHCr8eQo8psvmYdZcF&gir=yes&clen=3523377&dur=369.701&lmt=1605414035101446&mt=1608463244&fvip=6&keepalive=yes&c=WEB&txp=1311224&n=iUP81x5quzBm3gn-L&sparams=expire%2Cei%2Cip%2Cid%2Citag%2Csource%2Crequiressl%2Cvprv%2Cmime%2Cns%2Cgir%2Cclen%2Cdur%2Clmt&lsparams=mh%2Cmm%2Cmn%2Cms%2Cmv%2Cmvi%2Cpl%2Cinitcwndbps&lsig=AG3C_xAwRQIgPro36KI2UnMS4eOWJGgVwUeuZ5cD3p4r6XDYGufo-IYCIQCLrVF-LkS3B-TZTKR1ltzAJebrZlR5bhr3duKxpxD--Q%3D%3D&sig=AOq0QJ8wRgIhAPTASkXMMX7SCpeuS2WE4JPgpsHXqQE3LgtXvND_N_J4AiEAo_wFwdq8H75xvXNgCnYKxrhonXUZHZt2p0scyJ6Rr4E=&ratebypass=yes", "player_url": "/s/player/2e6e57d8/player_ias.vflset/en_US/base.js", "ext": "webm", "format_note": "tiny", "acodec": "opus", "abr": 70, "asr": 48000, "filesize": 3523377, "fps": null, "height": null, "tbr": 78.909, "width": null, "vcodec": "none", "downloader_options": {"http_chunk_size": 10485760}, "format": "250 - audio only (tiny)", "protocol": "https", "http_headers": {"User-Agent": "Mozilla/5.0 (Windows NT 10.0; Win64; x64) AppleWebKit/537.36 (KHTML, like Gecko) Chrome/70.0.3538.31 Safari/537.36", "Accept-Charset": "ISO-8859-1,utf-8;q=0.7,*;q=0.7", "Accept": "text/html,application/xhtml+xml,application/xml;q=0.9,*/*;q=0.8", "Accept-Encoding": "gzip, deflate", "Accept-Language": "en-us,en;q=0.5"}}, {"format_id": "140", "url": "https://r6---sn-5njj-u2xl.googlevideo.com/videoplayback?expire=1608485432&ei=2DXfX5ifId-Cs8IPxKiQqAE&ip=140.109.135.76&id=o-AMOfGA-sv1qXZRREizilLqYbs3lbqnmKnBnm5V0E64oX&itag=140&source=youtube&requiressl=yes&mh=1G&mm=31%2C29&mn=sn-5njj-u2xl%2Csn-un57sn76&ms=au%2Crdu&mv=m&mvi=6&pl=16&initcwndbps=690000&vprv=1&mime=audio%2Fmp4&ns=eK_7v7QHCr8eQo8psvmYdZcF&gir=yes&clen=5984465&dur=369.731&lmt=1605413896044168&mt=1608463244&fvip=6&keepalive=yes&c=WEB&txp=1311224&n=iUP81x5quzBm3gn-L&sparams=expire%2Cei%2Cip%2Cid%2Citag%2Csource%2Crequiressl%2Cvprv%2Cmime%2Cns%2Cgir%2Cclen%2Cdur%2Clmt&lsparams=mh%2Cmm%2Cmn%2Cms%2Cmv%2Cmvi%2Cpl%2Cinitcwndbps&lsig=AG3C_xAwRAIgTGrZD2nfLyVEfg5g4LDkO9iccPWGEc5Dr9CyqooZc-QCIB7Sgd370ZyMTB22JRSL2-GJHhwvbI7MU05gbJYQyK0i&sig=AOq0QJ8wRgIhALkEd4-LT-DsbggcKBoSlCll47n90pVSAy59Hj0oorOzAiEAiTginvQtgswn5fQGCiyIo_p-6ygrdK21cwCzV3pvets=&ratebypass=yes", "player_url": "/s/player/2e6e57d8/player_ias.vflset/en_US/base.js", "ext": "m4a", "format_note": "tiny", "acodec": "mp4a.40.2", "abr": 128, "container": "m4a_dash", "asr": 44100, "filesize": 5984465, "fps": null, "height": null, "tbr": 130.555, "width": null, "vcodec": "none", "downloader_options": {"http_chunk_size": 10485760}, "format": "140 - audio only (tiny)", "protocol": "https", "http_headers": {"User-Agent": "Mozilla/5.0 (Windows NT 10.0; Win64; x64) AppleWebKit/537.36 (KHTML, like Gecko) Chrome/70.0.3538.31 Safari/537.36", "Accept-Charset": "ISO-8859-1,utf-8;q=0.7,*;q=0.7", "Accept": "text/html,application/xhtml+xml,application/xml;q=0.9,*/*;q=0.8", "Accept-Encoding": "gzip, deflate", "Accept-Language": "en-us,en;q=0.5"}}, {"format_id": "251", "url": "https://r6---sn-5njj-u2xl.googlevideo.com/videoplayback?expire=1608485432&ei=2DXfX5ifId-Cs8IPxKiQqAE&ip=140.109.135.76&id=o-AMOfGA-sv1qXZRREizilLqYbs3lbqnmKnBnm5V0E64oX&itag=251&source=youtube&requiressl=yes&mh=1G&mm=31%2C29&mn=sn-5njj-u2xl%2Csn-un57sn76&ms=au%2Crdu&mv=m&mvi=6&pl=16&initcwndbps=690000&vprv=1&mime=audio%2Fwebm&ns=eK_7v7QHCr8eQo8psvmYdZcF&gir=yes&clen=6857135&dur=369.701&lmt=1605413894955003&mt=1608463244&fvip=6&keepalive=yes&c=WEB&txp=1311224&n=iUP81x5quzBm3gn-L&sparams=expire%2Cei%2Cip%2Cid%2Citag%2Csource%2Crequiressl%2Cvprv%2Cmime%2Cns%2Cgir%2Cclen%2Cdur%2Clmt&lsparams=mh%2Cmm%2Cmn%2Cms%2Cmv%2Cmvi%2Cpl%2Cinitcwndbps&lsig=AG3C_xAwRgIhAM-U8K3nqAkd_oA1wy2AddpPGtBWf9pl1zCRVZ6T3tpEAiEA1nkq1YSiqL8DZ8IR6gzydr7CUzuKQYhX1yM-mQJ_7lE%3D&sig=AOq0QJ8wRAIgSV7iyLEVxGXW_l4CV4sQPa0QTnnnSXqlqzJs3c7NlF8CIAntVdrBoogDvqRoeIhV1644q19QM5ynzjFBBoikvDoL&ratebypass=yes", "player_url": "/s/player/2e6e57d8/player_ias.vflset/en_US/base.js", "ext": "webm", "format_note": "tiny", "acodec": "opus", "abr": 160, "asr": 48000, "filesize": 6857135, "fps": null, "height": null, "tbr": 154.428, "width": null, "vcodec": "none", "downloader_options": {"http_chunk_size": 10485760}, "format": "251 - audio only (tiny)", "protocol": "https", "http_headers": {"User-Agent": "Mozilla/5.0 (Windows NT 10.0; Win64; x64) AppleWebKit/537.36 (KHTML, like Gecko) Chrome/70.0.3538.31 Safari/537.36", "Accept-Charset": "ISO-8859-1,utf-8;q=0.7,*;q=0.7", "Accept": "text/html,application/xhtml+xml,application/xml;q=0.9,*/*;q=0.8", "Accept-Encoding": "gzip, deflate", "Accept-Language": "en-us,en;q=0.5"}}, {"format_id": "160", "url": "https://r6---sn-5njj-u2xl.googlevideo.com/videoplayback?expire=1608485432&ei=2DXfX5ifId-Cs8IPxKiQqAE&ip=140.109.135.76&id=o-AMOfGA-sv1qXZRREizilLqYbs3lbqnmKnBnm5V0E64oX&itag=160&aitags=133%2C134%2C135%2C136%2C137%2C160%2C242%2C243%2C244%2C247%2C248%2C278&source=youtube&requiressl=yes&mh=1G&mm=31%2C29&mn=sn-5njj-u2xl%2Csn-un57sn76&ms=au%2Crdu&mv=m&mvi=6&pl=16&initcwndbps=690000&vprv=1&mime=video%2Fmp4&ns=eK_7v7QHCr8eQo8psvmYdZcF&gir=yes&clen=2825653&dur=369.666&lmt=1605414868318717&mt=1608463244&fvip=6&keepalive=yes&c=WEB&txp=1311224&n=iUP81x5quzBm3gn-L&sparams=expire%2Cei%2Cip%2Cid%2Caitags%2Csource%2Crequiressl%2Cvprv%2Cmime%2Cns%2Cgir%2Cclen%2Cdur%2Clmt&lsparams=mh%2Cmm%2Cmn%2Cms%2Cmv%2Cmvi%2Cpl%2Cinitcwndbps&lsig=AG3C_xAwRAIgY1BpTNdW6moflHxPPR0vQ6MSevuOzyv1DF2ccltwP2ECIDSGeWVPEFr8twPJbsayAueDzYnkgkHJhzbXWP4k0S5i&sig=AOq0QJ8wRQIhANulNkQmu8dxsJ7jNEXmKSXJmwonRyLxPncdikDfQ8qxAiBLipvylewczTf9_s52fdwhi9tkbOtaKMRwHy9RLBTMoA==&ratebypass=yes", "player_url": "/s/player/2e6e57d8/player_ias.vflset/en_US/base.js", "ext": "mp4", "height": 144, "format_note": "144p", "vcodec": "avc1.4d400c", "asr": null, "filesize": 2825653, "fps": 24, "tbr": 95.728, "width": 256, "acodec": "none", "downloader_options": {"http_chunk_size": 10485760}, "format": "160 - 256x144 (144p)", "protocol": "https", "http_headers": {"User-Agent": "Mozilla/5.0 (Windows NT 10.0; Win64; x64) AppleWebKit/537.36 (KHTML, like Gecko) Chrome/70.0.3538.31 Safari/537.36", "Accept-Charset": "ISO-8859-1,utf-8;q=0.7,*;q=0.7", "Accept": "text/html,application/xhtml+xml,application/xml;q=0.9,*/*;q=0.8", "Accept-Encoding": "gzip, deflate", "Accept-Language": "en-us,en;q=0.5"}}, {"format_id": "278", "url": "https://r6---sn-5njj-u2xl.googlevideo.com/videoplayback?expire=1608485432&ei=2DXfX5ifId-Cs8IPxKiQqAE&ip=140.109.135.76&id=o-AMOfGA-sv1qXZRREizilLqYbs3lbqnmKnBnm5V0E64oX&itag=278&aitags=133%2C134%2C135%2C136%2C137%2C160%2C242%2C243%2C244%2C247%2C248%2C278&source=youtube&requiressl=yes&mh=1G&mm=31%2C29&mn=sn-5njj-u2xl%2Csn-un57sn76&ms=au%2Crdu&mv=m&mvi=6&pl=16&initcwndbps=690000&vprv=1&mime=video%2Fwebm&ns=eK_7v7QHCr8eQo8psvmYdZcF&gir=yes&clen=3826497&dur=369.666&lmt=1605413904444884&mt=1608463244&fvip=6&keepalive=yes&c=WEB&txp=1316224&n=iUP81x5quzBm3gn-L&sparams=expire%2Cei%2Cip%2Cid%2Caitags%2Csource%2Crequiressl%2Cvprv%2Cmime%2Cns%2Cgir%2Cclen%2Cdur%2Clmt&lsparams=mh%2Cmm%2Cmn%2Cms%2Cmv%2Cmvi%2Cpl%2Cinitcwndbps&lsig=AG3C_xAwRAIgWkuypetghyRmgaesIT-BFToqG_THj6qGvjmhaI9U86ACIDae07R-C1X43gSsKBa9x7_7N9LK1YAYgqmDo3kaqMVG&sig=AOq0QJ8wRQIgVqrpXgQk8a2ljdtsIzemWf93BRKRkDQUmf9zOIMYv3oCIQDuYE0gmI_i8Ldg9hTEDLtUlORl6YHWpnHjYlEKPDfOag==&ratebypass=yes", "player_url": "/s/player/2e6e57d8/player_ias.vflset/en_US/base.js", "ext": "webm", "height": 144, "format_note": "144p", "container": "webm", "vcodec": "vp9", "asr": null, "filesize": 3826497, "fps": 24, "tbr": 101.633, "width": 256, "acodec": "none", "downloader_options": {"http_chunk_size": 10485760}, "format": "278 - 256x144 (144p)", "protocol": "https", "http_headers": {"User-Agent": "Mozilla/5.0 (Windows NT 10.0; Win64; x64) AppleWebKit/537.36 (KHTML, like Gecko) Chrome/70.0.3538.31 Safari/537.36", "Accept-Charset": "ISO-8859-1,utf-8;q=0.7,*;q=0.7", "Accept": "text/html,application/xhtml+xml,application/xml;q=0.9,*/*;q=0.8", "Accept-Encoding": "gzip, deflate", "Accept-Language": "en-us,en;q=0.5"}}, {"format_id": "242", "url": "https://r6---sn-5njj-u2xl.googlevideo.com/videoplayback?expire=1608485432&ei=2DXfX5ifId-Cs8IPxKiQqAE&ip=140.109.135.76&id=o-AMOfGA-sv1qXZRREizilLqYbs3lbqnmKnBnm5V0E64oX&itag=242&aitags=133%2C134%2C135%2C136%2C137%2C160%2C242%2C243%2C244%2C247%2C248%2C278&source=youtube&requiressl=yes&mh=1G&mm=31%2C29&mn=sn-5njj-u2xl%2Csn-un57sn76&ms=au%2Crdu&mv=m&mvi=6&pl=16&initcwndbps=690000&vprv=1&mime=video%2Fwebm&ns=eK_7v7QHCr8eQo8psvmYdZcF&gir=yes&clen=6309976&dur=369.666&lmt=1605413906486265&mt=1608463244&fvip=6&keepalive=yes&c=WEB&txp=1316224&n=iUP81x5quzBm3gn-L&sparams=expire%2Cei%2Cip%2Cid%2Caitags%2Csource%2Crequiressl%2Cvprv%2Cmime%2Cns%2Cgir%2Cclen%2Cdur%2Clmt&lsparams=mh%2Cmm%2Cmn%2Cms%2Cmv%2Cmvi%2Cpl%2Cinitcwndbps&lsig=AG3C_xAwRgIhAK_LCQAZs6zXnzILdIWThApUiDWKcu-yvRl4bWluO3a0AiEAjjL8YFq87FdOvZL0h1BINjel63Plw8VUgyaGKhXebzU%3D&sig=AOq0QJ8wRAIgS4iULtCsr164VCrshJUten0Tkvclv_EhBpM9MKgoZkwCIDKwVLsZdNCefvBB08MWTlKl04zeDZ5_9R7vAsdTWtsP&ratebypass=yes", "player_url": "/s/player/2e6e57d8/player_ias.vflset/en_US/base.js", "ext": "webm", "height": 240, "format_note": "240p", "vcodec": "vp9", "asr": null, "filesize": 6309976, "fps": 24, "tbr": 206.06, "width": 426, "acodec": "none", "downloader_options": {"http_chunk_size": 10485760}, "format": "242 - 426x240 (240p)", "protocol": "https", "http_headers": {"User-Agent": "Mozilla/5.0 (Windows NT 10.0; Win64; x64) AppleWebKit/537.36 (KHTML, like Gecko) Chrome/70.0.3538.31 Safari/537.36", "Accept-Charset": "ISO-8859-1,utf-8;q=0.7,*;q=0.7", "Accept": "text/html,application/xhtml+xml,application/xml;q=0.9,*/*;q=0.8", "Accept-Encoding": "gzip, deflate", "Accept-Language": "en-us,en;q=0.5"}}, {"format_id": "133", "url": "https://r6---sn-5njj-u2xl.googlevideo.com/videoplayback?expire=1608485432&ei=2DXfX5ifId-Cs8IPxKiQqAE&ip=140.109.135.76&id=o-AMOfGA-sv1qXZRREizilLqYbs3lbqnmKnBnm5V0E64oX&itag=133&aitags=133%2C134%2C135%2C136%2C137%2C160%2C242%2C243%2C244%2C247%2C248%2C278&source=youtube&requiressl=yes&mh=1G&mm=31%2C29&mn=sn-5njj-u2xl%2Csn-un57sn76&ms=au%2Crdu&mv=m&mvi=6&pl=16&initcwndbps=690000&vprv=1&mime=video%2Fmp4&ns=eK_7v7QHCr8eQo8psvmYdZcF&gir=yes&clen=8530111&dur=369.666&lmt=1605414868361518&mt=1608463244&fvip=6&keepalive=yes&c=WEB&txp=1311224&n=iUP81x5quzBm3gn-L&sparams=expire%2Cei%2Cip%2Cid%2Caitags%2Csource%2Crequiressl%2Cvprv%2Cmime%2Cns%2Cgir%2Cclen%2Cdur%2Clmt&lsparams=mh%2Cmm%2Cmn%2Cms%2Cmv%2Cmvi%2Cpl%2Cinitcwndbps&lsig=AG3C_xAwRQIgV3Wb72pDmllROCQxaaBM7scBo6Kmb9Wrin0HhmnqbTACIQDLQoLub7IX8FYtaKgC9GOWmkRxqLxwFjhCEGYEMf1lDw%3D%3D&sig=AOq0QJ8wRAIgXHKlo5KUbN-yJqhuKIQDHxhyKE8Kfe-4xtrFCGqaorMCIEokTd8ryVyezPrV1bfHN0fkA39OzgdnqluHi06l0yA0&ratebypass=yes", "player_url": "/s/player/2e6e57d8/player_ias.vflset/en_US/base.js", "ext": "mp4", "height": 240, "format_note": "240p", "vcodec": "avc1.4d4015", "asr": null, "filesize": 8530111, "fps": 24, "tbr": 279.177, "width": 426, "acodec": "none", "downloader_options": {"http_chunk_size": 10485760}, "format": "133 - 426x240 (240p)", "protocol": "https", "http_headers": {"User-Agent": "Mozilla/5.0 (Windows NT 10.0; Win64; x64) AppleWebKit/537.36 (KHTML, like Gecko) Chrome/70.0.3538.31 Safari/537.36", "Accept-Charset": "ISO-8859-1,utf-8;q=0.7,*;q=0.7", "Accept": "text/html,application/xhtml+xml,application/xml;q=0.9,*/*;q=0.8", "Accept-Encoding": "gzip, deflate", "Accept-Language": "en-us,en;q=0.5"}}, {"format_id": "243", "url": "https://r6---sn-5njj-u2xl.googlevideo.com/videoplayback?expire=1608485432&ei=2DXfX5ifId-Cs8IPxKiQqAE&ip=140.109.135.76&id=o-AMOfGA-sv1qXZRREizilLqYbs3lbqnmKnBnm5V0E64oX&itag=243&aitags=133%2C134%2C135%2C136%2C137%2C160%2C242%2C243%2C244%2C247%2C248%2C278&source=youtube&requiressl=yes&mh=1G&mm=31%2C29&mn=sn-5njj-u2xl%2Csn-un57sn76&ms=au%2Crdu&mv=m&mvi=6&pl=16&initcwndbps=690000&vprv=1&mime=video%2Fwebm&ns=eK_7v7QHCr8eQo8psvmYdZcF&gir=yes&clen=13377543&dur=369.666&lmt=1605413902798822&mt=1608463244&fvip=6&keepalive=yes&c=WEB&txp=1316224&n=iUP81x5quzBm3gn-L&sparams=expire%2Cei%2Cip%2Cid%2Caitags%2Csource%2Crequiressl%2Cvprv%2Cmime%2Cns%2Cgir%2Cclen%2Cdur%2Clmt&lsparams=mh%2Cmm%2Cmn%2Cms%2Cmv%2Cmvi%2Cpl%2Cinitcwndbps&lsig=AG3C_xAwRAIgV4kBUe15QwcjGy5VCOp1_V2nnZ6uxMVElCvfdO_V6lwCIHiQm80Jd9l6YT9lAzdDkuZfYngtJRJ5zIcLsormkV5B&sig=AOq0QJ8wRQIgPEis52SIIZUW0FXmB6XrN6Amtt0N3w8mKCw17CkMl0gCIQCFz1KKG7QXPw4gyxUtzFk3FW31c2_IWqy5axhev0U1Dg==&ratebypass=yes", "player_url": "/s/player/2e6e57d8/player_ias.vflset/en_US/base.js", "ext": "webm", "height": 360, "format_note": "360p", "vcodec": "vp9", "asr": null, "filesize": 13377543, "fps": 24, "tbr": 404.595, "width": 640, "acodec": "none", "downloader_options": {"http_chunk_size": 10485760}, "format": "243 - 640x360 (360p)", "protocol": "https", "http_headers": {"User-Agent": "Mozilla/5.0 (Windows NT 10.0; Win64; x64) AppleWebKit/537.36 (KHTML, like Gecko) Chrome/70.0.3538.31 Safari/537.36", "Accept-Charset": "ISO-8859-1,utf-8;q=0.7,*;q=0.7", "Accept": "text/html,application/xhtml+xml,application/xml;q=0.9,*/*;q=0.8", "Accept-Encoding": "gzip, deflate", "Accept-Language": "en-us,en;q=0.5"}}, {"format_id": "134", "url": "https://r6---sn-5njj-u2xl.googlevideo.com/videoplayback?expire=1608485432&ei=2DXfX5ifId-Cs8IPxKiQqAE&ip=140.109.135.76&id=o-AMOfGA-sv1qXZRREizilLqYbs3lbqnmKnBnm5V0E64oX&itag=134&aitags=133%2C134%2C135%2C136%2C137%2C160%2C242%2C243%2C244%2C247%2C248%2C278&source=youtube&requiressl=yes&mh=1G&mm=31%2C29&mn=sn-5njj-u2xl%2Csn-un57sn76&ms=au%2Crdu&mv=m&mvi=6&pl=16&initcwndbps=690000&vprv=1&mime=video%2Fmp4&ns=eK_7v7QHCr8eQo8psvmYdZcF&gir=yes&clen=14230925&dur=369.666&lmt=1605414868787083&mt=1608463244&fvip=6&keepalive=yes&c=WEB&txp=1311224&n=iUP81x5quzBm3gn-L&sparams=expire%2Cei%2Cip%2Cid%2Caitags%2Csource%2Crequiressl%2Cvprv%2Cmime%2Cns%2Cgir%2Cclen%2Cdur%2Clmt&lsparams=mh%2Cmm%2Cmn%2Cms%2Cmv%2Cmvi%2Cpl%2Cinitcwndbps&lsig=AG3C_xAwRQIhAOEdDm3Bqs_kSUtRCGrgWmTI62eowvT4DUR-rQoEv00OAiBYkowRlk8OMAO1CZkGUUxd8p3HQPEJOsJ2OTyHUMv06A%3D%3D&sig=AOq0QJ8wRQIhAK6LDQmXHWqHjhmQ56faWtQiB0zXvhWpCOmNVJMQmArOAiBlO6q8ytIV2DVR4H0LTBTXGY6CZ9TwYVSoTAhNsCuRMQ==&ratebypass=yes", "player_url": "/s/player/2e6e57d8/player_ias.vflset/en_US/base.js", "ext": "mp4", "height": 360, "format_note": "360p", "vcodec": "avc1.4d401e", "asr": null, "filesize": 14230925, "fps": 24, "tbr": 491.139, "width": 640, "acodec": "none", "downloader_options": {"http_chunk_size": 10485760}, "format": "134 - 640x360 (360p)", "protocol": "https", "http_headers": {"User-Agent": "Mozilla/5.0 (Windows NT 10.0; Win64; x64) AppleWebKit/537.36 (KHTML, like Gecko) Chrome/70.0.3538.31 Safari/537.36", "Accept-Charset": "ISO-8859-1,utf-8;q=0.7,*;q=0.7", "Accept": "text/html,application/xhtml+xml,application/xml;q=0.9,*/*;q=0.8", "Accept-Encoding": "gzip, deflate", "Accept-Language": "en-us,en;q=0.5"}}, {"format_id": "244", "url": "https://r6---sn-5njj-u2xl.googlevideo.com/videoplayback?expire=1608485432&ei=2DXfX5ifId-Cs8IPxKiQqAE&ip=140.109.135.76&id=o-AMOfGA-sv1qXZRREizilLqYbs3lbqnmKnBnm5V0E64oX&itag=244&aitags=133%2C134%2C135%2C136%2C137%2C160%2C242%2C243%2C244%2C247%2C248%2C278&source=youtube&requiressl=yes&mh=1G&mm=31%2C29&mn=sn-5njj-u2xl%2Csn-un57sn76&ms=au%2Crdu&mv=m&mvi=6&pl=16&initcwndbps=690000&vprv=1&mime=video%2Fwebm&ns=eK_7v7QHCr8eQo8psvmYdZcF&gir=yes&clen=25860740&dur=369.666&lmt=1605413946394193&mt=1608463244&fvip=6&keepalive=yes&c=WEB&txp=1316224&n=iUP81x5quzBm3gn-L&sparams=expire%2Cei%2Cip%2Cid%2Caitags%2Csource%2Crequiressl%2Cvprv%2Cmime%2Cns%2Cgir%2Cclen%2Cdur%2Clmt&lsparams=mh%2Cmm%2Cmn%2Cms%2Cmv%2Cmvi%2Cpl%2Cinitcwndbps&lsig=AG3C_xAwRQIhAOQWF8PdD43t4FyTHZ4YmnxwOMQUiqdIMCVpWk_l0bJXAiAvsKWpHD81O7QvySKc2EmuudSW81P4sbdxNqqheYRqKQ%3D%3D&sig=AOq0QJ8wRAIgfFe3EsR_ILJXyG2DB7RGomqzI-56eqYGg4DZfhB8EqQCIAbYBVhEgTpRNNT2jV1lsV9cCHbcbB0Ix2ri3euwdhN3&ratebypass=yes", "player_url": "/s/player/2e6e57d8/player_ias.vflset/en_US/base.js", "ext": "webm", "height": 480, "format_note": "480p", "vcodec": "vp9", "asr": null, "filesize": 25860740, "fps": 24, "tbr": 779.5, "width": 854, "acodec": "none", "downloader_options": {"http_chunk_size": 10485760}, "format": "244 - 854x480 (480p)", "protocol": "https", "http_headers": {"User-Agent": "Mozilla/5.0 (Windows NT 10.0; Win64; x64) AppleWebKit/537.36 (KHTML, like Gecko) Chrome/70.0.3538.31 Safari/537.36", "Accept-Charset": "ISO-8859-1,utf-8;q=0.7,*;q=0.7", "Accept": "text/html,application/xhtml+xml,application/xml;q=0.9,*/*;q=0.8", "Accept-Encoding": "gzip, deflate", "Accept-Language": "en-us,en;q=0.5"}}, {"format_id": "135", "url": "https://r6---sn-5njj-u2xl.googlevideo.com/videoplayback?expire=1608485432&ei=2DXfX5ifId-Cs8IPxKiQqAE&ip=140.109.135.76&id=o-AMOfGA-sv1qXZRREizilLqYbs3lbqnmKnBnm5V0E64oX&itag=135&aitags=133%2C134%2C135%2C136%2C137%2C160%2C242%2C243%2C244%2C247%2C248%2C278&source=youtube&requiressl=yes&mh=1G&mm=31%2C29&mn=sn-5njj-u2xl%2Csn-un57sn76&ms=au%2Crdu&mv=m&mvi=6&pl=16&initcwndbps=690000&vprv=1&mime=video%2Fmp4&ns=eK_7v7QHCr8eQo8psvmYdZcF&gir=yes&clen=34911089&dur=369.666&lmt=1605414885235638&mt=1608463244&fvip=6&keepalive=yes&c=WEB&txp=1311224&n=iUP81x5quzBm3gn-L&sparams=expire%2Cei%2Cip%2Cid%2Caitags%2Csource%2Crequiressl%2Cvprv%2Cmime%2Cns%2Cgir%2Cclen%2Cdur%2Clmt&lsparams=mh%2Cmm%2Cmn%2Cms%2Cmv%2Cmvi%2Cpl%2Cinitcwndbps&lsig=AG3C_xAwRgIhAIUJNcx1FiZNslYQ1_YSR7NN365m99-mx0GLk6nIdeP-AiEAxy64GacxAOR_HwVVtr784-0rJEDwlztPsE4ba_9NrHc%3D&sig=AOq0QJ8wRgIhAKvSXxN0oXKV_rpc0b83EWAX0rHLv2BEsHDEgsP_2FPQAiEAqcx-iFUK-BDNodxZUJicuGPOHmC_oS4dxe3wC-4LXUI=&ratebypass=yes", "player_url": "/s/player/2e6e57d8/player_ias.vflset/en_US/base.js", "ext": "mp4", "height": 480, "format_note": "480p", "vcodec": "avc1.4d401e", "asr": null, "filesize": 34911089, "fps": 24, "tbr": 1184.142, "width": 854, "acodec": "none", "downloader_options": {"http_chunk_size": 10485760}, "format": "135 - 854x480 (480p)", "protocol": "https", "http_headers": {"User-Agent": "Mozilla/5.0 (Windows NT 10.0; Win64; x64) AppleWebKit/537.36 (KHTML, like Gecko) Chrome/70.0.3538.31 Safari/537.36", "Accept-Charset": "ISO-8859-1,utf-8;q=0.7,*;q=0.7", "Accept": "text/html,application/xhtml+xml,application/xml;q=0.9,*/*;q=0.8", "Accept-Encoding": "gzip, deflate", "Accept-Language": "en-us,en;q=0.5"}}, {"format_id": "247", "url": "https://r6---sn-5njj-u2xl.googlevideo.com/videoplayback?expire=1608485432&ei=2DXfX5ifId-Cs8IPxKiQqAE&ip=140.109.135.76&id=o-AMOfGA-sv1qXZRREizilLqYbs3lbqnmKnBnm5V0E64oX&itag=247&aitags=133%2C134%2C135%2C136%2C137%2C160%2C242%2C243%2C244%2C247%2C248%2C278&source=youtube&requiressl=yes&mh=1G&mm=31%2C29&mn=sn-5njj-u2xl%2Csn-un57sn76&ms=au%2Crdu&mv=m&mvi=6&pl=16&initcwndbps=690000&vprv=1&mime=video%2Fwebm&ns=eK_7v7QHCr8eQo8psvmYdZcF&gir=yes&clen=52836789&dur=369.666&lmt=1605413909727418&mt=1608463244&fvip=6&keepalive=yes&c=WEB&txp=1316224&n=iUP81x5quzBm3gn-L&sparams=expire%2Cei%2Cip%2Cid%2Caitags%2Csource%2Crequiressl%2Cvprv%2Cmime%2Cns%2Cgir%2Cclen%2Cdur%2Clmt&lsparams=mh%2Cmm%2Cmn%2Cms%2Cmv%2Cmvi%2Cpl%2Cinitcwndbps&lsig=AG3C_xAwRgIhAPIm22sGHNw8XvIL6gy4LPG0Onfw0rshQvwujoENL8BuAiEA8iAPJWGojx52_oteIgnpD3U98jUe_KkOCAjZ5fxqvrA%3D&sig=AOq0QJ8wRQIhAMEI4fbNbh0BST4mm3ejwy53mf3LSBsGfuonfwfZZG8QAiB9rM_6A2J85Ax8AbeDldFDcROcNpTAFbRwcVr3Iv4pUw==&ratebypass=yes", "player_url": "/s/player/2e6e57d8/player_ias.vflset/en_US/base.js", "ext": "webm", "height": 720, "format_note": "720p", "vcodec": "vp9", "asr": null, "filesize": 52836789, "fps": 24, "tbr": 1542.651, "width": 1280, "acodec": "none", "downloader_options": {"http_chunk_size": 10485760}, "format": "247 - 1280x720 (720p)", "protocol": "https", "http_headers": {"User-Agent": "Mozilla/5.0 (Windows NT 10.0; Win64; x64) AppleWebKit/537.36 (KHTML, like Gecko) Chrome/70.0.3538.31 Safari/537.36", "Accept-Charset": "ISO-8859-1,utf-8;q=0.7,*;q=0.7", "Accept": "text/html,application/xhtml+xml,application/xml;q=0.9,*/*;q=0.8", "Accept-Encoding": "gzip, deflate", "Accept-Language": "en-us,en;q=0.5"}}, {"format_id": "136", "url": "https://r6---sn-5njj-u2xl.googlevideo.com/videoplayback?expire=1608485432&ei=2DXfX5ifId-Cs8IPxKiQqAE&ip=140.109.135.76&id=o-AMOfGA-sv1qXZRREizilLqYbs3lbqnmKnBnm5V0E64oX&itag=136&aitags=133%2C134%2C135%2C136%2C137%2C160%2C242%2C243%2C244%2C247%2C248%2C278&source=youtube&requiressl=yes&mh=1G&mm=31%2C29&mn=sn-5njj-u2xl%2Csn-un57sn76&ms=au%2Crdu&mv=m&mvi=6&pl=16&initcwndbps=690000&vprv=1&mime=video%2Fmp4&ns=eK_7v7QHCr8eQo8psvmYdZcF&gir=yes&clen=63864745&dur=369.666&lmt=1605414867011901&mt=1608463244&fvip=6&keepalive=yes&c=WEB&txp=1311224&n=iUP81x5quzBm3gn-L&sparams=expire%2Cei%2Cip%2Cid%2Caitags%2Csource%2Crequiressl%2Cvprv%2Cmime%2Cns%2Cgir%2Cclen%2Cdur%2Clmt&lsparams=mh%2Cmm%2Cmn%2Cms%2Cmv%2Cmvi%2Cpl%2Cinitcwndbps&lsig=AG3C_xAwRQIgOz6CPwYKJa-L8xm3g5A5J6Vxb-Wt7CFaYCziQrSOY_YCIQDQ4A7itiD97Lct-zua7wG1EN0jrD2IJgWva5LEBwsxuA%3D%3D&sig=AOq0QJ8wRQIhAPTXK6EHOCpwDsR8XPjraWnoLKjW8t_ivJ3JYcqBNX0mAiBSrepGsibx9sDPNBb6ePTUhpk60cEuoj_BNm3TQHIQng==&ratebypass=yes", "player_url": "/s/player/2e6e57d8/player_ias.vflset/en_US/base.js", "ext": "mp4", "height": 720, "format_note": "720p", "vcodec": "avc1.4d401f", "asr": null, "filesize": 63864745, "fps": 24, "tbr": 2122.212, "width": 1280, "acodec": "none", "downloader_options": {"http_chunk_size": 10485760}, "format": "136 - 1280x720 (720p)", "protocol": "https", "http_headers": {"User-Agent": "Mozilla/5.0 (Windows NT 10.0; Win64; x64) AppleWebKit/537.36 (KHTML, like Gecko) Chrome/70.0.3538.31 Safari/537.36", "Accept-Charset": "ISO-8859-1,utf-8;q=0.7,*;q=0.7", "Accept": "text/html,application/xhtml+xml,application/xml;q=0.9,*/*;q=0.8", "Accept-Encoding": "gzip, deflate", "Accept-Language": "en-us,en;q=0.5"}}, {"format_id": "248", "url": "https://r6---sn-5njj-u2xl.googlevideo.com/videoplayback?expire=1608485432&ei=2DXfX5ifId-Cs8IPxKiQqAE&ip=140.109.135.76&id=o-AMOfGA-sv1qXZRREizilLqYbs3lbqnmKnBnm5V0E64oX&itag=248&aitags=133%2C134%2C135%2C136%2C137%2C160%2C242%2C243%2C244%2C247%2C248%2C278&source=youtube&requiressl=yes&mh=1G&mm=31%2C29&mn=sn-5njj-u2xl%2Csn-un57sn76&ms=au%2Crdu&mv=m&mvi=6&pl=16&initcwndbps=690000&vprv=1&mime=video%2Fwebm&ns=eK_7v7QHCr8eQo8psvmYdZcF&gir=yes&clen=93318396&dur=369.666&lmt=1605413910159247&mt=1608463244&fvip=6&keepalive=yes&c=WEB&txp=1316224&n=iUP81x5quzBm3gn-L&sparams=expire%2Cei%2Cip%2Cid%2Caitags%2Csource%2Crequiressl%2Cvprv%2Cmime%2Cns%2Cgir%2Cclen%2Cdur%2Clmt&lsparams=mh%2Cmm%2Cmn%2Cms%2Cmv%2Cmvi%2Cpl%2Cinitcwndbps&lsig=AG3C_xAwRQIhAM8bd1YOVzjrg-sbKQC2jN5ql-2JZM8jagqd_4JsmBXHAiAuQO3IJaYC--KETrdHkIvRt92BHgXM_dtTiuNsp-XzFA%3D%3D&sig=AOq0QJ8wRAIgJ5B9JpuM44Vit1zAyo4dOwqDxmHjdVz2jiKNKiTwlPkCIDJh9L6Gn77UI_H-ePgMwR4bpK99yzu_s6q6be3MMTze&ratebypass=yes", "player_url": "/s/player/2e6e57d8/player_ias.vflset/en_US/base.js", "ext": "webm", "height": 1080, "format_note": "1080p", "vcodec": "vp9", "asr": null, "filesize": 93318396, "fps": 24, "tbr": 2485.82, "width": 1920, "acodec": "none", "downloader_options": {"http_chunk_size": 10485760}, "format": "248 - 1920x1080 (1080p)", "protocol": "https", "http_headers": {"User-Agent": "Mozilla/5.0 (Windows NT 10.0; Win64; x64) AppleWebKit/537.36 (KHTML, like Gecko) Chrome/70.0.3538.31 Safari/537.36", "Accept-Charset": "ISO-8859-1,utf-8;q=0.7,*;q=0.7", "Accept": "text/html,application/xhtml+xml,application/xml;q=0.9,*/*;q=0.8", "Accept-Encoding": "gzip, deflate", "Accept-Language": "en-us,en;q=0.5"}}, {"format_id": "137", "url": "https://r6---sn-5njj-u2xl.googlevideo.com/videoplayback?expire=1608485432&ei=2DXfX5ifId-Cs8IPxKiQqAE&ip=140.109.135.76&id=o-AMOfGA-sv1qXZRREizilLqYbs3lbqnmKnBnm5V0E64oX&itag=137&aitags=133%2C134%2C135%2C136%2C137%2C160%2C242%2C243%2C244%2C247%2C248%2C278&source=youtube&requiressl=yes&mh=1G&mm=31%2C29&mn=sn-5njj-u2xl%2Csn-un57sn76&ms=au%2Crdu&mv=m&mvi=6&pl=16&initcwndbps=690000&vprv=1&mime=video%2Fmp4&ns=eK_7v7QHCr8eQo8psvmYdZcF&gir=yes&clen=163969491&dur=369.666&lmt=1605415200817722&mt=1608463244&fvip=6&keepalive=yes&c=WEB&txp=1311224&n=iUP81x5quzBm3gn-L&sparams=expire%2Cei%2Cip%2Cid%2Caitags%2Csource%2Crequiressl%2Cvprv%2Cmime%2Cns%2Cgir%2Cclen%2Cdur%2Clmt&lsparams=mh%2Cmm%2Cmn%2Cms%2Cmv%2Cmvi%2Cpl%2Cinitcwndbps&lsig=AG3C_xAwRQIgUlrNllEr5fOZsnxJKYfuDy8ugRHNjZGRAqlORCcExWACIQD_hUPdQhFpLsd-gVW6o4jrfTDJZbeDaI2rMWl0lV3DVA%3D%3D&sig=AOq0QJ8wRQIgBwYtyp7ZKI_8eVHeDM95kYhtlx07vGQ4uHM1UzyeVg0CIQDq1aOhGcZrXniUJZp1hJ_cF-bj4NRvQnIyEFhhisNPig==&ratebypass=yes", "player_url": "/s/player/2e6e57d8/player_ias.vflset/en_US/base.js", "ext": "mp4", "height": 1080, "format_note": "1080p", "vcodec": "avc1.640028", "asr": null, "filesize": 163969491, "fps": 24, "tbr": 4345.501, "width": 1920, "acodec": "none", "downloader_options": {"http_chunk_size": 10485760}, "format": "137 - 1920x1080 (1080p)", "protocol": "https", "http_headers": {"User-Agent": "Mozilla/5.0 (Windows NT 10.0; Win64; x64) AppleWebKit/537.36 (KHTML, like Gecko) Chrome/70.0.3538.31 Safari/537.36", "Accept-Charset": "ISO-8859-1,utf-8;q=0.7,*;q=0.7", "Accept": "text/html,application/xhtml+xml,application/xml;q=0.9,*/*;q=0.8", "Accept-Encoding": "gzip, deflate", "Accept-Language": "en-us,en;q=0.5"}}, {"format_id": "18", "url": "https://r6---sn-5njj-u2xl.googlevideo.com/videoplayback?expire=1608485432&ei=2DXfX5ifId-Cs8IPxKiQqAE&ip=140.109.135.76&id=o-AMOfGA-sv1qXZRREizilLqYbs3lbqnmKnBnm5V0E64oX&itag=18&source=youtube&requiressl=yes&mh=1G&mm=31%2C29&mn=sn-5njj-u2xl%2Csn-un57sn76&ms=au%2Crdu&mv=m&mvi=6&pl=16&initcwndbps=690000&vprv=1&mime=video%2Fmp4&ns=0Lcd05N-9Q_TMLos5QL22w0F&gir=yes&clen=30184597&ratebypass=yes&dur=369.731&lmt=1605415014244807&mt=1608463244&fvip=6&c=WEB&txp=1311224&n=cfA6-V4-tD6vWqdZ_&sparams=expire%2Cei%2Cip%2Cid%2Citag%2Csource%2Crequiressl%2Cvprv%2Cmime%2Cns%2Cgir%2Cclen%2Cratebypass%2Cdur%2Clmt&lsparams=mh%2Cmm%2Cmn%2Cms%2Cmv%2Cmvi%2Cpl%2Cinitcwndbps&lsig=AG3C_xAwRAIgIfYhmCjTYY6mdCPtPCCIJp2UgBoKs5msyWf-a-S5EqQCIG9GFZFKgfuNqA_PEx-m3sdtl-HSL43cA6m3LxfSmhVg&sig=AOq0QJ8wRAIgIzaxT9BVUgoA8KfUcYBZOpC_ay6PUrQ45gT7MxPhKhoCIG1po96RN1UDLpsOLSf_scwawxGDuZDfazzgD4t8RNqC", "player_url": "/s/player/2e6e57d8/player_ias.vflset/en_US/base.js", "ext": "mp4", "width": 640, "height": 360, "acodec": "mp4a.40.2", "abr": 96, "vcodec": "avc1.42001E", "asr": 44100, "filesize": 30184597, "format_note": "360p", "fps": 24, "tbr": 653.229, "format": "18 - 640x360 (360p)", "protocol": "https", "http_headers": {"User-Agent": "Mozilla/5.0 (Windows NT 10.0; Win64; x64) AppleWebKit/537.36 (KHTML, like Gecko) Chrome/70.0.3538.31 Safari/537.36", "Accept-Charset": "ISO-8859-1,utf-8;q=0.7,*;q=0.7", "Accept": "text/html,application/xhtml+xml,application/xml;q=0.9,*/*;q=0.8", "Accept-Encoding": "gzip, deflate", "Accept-Language": "en-us,en;q=0.5"}}], "is_live": null, "start_time": null, "end_time": null, "series": null, "season_number": null, "episode_number": null, "track": "Airy-Fairy Heart", "artist": "Franz Gordon", "album": null, "release_date": null, "release_year": null, "extractor": "youtube", "webpage_url_basename": "watch", "extractor_key": "Youtube", "playlist": null, "playlist_index": null, "thumbnail": "https://i.ytimg.com/vi_webp/jO2zX6Ul8GM/maxresdefault.webp", "display_id": "jO2zX6Ul8GM", "requested_subtitles": null, "format_id": "251", "url": "https://r6---sn-5njj-u2xl.googlevideo.com/videoplayback?expire=1608485432&ei=2DXfX5ifId-Cs8IPxKiQqAE&ip=140.109.135.76&id=o-AMOfGA-sv1qXZRREizilLqYbs3lbqnmKnBnm5V0E64oX&itag=251&source=youtube&requiressl=yes&mh=1G&mm=31%2C29&mn=sn-5njj-u2xl%2Csn-un57sn76&ms=au%2Crdu&mv=m&mvi=6&pl=16&initcwndbps=690000&vprv=1&mime=audio%2Fwebm&ns=eK_7v7QHCr8eQo8psvmYdZcF&gir=yes&clen=6857135&dur=369.701&lmt=1605413894955003&mt=1608463244&fvip=6&keepalive=yes&c=WEB&txp=1311224&n=iUP81x5quzBm3gn-L&sparams=expire%2Cei%2Cip%2Cid%2Citag%2Csource%2Crequiressl%2Cvprv%2Cmime%2Cns%2Cgir%2Cclen%2Cdur%2Clmt&lsparams=mh%2Cmm%2Cmn%2Cms%2Cmv%2Cmvi%2Cpl%2Cinitcwndbps&lsig=AG3C_xAwRgIhAM-U8K3nqAkd_oA1wy2AddpPGtBWf9pl1zCRVZ6T3tpEAiEA1nkq1YSiqL8DZ8IR6gzydr7CUzuKQYhX1yM-mQJ_7lE%3D&sig=AOq0QJ8wRAIgSV7iyLEVxGXW_l4CV4sQPa0QTnnnSXqlqzJs3c7NlF8CIAntVdrBoogDvqRoeIhV1644q19QM5ynzjFBBoikvDoL&ratebypass=yes", "player_url": "/s/player/2e6e57d8/player_ias.vflset/en_US/base.js", "ext": "webm", "format_note": "tiny", "acodec": "opus", "abr": 160, "asr": 48000, "filesize": 6857135, "fps": null, "height": null, "tbr": 154.428, "width": null, "vcodec": "none", "downloader_options": {"http_chunk_size": 10485760}, "format": "251 - audio only (tiny)", "protocol": "https", "http_headers": {"User-Agent": "Mozilla/5.0 (Windows NT 10.0; Win64; x64) AppleWebKit/537.36 (KHTML, like Gecko) Chrome/70.0.3538.31 Safari/537.36", "Accept-Charset": "ISO-8859-1,utf-8;q=0.7,*;q=0.7", "Accept": "text/html,application/xhtml+xml,application/xml;q=0.9,*/*;q=0.8", "Accept-Encoding": "gzip, deflate", "Accept-Language": "en-us,en;q=0.5"}}