{"id": "jTPXwbDtIpA", "uploader": "Patrik Pietschmann", "uploader_id": "UCs7O9sOUQiBGBxaaAguIwig", "uploader_url": "http://www.youtube.com/channel/UCs7O9sOUQiBGBxaaAguIwig", "channel_id": "UCs7O9sOUQiBGBxaaAguIwig", "channel_url": "http://www.youtube.com/channel/UCs7O9sOUQiBGBxaaAguIwig", "upload_date": "20190301", "license": null, "creator": null, "title": "Harry Potter - Hedwig's Theme (Piano Version)", "alt_title": null, "thumbnails": [{"url": "https://i.ytimg.com/vi/jTPXwbDtIpA/hqdefault.jpg?sqp=-oaymwEYCKgBEF5IVfKriqkDCwgBFQAAiEIYAXAB&rs=AOn4CLARtiUNy7LzBqUHeyffTRSyr5GMEw", "width": 168, "height": 94, "resolution": "168x94", "id": "0"}, {"url": "https://i.ytimg.com/vi/jTPXwbDtIpA/hqdefault.jpg?sqp=-oaymwEYCMQBEG5IVfKriqkDCwgBFQAAiEIYAXAB&rs=AOn4CLAn2wniU_FcxV8Afk3NzR2LgVc6iw", "width": 196, "height": 110, "resolution": "196x110", "id": "1"}, {"url": "https://i.ytimg.com/vi/jTPXwbDtIpA/hqdefault.jpg?sqp=-oaymwEZCPYBEIoBSFXyq4qpAwsIARUAAIhCGAFwAQ==&rs=AOn4CLA3LkThDMLTAMFzH6ft0zWdK9EK_A", "width": 246, "height": 138, "resolution": "246x138", "id": "2"}, {"url": "https://i.ytimg.com/vi/jTPXwbDtIpA/hqdefault.jpg?sqp=-oaymwEZCNACELwBSFXyq4qpAwsIARUAAIhCGAFwAQ==&rs=AOn4CLB5dAcCYdIxjFAnlcX511v5eMfEEg", "width": 336, "height": 188, "resolution": "336x188", "id": "3"}, {"url": "https://i.ytimg.com/vi_webp/jTPXwbDtIpA/maxresdefault.webp", "width": 1920, "height": 1080, "resolution": "1920x1080", "id": "4"}], "description": "\ud83c\udfb5 Sheet Music \u25ba https://www.musicnotes.com/l/lfcSb\n\ud83c\udfa7 Stream/Download \u25ba https://lnk.to/0nKqXz\n\ud83c\udfb9 Learn piano with flowkey \u25ba http://tinyurl.com/patrik-flowkey\n\ud83d\udc4d Support my work on Patreon \u25ba https://www.patreon.com/PatrikPietschmann\n\n\ud83c\udfa7All My Music is Available Here \ud83c\udfa7\n\u25ba iTunes: https://smarturl.it/PP_iTunes\n\u25ba Amazon: https://smarturl.it/PP_Amazon\n\u25ba Google: https://smarturl.it/PP_GooglePlay\n\u25ba Spotify: https://smarturl.it/PP_Spotify\n\u25ba Deezer: https://smarturl.it/PP_Deezer\n\u25ba Tidal: https://smarturl.it/PP_Tidal\n\nWhat I Use to Make Music & Videos!\n\ud83c\udfb9 Piano: https://smarturl.it/YamahaP-45_Amazon\n\ud83d\udcf9 Camera: https://smarturl.it/LumixG7_Amazon\n\nHarry Potter - Hedwig's Theme (Piano Version)\nPiano Version by Patrik Pietschmann\n\nYou asked for it several times, now you finally get it. The \"Hedwig's Theme\" is probably the most popular music from the \"Harry Potter\" series, composed by the great John Williams.\n\nHonestly I could not decide on a particular color this time, so I just used all. I hope you enjoy it! \n\nAny suggestions for future arrangements? Please leave them in the comments.", "categories": ["Music"], "tags": ["Harry Potter", "Hedwig's Theme", "Soundtrack", "Main Theme", "Piano", "John Williams", "Piano Version", "Sheet Music", "Patrik Pietschmann"], "subtitles": {}, "automatic_captions": {}, "duration": 189, "age_limit": 0, "annotations": null, "chapters": null, "webpage_url": "https://www.youtube.com/watch?v=jTPXwbDtIpA", "view_count": 13180016, "like_count": 325335, "dislike_count": 2709, "average_rating": 4.9669681, "formats": [{"format_id": "249", "url": "https://r8---sn-5njj-u2xl.googlevideo.com/videoplayback?expire=1610981485&ei=DUwFYIzcGbuPlQSp-5XADQ&ip=140.109.135.76&id=o-AJBQWVVA3ulj803FsEU09GOBBK7QUcOfhXO3cmYET9R5&itag=249&source=youtube&requiressl=yes&mh=bU&mm=31%2C29&mn=sn-5njj-u2xl%2Csn-un57sn76&ms=au%2Crdu&mv=m&mvi=8&pl=16&initcwndbps=445000&vprv=1&mime=audio%2Fwebm&ns=Xp8qv9PPJfeRdc8g5k3nFWsF&gir=yes&clen=1359749&dur=189.301&lmt=1574990506938600&mt=1610959722&fvip=4&keepalive=yes&beids=9466587&c=WEB&txp=5531432&n=-A4yYhMEplvoHU&sparams=expire%2Cei%2Cip%2Cid%2Citag%2Csource%2Crequiressl%2Cvprv%2Cmime%2Cns%2Cgir%2Cclen%2Cdur%2Clmt&lsparams=mh%2Cmm%2Cmn%2Cms%2Cmv%2Cmvi%2Cpl%2Cinitcwndbps&lsig=AG3C_xAwRgIhAPxN8-AEsDZ_igZDvOHK-qkly2wbl2-pw4MBhmlOjx4DAiEAki6bA_pAMTx4Bsh1xuynEQG6QS1kAiGAe53rzfmvdmg%3D&sig=AOq0QJ8wRgIhALMMKMeH58eWXBDMWwi0shPPh-nkPJbOw0MCuhz136VdAiEAiUjJrsZwtgc6tV41KWdq9KrPjVr-fRVXjYg8plVWGDg=&ratebypass=yes", "player_url": "/s/player/9f996d3e/player_ias.vflset/en_US/base.js", "ext": "webm", "format_note": "tiny", "acodec": "opus", "abr": 50, "asr": 48000, "filesize": 1359749, "fps": null, "height": null, "tbr": 64.737, "width": null, "vcodec": "none", "downloader_options": {"http_chunk_size": 10485760}, "format": "249 - audio only (tiny)", "protocol": "https", "http_headers": {"User-Agent": "Mozilla/5.0 (Windows NT 10.0; Win64; x64) AppleWebKit/537.36 (KHTML, like Gecko) Chrome/74.0.3729.120 Safari/537.36", "Accept-Charset": "ISO-8859-1,utf-8;q=0.7,*;q=0.7", "Accept": "text/html,application/xhtml+xml,application/xml;q=0.9,*/*;q=0.8", "Accept-Encoding": "gzip, deflate", "Accept-Language": "en-us,en;q=0.5"}}, {"format_id": "250", "url": "https://r8---sn-5njj-u2xl.googlevideo.com/videoplayback?expire=1610981485&ei=DUwFYIzcGbuPlQSp-5XADQ&ip=140.109.135.76&id=o-AJBQWVVA3ulj803FsEU09GOBBK7QUcOfhXO3cmYET9R5&itag=250&source=youtube&requiressl=yes&mh=bU&mm=31%2C29&mn=sn-5njj-u2xl%2Csn-un57sn76&ms=au%2Crdu&mv=m&mvi=8&pl=16&initcwndbps=445000&vprv=1&mime=audio%2Fwebm&ns=Xp8qv9PPJfeRdc8g5k3nFWsF&gir=yes&clen=1807612&dur=189.301&lmt=1574990502693500&mt=1610959722&fvip=4&keepalive=yes&beids=9466587&c=WEB&txp=5531432&n=-A4yYhMEplvoHU&sparams=expire%2Cei%2Cip%2Cid%2Citag%2Csource%2Crequiressl%2Cvprv%2Cmime%2Cns%2Cgir%2Cclen%2Cdur%2Clmt&lsparams=mh%2Cmm%2Cmn%2Cms%2Cmv%2Cmvi%2Cpl%2Cinitcwndbps&lsig=AG3C_xAwRQIhALa_DI2nT0l1VKixqHPN83Gl0r8uQ--6MemxSzzWav_RAiBNDrIWLD9SClV71CJJzd4ubcSfvQRfSUYpD_CnAEypzA%3D%3D&sig=AOq0QJ8wRgIhAPjUQjxAXv2dKi13WPezMQkbGqY0XaqYONpMJutRyRjPAiEAipZfN0dWSkc4yITPyltS2c4Y5zuS_yodFSZm1PrSIKU=&ratebypass=yes", "player_url": "/s/player/9f996d3e/player_ias.vflset/en_US/base.js", "ext": "webm", "format_note": "tiny", "acodec": "opus", "abr": 70, "asr": 48000, "filesize": 1807612, "fps": null, "height": null, "tbr": 85.412, "width": null, "vcodec": "none", "downloader_options": {"http_chunk_size": 10485760}, "format": "250 - audio only (tiny)", "protocol": "https", "http_headers": {"User-Agent": "Mozilla/5.0 (Windows NT 10.0; Win64; x64) AppleWebKit/537.36 (KHTML, like Gecko) Chrome/74.0.3729.120 Safari/537.36", "Accept-Charset": "ISO-8859-1,utf-8;q=0.7,*;q=0.7", "Accept": "text/html,application/xhtml+xml,application/xml;q=0.9,*/*;q=0.8", "Accept-Encoding": "gzip, deflate", "Accept-Language": "en-us,en;q=0.5"}}, {"format_id": "140", "url": "https://r8---sn-5njj-u2xl.googlevideo.com/videoplayback?expire=1610981485&ei=DUwFYIzcGbuPlQSp-5XADQ&ip=140.109.135.76&id=o-AJBQWVVA3ulj803FsEU09GOBBK7QUcOfhXO3cmYET9R5&itag=140&source=youtube&requiressl=yes&mh=bU&mm=31%2C29&mn=sn-5njj-u2xl%2Csn-un57sn76&ms=au%2Crdu&mv=m&mvi=8&pl=16&initcwndbps=445000&vprv=1&mime=audio%2Fmp4&ns=Xp8qv9PPJfeRdc8g5k3nFWsF&gir=yes&clen=3064852&dur=189.335&lmt=1574990504785997&mt=1610959722&fvip=4&keepalive=yes&beids=9466587&c=WEB&txp=5531432&n=-A4yYhMEplvoHU&sparams=expire%2Cei%2Cip%2Cid%2Citag%2Csource%2Crequiressl%2Cvprv%2Cmime%2Cns%2Cgir%2Cclen%2Cdur%2Clmt&lsparams=mh%2Cmm%2Cmn%2Cms%2Cmv%2Cmvi%2Cpl%2Cinitcwndbps&lsig=AG3C_xAwRQIgU7cqPu21zQ2FGKM_FT3XS3iNvFFcbFFJjDPOULeoq3ACIQCfI1oWqa672U8vVDgLTgHk31g8mxjXIL33wCAcmfXcjg%3D%3D&sig=AOq0QJ8wRQIgMVGWlRdsKnHSqBSj9GAWFGyuFXH5mamlr6ym7Eo3jsgCIQDeIxyycr9--Y6twS6Ergn5u9f1VWz5OEQfAM6s6habow==&ratebypass=yes", "player_url": "/s/player/9f996d3e/player_ias.vflset/en_US/base.js", "ext": "m4a", "format_note": "tiny", "acodec": "mp4a.40.2", "abr": 128, "container": "m4a_dash", "asr": 44100, "filesize": 3064852, "fps": null, "height": null, "tbr": 130.539, "width": null, "vcodec": "none", "downloader_options": {"http_chunk_size": 10485760}, "format": "140 - audio only (tiny)", "protocol": "https", "http_headers": {"User-Agent": "Mozilla/5.0 (Windows NT 10.0; Win64; x64) AppleWebKit/537.36 (KHTML, like Gecko) Chrome/74.0.3729.120 Safari/537.36", "Accept-Charset": "ISO-8859-1,utf-8;q=0.7,*;q=0.7", "Accept": "text/html,application/xhtml+xml,application/xml;q=0.9,*/*;q=0.8", "Accept-Encoding": "gzip, deflate", "Accept-Language": "en-us,en;q=0.5"}}, {"format_id": "251", "url": "https://r8---sn-5njj-u2xl.googlevideo.com/videoplayback?expire=1610981485&ei=DUwFYIzcGbuPlQSp-5XADQ&ip=140.109.135.76&id=o-AJBQWVVA3ulj803FsEU09GOBBK7QUcOfhXO3cmYET9R5&itag=251&source=youtube&requiressl=yes&mh=bU&mm=31%2C29&mn=sn-5njj-u2xl%2Csn-un57sn76&ms=au%2Crdu&mv=m&mvi=8&pl=16&initcwndbps=445000&vprv=1&mime=audio%2Fwebm&ns=Xp8qv9PPJfeRdc8g5k3nFWsF&gir=yes&clen=3478390&dur=189.301&lmt=1574990505781588&mt=1610959722&fvip=4&keepalive=yes&beids=9466587&c=WEB&txp=5531432&n=-A4yYhMEplvoHU&sparams=expire%2Cei%2Cip%2Cid%2Citag%2Csource%2Crequiressl%2Cvprv%2Cmime%2Cns%2Cgir%2Cclen%2Cdur%2Clmt&lsparams=mh%2Cmm%2Cmn%2Cms%2Cmv%2Cmvi%2Cpl%2Cinitcwndbps&lsig=AG3C_xAwRQIgNDjKA7-f8KW3MSa_FaPN7zEeFcXSy5FH6pw6Lz8kzmICIQCcm6UQcL-Rr5PuZdYgZptLzBdTNDsY3XKVlAFsvpLDQA%3D%3D&sig=AOq0QJ8wRAIgcs2TXMfBWnonwKUBfZHs-_aEJR56ayAN8SFnFGL_WmoCIG6gxXkSWTOTrJ1prS_BHvJnuamGTe_-ZxKjmcBlO4F3&ratebypass=yes", "player_url": "/s/player/9f996d3e/player_ias.vflset/en_US/base.js", "ext": "webm", "format_note": "tiny", "acodec": "opus", "abr": 160, "asr": 48000, "filesize": 3478390, "fps": null, "height": null, "tbr": 162.807, "width": null, "vcodec": "none", "downloader_options": {"http_chunk_size": 10485760}, "format": "251 - audio only (tiny)", "protocol": "https", "http_headers": {"User-Agent": "Mozilla/5.0 (Windows NT 10.0; Win64; x64) AppleWebKit/537.36 (KHTML, like Gecko) Chrome/74.0.3729.120 Safari/537.36", "Accept-Charset": "ISO-8859-1,utf-8;q=0.7,*;q=0.7", "Accept": "text/html,application/xhtml+xml,application/xml;q=0.9,*/*;q=0.8", "Accept-Encoding": "gzip, deflate", "Accept-Language": "en-us,en;q=0.5"}}, {"format_id": "394", "url": "https://r8---sn-5njj-u2xl.googlevideo.com/videoplayback?expire=1610981485&ei=DUwFYIzcGbuPlQSp-5XADQ&ip=140.109.135.76&id=o-AJBQWVVA3ulj803FsEU09GOBBK7QUcOfhXO3cmYET9R5&itag=394&aitags=133%2C134%2C135%2C136%2C137%2C160%2C242%2C243%2C244%2C247%2C248%2C278%2C394%2C395%2C396%2C397%2C398%2C399&source=youtube&requiressl=yes&mh=bU&mm=31%2C29&mn=sn-5njj-u2xl%2Csn-un57sn76&ms=au%2Crdu&mv=m&mvi=8&pl=16&initcwndbps=445000&vprv=1&mime=video%2Fmp4&ns=Xp8qv9PPJfeRdc8g5k3nFWsF&gir=yes&clen=1404681&dur=189.280&lmt=1610855599425405&mt=1610959722&fvip=4&keepalive=yes&beids=9466587&c=WEB&txp=5531432&n=-A4yYhMEplvoHU&sparams=expire%2Cei%2Cip%2Cid%2Caitags%2Csource%2Crequiressl%2Cvprv%2Cmime%2Cns%2Cgir%2Cclen%2Cdur%2Clmt&lsparams=mh%2Cmm%2Cmn%2Cms%2Cmv%2Cmvi%2Cpl%2Cinitcwndbps&lsig=AG3C_xAwRQIhAMc2g8l8j2lQGHaITM7iFfdUjEJJd785NAV-lBC-1B3aAiAhkJgs10sZcMv_X7zaIjem8Sj33MqjwcudOJ1_6PxpkA%3D%3D&sig=AOq0QJ8wRQIhAPjLv4MVBI4Z02ZdNIPFeplFIcdoZ0xbftkdrnyjGAK0AiBo7LhfVRhU6pdj-iD205H5kpM2ipaThcXK2BYqOFVmBg==&ratebypass=yes", "player_url": "/s/player/9f996d3e/player_ias.vflset/en_US/base.js", "acodec": "none", "vcodec": "av01.0.00M.08", "asr": null, "filesize": 1404681, "format_note": "144p", "fps": 25, "height": 144, "tbr": 66.192, "width": 256, "ext": "mp4", "downloader_options": {"http_chunk_size": 10485760}, "format": "394 - 256x144 (144p)", "protocol": "https", "http_headers": {"User-Agent": "Mozilla/5.0 (Windows NT 10.0; Win64; x64) AppleWebKit/537.36 (KHTML, like Gecko) Chrome/74.0.3729.120 Safari/537.36", "Accept-Charset": "ISO-8859-1,utf-8;q=0.7,*;q=0.7", "Accept": "text/html,application/xhtml+xml,application/xml;q=0.9,*/*;q=0.8", "Accept-Encoding": "gzip, deflate", "Accept-Language": "en-us,en;q=0.5"}}, {"format_id": "278", "url": "https://r8---sn-5njj-u2xl.googlevideo.com/videoplayback?expire=1610981485&ei=DUwFYIzcGbuPlQSp-5XADQ&ip=140.109.135.76&id=o-AJBQWVVA3ulj803FsEU09GOBBK7QUcOfhXO3cmYET9R5&itag=278&aitags=133%2C134%2C135%2C136%2C137%2C160%2C242%2C243%2C244%2C247%2C248%2C278%2C394%2C395%2C396%2C397%2C398%2C399&source=youtube&requiressl=yes&mh=bU&mm=31%2C29&mn=sn-5njj-u2xl%2Csn-un57sn76&ms=au%2Crdu&mv=m&mvi=8&pl=16&initcwndbps=445000&vprv=1&mime=video%2Fwebm&ns=Xp8qv9PPJfeRdc8g5k3nFWsF&gir=yes&clen=1743863&dur=189.280&lmt=1574994469115423&mt=1610959722&fvip=4&keepalive=yes&beids=9466587&c=WEB&txp=5535432&n=-A4yYhMEplvoHU&sparams=expire%2Cei%2Cip%2Cid%2Caitags%2Csource%2Crequiressl%2Cvprv%2Cmime%2Cns%2Cgir%2Cclen%2Cdur%2Clmt&lsparams=mh%2Cmm%2Cmn%2Cms%2Cmv%2Cmvi%2Cpl%2Cinitcwndbps&lsig=AG3C_xAwRQIgRIQZ2jP3V8oWCoer1dgEGL3Cbi1gLN8n61PnzGs2jEkCIQCmTrfN6FpIusH1v6t6E-5KOpkRUHnbZJqgavXE4t8c_g%3D%3D&sig=AOq0QJ8wQwIgf3SJ6VcL8YH3N8WDu2q6BFDOXnkk-eCGTGoA7IT0pmMCH3m6Y_b-RV8RxrDHzHJmTpbgUBgYQ5C4VatL6wjTwhg=&ratebypass=yes", "player_url": "/s/player/9f996d3e/player_ias.vflset/en_US/base.js", "ext": "webm", "height": 144, "format_note": "144p", "container": "webm", "vcodec": "vp9", "asr": null, "filesize": 1743863, "fps": 25, "tbr": 89.285, "width": 256, "acodec": "none", "downloader_options": {"http_chunk_size": 10485760}, "format": "278 - 256x144 (144p)", "protocol": "https", "http_headers": {"User-Agent": "Mozilla/5.0 (Windows NT 10.0; Win64; x64) AppleWebKit/537.36 (KHTML, like Gecko) Chrome/74.0.3729.120 Safari/537.36", "Accept-Charset": "ISO-8859-1,utf-8;q=0.7,*;q=0.7", "Accept": "text/html,application/xhtml+xml,application/xml;q=0.9,*/*;q=0.8", "Accept-Encoding": "gzip, deflate", "Accept-Language": "en-us,en;q=0.5"}}, {"format_id": "160", "url": "https://r8---sn-5njj-u2xl.googlevideo.com/videoplayback?expire=1610981485&ei=DUwFYIzcGbuPlQSp-5XADQ&ip=140.109.135.76&id=o-AJBQWVVA3ulj803FsEU09GOBBK7QUcOfhXO3cmYET9R5&itag=160&aitags=133%2C134%2C135%2C136%2C137%2C160%2C242%2C243%2C244%2C247%2C248%2C278%2C394%2C395%2C396%2C397%2C398%2C399&source=youtube&requiressl=yes&mh=bU&mm=31%2C29&mn=sn-5njj-u2xl%2Csn-un57sn76&ms=au%2Crdu&mv=m&mvi=8&pl=16&initcwndbps=445000&vprv=1&mime=video%2Fmp4&ns=Xp8qv9PPJfeRdc8g5k3nFWsF&gir=yes&clen=1636015&dur=189.280&lmt=1574994722850281&mt=1610959722&fvip=4&keepalive=yes&beids=9466587&c=WEB&txp=5535432&n=-A4yYhMEplvoHU&sparams=expire%2Cei%2Cip%2Cid%2Caitags%2Csource%2Crequiressl%2Cvprv%2Cmime%2Cns%2Cgir%2Cclen%2Cdur%2Clmt&lsparams=mh%2Cmm%2Cmn%2Cms%2Cmv%2Cmvi%2Cpl%2Cinitcwndbps&lsig=AG3C_xAwRAIgPpyjbULPVU4BUHMv8F0FO7FM2qRgX69DR705SpZx2WcCIGtPTCzwOUtZ8M_7Y6_YN7F_c4XlL8SPbMTFFpKMGQc7&sig=AOq0QJ8wRgIhAJ-nE2gXyq5_ZadR8WJija521US7rmrtLyLDAItC_4jCAiEA8JNfibHLK5iXAKDGJWfzrVlfMZKrWLtehgs3wU5Nfk0=&ratebypass=yes", "player_url": "/s/player/9f996d3e/player_ias.vflset/en_US/base.js", "ext": "mp4", "height": 144, "format_note": "144p", "vcodec": "avc1.4d400c", "asr": null, "filesize": 1636015, "fps": 25, "tbr": 104.912, "width": 256, "acodec": "none", "downloader_options": {"http_chunk_size": 10485760}, "format": "160 - 256x144 (144p)", "protocol": "https", "http_headers": {"User-Agent": "Mozilla/5.0 (Windows NT 10.0; Win64; x64) AppleWebKit/537.36 (KHTML, like Gecko) Chrome/74.0.3729.120 Safari/537.36", "Accept-Charset": "ISO-8859-1,utf-8;q=0.7,*;q=0.7", "Accept": "text/html,application/xhtml+xml,application/xml;q=0.9,*/*;q=0.8", "Accept-Encoding": "gzip, deflate", "Accept-Language": "en-us,en;q=0.5"}}, {"format_id": "133", "url": "https://r8---sn-5njj-u2xl.googlevideo.com/videoplayback?expire=1610981485&ei=DUwFYIzcGbuPlQSp-5XADQ&ip=140.109.135.76&id=o-AJBQWVVA3ulj803FsEU09GOBBK7QUcOfhXO3cmYET9R5&itag=133&aitags=133%2C134%2C135%2C136%2C137%2C160%2C242%2C243%2C244%2C247%2C248%2C278%2C394%2C395%2C396%2C397%2C398%2C399&source=youtube&requiressl=yes&mh=bU&mm=31%2C29&mn=sn-5njj-u2xl%2Csn-un57sn76&ms=au%2Crdu&mv=m&mvi=8&pl=16&initcwndbps=445000&vprv=1&mime=video%2Fmp4&ns=Xp8qv9PPJfeRdc8g5k3nFWsF&gir=yes&clen=2055850&dur=189.280&lmt=1574994722849871&mt=1610959722&fvip=4&keepalive=yes&beids=9466587&c=WEB&txp=5535432&n=-A4yYhMEplvoHU&sparams=expire%2Cei%2Cip%2Cid%2Caitags%2Csource%2Crequiressl%2Cvprv%2Cmime%2Cns%2Cgir%2Cclen%2Cdur%2Clmt&lsparams=mh%2Cmm%2Cmn%2Cms%2Cmv%2Cmvi%2Cpl%2Cinitcwndbps&lsig=AG3C_xAwRgIhANz2O5R-F3r6hBHOVEkSgVj4NNYfmFlPD5QAHSPOwJxFAiEAtWrUGyBiqX4yisOpcIfglXbJMwMqN-k22mhVKbxPUPE%3D&sig=AOq0QJ8wRAIgIa-RAJkbD9ukyZvrfjtuPm_trWsGCsZXLXtybuht7I8CIFVdcUuo7PVB4TraQZc_v4WKARfYEDTJh40ho8OWmOt0&ratebypass=yes", "player_url": "/s/player/9f996d3e/player_ias.vflset/en_US/base.js", "ext": "mp4", "height": 240, "format_note": "240p", "vcodec": "avc1.4d4015", "asr": null, "filesize": 2055850, "fps": 25, "tbr": 123.865, "width": 426, "acodec": "none", "downloader_options": {"http_chunk_size": 10485760}, "format": "133 - 426x240 (240p)", "protocol": "https", "http_headers": {"User-Agent": "Mozilla/5.0 (Windows NT 10.0; Win64; x64) AppleWebKit/537.36 (KHTML, like Gecko) Chrome/74.0.3729.120 Safari/537.36", "Accept-Charset": "ISO-8859-1,utf-8;q=0.7,*;q=0.7", "Accept": "text/html,application/xhtml+xml,application/xml;q=0.9,*/*;q=0.8", "Accept-Encoding": "gzip, deflate", "Accept-Language": "en-us,en;q=0.5"}}, {"format_id": "395", "url": "https://r8---sn-5njj-u2xl.googlevideo.com/videoplayback?expire=1610981485&ei=DUwFYIzcGbuPlQSp-5XADQ&ip=140.109.135.76&id=o-AJBQWVVA3ulj803FsEU09GOBBK7QUcOfhXO3cmYET9R5&itag=395&aitags=133%2C134%2C135%2C136%2C137%2C160%2C242%2C243%2C244%2C247%2C248%2C278%2C394%2C395%2C396%2C397%2C398%2C399&source=youtube&requiressl=yes&mh=bU&mm=31%2C29&mn=sn-5njj-u2xl%2Csn-un57sn76&ms=au%2Crdu&mv=m&mvi=8&pl=16&initcwndbps=445000&vprv=1&mime=video%2Fmp4&ns=Xp8qv9PPJfeRdc8g5k3nFWsF&gir=yes&clen=2895266&dur=189.280&lmt=1610855772658405&mt=1610959722&fvip=4&keepalive=yes&beids=9466587&c=WEB&txp=5531432&n=-A4yYhMEplvoHU&sparams=expire%2Cei%2Cip%2Cid%2Caitags%2Csource%2Crequiressl%2Cvprv%2Cmime%2Cns%2Cgir%2Cclen%2Cdur%2Clmt&lsparams=mh%2Cmm%2Cmn%2Cms%2Cmv%2Cmvi%2Cpl%2Cinitcwndbps&lsig=AG3C_xAwRQIhAOtv2geMml4zTJuYAks6WfghyEr_PZThGBGEkFL45Ly2AiAYrjOCkW9G0N-Y1KQnkMHIIVeGIIEdS5TaE39Bm-Ubhw%3D%3D&sig=AOq0QJ8wRQIgTjA137tg_uGd1uCO0DHRKy2KCTdydD4beWiotFsj8-YCIQC90Oxy0a3tTWXLeUbMo7roXuWycPgaqIJDs6NwJVU99w==&ratebypass=yes", "player_url": "/s/player/9f996d3e/player_ias.vflset/en_US/base.js", "acodec": "none", "vcodec": "av01.0.00M.08", "asr": null, "filesize": 2895266, "format_note": "240p", "fps": 25, "height": 240, "tbr": 146.182, "width": 426, "ext": "mp4", "downloader_options": {"http_chunk_size": 10485760}, "format": "395 - 426x240 (240p)", "protocol": "https", "http_headers": {"User-Agent": "Mozilla/5.0 (Windows NT 10.0; Win64; x64) AppleWebKit/537.36 (KHTML, like Gecko) Chrome/74.0.3729.120 Safari/537.36", "Accept-Charset": "ISO-8859-1,utf-8;q=0.7,*;q=0.7", "Accept": "text/html,application/xhtml+xml,application/xml;q=0.9,*/*;q=0.8", "Accept-Encoding": "gzip, deflate", "Accept-Language": "en-us,en;q=0.5"}}, {"format_id": "242", "url": "https://r8---sn-5njj-u2xl.googlevideo.com/videoplayback?expire=1610981485&ei=DUwFYIzcGbuPlQSp-5XADQ&ip=140.109.135.76&id=o-AJBQWVVA3ulj803FsEU09GOBBK7QUcOfhXO3cmYET9R5&itag=242&aitags=133%2C134%2C135%2C136%2C137%2C160%2C242%2C243%2C244%2C247%2C248%2C278%2C394%2C395%2C396%2C397%2C398%2C399&source=youtube&requiressl=yes&mh=bU&mm=31%2C29&mn=sn-5njj-u2xl%2Csn-un57sn76&ms=au%2Crdu&mv=m&mvi=8&pl=16&initcwndbps=445000&vprv=1&mime=video%2Fwebm&ns=Xp8qv9PPJfeRdc8g5k3nFWsF&gir=yes&clen=3073030&dur=189.280&lmt=1574994469114452&mt=1610959722&fvip=4&keepalive=yes&beids=9466587&c=WEB&txp=5535432&n=-A4yYhMEplvoHU&sparams=expire%2Cei%2Cip%2Cid%2Caitags%2Csource%2Crequiressl%2Cvprv%2Cmime%2Cns%2Cgir%2Cclen%2Cdur%2Clmt&lsparams=mh%2Cmm%2Cmn%2Cms%2Cmv%2Cmvi%2Cpl%2Cinitcwndbps&lsig=AG3C_xAwRAIgCb1cfX-3EpZUW-vr65vlTN9hhkH2SzsyTCO_ZQjPq4gCID4oo_yPY73Xh6cLpaGXQsJbkQ9tfV43--98bwYMoP1c&sig=AOq0QJ8wRgIhAOuWi9IhZYpDPAZuQBqWcMVytidA6qHYSd9SnpTZPZUWAiEAiZAb595zef7bMQKn3z4Na6DfIyq303l4uycPpGa-MfE=&ratebypass=yes", "player_url": "/s/player/9f996d3e/player_ias.vflset/en_US/base.js", "ext": "webm", "height": 240, "format_note": "240p", "vcodec": "vp9", "asr": null, "filesize": 3073030, "fps": 25, "tbr": 172.278, "width": 426, "acodec": "none", "downloader_options": {"http_chunk_size": 10485760}, "format": "242 - 426x240 (240p)", "protocol": "https", "http_headers": {"User-Agent": "Mozilla/5.0 (Windows NT 10.0; Win64; x64) AppleWebKit/537.36 (KHTML, like Gecko) Chrome/74.0.3729.120 Safari/537.36", "Accept-Charset": "ISO-8859-1,utf-8;q=0.7,*;q=0.7", "Accept": "text/html,application/xhtml+xml,application/xml;q=0.9,*/*;q=0.8", "Accept-Encoding": "gzip, deflate", "Accept-Language": "en-us,en;q=0.5"}}, {"format_id": "134", "url": "https://r8---sn-5njj-u2xl.googlevideo.com/videoplayback?expire=1610981485&ei=DUwFYIzcGbuPlQSp-5XADQ&ip=140.109.135.76&id=o-AJBQWVVA3ulj803FsEU09GOBBK7QUcOfhXO3cmYET9R5&itag=134&aitags=133%2C134%2C135%2C136%2C137%2C160%2C242%2C243%2C244%2C247%2C248%2C278%2C394%2C395%2C396%2C397%2C398%2C399&source=youtube&requiressl=yes&mh=bU&mm=31%2C29&mn=sn-5njj-u2xl%2Csn-un57sn76&ms=au%2Crdu&mv=m&mvi=8&pl=16&initcwndbps=445000&vprv=1&mime=video%2Fmp4&ns=Xp8qv9PPJfeRdc8g5k3nFWsF&gir=yes&clen=3939957&dur=189.280&lmt=1574994722849879&mt=1610959722&fvip=4&keepalive=yes&beids=9466587&c=WEB&txp=5535432&n=-A4yYhMEplvoHU&sparams=expire%2Cei%2Cip%2Cid%2Caitags%2Csource%2Crequiressl%2Cvprv%2Cmime%2Cns%2Cgir%2Cclen%2Cdur%2Clmt&lsparams=mh%2Cmm%2Cmn%2Cms%2Cmv%2Cmvi%2Cpl%2Cinitcwndbps&lsig=AG3C_xAwRAIgKKJQwqkBW3kF4B4vVZJI0EZVwSZ18mKJLJO5JYmaq6ECIDfzntth0_L3YVR3NxCvMcDNPQzTeQOy0-GMqRHuCDaP&sig=AOq0QJ8wRAIgdXadpjxg0FW1rwhIz0O_1tizDhD8nihzAhXiZMGlp1wCICUd4_Em704NSR129-5kgIks9_GKK0HuFetDpMIdDNoX&ratebypass=yes", "player_url": "/s/player/9f996d3e/player_ias.vflset/en_US/base.js", "ext": "mp4", "height": 360, "format_note": "360p", "vcodec": "avc1.4d401e", "asr": null, "filesize": 3939957, "fps": 25, "tbr": 233.601, "width": 640, "acodec": "none", "downloader_options": {"http_chunk_size": 10485760}, "format": "134 - 640x360 (360p)", "protocol": "https", "http_headers": {"User-Agent": "Mozilla/5.0 (Windows NT 10.0; Win64; x64) AppleWebKit/537.36 (KHTML, like Gecko) Chrome/74.0.3729.120 Safari/537.36", "Accept-Charset": "ISO-8859-1,utf-8;q=0.7,*;q=0.7", "Accept": "text/html,application/xhtml+xml,application/xml;q=0.9,*/*;q=0.8", "Accept-Encoding": "gzip, deflate", "Accept-Language": "en-us,en;q=0.5"}}, {"format_id": "396", "url": "https://r8---sn-5njj-u2xl.googlevideo.com/videoplayback?expire=1610981485&ei=DUwFYIzcGbuPlQSp-5XADQ&ip=140.109.135.76&id=o-AJBQWVVA3ulj803FsEU09GOBBK7QUcOfhXO3cmYET9R5&itag=396&aitags=133%2C134%2C135%2C136%2C137%2C160%2C242%2C243%2C244%2C247%2C248%2C278%2C394%2C395%2C396%2C397%2C398%2C399&source=youtube&requiressl=yes&mh=bU&mm=31%2C29&mn=sn-5njj-u2xl%2Csn-un57sn76&ms=au%2Crdu&mv=m&mvi=8&pl=16&initcwndbps=445000&vprv=1&mime=video%2Fmp4&ns=Xp8qv9PPJfeRdc8g5k3nFWsF&gir=yes&clen=6249302&dur=189.280&lmt=1610855856469002&mt=1610959722&fvip=4&keepalive=yes&beids=9466587&c=WEB&txp=5531432&n=-A4yYhMEplvoHU&sparams=expire%2Cei%2Cip%2Cid%2Caitags%2Csource%2Crequiressl%2Cvprv%2Cmime%2Cns%2Cgir%2Cclen%2Cdur%2Clmt&lsparams=mh%2Cmm%2Cmn%2Cms%2Cmv%2Cmvi%2Cpl%2Cinitcwndbps&lsig=AG3C_xAwRAIgBfzzFtkijKCWNTTTBfeHPKne2Op7rYRAMgJMilsiO_ICIA61Fg6GiUN07b_qUFggOrkUsSNmyYKzQSszK8eiLzZN&sig=AOq0QJ8wRAIgSCgpno16edfwDAp84keQjp_XLAHp9G6MC3nXeKKi6rQCIEIFWpNRHEaLjUpj8o-4z15_Q-xfEi67AQl8EG4Rso9g&ratebypass=yes", "player_url": "/s/player/9f996d3e/player_ias.vflset/en_US/base.js", "acodec": "none", "vcodec": "av01.0.01M.08", "asr": null, "filesize": 6249302, "format_note": "360p", "fps": 25, "height": 360, "tbr": 319.772, "width": 640, "ext": "mp4", "downloader_options": {"http_chunk_size": 10485760}, "format": "396 - 640x360 (360p)", "protocol": "https", "http_headers": {"User-Agent": "Mozilla/5.0 (Windows NT 10.0; Win64; x64) AppleWebKit/537.36 (KHTML, like Gecko) Chrome/74.0.3729.120 Safari/537.36", "Accept-Charset": "ISO-8859-1,utf-8;q=0.7,*;q=0.7", "Accept": "text/html,application/xhtml+xml,application/xml;q=0.9,*/*;q=0.8", "Accept-Encoding": "gzip, deflate", "Accept-Language": "en-us,en;q=0.5"}}, {"format_id": "243", "url": "https://r8---sn-5njj-u2xl.googlevideo.com/videoplayback?expire=1610981485&ei=DUwFYIzcGbuPlQSp-5XADQ&ip=140.109.135.76&id=o-AJBQWVVA3ulj803FsEU09GOBBK7QUcOfhXO3cmYET9R5&itag=243&aitags=133%2C134%2C135%2C136%2C137%2C160%2C242%2C243%2C244%2C247%2C248%2C278%2C394%2C395%2C396%2C397%2C398%2C399&source=youtube&requiressl=yes&mh=bU&mm=31%2C29&mn=sn-5njj-u2xl%2Csn-un57sn76&ms=au%2Crdu&mv=m&mvi=8&pl=16&initcwndbps=445000&vprv=1&mime=video%2Fwebm&ns=Xp8qv9PPJfeRdc8g5k3nFWsF&gir=yes&clen=6124214&dur=189.280&lmt=1574994469110351&mt=1610959722&fvip=4&keepalive=yes&beids=9466587&c=WEB&txp=5535432&n=-A4yYhMEplvoHU&sparams=expire%2Cei%2Cip%2Cid%2Caitags%2Csource%2Crequiressl%2Cvprv%2Cmime%2Cns%2Cgir%2Cclen%2Cdur%2Clmt&lsparams=mh%2Cmm%2Cmn%2Cms%2Cmv%2Cmvi%2Cpl%2Cinitcwndbps&lsig=AG3C_xAwRgIhAN0UefUcysYXdLog_pU8Zh34hOPdajUyzTGprGmDFkXbAiEAhuhFI8Q8OemVTrkb0UqTX-GBRG2yThLcvx5SMdWx7Lk%3D&sig=AOq0QJ8wRgIhANC0dqVwdQZ38c553rTVr38zZ4LK2QF76kMuLCxwTMBLAiEAoFDlM4HeC9EGkUHmj2mEslomVbthX2UzxuRn8rU6uvw=&ratebypass=yes", "player_url": "/s/player/9f996d3e/player_ias.vflset/en_US/base.js", "ext": "webm", "height": 360, "format_note": "360p", "vcodec": "vp9", "asr": null, "filesize": 6124214, "fps": 25, "tbr": 347.731, "width": 640, "acodec": "none", "downloader_options": {"http_chunk_size": 10485760}, "format": "243 - 640x360 (360p)", "protocol": "https", "http_headers": {"User-Agent": "Mozilla/5.0 (Windows NT 10.0; Win64; x64) AppleWebKit/537.36 (KHTML, like Gecko) Chrome/74.0.3729.120 Safari/537.36", "Accept-Charset": "ISO-8859-1,utf-8;q=0.7,*;q=0.7", "Accept": "text/html,application/xhtml+xml,application/xml;q=0.9,*/*;q=0.8", "Accept-Encoding": "gzip, deflate", "Accept-Language": "en-us,en;q=0.5"}}, {"format_id": "135", "url": "https://r8---sn-5njj-u2xl.googlevideo.com/videoplayback?expire=1610981485&ei=DUwFYIzcGbuPlQSp-5XADQ&ip=140.109.135.76&id=o-AJBQWVVA3ulj803FsEU09GOBBK7QUcOfhXO3cmYET9R5&itag=135&aitags=133%2C134%2C135%2C136%2C137%2C160%2C242%2C243%2C244%2C247%2C248%2C278%2C394%2C395%2C396%2C397%2C398%2C399&source=youtube&requiressl=yes&mh=bU&mm=31%2C29&mn=sn-5njj-u2xl%2Csn-un57sn76&ms=au%2Crdu&mv=m&mvi=8&pl=16&initcwndbps=445000&vprv=1&mime=video%2Fmp4&ns=Xp8qv9PPJfeRdc8g5k3nFWsF&gir=yes&clen=6841682&dur=189.280&lmt=1574994722849156&mt=1610959722&fvip=4&keepalive=yes&beids=9466587&c=WEB&txp=5535432&n=-A4yYhMEplvoHU&sparams=expire%2Cei%2Cip%2Cid%2Caitags%2Csource%2Crequiressl%2Cvprv%2Cmime%2Cns%2Cgir%2Cclen%2Cdur%2Clmt&lsparams=mh%2Cmm%2Cmn%2Cms%2Cmv%2Cmvi%2Cpl%2Cinitcwndbps&lsig=AG3C_xAwRQIgCPuy9mAfNQbEX3flmVcNUCWRu4NE-Bl7lB0p7BweVwcCIQC4TGA7AR6jVznc4InKFl4gJhxM_RpmEUFg-j_sid0FNA%3D%3D&sig=AOq0QJ8wRQIhAJLI4dTCxO1-9dP0JkbTiv-Z-IiuMxU1frMuhQ8TjD0XAiBotd7HafrnrpD9Uzu_P8z27-Pf_KY6Jx9c6ABg21osXQ==&ratebypass=yes", "player_url": "/s/player/9f996d3e/player_ias.vflset/en_US/base.js", "ext": "mp4", "height": 480, "format_note": "480p", "vcodec": "avc1.4d401e", "asr": null, "filesize": 6841682, "fps": 25, "tbr": 399.731, "width": 854, "acodec": "none", "downloader_options": {"http_chunk_size": 10485760}, "format": "135 - 854x480 (480p)", "protocol": "https", "http_headers": {"User-Agent": "Mozilla/5.0 (Windows NT 10.0; Win64; x64) AppleWebKit/537.36 (KHTML, like Gecko) Chrome/74.0.3729.120 Safari/537.36", "Accept-Charset": "ISO-8859-1,utf-8;q=0.7,*;q=0.7", "Accept": "text/html,application/xhtml+xml,application/xml;q=0.9,*/*;q=0.8", "Accept-Encoding": "gzip, deflate", "Accept-Language": "en-us,en;q=0.5"}}, {"format_id": "397", "url": "https://r8---sn-5njj-u2xl.googlevideo.com/videoplayback?expire=1610981485&ei=DUwFYIzcGbuPlQSp-5XADQ&ip=140.109.135.76&id=o-AJBQWVVA3ulj803FsEU09GOBBK7QUcOfhXO3cmYET9R5&itag=397&aitags=133%2C134%2C135%2C136%2C137%2C160%2C242%2C243%2C244%2C247%2C248%2C278%2C394%2C395%2C396%2C397%2C398%2C399&source=youtube&requiressl=yes&mh=bU&mm=31%2C29&mn=sn-5njj-u2xl%2Csn-un57sn76&ms=au%2Crdu&mv=m&mvi=8&pl=16&initcwndbps=445000&vprv=1&mime=video%2Fmp4&ns=Xp8qv9PPJfeRdc8g5k3nFWsF&gir=yes&clen=11857124&dur=189.280&lmt=1610856104012034&mt=1610959722&fvip=4&keepalive=yes&beids=9466587&c=WEB&txp=5531432&n=-A4yYhMEplvoHU&sparams=expire%2Cei%2Cip%2Cid%2Caitags%2Csource%2Crequiressl%2Cvprv%2Cmime%2Cns%2Cgir%2Cclen%2Cdur%2Clmt&lsparams=mh%2Cmm%2Cmn%2Cms%2Cmv%2Cmvi%2Cpl%2Cinitcwndbps&lsig=AG3C_xAwRQIhALKZoGL0mMDpy9qCDrkGza1EzeoZ7ySGi77Jhp_o4GgaAiBYxxKcJTTLzE-mSZdiHllDSGgXbb2cPK9lOlMsbvAXbA%3D%3D&sig=AOq0QJ8wRQIhAK1WzaxZzIqkyAWNzBX7E9uWQRh8BeCEtokmIMRh4OzWAiBNPPZDwlTt7LkOCIyGLpAytdwyt7ErFRTc9wbjRdx5ZA==&ratebypass=yes", "player_url": "/s/player/9f996d3e/player_ias.vflset/en_US/base.js", "acodec": "none", "vcodec": "av01.0.04M.08", "asr": null, "filesize": 11857124, "format_note": "480p", "fps": 25, "height": 480, "tbr": 593.793, "width": 854, "ext": "mp4", "downloader_options": {"http_chunk_size": 10485760}, "format": "397 - 854x480 (480p)", "protocol": "https", "http_headers": {"User-Agent": "Mozilla/5.0 (Windows NT 10.0; Win64; x64) AppleWebKit/537.36 (KHTML, like Gecko) Chrome/74.0.3729.120 Safari/537.36", "Accept-Charset": "ISO-8859-1,utf-8;q=0.7,*;q=0.7", "Accept": "text/html,application/xhtml+xml,application/xml;q=0.9,*/*;q=0.8", "Accept-Encoding": "gzip, deflate", "Accept-Language": "en-us,en;q=0.5"}}, {"format_id": "244", "url": "https://r8---sn-5njj-u2xl.googlevideo.com/videoplayback?expire=1610981485&ei=DUwFYIzcGbuPlQSp-5XADQ&ip=140.109.135.76&id=o-AJBQWVVA3ulj803FsEU09GOBBK7QUcOfhXO3cmYET9R5&itag=244&aitags=133%2C134%2C135%2C136%2C137%2C160%2C242%2C243%2C244%2C247%2C248%2C278%2C394%2C395%2C396%2C397%2C398%2C399&source=youtube&requiressl=yes&mh=bU&mm=31%2C29&mn=sn-5njj-u2xl%2Csn-un57sn76&ms=au%2Crdu&mv=m&mvi=8&pl=16&initcwndbps=445000&vprv=1&mime=video%2Fwebm&ns=Xp8qv9PPJfeRdc8g5k3nFWsF&gir=yes&clen=10344219&dur=189.280&lmt=1574994469118728&mt=1610959722&fvip=4&keepalive=yes&beids=9466587&c=WEB&txp=5535432&n=-A4yYhMEplvoHU&sparams=expire%2Cei%2Cip%2Cid%2Caitags%2Csource%2Crequiressl%2Cvprv%2Cmime%2Cns%2Cgir%2Cclen%2Cdur%2Clmt&lsparams=mh%2Cmm%2Cmn%2Cms%2Cmv%2Cmvi%2Cpl%2Cinitcwndbps&lsig=AG3C_xAwRQIhAJEyJVOlZTlLJTbIvM7-LGxEUuUAHnhfhOKE76ZlP1lHAiAw6ZH1pqJgikoLFwbjzxkWiShWKSigvch-KxbLsF8tIg%3D%3D&sig=AOq0QJ8wRQIgbxnUf4NN86RblMrdZkpOGPMzo3FIvklWcnkjPw-0xNUCIQDQYJ2nJnVLoijmcAU4GuOaX5BgDJarHBkmbPBqLE4HRg==&ratebypass=yes", "player_url": "/s/player/9f996d3e/player_ias.vflset/en_US/base.js", "ext": "webm", "height": 480, "format_note": "480p", "vcodec": "vp9", "asr": null, "filesize": 10344219, "fps": 25, "tbr": 597.393, "width": 854, "acodec": "none", "downloader_options": {"http_chunk_size": 10485760}, "format": "244 - 854x480 (480p)", "protocol": "https", "http_headers": {"User-Agent": "Mozilla/5.0 (Windows NT 10.0; Win64; x64) AppleWebKit/537.36 (KHTML, like Gecko) Chrome/74.0.3729.120 Safari/537.36", "Accept-Charset": "ISO-8859-1,utf-8;q=0.7,*;q=0.7", "Accept": "text/html,application/xhtml+xml,application/xml;q=0.9,*/*;q=0.8", "Accept-Encoding": "gzip, deflate", "Accept-Language": "en-us,en;q=0.5"}}, {"format_id": "136", "url": "https://r8---sn-5njj-u2xl.googlevideo.com/videoplayback?expire=1610981485&ei=DUwFYIzcGbuPlQSp-5XADQ&ip=140.109.135.76&id=o-AJBQWVVA3ulj803FsEU09GOBBK7QUcOfhXO3cmYET9R5&itag=136&aitags=133%2C134%2C135%2C136%2C137%2C160%2C242%2C243%2C244%2C247%2C248%2C278%2C394%2C395%2C396%2C397%2C398%2C399&source=youtube&requiressl=yes&mh=bU&mm=31%2C29&mn=sn-5njj-u2xl%2Csn-un57sn76&ms=au%2Crdu&mv=m&mvi=8&pl=16&initcwndbps=445000&vprv=1&mime=video%2Fmp4&ns=Xp8qv9PPJfeRdc8g5k3nFWsF&gir=yes&clen=15278620&dur=189.280&lmt=1574994722849335&mt=1610959722&fvip=4&keepalive=yes&beids=9466587&c=WEB&txp=5535432&n=-A4yYhMEplvoHU&sparams=expire%2Cei%2Cip%2Cid%2Caitags%2Csource%2Crequiressl%2Cvprv%2Cmime%2Cns%2Cgir%2Cclen%2Cdur%2Clmt&lsparams=mh%2Cmm%2Cmn%2Cms%2Cmv%2Cmvi%2Cpl%2Cinitcwndbps&lsig=AG3C_xAwRQIhAKlINZkV0vYFUO9LQ-oDeXi8REaueJNgCnlAYJ0jeX4KAiBL0pndSzm4uzE3MWxMH8T8KNtwDu3fllJ_fMzljdrN7Q%3D%3D&sig=AOq0QJ8wRQIhALFlDRSdXv5Wa2PzeDwEdbgmh4Twi_3rFzYyLLz-NpwHAiABOJ6MMDGK4LUaKXPAbPWiQ9tN-hZ2xdEPpi0Dr37PgQ==&ratebypass=yes", "player_url": "/s/player/9f996d3e/player_ias.vflset/en_US/base.js", "ext": "mp4", "height": 720, "format_note": "720p", "vcodec": "avc1.4d401f", "asr": null, "filesize": 15278620, "fps": 25, "tbr": 884.268, "width": 1280, "acodec": "none", "downloader_options": {"http_chunk_size": 10485760}, "format": "136 - 1280x720 (720p)", "protocol": "https", "http_headers": {"User-Agent": "Mozilla/5.0 (Windows NT 10.0; Win64; x64) AppleWebKit/537.36 (KHTML, like Gecko) Chrome/74.0.3729.120 Safari/537.36", "Accept-Charset": "ISO-8859-1,utf-8;q=0.7,*;q=0.7", "Accept": "text/html,application/xhtml+xml,application/xml;q=0.9,*/*;q=0.8", "Accept-Encoding": "gzip, deflate", "Accept-Language": "en-us,en;q=0.5"}}, {"format_id": "398", "url": "https://r8---sn-5njj-u2xl.googlevideo.com/videoplayback?expire=1610981485&ei=DUwFYIzcGbuPlQSp-5XADQ&ip=140.109.135.76&id=o-AJBQWVVA3ulj803FsEU09GOBBK7QUcOfhXO3cmYET9R5&itag=398&aitags=133%2C134%2C135%2C136%2C137%2C160%2C242%2C243%2C244%2C247%2C248%2C278%2C394%2C395%2C396%2C397%2C398%2C399&source=youtube&requiressl=yes&mh=bU&mm=31%2C29&mn=sn-5njj-u2xl%2Csn-un57sn76&ms=au%2Crdu&mv=m&mvi=8&pl=16&initcwndbps=445000&vprv=1&mime=video%2Fmp4&ns=Xp8qv9PPJfeRdc8g5k3nFWsF&gir=yes&clen=22962557&dur=189.280&lmt=1610856356159433&mt=1610959722&fvip=4&keepalive=yes&beids=9466587&c=WEB&txp=5531432&n=-A4yYhMEplvoHU&sparams=expire%2Cei%2Cip%2Cid%2Caitags%2Csource%2Crequiressl%2Cvprv%2Cmime%2Cns%2Cgir%2Cclen%2Cdur%2Clmt&lsparams=mh%2Cmm%2Cmn%2Cms%2Cmv%2Cmvi%2Cpl%2Cinitcwndbps&lsig=AG3C_xAwRQIhAPpofQiBe2xRyisquj-rk9UoeGK_m2CD-fZPhUb6-Hz_AiBW-g4rBzJF2KuygNpWRdXxZTgG_dlql5obnRqSw7ZNEw%3D%3D&sig=AOq0QJ8wRQIhAInXdE2p3oQSKPM9tMnCH0ireRtbUeMPphniK52zHr_lAiBZ_pkvBouNA2yWpyewLsJ3H1LwbK_GJOGantxeiZqJjA==&ratebypass=yes", "player_url": "/s/player/9f996d3e/player_ias.vflset/en_US/base.js", "asr": null, "filesize": 22962557, "format_note": "720p", "fps": 25, "height": 720, "tbr": 1115.969, "width": 1280, "ext": "mp4", "vcodec": "av01.0.05M.08", "acodec": "none", "downloader_options": {"http_chunk_size": 10485760}, "format": "398 - 1280x720 (720p)", "protocol": "https", "http_headers": {"User-Agent": "Mozilla/5.0 (Windows NT 10.0; Win64; x64) AppleWebKit/537.36 (KHTML, like Gecko) Chrome/74.0.3729.120 Safari/537.36", "Accept-Charset": "ISO-8859-1,utf-8;q=0.7,*;q=0.7", "Accept": "text/html,application/xhtml+xml,application/xml;q=0.9,*/*;q=0.8", "Accept-Encoding": "gzip, deflate", "Accept-Language": "en-us,en;q=0.5"}}, {"format_id": "247", "url": "https://r8---sn-5njj-u2xl.googlevideo.com/videoplayback?expire=1610981485&ei=DUwFYIzcGbuPlQSp-5XADQ&ip=140.109.135.76&id=o-AJBQWVVA3ulj803FsEU09GOBBK7QUcOfhXO3cmYET9R5&itag=247&aitags=133%2C134%2C135%2C136%2C137%2C160%2C242%2C243%2C244%2C247%2C248%2C278%2C394%2C395%2C396%2C397%2C398%2C399&source=youtube&requiressl=yes&mh=bU&mm=31%2C29&mn=sn-5njj-u2xl%2Csn-un57sn76&ms=au%2Crdu&mv=m&mvi=8&pl=16&initcwndbps=445000&vprv=1&mime=video%2Fwebm&ns=Xp8qv9PPJfeRdc8g5k3nFWsF&gir=yes&clen=22919052&dur=189.280&lmt=1574994469123033&mt=1610959722&fvip=4&keepalive=yes&beids=9466587&c=WEB&txp=5535432&n=-A4yYhMEplvoHU&sparams=expire%2Cei%2Cip%2Cid%2Caitags%2Csource%2Crequiressl%2Cvprv%2Cmime%2Cns%2Cgir%2Cclen%2Cdur%2Clmt&lsparams=mh%2Cmm%2Cmn%2Cms%2Cmv%2Cmvi%2Cpl%2Cinitcwndbps&lsig=AG3C_xAwRAIgF2SC-b7g7dJ3rzetjau6PbNobiwgKyAax0cnUIHiSx4CIDhiN8QTtyZg3oPOJgsi7aVuQ7aXBWMmYeHjjwYKynB4&sig=AOq0QJ8wRAIgPueskmD_pWaMPKM_QlluFx1s62HkM7b7CGeKjBJMyqICIEyxgci3HY050lt9WPLBJ1NoifLke95BJkXChHQQuAvb&ratebypass=yes", "player_url": "/s/player/9f996d3e/player_ias.vflset/en_US/base.js", "ext": "webm", "height": 720, "format_note": "720p", "vcodec": "vp9", "asr": null, "filesize": 22919052, "fps": 25, "tbr": 1296.348, "width": 1280, "acodec": "none", "downloader_options": {"http_chunk_size": 10485760}, "format": "247 - 1280x720 (720p)", "protocol": "https", "http_headers": {"User-Agent": "Mozilla/5.0 (Windows NT 10.0; Win64; x64) AppleWebKit/537.36 (KHTML, like Gecko) Chrome/74.0.3729.120 Safari/537.36", "Accept-Charset": "ISO-8859-1,utf-8;q=0.7,*;q=0.7", "Accept": "text/html,application/xhtml+xml,application/xml;q=0.9,*/*;q=0.8", "Accept-Encoding": "gzip, deflate", "Accept-Language": "en-us,en;q=0.5"}}, {"format_id": "399", "url": "https://r8---sn-5njj-u2xl.googlevideo.com/videoplayback?expire=1610981485&ei=DUwFYIzcGbuPlQSp-5XADQ&ip=140.109.135.76&id=o-AJBQWVVA3ulj803FsEU09GOBBK7QUcOfhXO3cmYET9R5&itag=399&aitags=133%2C134%2C135%2C136%2C137%2C160%2C242%2C243%2C244%2C247%2C248%2C278%2C394%2C395%2C396%2C397%2C398%2C399&source=youtube&requiressl=yes&mh=bU&mm=31%2C29&mn=sn-5njj-u2xl%2Csn-un57sn76&ms=au%2Crdu&mv=m&mvi=8&pl=16&initcwndbps=445000&vprv=1&mime=video%2Fmp4&ns=Xp8qv9PPJfeRdc8g5k3nFWsF&gir=yes&clen=40535020&dur=189.280&lmt=1610856291474032&mt=1610959722&fvip=4&keepalive=yes&beids=9466587&c=WEB&txp=5531432&n=-A4yYhMEplvoHU&sparams=expire%2Cei%2Cip%2Cid%2Caitags%2Csource%2Crequiressl%2Cvprv%2Cmime%2Cns%2Cgir%2Cclen%2Cdur%2Clmt&lsparams=mh%2Cmm%2Cmn%2Cms%2Cmv%2Cmvi%2Cpl%2Cinitcwndbps&lsig=AG3C_xAwRAIgee6gnWmJFEIkRV2nayfqc9GMNRJhwq6sXd--l9bZM_QCIHf95cXSnmuNoo6FCIdzn8bDxvc1r6Oi2114G4e-MGcU&sig=AOq0QJ8wRAIgAmnSpkDQHS_BpX1W2TmcPwl2TPTHau_X0b4aLElU-voCIGrAeehXjg5l0qKxzV1b_3CtVqtqjnLQsew47_aXeNIG&ratebypass=yes", "player_url": "/s/player/9f996d3e/player_ias.vflset/en_US/base.js", "asr": null, "filesize": 40535020, "format_note": "1080p", "fps": 25, "height": 1080, "tbr": 1905.907, "width": 1920, "ext": "mp4", "vcodec": "av01.0.08M.08", "acodec": "none", "downloader_options": {"http_chunk_size": 10485760}, "format": "399 - 1920x1080 (1080p)", "protocol": "https", "http_headers": {"User-Agent": "Mozilla/5.0 (Windows NT 10.0; Win64; x64) AppleWebKit/537.36 (KHTML, like Gecko) Chrome/74.0.3729.120 Safari/537.36", "Accept-Charset": "ISO-8859-1,utf-8;q=0.7,*;q=0.7", "Accept": "text/html,application/xhtml+xml,application/xml;q=0.9,*/*;q=0.8", "Accept-Encoding": "gzip, deflate", "Accept-Language": "en-us,en;q=0.5"}}, {"format_id": "248", "url": "https://r8---sn-5njj-u2xl.googlevideo.com/videoplayback?expire=1610981485&ei=DUwFYIzcGbuPlQSp-5XADQ&ip=140.109.135.76&id=o-AJBQWVVA3ulj803FsEU09GOBBK7QUcOfhXO3cmYET9R5&itag=248&aitags=133%2C134%2C135%2C136%2C137%2C160%2C242%2C243%2C244%2C247%2C248%2C278%2C394%2C395%2C396%2C397%2C398%2C399&source=youtube&requiressl=yes&mh=bU&mm=31%2C29&mn=sn-5njj-u2xl%2Csn-un57sn76&ms=au%2Crdu&mv=m&mvi=8&pl=16&initcwndbps=445000&vprv=1&mime=video%2Fwebm&ns=Xp8qv9PPJfeRdc8g5k3nFWsF&gir=yes&clen=57157312&dur=189.280&lmt=1574994189179303&mt=1610959722&fvip=4&keepalive=yes&beids=9466587&c=WEB&txp=5535432&n=-A4yYhMEplvoHU&sparams=expire%2Cei%2Cip%2Cid%2Caitags%2Csource%2Crequiressl%2Cvprv%2Cmime%2Cns%2Cgir%2Cclen%2Cdur%2Clmt&lsparams=mh%2Cmm%2Cmn%2Cms%2Cmv%2Cmvi%2Cpl%2Cinitcwndbps&lsig=AG3C_xAwRgIhAMtAiY7IFAzSbkaW9qNqVKhCZ_SEoL7gbUERuJO_KfW-AiEAqdxAnWSqIVTSsROyfgpk8gncg8Eg-96u4HkqBnAv5jA%3D&sig=AOq0QJ8wRQIgOH6GT2mcq_PSQHupQ2OHwXSm_HXylFSSCps84LG-2GACIQCHjjb05Q_lzns88vQy1g84Hik_NGbZMbhuLJKhmawiug==&ratebypass=yes", "player_url": "/s/player/9f996d3e/player_ias.vflset/en_US/base.js", "ext": "webm", "height": 1080, "format_note": "1080p", "vcodec": "vp9", "asr": null, "filesize": 57157312, "fps": 25, "tbr": 2658.828, "width": 1920, "acodec": "none", "downloader_options": {"http_chunk_size": 10485760}, "format": "248 - 1920x1080 (1080p)", "protocol": "https", "http_headers": {"User-Agent": "Mozilla/5.0 (Windows NT 10.0; Win64; x64) AppleWebKit/537.36 (KHTML, like Gecko) Chrome/74.0.3729.120 Safari/537.36", "Accept-Charset": "ISO-8859-1,utf-8;q=0.7,*;q=0.7", "Accept": "text/html,application/xhtml+xml,application/xml;q=0.9,*/*;q=0.8", "Accept-Encoding": "gzip, deflate", "Accept-Language": "en-us,en;q=0.5"}}, {"format_id": "137", "url": "https://r8---sn-5njj-u2xl.googlevideo.com/videoplayback?expire=1610981485&ei=DUwFYIzcGbuPlQSp-5XADQ&ip=140.109.135.76&id=o-AJBQWVVA3ulj803FsEU09GOBBK7QUcOfhXO3cmYET9R5&itag=137&aitags=133%2C134%2C135%2C136%2C137%2C160%2C242%2C243%2C244%2C247%2C248%2C278%2C394%2C395%2C396%2C397%2C398%2C399&source=youtube&requiressl=yes&mh=bU&mm=31%2C29&mn=sn-5njj-u2xl%2Csn-un57sn76&ms=au%2Crdu&mv=m&mvi=8&pl=16&initcwndbps=445000&vprv=1&mime=video%2Fmp4&ns=Xp8qv9PPJfeRdc8g5k3nFWsF&gir=yes&clen=73709432&dur=189.280&lmt=1574994447487106&mt=1610959722&fvip=4&keepalive=yes&beids=9466587&c=WEB&txp=5535432&n=-A4yYhMEplvoHU&sparams=expire%2Cei%2Cip%2Cid%2Caitags%2Csource%2Crequiressl%2Cvprv%2Cmime%2Cns%2Cgir%2Cclen%2Cdur%2Clmt&lsparams=mh%2Cmm%2Cmn%2Cms%2Cmv%2Cmvi%2Cpl%2Cinitcwndbps&lsig=AG3C_xAwRQIhAKJiis1M7cIrYh4l7vcwJfJNslcbXHAO3ttgN6qYjrMCAiB4mGwn_kbCaBse-scT0tzvptsGaKSsnISMjKlsD7fR5w%3D%3D&sig=AOq0QJ8wRAIgWGf8VzIljv2O3XK6mDMjXuJATFOfrsiltzZVfYUqZkoCIEgC7DILcvARojjP-tcvQ2epJCPVxPUF7gygluKpL2S5&ratebypass=yes", "player_url": "/s/player/9f996d3e/player_ias.vflset/en_US/base.js", "ext": "mp4", "height": 1080, "format_note": "1080p", "vcodec": "avc1.640028", "asr": null, "filesize": 73709432, "fps": 25, "tbr": 4023.468, "width": 1920, "acodec": "none", "downloader_options": {"http_chunk_size": 10485760}, "format": "137 - 1920x1080 (1080p)", "protocol": "https", "http_headers": {"User-Agent": "Mozilla/5.0 (Windows NT 10.0; Win64; x64) AppleWebKit/537.36 (KHTML, like Gecko) Chrome/74.0.3729.120 Safari/537.36", "Accept-Charset": "ISO-8859-1,utf-8;q=0.7,*;q=0.7", "Accept": "text/html,application/xhtml+xml,application/xml;q=0.9,*/*;q=0.8", "Accept-Encoding": "gzip, deflate", "Accept-Language": "en-us,en;q=0.5"}}, {"format_id": "18", "url": "https://r8---sn-5njj-u2xl.googlevideo.com/videoplayback?expire=1610981485&ei=DUwFYIzcGbuPlQSp-5XADQ&ip=140.109.135.76&id=o-AJBQWVVA3ulj803FsEU09GOBBK7QUcOfhXO3cmYET9R5&itag=18&source=youtube&requiressl=yes&mh=bU&mm=31%2C29&mn=sn-5njj-u2xl%2Csn-un57sn76&ms=au%2Crdu&mv=m&mvi=8&pl=16&initcwndbps=445000&vprv=1&mime=video%2Fmp4&ns=u6dYrA8450EoFOYtOf0eGucF&gir=yes&clen=12151998&ratebypass=yes&dur=189.335&lmt=1574990029694885&mt=1610959722&fvip=4&beids=9466587&c=WEB&txp=5531432&n=nc7UJj8hi07WIy&sparams=expire%2Cei%2Cip%2Cid%2Citag%2Csource%2Crequiressl%2Cvprv%2Cmime%2Cns%2Cgir%2Cclen%2Cratebypass%2Cdur%2Clmt&lsparams=mh%2Cmm%2Cmn%2Cms%2Cmv%2Cmvi%2Cpl%2Cinitcwndbps&lsig=AG3C_xAwRAIgKwZHNfcwKHED5E8mAVrXYHj8DR-3hfhw2-bRxISwn6wCIATaL2nAzWshaWJL6QnfyNcxpzsbtBeWe8nlUoFm5fpp&sig=AOq0QJ8wRQIgfvb_Xcm9ENnsg81REeKGtrzCHOjE2KVjfCT73Wgsu5ICIQCdomLHtkUPBtT6pLrlGI64TLc3nBUrbMW4IWirSb4_zw==", "player_url": "/s/player/9f996d3e/player_ias.vflset/en_US/base.js", "ext": "mp4", "width": 640, "height": 360, "acodec": "mp4a.40.2", "abr": 96, "vcodec": "avc1.42001E", "asr": 44100, "filesize": 12151998, "format_note": "360p", "fps": 25, "tbr": 513.609, "format": "18 - 640x360 (360p)", "protocol": "https", "http_headers": {"User-Agent": "Mozilla/5.0 (Windows NT 10.0; Win64; x64) AppleWebKit/537.36 (KHTML, like Gecko) Chrome/74.0.3729.120 Safari/537.36", "Accept-Charset": "ISO-8859-1,utf-8;q=0.7,*;q=0.7", "Accept": "text/html,application/xhtml+xml,application/xml;q=0.9,*/*;q=0.8", "Accept-Encoding": "gzip, deflate", "Accept-Language": "en-us,en;q=0.5"}}], "is_live": null, "start_time": null, "end_time": null, "series": null, "season_number": null, "episode_number": null, "track": null, "artist": null, "album": null, "release_date": null, "release_year": null, "extractor": "youtube", "webpage_url_basename": "watch", "extractor_key": "Youtube", "playlist": null, "playlist_index": null, "thumbnail": "https://i.ytimg.com/vi_webp/jTPXwbDtIpA/maxresdefault.webp", "display_id": "jTPXwbDtIpA", "requested_subtitles": null, "format_id": "251", "url": "https://r8---sn-5njj-u2xl.googlevideo.com/videoplayback?expire=1610981485&ei=DUwFYIzcGbuPlQSp-5XADQ&ip=140.109.135.76&id=o-AJBQWVVA3ulj803FsEU09GOBBK7QUcOfhXO3cmYET9R5&itag=251&source=youtube&requiressl=yes&mh=bU&mm=31%2C29&mn=sn-5njj-u2xl%2Csn-un57sn76&ms=au%2Crdu&mv=m&mvi=8&pl=16&initcwndbps=445000&vprv=1&mime=audio%2Fwebm&ns=Xp8qv9PPJfeRdc8g5k3nFWsF&gir=yes&clen=3478390&dur=189.301&lmt=1574990505781588&mt=1610959722&fvip=4&keepalive=yes&beids=9466587&c=WEB&txp=5531432&n=-A4yYhMEplvoHU&sparams=expire%2Cei%2Cip%2Cid%2Citag%2Csource%2Crequiressl%2Cvprv%2Cmime%2Cns%2Cgir%2Cclen%2Cdur%2Clmt&lsparams=mh%2Cmm%2Cmn%2Cms%2Cmv%2Cmvi%2Cpl%2Cinitcwndbps&lsig=AG3C_xAwRQIgNDjKA7-f8KW3MSa_FaPN7zEeFcXSy5FH6pw6Lz8kzmICIQCcm6UQcL-Rr5PuZdYgZptLzBdTNDsY3XKVlAFsvpLDQA%3D%3D&sig=AOq0QJ8wRAIgcs2TXMfBWnonwKUBfZHs-_aEJR56ayAN8SFnFGL_WmoCIG6gxXkSWTOTrJ1prS_BHvJnuamGTe_-ZxKjmcBlO4F3&ratebypass=yes", "player_url": "/s/player/9f996d3e/player_ias.vflset/en_US/base.js", "ext": "webm", "format_note": "tiny", "acodec": "opus", "abr": 160, "asr": 48000, "filesize": 3478390, "fps": null, "height": null, "tbr": 162.807, "width": null, "vcodec": "none", "downloader_options": {"http_chunk_size": 10485760}, "format": "251 - audio only (tiny)", "protocol": "https", "http_headers": {"User-Agent": "Mozilla/5.0 (Windows NT 10.0; Win64; x64) AppleWebKit/537.36 (KHTML, like Gecko) Chrome/74.0.3729.120 Safari/537.36", "Accept-Charset": "ISO-8859-1,utf-8;q=0.7,*;q=0.7", "Accept": "text/html,application/xhtml+xml,application/xml;q=0.9,*/*;q=0.8", "Accept-Encoding": "gzip, deflate", "Accept-Language": "en-us,en;q=0.5"}}