{"id": "l-4Kce3YxxQ", "uploader": "PianoDeuss", "uploader_id": "UCgMvjHTX7jn4iIKNHjIUJiw", "uploader_url": "http://www.youtube.com/channel/UCgMvjHTX7jn4iIKNHjIUJiw", "channel_id": "UCgMvjHTX7jn4iIKNHjIUJiw", "channel_url": "http://www.youtube.com/channel/UCgMvjHTX7jn4iIKNHjIUJiw", "upload_date": "20201205", "license": null, "creator": null, "title": "Bleach Fight Soundtrack Piano Medley (Part 3)", "alt_title": null, "thumbnails": [{"url": "https://i.ytimg.com/vi/l-4Kce3YxxQ/hqdefault.jpg?sqp=-oaymwEYCKgBEF5IVfKriqkDCwgBFQAAiEIYAXAB&rs=AOn4CLBozBigBDY3-nXZn-CgsUZKVFJpig", "width": 168, "height": 94, "resolution": "168x94", "id": "0"}, {"url": "https://i.ytimg.com/vi/l-4Kce3YxxQ/hqdefault.jpg?sqp=-oaymwEYCMQBEG5IVfKriqkDCwgBFQAAiEIYAXAB&rs=AOn4CLDh5s2-tNl3MdFpiCpEPegi-nmiPw", "width": 196, "height": 110, "resolution": "196x110", "id": "1"}, {"url": "https://i.ytimg.com/vi/l-4Kce3YxxQ/hqdefault.jpg?sqp=-oaymwEZCPYBEIoBSFXyq4qpAwsIARUAAIhCGAFwAQ==&rs=AOn4CLCUT3hdchL1950aLlUFPA4pWE5ESg", "width": 246, "height": 138, "resolution": "246x138", "id": "2"}, {"url": "https://i.ytimg.com/vi/l-4Kce3YxxQ/hqdefault.jpg?sqp=-oaymwEZCNACELwBSFXyq4qpAwsIARUAAIhCGAFwAQ==&rs=AOn4CLAn6ql1PqUofgmwZL66IEhKz226IA", "width": 336, "height": 188, "resolution": "336x188", "id": "3"}, {"url": "https://i.ytimg.com/vi_webp/l-4Kce3YxxQ/maxresdefault.webp?v=5fcaee91", "width": 1920, "height": 1080, "resolution": "1920x1080", "id": "4"}], "description": "This is my improvised piano medley of fight songs from Bleach. I played all songs at a faster tempo than the original.\u00a0\u00a0\u00a0\n\u25ba Learn the piano step by step with Skoove: https://www.skoove.com/#a_aid=pianodeuss\n\n\n\n_ _ _ _ _ _ _ _ _ _ _ _ _ _ _ _ _ _ _ _ _ _ _ _ _  \n\nMidi:\nFor patrons only (https://www.patreon.com/pianodeuss)\n\nSheet Music: \nNot available\n\n_ _ _ _ _ _ _ _ _ _ _ _ _ _ _ _ _ _ _ _ _ _ _ _ _ \n\nTrack List:\n\n00:00  Stand Up Be Strong\n01:24  Invasion\n03:14  Cometh the hour Part B (from Bleach: Hell Verse)\n04:42  Vasto Lord Theme\n\n_ _ _ _ _ _ _ _ _ _ _ _ _ _ _ _ _ _ _ _ _ _ _ _ _  \n\nFacebook: https://www.facebook.com/PianoDeuss-108833280642838\nSheet Music: https://www.musicnotes.com/sheet-music/artist/pianodeuss\nMy website: http://bartlomiejorlik.000webhostapp.com\nPatreon: https://www.patreon.com/pianodeuss\nSpotify: https://open.spotify.com/artist/3PAedjyX7ckOhAdlhW5BmG\niTunes: https://music.apple.com/us/artist/pianodeuss/1499361598\nDeezer: https://www.deezer.com/pl/artist/86409002\nNapster: https://us.napster.com/artist/pianodeuss\nTidal: https://listen.tidal.com/artist/18429899\nAmazon: https://www.amazon.com/s?k=PianoDeuss&i=digital-music&search-type=ss&ref=ntt_srch_drd_B084ZM7GZY\n\nBusiness inquiries:\npianodeusss@gmail.com\n\n_ _ _ _ _ _ _ _ _ _ _ _ _ _ _ _ _ _ _ _ _ _ _ _ _  \n\nIf you want to use my music in your projects - feel free with it. Of course, credits to my channel would be nice ; )\n\nBut also, you must to know that my covers are in Content ID, so If you will use them in your videos - you won't be able to monetize these productions (you will get copyright claims).\n\n_ _ _ _ _ _ _ _ _ _ _ _ _ _ _ _ _ _ _ _ _ _ _ _ _  \n\nPiano Arrangement by PianoDeuss (2020)\n\nAnime: Bleach\nStudio: Pierrot\nOriginal song(s): \"Stand Up Be Strong\", \"Invasion\", \"Cometh the hour Part B\", \"Vasto Lord Theme\" \nComposer: Shir\u014d Sagisu (2004-2012)\n\n_ _ _ _ _ _ _ _ _ _ _ _ _ _ _ _ _ _ _ _ _ _ _ _ _  \n\n                                               \u2646 \ud835\udc0f\ud835\udc22\ud835\udc1a\ud835\udc27\ud835\udc28\ud835\udd6f\ud835\udd8a\ud835\udd9a\ud835\udd98\ud835\udd98 \u2646                                           \n\u2502\u258c\u2502\u258c\u258c\u2502\u258c\u258c\u258c\u2502\u258c\u258c\u2502\u258c\u258c\u258c\u2502\u258c\u258c\u2502\u258c\u258c\u258c\u2502\u258c\u258c\u2502\u258c\u258c\u258c\u00ad\u2502\u258c\u258c\u2502\u258c\u258c\u258c\u2502\u258c\u258c\u2502\u258c\u258c\u258c\u2502", "categories": ["Music"], "tags": ["bleach fight soundtrack piano medley", "bleach fight OST", "pianodeuss bleach", "pianodeuss piano medley", "bleach piano medley", "bleach stand up be strong piano", "bleach invasion piano", "bleach cometh the hour piano", "bleach vasto lord theme piano", "pianodeuss", "piano deuss", "pianodeuss bleach piano", "pianodeuss bleach fight piano medley", "pianodeuss cover", "pianodeuss tutorial", "piano cover", "pianodeuss arrangement", "pianodeuss anime cover", "anime piano cover"], "subtitles": {}, "automatic_captions": {}, "duration": 399, "age_limit": 0, "annotations": null, "chapters": [{"start_time": 0.0, "end_time": 84.0, "title": "Stand Up Be Strong"}, {"start_time": 84.0, "end_time": 194.0, "title": "Invasion"}, {"start_time": 194.0, "end_time": 282.0, "title": "Cometh the hour Part B (from Bleach: Hell Verse)"}, {"start_time": 282.0, "end_time": 399, "title": "Vasto Lord Theme"}], "webpage_url": "https://www.youtube.com/watch?v=l-4Kce3YxxQ", "view_count": 90709, "like_count": 4137, "dislike_count": 22, "average_rating": 4.9788413, "formats": [{"format_id": "249", "url": "https://r8---sn-5njj-u2xl.googlevideo.com/videoplayback?expire=1612299207&ei=Z2cZYNeUAtikqAGA64awDQ&ip=140.109.135.76&id=o-ANukFAvXP0re5gX9LjMHZ5VZJOq7bOP6L9EwksKNZ76w&itag=249&source=youtube&requiressl=yes&mh=6Y&mm=31%2C29&mn=sn-5njj-u2xl%2Csn-un57en7s&ms=au%2Crdu&mv=m&mvi=8&pl=16&initcwndbps=522500&vprv=1&mime=audio%2Fwebm&ns=lQsWWOD_6qM7YG-S9Qg88poF&gir=yes&clen=2447475&dur=399.001&lmt=1607166945001913&mt=1612277347&fvip=6&keepalive=yes&c=WEB&txp=5411222&n=MQevV4dg3JGrFMKqA&sparams=expire%2Cei%2Cip%2Cid%2Citag%2Csource%2Crequiressl%2Cvprv%2Cmime%2Cns%2Cgir%2Cclen%2Cdur%2Clmt&lsparams=mh%2Cmm%2Cmn%2Cms%2Cmv%2Cmvi%2Cpl%2Cinitcwndbps&lsig=AG3C_xAwRgIhAPfV8-Q4f5ToFpQyJ54dMsfmRfqVF9ayU0ICbTj1hR6mAiEAnnKtslw1xh29F60DQX3ptspVDVFdbslR1wUR8AU8mwg%3D&sig=AOq0QJ8wRQIgRiAHx995ehfnQBl_UG38iwg3TzWWQvS5LQZskJ8Xt4cCIQCw0-jcazsavt6eAynzazUOE_3JpHf0xZcIPZrOlW6VKw==&ratebypass=yes", "player_url": "/s/player/f6ef8aad/player_ias.vflset/en_US/base.js", "ext": "webm", "format_note": "tiny", "acodec": "opus", "abr": 50, "asr": 48000, "filesize": 2447475, "fps": null, "height": null, "tbr": 57.219, "width": null, "vcodec": "none", "downloader_options": {"http_chunk_size": 10485760}, "format": "249 - audio only (tiny)", "protocol": "https", "http_headers": {"User-Agent": "Mozilla/5.0 (Windows NT 10.0; Win64; x64) AppleWebKit/537.36 (KHTML, like Gecko) Chrome/69.0.3497.117 Safari/537.36", "Accept-Charset": "ISO-8859-1,utf-8;q=0.7,*;q=0.7", "Accept": "text/html,application/xhtml+xml,application/xml;q=0.9,*/*;q=0.8", "Accept-Encoding": "gzip, deflate", "Accept-Language": "en-us,en;q=0.5"}}, {"format_id": "250", "url": "https://r8---sn-5njj-u2xl.googlevideo.com/videoplayback?expire=1612299207&ei=Z2cZYNeUAtikqAGA64awDQ&ip=140.109.135.76&id=o-ANukFAvXP0re5gX9LjMHZ5VZJOq7bOP6L9EwksKNZ76w&itag=250&source=youtube&requiressl=yes&mh=6Y&mm=31%2C29&mn=sn-5njj-u2xl%2Csn-un57en7s&ms=au%2Crdu&mv=m&mvi=8&pl=16&initcwndbps=522500&vprv=1&mime=audio%2Fwebm&ns=lQsWWOD_6qM7YG-S9Qg88poF&gir=yes&clen=3262584&dur=399.001&lmt=1607166945289421&mt=1612277347&fvip=6&keepalive=yes&c=WEB&txp=5411222&n=MQevV4dg3JGrFMKqA&sparams=expire%2Cei%2Cip%2Cid%2Citag%2Csource%2Crequiressl%2Cvprv%2Cmime%2Cns%2Cgir%2Cclen%2Cdur%2Clmt&lsparams=mh%2Cmm%2Cmn%2Cms%2Cmv%2Cmvi%2Cpl%2Cinitcwndbps&lsig=AG3C_xAwRQIhAL1o_11A_uOuXiZYIiJNmXRYJRZC25Ns7l96OcwrAmjbAiAEp7letviQMub0rZkitcF9FZgqUlvPO9TikxuTV1tSwA%3D%3D&sig=AOq0QJ8wRAIgc1K4dTXQpQX95Y_CsiCa7a0mR7jcFCEA347QH53HeQQCIAkjmD0DqnjO0XTirmMEhW1frZn8GyioDcGFcTpWUoL-&ratebypass=yes", "player_url": "/s/player/f6ef8aad/player_ias.vflset/en_US/base.js", "ext": "webm", "format_note": "tiny", "acodec": "opus", "abr": 70, "asr": 48000, "filesize": 3262584, "fps": null, "height": null, "tbr": 75.257, "width": null, "vcodec": "none", "downloader_options": {"http_chunk_size": 10485760}, "format": "250 - audio only (tiny)", "protocol": "https", "http_headers": {"User-Agent": "Mozilla/5.0 (Windows NT 10.0; Win64; x64) AppleWebKit/537.36 (KHTML, like Gecko) Chrome/69.0.3497.117 Safari/537.36", "Accept-Charset": "ISO-8859-1,utf-8;q=0.7,*;q=0.7", "Accept": "text/html,application/xhtml+xml,application/xml;q=0.9,*/*;q=0.8", "Accept-Encoding": "gzip, deflate", "Accept-Language": "en-us,en;q=0.5"}}, {"format_id": "140", "url": "https://r8---sn-5njj-u2xl.googlevideo.com/videoplayback?expire=1612299207&ei=Z2cZYNeUAtikqAGA64awDQ&ip=140.109.135.76&id=o-ANukFAvXP0re5gX9LjMHZ5VZJOq7bOP6L9EwksKNZ76w&itag=140&source=youtube&requiressl=yes&mh=6Y&mm=31%2C29&mn=sn-5njj-u2xl%2Csn-un57en7s&ms=au%2Crdu&mv=m&mvi=8&pl=16&initcwndbps=522500&vprv=1&mime=audio%2Fmp4&ns=lQsWWOD_6qM7YG-S9Qg88poF&gir=yes&clen=6458227&dur=399.011&lmt=1607214382519199&mt=1612277347&fvip=6&keepalive=yes&c=WEB&txp=5432434&n=MQevV4dg3JGrFMKqA&sparams=expire%2Cei%2Cip%2Cid%2Citag%2Csource%2Crequiressl%2Cvprv%2Cmime%2Cns%2Cgir%2Cclen%2Cdur%2Clmt&lsparams=mh%2Cmm%2Cmn%2Cms%2Cmv%2Cmvi%2Cpl%2Cinitcwndbps&lsig=AG3C_xAwRQIhALf9tzeCLTlLIDBL6ZCV8JF1yiBjcl3OLeJKizR1F3RxAiAIFuD2WIPDsfHUFdJaNzfbqJiUy7fp300mElaqBYsxPw%3D%3D&sig=AOq0QJ8wRQIgA2F_XTUee-aQR8fXoF_zx9MJ-brdCqWmsSs_HrHudwoCIQCTj-zht3FTqN3Koul8GYlSexDHzGbHHFz1nFfjy7pTJw==&ratebypass=yes", "player_url": "/s/player/f6ef8aad/player_ias.vflset/en_US/base.js", "ext": "m4a", "format_note": "tiny", "acodec": "mp4a.40.2", "abr": 128, "container": "m4a_dash", "asr": 44100, "filesize": 6458227, "fps": null, "height": null, "tbr": 130.626, "width": null, "vcodec": "none", "downloader_options": {"http_chunk_size": 10485760}, "format": "140 - audio only (tiny)", "protocol": "https", "http_headers": {"User-Agent": "Mozilla/5.0 (Windows NT 10.0; Win64; x64) AppleWebKit/537.36 (KHTML, like Gecko) Chrome/69.0.3497.117 Safari/537.36", "Accept-Charset": "ISO-8859-1,utf-8;q=0.7,*;q=0.7", "Accept": "text/html,application/xhtml+xml,application/xml;q=0.9,*/*;q=0.8", "Accept-Encoding": "gzip, deflate", "Accept-Language": "en-us,en;q=0.5"}}, {"format_id": "251", "url": "https://r8---sn-5njj-u2xl.googlevideo.com/videoplayback?expire=1612299207&ei=Z2cZYNeUAtikqAGA64awDQ&ip=140.109.135.76&id=o-ANukFAvXP0re5gX9LjMHZ5VZJOq7bOP6L9EwksKNZ76w&itag=251&source=youtube&requiressl=yes&mh=6Y&mm=31%2C29&mn=sn-5njj-u2xl%2Csn-un57en7s&ms=au%2Crdu&mv=m&mvi=8&pl=16&initcwndbps=522500&vprv=1&mime=audio%2Fwebm&ns=lQsWWOD_6qM7YG-S9Qg88poF&gir=yes&clen=6497807&dur=399.001&lmt=1607166946391872&mt=1612277347&fvip=6&keepalive=yes&c=WEB&txp=5411222&n=MQevV4dg3JGrFMKqA&sparams=expire%2Cei%2Cip%2Cid%2Citag%2Csource%2Crequiressl%2Cvprv%2Cmime%2Cns%2Cgir%2Cclen%2Cdur%2Clmt&lsparams=mh%2Cmm%2Cmn%2Cms%2Cmv%2Cmvi%2Cpl%2Cinitcwndbps&lsig=AG3C_xAwRQIgFn6ZUOOotDdW4Q4gsXtiDs4ZWXtYQLwq4bK6mQUulTkCIQDi0BF0OcVH5PCBvrb2hJ1RpvzU2_40mRGX8V9DZMNhgA%3D%3D&sig=AOq0QJ8wRQIgX7rbekVmVIP3KplOdvKQeTpdAIYxYRgBIVLDcU16RlsCIQDsFhUksH_sEp15HBoKARoRuJqxErkMLArhRuSgEcHtmg==&ratebypass=yes", "player_url": "/s/player/f6ef8aad/player_ias.vflset/en_US/base.js", "ext": "webm", "format_note": "tiny", "acodec": "opus", "abr": 160, "asr": 48000, "filesize": 6497807, "fps": null, "height": null, "tbr": 145.3, "width": null, "vcodec": "none", "downloader_options": {"http_chunk_size": 10485760}, "format": "251 - audio only (tiny)", "protocol": "https", "http_headers": {"User-Agent": "Mozilla/5.0 (Windows NT 10.0; Win64; x64) AppleWebKit/537.36 (KHTML, like Gecko) Chrome/69.0.3497.117 Safari/537.36", "Accept-Charset": "ISO-8859-1,utf-8;q=0.7,*;q=0.7", "Accept": "text/html,application/xhtml+xml,application/xml;q=0.9,*/*;q=0.8", "Accept-Encoding": "gzip, deflate", "Accept-Language": "en-us,en;q=0.5"}}, {"format_id": "160", "url": "https://r8---sn-5njj-u2xl.googlevideo.com/videoplayback?expire=1612299207&ei=Z2cZYNeUAtikqAGA64awDQ&ip=140.109.135.76&id=o-ANukFAvXP0re5gX9LjMHZ5VZJOq7bOP6L9EwksKNZ76w&itag=160&aitags=133%2C134%2C135%2C136%2C137%2C160%2C242%2C243%2C244%2C247%2C248%2C278&source=youtube&requiressl=yes&mh=6Y&mm=31%2C29&mn=sn-5njj-u2xl%2Csn-un57en7s&ms=au%2Crdu&mv=m&mvi=8&pl=16&initcwndbps=522500&vprv=1&mime=video%2Fmp4&ns=lQsWWOD_6qM7YG-S9Qg88poF&gir=yes&clen=2853956&dur=398.965&lmt=1607220898720031&mt=1612277347&fvip=6&keepalive=yes&c=WEB&txp=5432434&n=MQevV4dg3JGrFMKqA&sparams=expire%2Cei%2Cip%2Cid%2Caitags%2Csource%2Crequiressl%2Cvprv%2Cmime%2Cns%2Cgir%2Cclen%2Cdur%2Clmt&lsparams=mh%2Cmm%2Cmn%2Cms%2Cmv%2Cmvi%2Cpl%2Cinitcwndbps&lsig=AG3C_xAwRQIgUP3QIzp0_sQr3wlBUi8dJXzL82ceBRL4BTUZofVqYZUCIQC1JadWddFw48i-6wf3QMbJWB_pzr4xi845gJXUuvgQHg%3D%3D&sig=AOq0QJ8wRgIhAPyr1hMabI-mawMxedJ2UEcHwQtdJC3v2HgI6gU-UUfJAiEA2tcX_IXm7HrVNxQnY_pZo5s-12arVLqp8uw0LTUV8to=&ratebypass=yes", "player_url": "/s/player/f6ef8aad/player_ias.vflset/en_US/base.js", "ext": "mp4", "height": 144, "format_note": "144p", "vcodec": "avc1.4d400c", "asr": null, "filesize": 2853956, "fps": 30, "tbr": 73.564, "width": 256, "acodec": "none", "downloader_options": {"http_chunk_size": 10485760}, "format": "160 - 256x144 (144p)", "protocol": "https", "http_headers": {"User-Agent": "Mozilla/5.0 (Windows NT 10.0; Win64; x64) AppleWebKit/537.36 (KHTML, like Gecko) Chrome/69.0.3497.117 Safari/537.36", "Accept-Charset": "ISO-8859-1,utf-8;q=0.7,*;q=0.7", "Accept": "text/html,application/xhtml+xml,application/xml;q=0.9,*/*;q=0.8", "Accept-Encoding": "gzip, deflate", "Accept-Language": "en-us,en;q=0.5"}}, {"format_id": "278", "url": "https://r8---sn-5njj-u2xl.googlevideo.com/videoplayback?expire=1612299207&ei=Z2cZYNeUAtikqAGA64awDQ&ip=140.109.135.76&id=o-ANukFAvXP0re5gX9LjMHZ5VZJOq7bOP6L9EwksKNZ76w&itag=278&aitags=133%2C134%2C135%2C136%2C137%2C160%2C242%2C243%2C244%2C247%2C248%2C278&source=youtube&requiressl=yes&mh=6Y&mm=31%2C29&mn=sn-5njj-u2xl%2Csn-un57en7s&ms=au%2Crdu&mv=m&mvi=8&pl=16&initcwndbps=522500&vprv=1&mime=video%2Fwebm&ns=lQsWWOD_6qM7YG-S9Qg88poF&gir=yes&clen=4116004&dur=398.965&lmt=1607192181014454&mt=1612277347&fvip=6&keepalive=yes&c=WEB&txp=5432434&n=MQevV4dg3JGrFMKqA&sparams=expire%2Cei%2Cip%2Cid%2Caitags%2Csource%2Crequiressl%2Cvprv%2Cmime%2Cns%2Cgir%2Cclen%2Cdur%2Clmt&lsparams=mh%2Cmm%2Cmn%2Cms%2Cmv%2Cmvi%2Cpl%2Cinitcwndbps&lsig=AG3C_xAwRgIhAJxgUiqqcJSgFFtq8CjyfnfIJqCuF3mheVumP_Q_2kEyAiEA65kPI8AAIpj4hTlwStrehIOy7iSfeLOCExGIyJ6pL4E%3D&sig=AOq0QJ8wRQIgFUG1tqRaEKUBFC26AmsRVE1AV-NGA7uVGYM4tbCWHUYCIQDwr-BYCRM4Fb5ZCNfdMscVkxTcIti5vvEA4-7mWQhWlg==&ratebypass=yes", "player_url": "/s/player/f6ef8aad/player_ias.vflset/en_US/base.js", "ext": "webm", "height": 144, "format_note": "144p", "container": "webm", "vcodec": "vp9", "asr": null, "filesize": 4116004, "fps": 30, "tbr": 88.062, "width": 256, "acodec": "none", "downloader_options": {"http_chunk_size": 10485760}, "format": "278 - 256x144 (144p)", "protocol": "https", "http_headers": {"User-Agent": "Mozilla/5.0 (Windows NT 10.0; Win64; x64) AppleWebKit/537.36 (KHTML, like Gecko) Chrome/69.0.3497.117 Safari/537.36", "Accept-Charset": "ISO-8859-1,utf-8;q=0.7,*;q=0.7", "Accept": "text/html,application/xhtml+xml,application/xml;q=0.9,*/*;q=0.8", "Accept-Encoding": "gzip, deflate", "Accept-Language": "en-us,en;q=0.5"}}, {"format_id": "133", "url": "https://r8---sn-5njj-u2xl.googlevideo.com/videoplayback?expire=1612299207&ei=Z2cZYNeUAtikqAGA64awDQ&ip=140.109.135.76&id=o-ANukFAvXP0re5gX9LjMHZ5VZJOq7bOP6L9EwksKNZ76w&itag=133&aitags=133%2C134%2C135%2C136%2C137%2C160%2C242%2C243%2C244%2C247%2C248%2C278&source=youtube&requiressl=yes&mh=6Y&mm=31%2C29&mn=sn-5njj-u2xl%2Csn-un57en7s&ms=au%2Crdu&mv=m&mvi=8&pl=16&initcwndbps=522500&vprv=1&mime=video%2Fmp4&ns=lQsWWOD_6qM7YG-S9Qg88poF&gir=yes&clen=4861344&dur=398.965&lmt=1607220954463471&mt=1612277347&fvip=6&keepalive=yes&c=WEB&txp=5432434&n=MQevV4dg3JGrFMKqA&sparams=expire%2Cei%2Cip%2Cid%2Caitags%2Csource%2Crequiressl%2Cvprv%2Cmime%2Cns%2Cgir%2Cclen%2Cdur%2Clmt&lsparams=mh%2Cmm%2Cmn%2Cms%2Cmv%2Cmvi%2Cpl%2Cinitcwndbps&lsig=AG3C_xAwRgIhALeyG81HV9msWHiU86bkws-70e12Hzn_zUe70A-bhUwmAiEAwgc7doNwMo9noBViZopp8M-ZUYj2zNtM7yFKzvUts-o%3D&sig=AOq0QJ8wRQIgT2rfmi1zFGXJ-R2WXair05RKcziXtq86W7M-UahEZSsCIQD2hKVXJfpaBdeH7Q31NiPamXLhElIurNbktoR6VVqUJA==&ratebypass=yes", "player_url": "/s/player/f6ef8aad/player_ias.vflset/en_US/base.js", "ext": "mp4", "height": 240, "format_note": "240p", "vcodec": "avc1.4d4015", "asr": null, "filesize": 4861344, "fps": 30, "tbr": 128.489, "width": 426, "acodec": "none", "downloader_options": {"http_chunk_size": 10485760}, "format": "133 - 426x240 (240p)", "protocol": "https", "http_headers": {"User-Agent": "Mozilla/5.0 (Windows NT 10.0; Win64; x64) AppleWebKit/537.36 (KHTML, like Gecko) Chrome/69.0.3497.117 Safari/537.36", "Accept-Charset": "ISO-8859-1,utf-8;q=0.7,*;q=0.7", "Accept": "text/html,application/xhtml+xml,application/xml;q=0.9,*/*;q=0.8", "Accept-Encoding": "gzip, deflate", "Accept-Language": "en-us,en;q=0.5"}}, {"format_id": "242", "url": "https://r8---sn-5njj-u2xl.googlevideo.com/videoplayback?expire=1612299207&ei=Z2cZYNeUAtikqAGA64awDQ&ip=140.109.135.76&id=o-ANukFAvXP0re5gX9LjMHZ5VZJOq7bOP6L9EwksKNZ76w&itag=242&aitags=133%2C134%2C135%2C136%2C137%2C160%2C242%2C243%2C244%2C247%2C248%2C278&source=youtube&requiressl=yes&mh=6Y&mm=31%2C29&mn=sn-5njj-u2xl%2Csn-un57en7s&ms=au%2Crdu&mv=m&mvi=8&pl=16&initcwndbps=522500&vprv=1&mime=video%2Fwebm&ns=lQsWWOD_6qM7YG-S9Qg88poF&gir=yes&clen=6307095&dur=398.965&lmt=1607192179150080&mt=1612277347&fvip=6&keepalive=yes&c=WEB&txp=5432434&n=MQevV4dg3JGrFMKqA&sparams=expire%2Cei%2Cip%2Cid%2Caitags%2Csource%2Crequiressl%2Cvprv%2Cmime%2Cns%2Cgir%2Cclen%2Cdur%2Clmt&lsparams=mh%2Cmm%2Cmn%2Cms%2Cmv%2Cmvi%2Cpl%2Cinitcwndbps&lsig=AG3C_xAwRQIhANgIlf3zPu_RsP_1RyisfDK52wezqWfA5anBKtn1XwxpAiAzbZlfUjZPWvykaKAFmjXbU8j1XR6xCnTqM-VTslWpLA%3D%3D&sig=AOq0QJ8wRgIhAMoZfqFQ1Cy00i6cj__BNQ1riIrQjri5QEJeW-TjvyUdAiEA6dlu1OjSOk1npFUjnmR_jbSDMtpryq6DGFw9_VFmSDE=&ratebypass=yes", "player_url": "/s/player/f6ef8aad/player_ias.vflset/en_US/base.js", "ext": "webm", "height": 240, "format_note": "240p", "vcodec": "vp9", "asr": null, "filesize": 6307095, "fps": 30, "tbr": 166.692, "width": 426, "acodec": "none", "downloader_options": {"http_chunk_size": 10485760}, "format": "242 - 426x240 (240p)", "protocol": "https", "http_headers": {"User-Agent": "Mozilla/5.0 (Windows NT 10.0; Win64; x64) AppleWebKit/537.36 (KHTML, like Gecko) Chrome/69.0.3497.117 Safari/537.36", "Accept-Charset": "ISO-8859-1,utf-8;q=0.7,*;q=0.7", "Accept": "text/html,application/xhtml+xml,application/xml;q=0.9,*/*;q=0.8", "Accept-Encoding": "gzip, deflate", "Accept-Language": "en-us,en;q=0.5"}}, {"format_id": "134", "url": "https://r8---sn-5njj-u2xl.googlevideo.com/videoplayback?expire=1612299207&ei=Z2cZYNeUAtikqAGA64awDQ&ip=140.109.135.76&id=o-ANukFAvXP0re5gX9LjMHZ5VZJOq7bOP6L9EwksKNZ76w&itag=134&aitags=133%2C134%2C135%2C136%2C137%2C160%2C242%2C243%2C244%2C247%2C248%2C278&source=youtube&requiressl=yes&mh=6Y&mm=31%2C29&mn=sn-5njj-u2xl%2Csn-un57en7s&ms=au%2Crdu&mv=m&mvi=8&pl=16&initcwndbps=522500&vprv=1&mime=video%2Fmp4&ns=lQsWWOD_6qM7YG-S9Qg88poF&gir=yes&clen=9836831&dur=398.965&lmt=1607220895037883&mt=1612277347&fvip=6&keepalive=yes&c=WEB&txp=5432434&n=MQevV4dg3JGrFMKqA&sparams=expire%2Cei%2Cip%2Cid%2Caitags%2Csource%2Crequiressl%2Cvprv%2Cmime%2Cns%2Cgir%2Cclen%2Cdur%2Clmt&lsparams=mh%2Cmm%2Cmn%2Cms%2Cmv%2Cmvi%2Cpl%2Cinitcwndbps&lsig=AG3C_xAwRAIgZYijeiRSbjSrVe5rpktawoNuRHRd0dKx8OQkWWVG6OACIBx9WVfaljPBMme2i8pdjSzSOTHEmUBaoiGSPW569Jeh&sig=AOq0QJ8wRQIgBLaJlcv9_MsBLeemsz9fqbmeNtdA2b-vAW6s0cXn_h4CIQDJgvdQWRlszEHDF4w0fIAsyJECVanYuez5l8-5ih6xNg==&ratebypass=yes", "player_url": "/s/player/f6ef8aad/player_ias.vflset/en_US/base.js", "ext": "mp4", "height": 360, "format_note": "360p", "vcodec": "avc1.4d401e", "asr": null, "filesize": 9836831, "fps": 30, "tbr": 241.094, "width": 640, "acodec": "none", "downloader_options": {"http_chunk_size": 10485760}, "format": "134 - 640x360 (360p)", "protocol": "https", "http_headers": {"User-Agent": "Mozilla/5.0 (Windows NT 10.0; Win64; x64) AppleWebKit/537.36 (KHTML, like Gecko) Chrome/69.0.3497.117 Safari/537.36", "Accept-Charset": "ISO-8859-1,utf-8;q=0.7,*;q=0.7", "Accept": "text/html,application/xhtml+xml,application/xml;q=0.9,*/*;q=0.8", "Accept-Encoding": "gzip, deflate", "Accept-Language": "en-us,en;q=0.5"}}, {"format_id": "243", "url": "https://r8---sn-5njj-u2xl.googlevideo.com/videoplayback?expire=1612299207&ei=Z2cZYNeUAtikqAGA64awDQ&ip=140.109.135.76&id=o-ANukFAvXP0re5gX9LjMHZ5VZJOq7bOP6L9EwksKNZ76w&itag=243&aitags=133%2C134%2C135%2C136%2C137%2C160%2C242%2C243%2C244%2C247%2C248%2C278&source=youtube&requiressl=yes&mh=6Y&mm=31%2C29&mn=sn-5njj-u2xl%2Csn-un57en7s&ms=au%2Crdu&mv=m&mvi=8&pl=16&initcwndbps=522500&vprv=1&mime=video%2Fwebm&ns=lQsWWOD_6qM7YG-S9Qg88poF&gir=yes&clen=12931797&dur=398.965&lmt=1607192179039522&mt=1612277347&fvip=6&keepalive=yes&c=WEB&txp=5432434&n=MQevV4dg3JGrFMKqA&sparams=expire%2Cei%2Cip%2Cid%2Caitags%2Csource%2Crequiressl%2Cvprv%2Cmime%2Cns%2Cgir%2Cclen%2Cdur%2Clmt&lsparams=mh%2Cmm%2Cmn%2Cms%2Cmv%2Cmvi%2Cpl%2Cinitcwndbps&lsig=AG3C_xAwRQIgXeYaiTNvPpCSTdqelWCd7AWAs-oLRhAW7PGAhSyNB5sCIQCC2dzL9uxOTWn6mgiLngFAQYyUnmmM47Asnr0X3AsiWw%3D%3D&sig=AOq0QJ8wRAIgQ-U1C-k2F989bCxMT2iTL31mSPQSZXP4z2wSwSPGbygCIGjiDATC_WuVRqagEL7TBzAJxI4m3Ss3TX1hyFOpQs5Y&ratebypass=yes", "player_url": "/s/player/f6ef8aad/player_ias.vflset/en_US/base.js", "ext": "webm", "height": 360, "format_note": "360p", "vcodec": "vp9", "asr": null, "filesize": 12931797, "fps": 30, "tbr": 327.301, "width": 640, "acodec": "none", "downloader_options": {"http_chunk_size": 10485760}, "format": "243 - 640x360 (360p)", "protocol": "https", "http_headers": {"User-Agent": "Mozilla/5.0 (Windows NT 10.0; Win64; x64) AppleWebKit/537.36 (KHTML, like Gecko) Chrome/69.0.3497.117 Safari/537.36", "Accept-Charset": "ISO-8859-1,utf-8;q=0.7,*;q=0.7", "Accept": "text/html,application/xhtml+xml,application/xml;q=0.9,*/*;q=0.8", "Accept-Encoding": "gzip, deflate", "Accept-Language": "en-us,en;q=0.5"}}, {"format_id": "135", "url": "https://r8---sn-5njj-u2xl.googlevideo.com/videoplayback?expire=1612299207&ei=Z2cZYNeUAtikqAGA64awDQ&ip=140.109.135.76&id=o-ANukFAvXP0re5gX9LjMHZ5VZJOq7bOP6L9EwksKNZ76w&itag=135&aitags=133%2C134%2C135%2C136%2C137%2C160%2C242%2C243%2C244%2C247%2C248%2C278&source=youtube&requiressl=yes&mh=6Y&mm=31%2C29&mn=sn-5njj-u2xl%2Csn-un57en7s&ms=au%2Crdu&mv=m&mvi=8&pl=16&initcwndbps=522500&vprv=1&mime=video%2Fmp4&ns=lQsWWOD_6qM7YG-S9Qg88poF&gir=yes&clen=20425464&dur=398.965&lmt=1607220898003485&mt=1612277347&fvip=6&keepalive=yes&c=WEB&txp=5432434&n=MQevV4dg3JGrFMKqA&sparams=expire%2Cei%2Cip%2Cid%2Caitags%2Csource%2Crequiressl%2Cvprv%2Cmime%2Cns%2Cgir%2Cclen%2Cdur%2Clmt&lsparams=mh%2Cmm%2Cmn%2Cms%2Cmv%2Cmvi%2Cpl%2Cinitcwndbps&lsig=AG3C_xAwRAIgYSrWv9chfECvYuFpvPv5ye3Boay5U9XBq2DnQuS9VSYCIGkaUEDNCXYrIoIYdG72m_joiXjwSUbEf5q9A2y_XNnh&sig=AOq0QJ8wRAIgdbwwF58enYEk5oNg1yWRKOIRkiqe4S7sWntrP6MXNjwCIBG5JmvHF_NvhmcbOp2iY36Sv0Nmrt9sGrB76GSFQtEX&ratebypass=yes", "player_url": "/s/player/f6ef8aad/player_ias.vflset/en_US/base.js", "ext": "mp4", "height": 480, "format_note": "480p", "vcodec": "avc1.4d401f", "asr": null, "filesize": 20425464, "fps": 30, "tbr": 532.505, "width": 854, "acodec": "none", "downloader_options": {"http_chunk_size": 10485760}, "format": "135 - 854x480 (480p)", "protocol": "https", "http_headers": {"User-Agent": "Mozilla/5.0 (Windows NT 10.0; Win64; x64) AppleWebKit/537.36 (KHTML, like Gecko) Chrome/69.0.3497.117 Safari/537.36", "Accept-Charset": "ISO-8859-1,utf-8;q=0.7,*;q=0.7", "Accept": "text/html,application/xhtml+xml,application/xml;q=0.9,*/*;q=0.8", "Accept-Encoding": "gzip, deflate", "Accept-Language": "en-us,en;q=0.5"}}, {"format_id": "244", "url": "https://r8---sn-5njj-u2xl.googlevideo.com/videoplayback?expire=1612299207&ei=Z2cZYNeUAtikqAGA64awDQ&ip=140.109.135.76&id=o-ANukFAvXP0re5gX9LjMHZ5VZJOq7bOP6L9EwksKNZ76w&itag=244&aitags=133%2C134%2C135%2C136%2C137%2C160%2C242%2C243%2C244%2C247%2C248%2C278&source=youtube&requiressl=yes&mh=6Y&mm=31%2C29&mn=sn-5njj-u2xl%2Csn-un57en7s&ms=au%2Crdu&mv=m&mvi=8&pl=16&initcwndbps=522500&vprv=1&mime=video%2Fwebm&ns=lQsWWOD_6qM7YG-S9Qg88poF&gir=yes&clen=22839711&dur=398.965&lmt=1607192180630646&mt=1612277347&fvip=6&keepalive=yes&c=WEB&txp=5432434&n=MQevV4dg3JGrFMKqA&sparams=expire%2Cei%2Cip%2Cid%2Caitags%2Csource%2Crequiressl%2Cvprv%2Cmime%2Cns%2Cgir%2Cclen%2Cdur%2Clmt&lsparams=mh%2Cmm%2Cmn%2Cms%2Cmv%2Cmvi%2Cpl%2Cinitcwndbps&lsig=AG3C_xAwRQIhAIuUf2zKy7mSQFdHqnOp31gt3VCpd7wwCQrzKduyYpZnAiBvSLEW9zeNn-1Nk2ql5t9YV3UdTKIwmx9PyabEiC9WPA%3D%3D&sig=AOq0QJ8wRQIgTShZTZ5wi-tTtNMLG0l5FfppN3xxZCKaGqb5mwKI3QoCIQC-uuYQ43wX9QdEsOaLO90QtMizvqf2XPNDF1o062g3Dg==&ratebypass=yes", "player_url": "/s/player/f6ef8aad/player_ias.vflset/en_US/base.js", "ext": "webm", "height": 480, "format_note": "480p", "vcodec": "vp9", "asr": null, "filesize": 22839711, "fps": 30, "tbr": 568.266, "width": 854, "acodec": "none", "downloader_options": {"http_chunk_size": 10485760}, "format": "244 - 854x480 (480p)", "protocol": "https", "http_headers": {"User-Agent": "Mozilla/5.0 (Windows NT 10.0; Win64; x64) AppleWebKit/537.36 (KHTML, like Gecko) Chrome/69.0.3497.117 Safari/537.36", "Accept-Charset": "ISO-8859-1,utf-8;q=0.7,*;q=0.7", "Accept": "text/html,application/xhtml+xml,application/xml;q=0.9,*/*;q=0.8", "Accept-Encoding": "gzip, deflate", "Accept-Language": "en-us,en;q=0.5"}}, {"format_id": "136", "url": "https://r8---sn-5njj-u2xl.googlevideo.com/videoplayback?expire=1612299207&ei=Z2cZYNeUAtikqAGA64awDQ&ip=140.109.135.76&id=o-ANukFAvXP0re5gX9LjMHZ5VZJOq7bOP6L9EwksKNZ76w&itag=136&aitags=133%2C134%2C135%2C136%2C137%2C160%2C242%2C243%2C244%2C247%2C248%2C278&source=youtube&requiressl=yes&mh=6Y&mm=31%2C29&mn=sn-5njj-u2xl%2Csn-un57en7s&ms=au%2Crdu&mv=m&mvi=8&pl=16&initcwndbps=522500&vprv=1&mime=video%2Fmp4&ns=lQsWWOD_6qM7YG-S9Qg88poF&gir=yes&clen=33670916&dur=398.965&lmt=1607220897385995&mt=1612277347&fvip=6&keepalive=yes&c=WEB&txp=5432434&n=MQevV4dg3JGrFMKqA&sparams=expire%2Cei%2Cip%2Cid%2Caitags%2Csource%2Crequiressl%2Cvprv%2Cmime%2Cns%2Cgir%2Cclen%2Cdur%2Clmt&lsparams=mh%2Cmm%2Cmn%2Cms%2Cmv%2Cmvi%2Cpl%2Cinitcwndbps&lsig=AG3C_xAwRQIgFkXE2vxe6OE9Ts8DqEFyCPenahWcfzMY5bHdiyeJcg0CIQD3Mbij3h46uDMQjB5qOL4JDTW827MHP4PhaWpp_ktPZg%3D%3D&sig=AOq0QJ8wRQIhAJx4y49IycgxReax0PAGR4TSMtOwnnC5n13Otv3W5pDdAiBeKtd6_TAKy-4kU6WXZUv2f_UPsMHedB0Tquo6RwkJHA==&ratebypass=yes", "player_url": "/s/player/f6ef8aad/player_ias.vflset/en_US/base.js", "ext": "mp4", "height": 720, "format_note": "720p", "vcodec": "avc1.4d401f", "asr": null, "filesize": 33670916, "fps": 30, "tbr": 1009.982, "width": 1280, "acodec": "none", "downloader_options": {"http_chunk_size": 10485760}, "format": "136 - 1280x720 (720p)", "protocol": "https", "http_headers": {"User-Agent": "Mozilla/5.0 (Windows NT 10.0; Win64; x64) AppleWebKit/537.36 (KHTML, like Gecko) Chrome/69.0.3497.117 Safari/537.36", "Accept-Charset": "ISO-8859-1,utf-8;q=0.7,*;q=0.7", "Accept": "text/html,application/xhtml+xml,application/xml;q=0.9,*/*;q=0.8", "Accept-Encoding": "gzip, deflate", "Accept-Language": "en-us,en;q=0.5"}}, {"format_id": "247", "url": "https://r8---sn-5njj-u2xl.googlevideo.com/videoplayback?expire=1612299207&ei=Z2cZYNeUAtikqAGA64awDQ&ip=140.109.135.76&id=o-ANukFAvXP0re5gX9LjMHZ5VZJOq7bOP6L9EwksKNZ76w&itag=247&aitags=133%2C134%2C135%2C136%2C137%2C160%2C242%2C243%2C244%2C247%2C248%2C278&source=youtube&requiressl=yes&mh=6Y&mm=31%2C29&mn=sn-5njj-u2xl%2Csn-un57en7s&ms=au%2Crdu&mv=m&mvi=8&pl=16&initcwndbps=522500&vprv=1&mime=video%2Fwebm&ns=lQsWWOD_6qM7YG-S9Qg88poF&gir=yes&clen=43095762&dur=398.965&lmt=1607192179712184&mt=1612277347&fvip=6&keepalive=yes&c=WEB&txp=5432434&n=MQevV4dg3JGrFMKqA&sparams=expire%2Cei%2Cip%2Cid%2Caitags%2Csource%2Crequiressl%2Cvprv%2Cmime%2Cns%2Cgir%2Cclen%2Cdur%2Clmt&lsparams=mh%2Cmm%2Cmn%2Cms%2Cmv%2Cmvi%2Cpl%2Cinitcwndbps&lsig=AG3C_xAwRQIhAOfJJiHBkR6Kfkpc_SZP-W5Xi1sHRD_lrYJT2l4bGZ39AiBfiCV6iPR6lrvZyB1Y_y3qZBkExgHvF45hmPCnoqX0Tw%3D%3D&sig=AOq0QJ8wRgIhALmLvojQcAj3-TWnqv8pVj8ng8kPFUJcpnHdzx5Xhp-2AiEAxW5zzaJ8R2LbUtX2LUk9pcjZS1xAuaPeKh8X6qbL284=&ratebypass=yes", "player_url": "/s/player/f6ef8aad/player_ias.vflset/en_US/base.js", "ext": "webm", "height": 720, "format_note": "720p", "vcodec": "vp9", "asr": null, "filesize": 43095762, "fps": 30, "tbr": 1100.536, "width": 1280, "acodec": "none", "downloader_options": {"http_chunk_size": 10485760}, "format": "247 - 1280x720 (720p)", "protocol": "https", "http_headers": {"User-Agent": "Mozilla/5.0 (Windows NT 10.0; Win64; x64) AppleWebKit/537.36 (KHTML, like Gecko) Chrome/69.0.3497.117 Safari/537.36", "Accept-Charset": "ISO-8859-1,utf-8;q=0.7,*;q=0.7", "Accept": "text/html,application/xhtml+xml,application/xml;q=0.9,*/*;q=0.8", "Accept-Encoding": "gzip, deflate", "Accept-Language": "en-us,en;q=0.5"}}, {"format_id": "137", "url": "https://r8---sn-5njj-u2xl.googlevideo.com/videoplayback?expire=1612299207&ei=Z2cZYNeUAtikqAGA64awDQ&ip=140.109.135.76&id=o-ANukFAvXP0re5gX9LjMHZ5VZJOq7bOP6L9EwksKNZ76w&itag=137&aitags=133%2C134%2C135%2C136%2C137%2C160%2C242%2C243%2C244%2C247%2C248%2C278&source=youtube&requiressl=yes&mh=6Y&mm=31%2C29&mn=sn-5njj-u2xl%2Csn-un57en7s&ms=au%2Crdu&mv=m&mvi=8&pl=16&initcwndbps=522500&vprv=1&mime=video%2Fmp4&ns=lQsWWOD_6qM7YG-S9Qg88poF&gir=yes&clen=77371985&dur=398.965&lmt=1607222613029176&mt=1612277347&fvip=6&keepalive=yes&c=WEB&txp=5432434&n=MQevV4dg3JGrFMKqA&sparams=expire%2Cei%2Cip%2Cid%2Caitags%2Csource%2Crequiressl%2Cvprv%2Cmime%2Cns%2Cgir%2Cclen%2Cdur%2Clmt&lsparams=mh%2Cmm%2Cmn%2Cms%2Cmv%2Cmvi%2Cpl%2Cinitcwndbps&lsig=AG3C_xAwRQIhAOUaGt-_pMWmC7SCL7kXgVNbo6_p4-kB3mSuG7-f-1ItAiAzuQvGPSNR7Cqq2phk-U780TJ0v2kZvBTCFGlD_gVyBA%3D%3D&sig=AOq0QJ8wRAIgHua0LKcfcse8vJM5VBCLjcUlRTImWhFjYgunBwDCO8QCIEnNm6LiHWU2OLS6EDoHFLg4lV40Iq7kM4PkpKaNwYxQ&ratebypass=yes", "player_url": "/s/player/f6ef8aad/player_ias.vflset/en_US/base.js", "ext": "mp4", "height": 1080, "format_note": "1080p", "vcodec": "avc1.640028", "asr": null, "filesize": 77371985, "fps": 30, "tbr": 1876.726, "width": 1920, "acodec": "none", "downloader_options": {"http_chunk_size": 10485760}, "format": "137 - 1920x1080 (1080p)", "protocol": "https", "http_headers": {"User-Agent": "Mozilla/5.0 (Windows NT 10.0; Win64; x64) AppleWebKit/537.36 (KHTML, like Gecko) Chrome/69.0.3497.117 Safari/537.36", "Accept-Charset": "ISO-8859-1,utf-8;q=0.7,*;q=0.7", "Accept": "text/html,application/xhtml+xml,application/xml;q=0.9,*/*;q=0.8", "Accept-Encoding": "gzip, deflate", "Accept-Language": "en-us,en;q=0.5"}}, {"format_id": "248", "url": "https://r8---sn-5njj-u2xl.googlevideo.com/videoplayback?expire=1612299207&ei=Z2cZYNeUAtikqAGA64awDQ&ip=140.109.135.76&id=o-ANukFAvXP0re5gX9LjMHZ5VZJOq7bOP6L9EwksKNZ76w&itag=248&aitags=133%2C134%2C135%2C136%2C137%2C160%2C242%2C243%2C244%2C247%2C248%2C278&source=youtube&requiressl=yes&mh=6Y&mm=31%2C29&mn=sn-5njj-u2xl%2Csn-un57en7s&ms=au%2Crdu&mv=m&mvi=8&pl=16&initcwndbps=522500&vprv=1&mime=video%2Fwebm&ns=lQsWWOD_6qM7YG-S9Qg88poF&gir=yes&clen=76048738&dur=398.965&lmt=1607184264230087&mt=1612277347&fvip=6&keepalive=yes&c=WEB&txp=5432434&n=MQevV4dg3JGrFMKqA&sparams=expire%2Cei%2Cip%2Cid%2Caitags%2Csource%2Crequiressl%2Cvprv%2Cmime%2Cns%2Cgir%2Cclen%2Cdur%2Clmt&lsparams=mh%2Cmm%2Cmn%2Cms%2Cmv%2Cmvi%2Cpl%2Cinitcwndbps&lsig=AG3C_xAwRQIgYMgt8zkBY_XBqwZFryqhSdPOn39dFW36NKVbFxrEQ00CIQCbEk9PubxjFOHNF5PwqN0qZo71GQZkgp5EOQW5SdSCsA%3D%3D&sig=AOq0QJ8wRQIhALAKCUxtTFB_qS5aG8hmtwyjv5n4NfqwyXGam451RxYTAiAyHZFAt4-7vXo-c1YOW5z4xu3Og30VQoV-nDap-9r5gw==&ratebypass=yes", "player_url": "/s/player/f6ef8aad/player_ias.vflset/en_US/base.js", "ext": "webm", "height": 1080, "format_note": "1080p", "vcodec": "vp9", "asr": null, "filesize": 76048738, "fps": 30, "tbr": 1916.959, "width": 1920, "acodec": "none", "downloader_options": {"http_chunk_size": 10485760}, "format": "248 - 1920x1080 (1080p)", "protocol": "https", "http_headers": {"User-Agent": "Mozilla/5.0 (Windows NT 10.0; Win64; x64) AppleWebKit/537.36 (KHTML, like Gecko) Chrome/69.0.3497.117 Safari/537.36", "Accept-Charset": "ISO-8859-1,utf-8;q=0.7,*;q=0.7", "Accept": "text/html,application/xhtml+xml,application/xml;q=0.9,*/*;q=0.8", "Accept-Encoding": "gzip, deflate", "Accept-Language": "en-us,en;q=0.5"}}, {"format_id": "18", "url": "https://r8---sn-5njj-u2xl.googlevideo.com/videoplayback?expire=1612299207&ei=Z2cZYNeUAtikqAGA64awDQ&ip=140.109.135.76&id=o-ANukFAvXP0re5gX9LjMHZ5VZJOq7bOP6L9EwksKNZ76w&itag=18&source=youtube&requiressl=yes&mh=6Y&mm=31%2C29&mn=sn-5njj-u2xl%2Csn-un57en7s&ms=au%2Crdu&mv=m&mvi=8&pl=16&initcwndbps=522500&vprv=1&mime=video%2Fmp4&ns=-3qtKppqKk0ST4q1L4sFd3wF&gir=yes&clen=22616905&ratebypass=yes&dur=399.011&lmt=1607180278426416&mt=1612277347&fvip=6&c=WEB&txp=5430434&n=AyHVEmiHBY5Dejgwq&sparams=expire%2Cei%2Cip%2Cid%2Citag%2Csource%2Crequiressl%2Cvprv%2Cmime%2Cns%2Cgir%2Cclen%2Cratebypass%2Cdur%2Clmt&lsparams=mh%2Cmm%2Cmn%2Cms%2Cmv%2Cmvi%2Cpl%2Cinitcwndbps&lsig=AG3C_xAwRAIgNsqMoPpPy0UZbpLUAcOwXHfF-YlbO5rZQw0Hju5IkvYCIANQlcKY_IyaB3JHRKiz8ul5SuxK3-CDg6gdYB2Yht3C&sig=AOq0QJ8wRAIgdpKqxoibNU45I_Dmk0vXLbSFt0KSL3JzHUZERlzgsZwCIEYAMfMpkvxapav-edRFvtUi3lcA9rUPubX6aWQ0-nsn", "player_url": "/s/player/f6ef8aad/player_ias.vflset/en_US/base.js", "ext": "mp4", "width": 640, "height": 360, "acodec": "mp4a.40.2", "abr": 96, "vcodec": "avc1.42001E", "asr": 44100, "filesize": 22616905, "format_note": "360p", "fps": 30, "tbr": 453.511, "format": "18 - 640x360 (360p)", "protocol": "https", "http_headers": {"User-Agent": "Mozilla/5.0 (Windows NT 10.0; Win64; x64) AppleWebKit/537.36 (KHTML, like Gecko) Chrome/69.0.3497.117 Safari/537.36", "Accept-Charset": "ISO-8859-1,utf-8;q=0.7,*;q=0.7", "Accept": "text/html,application/xhtml+xml,application/xml;q=0.9,*/*;q=0.8", "Accept-Encoding": "gzip, deflate", "Accept-Language": "en-us,en;q=0.5"}}], "is_live": null, "start_time": null, "end_time": null, "series": null, "season_number": null, "episode_number": null, "track": null, "artist": null, "album": null, "release_date": null, "release_year": null, "extractor": "youtube", "webpage_url_basename": "watch", "extractor_key": "Youtube", "playlist": null, "playlist_index": null, "thumbnail": "https://i.ytimg.com/vi_webp/l-4Kce3YxxQ/maxresdefault.webp?v=5fcaee91", "display_id": "l-4Kce3YxxQ", "requested_subtitles": null, "format_id": "251", "url": "https://r8---sn-5njj-u2xl.googlevideo.com/videoplayback?expire=1612299207&ei=Z2cZYNeUAtikqAGA64awDQ&ip=140.109.135.76&id=o-ANukFAvXP0re5gX9LjMHZ5VZJOq7bOP6L9EwksKNZ76w&itag=251&source=youtube&requiressl=yes&mh=6Y&mm=31%2C29&mn=sn-5njj-u2xl%2Csn-un57en7s&ms=au%2Crdu&mv=m&mvi=8&pl=16&initcwndbps=522500&vprv=1&mime=audio%2Fwebm&ns=lQsWWOD_6qM7YG-S9Qg88poF&gir=yes&clen=6497807&dur=399.001&lmt=1607166946391872&mt=1612277347&fvip=6&keepalive=yes&c=WEB&txp=5411222&n=MQevV4dg3JGrFMKqA&sparams=expire%2Cei%2Cip%2Cid%2Citag%2Csource%2Crequiressl%2Cvprv%2Cmime%2Cns%2Cgir%2Cclen%2Cdur%2Clmt&lsparams=mh%2Cmm%2Cmn%2Cms%2Cmv%2Cmvi%2Cpl%2Cinitcwndbps&lsig=AG3C_xAwRQIgFn6ZUOOotDdW4Q4gsXtiDs4ZWXtYQLwq4bK6mQUulTkCIQDi0BF0OcVH5PCBvrb2hJ1RpvzU2_40mRGX8V9DZMNhgA%3D%3D&sig=AOq0QJ8wRQIgX7rbekVmVIP3KplOdvKQeTpdAIYxYRgBIVLDcU16RlsCIQDsFhUksH_sEp15HBoKARoRuJqxErkMLArhRuSgEcHtmg==&ratebypass=yes", "player_url": "/s/player/f6ef8aad/player_ias.vflset/en_US/base.js", "ext": "webm", "format_note": "tiny", "acodec": "opus", "abr": 160, "asr": 48000, "filesize": 6497807, "fps": null, "height": null, "tbr": 145.3, "width": null, "vcodec": "none", "downloader_options": {"http_chunk_size": 10485760}, "format": "251 - audio only (tiny)", "protocol": "https", "http_headers": {"User-Agent": "Mozilla/5.0 (Windows NT 10.0; Win64; x64) AppleWebKit/537.36 (KHTML, like Gecko) Chrome/69.0.3497.117 Safari/537.36", "Accept-Charset": "ISO-8859-1,utf-8;q=0.7,*;q=0.7", "Accept": "text/html,application/xhtml+xml,application/xml;q=0.9,*/*;q=0.8", "Accept-Encoding": "gzip, deflate", "Accept-Language": "en-us,en;q=0.5"}}