{"id": "rIekUpBgxE4", "uploader": "Funguypiano", "uploader_id": "Funguypiano", "uploader_url": "http://www.youtube.com/user/Funguypiano", "channel_id": "UCBlkpX--7ZD73URbSC1oWRw", "channel_url": "http://www.youtube.com/channel/UCBlkpX--7ZD73URbSC1oWRw", "upload_date": "20180730", "license": null, "creator": "Funguypiano", "title": "BLACKPINK\u300cForever Young\u300dPiano", "alt_title": "BLACKPINK - Forever Young | Piano Cover", "thumbnails": [{"url": "https://i.ytimg.com/vi/rIekUpBgxE4/hqdefault.jpg?sqp=-oaymwEYCKgBEF5IVfKriqkDCwgBFQAAiEIYAXAB&rs=AOn4CLBRntVhtd4zmtFQNePWmFLu3ApFvA", "width": 168, "height": 94, "resolution": "168x94", "id": "0"}, {"url": "https://i.ytimg.com/vi/rIekUpBgxE4/hqdefault.jpg?sqp=-oaymwEYCMQBEG5IVfKriqkDCwgBFQAAiEIYAXAB&rs=AOn4CLC9ktNmea-82kgvW64QJjW3xKSQiA", "width": 196, "height": 110, "resolution": "196x110", "id": "1"}, {"url": "https://i.ytimg.com/vi/rIekUpBgxE4/hqdefault.jpg?sqp=-oaymwEZCPYBEIoBSFXyq4qpAwsIARUAAIhCGAFwAQ==&rs=AOn4CLCmaTwKfZfdxn3kMPpDZf3sWjWUFw", "width": 246, "height": 138, "resolution": "246x138", "id": "2"}, {"url": "https://i.ytimg.com/vi/rIekUpBgxE4/hqdefault.jpg?sqp=-oaymwEZCNACELwBSFXyq4qpAwsIARUAAIhCGAFwAQ==&rs=AOn4CLCrltB0Ma_pnZAtH14QCzt9QMfJrg", "width": 336, "height": 188, "resolution": "336x188", "id": "3"}, {"url": "https://i.ytimg.com/vi_webp/rIekUpBgxE4/maxresdefault.webp", "width": 1920, "height": 1080, "resolution": "1920x1080", "id": "4"}], "description": "BLACKPINK Piano Music on Spotify: https://spoti.fi/2QItbKw\nKpop Piano Music on Spotify: https://spoti.fi/2wh8usT\nEasy Version: https://youtu.be/3-zbiJKl6hc\nSheet Music: https://funguypiano.com/sheet-music/blackpink-forever-young/\n\n(^_^)/\u2661 It's been a while since I arranged a piece this wild and technically demanding! I spent so much time on this but certainly had a lot of fun arranging and learning this piece :) Forever Young is also one of my all-time favourite BP song, or actually, I love almost all of their songs xD. BLACKPINK IS THE REVOLUTION INDEED.\n\n(^_^)/\u2661 \u8b1d\u8b1d\u5927\u5bb6\u4e00\u76f4\u7684\u652f\u6301\u54e6! \u5f88\u591a\u4eba\u63a8\u9019\u9996\u800c\u4e14\u6211\u4e5f\u8d85\u8d85\u8d85\u559c\u6b61\u6240\u4ee5\u82b1\u4e86\u9ede\u6642\u9593\u6539\u7de8\uff0c\u5e0c\u671b\u5927\u5bb6\u559c\u6b61! \n\n\u2022\u2022 \u2501\u2501 More BLACKPINK (\u3003\uffe3\u03c9\uffe3\u3003\u309e \u2501\u2501 \u2022\u2022\nKill This Love: https://youtu.be/i4JnAbhvnuw\nDon't Know What To Do: https://youtu.be/UKX0QwCY17w\nSOLO: https://youtu.be/9dpuYgBv8fU\nForever Young: https://youtu.be/rIekUpBgxE4\nDDU-DU DDU-DU: https://youtu.be/38i12IPkL5c\nAs If it's Your Last: https://youtu.be/MOGLiu8TLrQ\nSTAY: https://youtu.be/efIBY32ziEs \n\n\u2022\u2022 \u2501\u2501\u2501\u2501\u2501 \u0669(\u0e51\u00f2\u03c9\u00f3\u0e51)\u06f6\u2501\u2501\u2501\u2501\u2501 \u2022\u2022\n\u266a Spotify: https://spoti.fi/2w3rfR6\n\u266a iTunes: https://apple.co/2BE74yB\n\u266a Sheet Music: https://funguypiano.com/\n\u266a Patreon / Midi: https://www.patreon.com/funguypiano\n\u266a Learn Piano: http://tinyurl.com/funguy-flowkey\n\u266a Instagram: https://www.instagram.com/funguypiano/\n\nThis cover is brought to you by my awesome patrons \u204e\u275b\u1d17\u275b\u204e\nFelix, Nancy, Ezra Durac, Aurora, Caitlyn Lee, Kris, Daniel Lee, Melanie BM, Summer Breeze, Zack, Monica Lugo, AxJD06, Artur Konczalski, Edith Kwan, Michael Barnett, wb1, Elle Cheong\n\n#BLACKPINK #ForeverYoung #Piano", "categories": ["Music"], "tags": ["BLACKPINK", "Forever Young", "Piano Cover"], "subtitles": {}, "automatic_captions": {}, "duration": 274, "age_limit": 0, "annotations": null, "chapters": null, "webpage_url": "https://www.youtube.com/watch?v=rIekUpBgxE4", "view_count": 161637, "like_count": 7056, "dislike_count": 57, "average_rating": 4.9679461, "formats": [{"format_id": "249", "url": "https://r5---sn-5njj-u2xl.googlevideo.com/videoplayback?expire=1611764293&ei=5T0RYLjYBMW8igbv0pDoBQ&ip=140.109.135.76&id=o-AMvIkSmJfHPWXQbF1WVNnO7T9469RAe4dOCBDqRTpyWz&itag=249&source=youtube&requiressl=yes&mh=HH&mm=31%2C29&mn=sn-5njj-u2xl%2Csn-un57en7s&ms=au%2Crdu&mv=m&mvi=5&pcm2cms=yes&pl=16&initcwndbps=546250&vprv=1&mime=audio%2Fwebm&ns=KMRAazDX-XuvHx-EU2NTOmsF&gir=yes&clen=1942417&dur=274.101&lmt=1541761041497827&mt=1611742362&fvip=5&keepalive=yes&c=WEB&txp=5511222&n=vMR5dU5eJrFRbFyeCSXF&sparams=expire%2Cei%2Cip%2Cid%2Citag%2Csource%2Crequiressl%2Cvprv%2Cmime%2Cns%2Cgir%2Cclen%2Cdur%2Clmt&lsparams=mh%2Cmm%2Cmn%2Cms%2Cmv%2Cmvi%2Cpcm2cms%2Cpl%2Cinitcwndbps&lsig=AG3C_xAwRgIhALS6C0QHCxH6wGpgakcboEE5dSH2UMyZ4a3mngqf5XchAiEAz1lMBeRYiPGYP6eTpjCoB-ZhCIAmxDiERbeFROCIQO0%3D&sig=AOq0QJ8wRgIhAIS4DCDvUblwK4kDti5Nh1XtI-o_HrKgbCQCUS4ozyAxAiEA6W71h8H5uyMYTKKV90FjPGHBO--7JD_4r3mHpUfj2BI=&ratebypass=yes", "player_url": "/s/player/c6df6ed7/player_ias.vflset/en_US/base.js", "ext": "webm", "format_note": "tiny", "acodec": "opus", "abr": 50, "asr": 48000, "filesize": 1942417, "fps": null, "height": null, "tbr": 63.439, "width": null, "vcodec": "none", "downloader_options": {"http_chunk_size": 10485760}, "format": "249 - audio only (tiny)", "protocol": "https", "http_headers": {"User-Agent": "Mozilla/5.0 (Windows NT 10.0; Win64; x64) AppleWebKit/537.36 (KHTML, like Gecko) Chrome/72.0.3626.25 Safari/537.36", "Accept-Charset": "ISO-8859-1,utf-8;q=0.7,*;q=0.7", "Accept": "text/html,application/xhtml+xml,application/xml;q=0.9,*/*;q=0.8", "Accept-Encoding": "gzip, deflate", "Accept-Language": "en-us,en;q=0.5"}}, {"format_id": "250", "url": "https://r5---sn-5njj-u2xl.googlevideo.com/videoplayback?expire=1611764293&ei=5T0RYLjYBMW8igbv0pDoBQ&ip=140.109.135.76&id=o-AMvIkSmJfHPWXQbF1WVNnO7T9469RAe4dOCBDqRTpyWz&itag=250&source=youtube&requiressl=yes&mh=HH&mm=31%2C29&mn=sn-5njj-u2xl%2Csn-un57en7s&ms=au%2Crdu&mv=m&mvi=5&pcm2cms=yes&pl=16&initcwndbps=546250&vprv=1&mime=audio%2Fwebm&ns=KMRAazDX-XuvHx-EU2NTOmsF&gir=yes&clen=2602852&dur=274.101&lmt=1541761040809718&mt=1611742362&fvip=5&keepalive=yes&c=WEB&txp=5511222&n=vMR5dU5eJrFRbFyeCSXF&sparams=expire%2Cei%2Cip%2Cid%2Citag%2Csource%2Crequiressl%2Cvprv%2Cmime%2Cns%2Cgir%2Cclen%2Cdur%2Clmt&lsparams=mh%2Cmm%2Cmn%2Cms%2Cmv%2Cmvi%2Cpcm2cms%2Cpl%2Cinitcwndbps&lsig=AG3C_xAwRAIgTHTnCN1bNI7rD56hRNJOPKJk7P9lteV8Y2gWbDuaAxICICmL6d_EQvlANBfah578m3eDBS7ADOevomKh4-O6EhHw&sig=AOq0QJ8wRAIgDLErMTsJk91sx9B_5sJwS91Ab0OSHaLHTqZQ3wKw5h0CICTBLZUcyeFqm6-lJQB8ot1F__KBM348oK4IR0chwHek&ratebypass=yes", "player_url": "/s/player/c6df6ed7/player_ias.vflset/en_US/base.js", "ext": "webm", "format_note": "tiny", "acodec": "opus", "abr": 70, "asr": 48000, "filesize": 2602852, "fps": null, "height": null, "tbr": 84.911, "width": null, "vcodec": "none", "downloader_options": {"http_chunk_size": 10485760}, "format": "250 - audio only (tiny)", "protocol": "https", "http_headers": {"User-Agent": "Mozilla/5.0 (Windows NT 10.0; Win64; x64) AppleWebKit/537.36 (KHTML, like Gecko) Chrome/72.0.3626.25 Safari/537.36", "Accept-Charset": "ISO-8859-1,utf-8;q=0.7,*;q=0.7", "Accept": "text/html,application/xhtml+xml,application/xml;q=0.9,*/*;q=0.8", "Accept-Encoding": "gzip, deflate", "Accept-Language": "en-us,en;q=0.5"}}, {"format_id": "140", "url": "https://r5---sn-5njj-u2xl.googlevideo.com/videoplayback?expire=1611764293&ei=5T0RYLjYBMW8igbv0pDoBQ&ip=140.109.135.76&id=o-AMvIkSmJfHPWXQbF1WVNnO7T9469RAe4dOCBDqRTpyWz&itag=140&source=youtube&requiressl=yes&mh=HH&mm=31%2C29&mn=sn-5njj-u2xl%2Csn-un57en7s&ms=au%2Crdu&mv=m&mvi=5&pcm2cms=yes&pl=16&initcwndbps=546250&vprv=1&mime=audio%2Fmp4&ns=KMRAazDX-XuvHx-EU2NTOmsF&gir=yes&clen=4437292&dur=274.134&lmt=1608418052367287&mt=1611742362&fvip=5&keepalive=yes&c=WEB&txp=5531432&n=vMR5dU5eJrFRbFyeCSXF&sparams=expire%2Cei%2Cip%2Cid%2Citag%2Csource%2Crequiressl%2Cvprv%2Cmime%2Cns%2Cgir%2Cclen%2Cdur%2Clmt&lsparams=mh%2Cmm%2Cmn%2Cms%2Cmv%2Cmvi%2Cpcm2cms%2Cpl%2Cinitcwndbps&lsig=AG3C_xAwRgIhAM0mYUSvFDCAF-aZiuZinLbakmu8bylgBM7Ea6GkqSkIAiEAsOD6mflKkP-czz0I9bMxlRPHlwc1g_FvjdqPF7IYoMU%3D&sig=AOq0QJ8wRQIhAO7aQsyk4D8YRsZkuTYr7vrZwYBFVL56vM127kky4pZpAiBqjcaefk1SSdj6Lnt0hDo8dj6qLCUKwL9mIepHUQ9TPw==&ratebypass=yes", "player_url": "/s/player/c6df6ed7/player_ias.vflset/en_US/base.js", "ext": "m4a", "format_note": "tiny", "acodec": "mp4a.40.2", "abr": 128, "container": "m4a_dash", "asr": 44100, "filesize": 4437292, "fps": null, "height": null, "tbr": 130.45, "width": null, "vcodec": "none", "downloader_options": {"http_chunk_size": 10485760}, "format": "140 - audio only (tiny)", "protocol": "https", "http_headers": {"User-Agent": "Mozilla/5.0 (Windows NT 10.0; Win64; x64) AppleWebKit/537.36 (KHTML, like Gecko) Chrome/72.0.3626.25 Safari/537.36", "Accept-Charset": "ISO-8859-1,utf-8;q=0.7,*;q=0.7", "Accept": "text/html,application/xhtml+xml,application/xml;q=0.9,*/*;q=0.8", "Accept-Encoding": "gzip, deflate", "Accept-Language": "en-us,en;q=0.5"}}, {"format_id": "251", "url": "https://r5---sn-5njj-u2xl.googlevideo.com/videoplayback?expire=1611764293&ei=5T0RYLjYBMW8igbv0pDoBQ&ip=140.109.135.76&id=o-AMvIkSmJfHPWXQbF1WVNnO7T9469RAe4dOCBDqRTpyWz&itag=251&source=youtube&requiressl=yes&mh=HH&mm=31%2C29&mn=sn-5njj-u2xl%2Csn-un57en7s&ms=au%2Crdu&mv=m&mvi=5&pcm2cms=yes&pl=16&initcwndbps=546250&vprv=1&mime=audio%2Fwebm&ns=KMRAazDX-XuvHx-EU2NTOmsF&gir=yes&clen=5025999&dur=274.101&lmt=1541761042441111&mt=1611742362&fvip=5&keepalive=yes&c=WEB&txp=5511222&n=vMR5dU5eJrFRbFyeCSXF&sparams=expire%2Cei%2Cip%2Cid%2Citag%2Csource%2Crequiressl%2Cvprv%2Cmime%2Cns%2Cgir%2Cclen%2Cdur%2Clmt&lsparams=mh%2Cmm%2Cmn%2Cms%2Cmv%2Cmvi%2Cpcm2cms%2Cpl%2Cinitcwndbps&lsig=AG3C_xAwRQIgG4Yv9_uYxzNwNJ194bRunypNxVubyvCN9egSCesMcWoCIQDr1qna2LY74K-HsFWs6DgOTCQB3HVrK2RC_jpETihcSQ%3D%3D&sig=AOq0QJ8wRQIhAP_IdR_mn_d59YSN84dNPBVUyZoIRl-uMEZ89mHHxF0VAiARFHQI9V2lWay47KfApDfRZy0KNFhgnDfexWfEcDNVBw==&ratebypass=yes", "player_url": "/s/player/c6df6ed7/player_ias.vflset/en_US/base.js", "ext": "webm", "format_note": "tiny", "acodec": "opus", "abr": 160, "asr": 48000, "filesize": 5025999, "fps": null, "height": null, "tbr": 159.828, "width": null, "vcodec": "none", "downloader_options": {"http_chunk_size": 10485760}, "format": "251 - audio only (tiny)", "protocol": "https", "http_headers": {"User-Agent": "Mozilla/5.0 (Windows NT 10.0; Win64; x64) AppleWebKit/537.36 (KHTML, like Gecko) Chrome/72.0.3626.25 Safari/537.36", "Accept-Charset": "ISO-8859-1,utf-8;q=0.7,*;q=0.7", "Accept": "text/html,application/xhtml+xml,application/xml;q=0.9,*/*;q=0.8", "Accept-Encoding": "gzip, deflate", "Accept-Language": "en-us,en;q=0.5"}}, {"format_id": "160", "url": "https://r5---sn-5njj-u2xl.googlevideo.com/videoplayback?expire=1611764293&ei=5T0RYLjYBMW8igbv0pDoBQ&ip=140.109.135.76&id=o-AMvIkSmJfHPWXQbF1WVNnO7T9469RAe4dOCBDqRTpyWz&itag=160&aitags=133%2C134%2C135%2C136%2C137%2C160%2C242%2C243%2C244%2C247%2C248%2C278&source=youtube&requiressl=yes&mh=HH&mm=31%2C29&mn=sn-5njj-u2xl%2Csn-un57en7s&ms=au%2Crdu&mv=m&mvi=5&pcm2cms=yes&pl=16&initcwndbps=546250&vprv=1&mime=video%2Fmp4&ns=KMRAazDX-XuvHx-EU2NTOmsF&gir=yes&clen=1528295&dur=274.073&lmt=1608423107129282&mt=1611742362&fvip=5&keepalive=yes&c=WEB&txp=5535432&n=vMR5dU5eJrFRbFyeCSXF&sparams=expire%2Cei%2Cip%2Cid%2Caitags%2Csource%2Crequiressl%2Cvprv%2Cmime%2Cns%2Cgir%2Cclen%2Cdur%2Clmt&lsparams=mh%2Cmm%2Cmn%2Cms%2Cmv%2Cmvi%2Cpcm2cms%2Cpl%2Cinitcwndbps&lsig=AG3C_xAwRQIgIScl7N_VodJgxRt58Rx9tLut2jAmrBaFLYlivpAZOgoCIQD97G1kuBv8emkBkD0VghnwnC2UioFRqXWMoZ5wNi6Q0w%3D%3D&sig=AOq0QJ8wRgIhAMqTZKKY-KtNl0qkhEq_n5nrSlISN6hVmw-KZow9nUolAiEA2O6VNMW17-d7efpXJN3WZ4-4tuTpkWr2oH0neWM-nWs=&ratebypass=yes", "player_url": "/s/player/c6df6ed7/player_ias.vflset/en_US/base.js", "ext": "mp4", "height": 144, "format_note": "144p", "vcodec": "avc1.4d400c", "asr": null, "filesize": 1528295, "fps": 30, "tbr": 63.365, "width": 256, "acodec": "none", "downloader_options": {"http_chunk_size": 10485760}, "format": "160 - 256x144 (144p)", "protocol": "https", "http_headers": {"User-Agent": "Mozilla/5.0 (Windows NT 10.0; Win64; x64) AppleWebKit/537.36 (KHTML, like Gecko) Chrome/72.0.3626.25 Safari/537.36", "Accept-Charset": "ISO-8859-1,utf-8;q=0.7,*;q=0.7", "Accept": "text/html,application/xhtml+xml,application/xml;q=0.9,*/*;q=0.8", "Accept-Encoding": "gzip, deflate", "Accept-Language": "en-us,en;q=0.5"}}, {"format_id": "133", "url": "https://r5---sn-5njj-u2xl.googlevideo.com/videoplayback?expire=1611764293&ei=5T0RYLjYBMW8igbv0pDoBQ&ip=140.109.135.76&id=o-AMvIkSmJfHPWXQbF1WVNnO7T9469RAe4dOCBDqRTpyWz&itag=133&aitags=133%2C134%2C135%2C136%2C137%2C160%2C242%2C243%2C244%2C247%2C248%2C278&source=youtube&requiressl=yes&mh=HH&mm=31%2C29&mn=sn-5njj-u2xl%2Csn-un57en7s&ms=au%2Crdu&mv=m&mvi=5&pcm2cms=yes&pl=16&initcwndbps=546250&vprv=1&mime=video%2Fmp4&ns=KMRAazDX-XuvHx-EU2NTOmsF&gir=yes&clen=2256266&dur=274.073&lmt=1608423107080566&mt=1611742362&fvip=5&keepalive=yes&c=WEB&txp=5535432&n=vMR5dU5eJrFRbFyeCSXF&sparams=expire%2Cei%2Cip%2Cid%2Caitags%2Csource%2Crequiressl%2Cvprv%2Cmime%2Cns%2Cgir%2Cclen%2Cdur%2Clmt&lsparams=mh%2Cmm%2Cmn%2Cms%2Cmv%2Cmvi%2Cpcm2cms%2Cpl%2Cinitcwndbps&lsig=AG3C_xAwRQIgP1PJyDN2q_6-quIwC4OhshsLS1zOxeGird0e4gRmKUQCIQC37Ww_JVwuPY7m8iiHvk-VE86UtmqTzpfmOibMyPuFoA%3D%3D&sig=AOq0QJ8wRQIgEbb3kyE9L9fGuSHZ0B_4FptkZJkoY2uhH4LZwl_0x54CIQC1_Yp45s7E6MdTRaaI245EXOK5aT1wJSMppZkhSOHmIg==&ratebypass=yes", "player_url": "/s/player/c6df6ed7/player_ias.vflset/en_US/base.js", "ext": "mp4", "height": 240, "format_note": "240p", "vcodec": "avc1.4d4015", "asr": null, "filesize": 2256266, "fps": 30, "tbr": 93.893, "width": 426, "acodec": "none", "downloader_options": {"http_chunk_size": 10485760}, "format": "133 - 426x240 (240p)", "protocol": "https", "http_headers": {"User-Agent": "Mozilla/5.0 (Windows NT 10.0; Win64; x64) AppleWebKit/537.36 (KHTML, like Gecko) Chrome/72.0.3626.25 Safari/537.36", "Accept-Charset": "ISO-8859-1,utf-8;q=0.7,*;q=0.7", "Accept": "text/html,application/xhtml+xml,application/xml;q=0.9,*/*;q=0.8", "Accept-Encoding": "gzip, deflate", "Accept-Language": "en-us,en;q=0.5"}}, {"format_id": "278", "url": "https://r5---sn-5njj-u2xl.googlevideo.com/videoplayback?expire=1611764293&ei=5T0RYLjYBMW8igbv0pDoBQ&ip=140.109.135.76&id=o-AMvIkSmJfHPWXQbF1WVNnO7T9469RAe4dOCBDqRTpyWz&itag=278&aitags=133%2C134%2C135%2C136%2C137%2C160%2C242%2C243%2C244%2C247%2C248%2C278&source=youtube&requiressl=yes&mh=HH&mm=31%2C29&mn=sn-5njj-u2xl%2Csn-un57en7s&ms=au%2Crdu&mv=m&mvi=5&pcm2cms=yes&pl=16&initcwndbps=546250&vprv=1&mime=video%2Fwebm&ns=KMRAazDX-XuvHx-EU2NTOmsF&gir=yes&clen=3757592&dur=274.073&lmt=1541758586140382&mt=1611742362&fvip=5&keepalive=yes&c=WEB&txp=5533432&n=vMR5dU5eJrFRbFyeCSXF&sparams=expire%2Cei%2Cip%2Cid%2Caitags%2Csource%2Crequiressl%2Cvprv%2Cmime%2Cns%2Cgir%2Cclen%2Cdur%2Clmt&lsparams=mh%2Cmm%2Cmn%2Cms%2Cmv%2Cmvi%2Cpcm2cms%2Cpl%2Cinitcwndbps&lsig=AG3C_xAwRgIhAPZZVJe2vu8HcD2TEw62EIcEA2IfeIcnV_4DI95bEA6sAiEAlPGKj45pSkvp0o65XJ9yGR70FiBAfrQuds_5KtGF9ZQ%3D&sig=AOq0QJ8wRgIhAK9kt7Ez92v9piuIisJtcQK5oy1ArlKrNFXdSWncrnWvAiEA4YvQULd5rq_NMwFvErVQ-vkO02xmbgGVjRQKP05ILPk=&ratebypass=yes", "player_url": "/s/player/c6df6ed7/player_ias.vflset/en_US/base.js", "ext": "webm", "height": 144, "format_note": "144p", "container": "webm", "vcodec": "vp9", "asr": null, "filesize": 3757592, "fps": 30, "tbr": 130.438, "width": 256, "acodec": "none", "downloader_options": {"http_chunk_size": 10485760}, "format": "278 - 256x144 (144p)", "protocol": "https", "http_headers": {"User-Agent": "Mozilla/5.0 (Windows NT 10.0; Win64; x64) AppleWebKit/537.36 (KHTML, like Gecko) Chrome/72.0.3626.25 Safari/537.36", "Accept-Charset": "ISO-8859-1,utf-8;q=0.7,*;q=0.7", "Accept": "text/html,application/xhtml+xml,application/xml;q=0.9,*/*;q=0.8", "Accept-Encoding": "gzip, deflate", "Accept-Language": "en-us,en;q=0.5"}}, {"format_id": "242", "url": "https://r5---sn-5njj-u2xl.googlevideo.com/videoplayback?expire=1611764293&ei=5T0RYLjYBMW8igbv0pDoBQ&ip=140.109.135.76&id=o-AMvIkSmJfHPWXQbF1WVNnO7T9469RAe4dOCBDqRTpyWz&itag=242&aitags=133%2C134%2C135%2C136%2C137%2C160%2C242%2C243%2C244%2C247%2C248%2C278&source=youtube&requiressl=yes&mh=HH&mm=31%2C29&mn=sn-5njj-u2xl%2Csn-un57en7s&ms=au%2Crdu&mv=m&mvi=5&pcm2cms=yes&pl=16&initcwndbps=546250&vprv=1&mime=video%2Fwebm&ns=KMRAazDX-XuvHx-EU2NTOmsF&gir=yes&clen=3777988&dur=274.073&lmt=1541758694327209&mt=1611742362&fvip=5&keepalive=yes&c=WEB&txp=5533432&n=vMR5dU5eJrFRbFyeCSXF&sparams=expire%2Cei%2Cip%2Cid%2Caitags%2Csource%2Crequiressl%2Cvprv%2Cmime%2Cns%2Cgir%2Cclen%2Cdur%2Clmt&lsparams=mh%2Cmm%2Cmn%2Cms%2Cmv%2Cmvi%2Cpcm2cms%2Cpl%2Cinitcwndbps&lsig=AG3C_xAwRAIgeSvi4w7JaLeuzX9gFkCTxOSSzc7FF8SdtvaKN9tuNo8CIBHTt1WHrcD_OjD9OnqpL-eXvQyQm61fyZ4w0rimQ9hs&sig=AOq0QJ8wRQIgSkLRop1ttW3T8oN0woalK0RCE-ev7DVFt7Zwzf_TFocCIQD68so-vBbXGK8O-htQdHwwwaQLRawO0GgQYx5QIgKwZA==&ratebypass=yes", "player_url": "/s/player/c6df6ed7/player_ias.vflset/en_US/base.js", "ext": "webm", "height": 240, "format_note": "240p", "vcodec": "vp9", "asr": null, "filesize": 3777988, "fps": 30, "tbr": 136.605, "width": 426, "acodec": "none", "downloader_options": {"http_chunk_size": 10485760}, "format": "242 - 426x240 (240p)", "protocol": "https", "http_headers": {"User-Agent": "Mozilla/5.0 (Windows NT 10.0; Win64; x64) AppleWebKit/537.36 (KHTML, like Gecko) Chrome/72.0.3626.25 Safari/537.36", "Accept-Charset": "ISO-8859-1,utf-8;q=0.7,*;q=0.7", "Accept": "text/html,application/xhtml+xml,application/xml;q=0.9,*/*;q=0.8", "Accept-Encoding": "gzip, deflate", "Accept-Language": "en-us,en;q=0.5"}}, {"format_id": "134", "url": "https://r5---sn-5njj-u2xl.googlevideo.com/videoplayback?expire=1611764293&ei=5T0RYLjYBMW8igbv0pDoBQ&ip=140.109.135.76&id=o-AMvIkSmJfHPWXQbF1WVNnO7T9469RAe4dOCBDqRTpyWz&itag=134&aitags=133%2C134%2C135%2C136%2C137%2C160%2C242%2C243%2C244%2C247%2C248%2C278&source=youtube&requiressl=yes&mh=HH&mm=31%2C29&mn=sn-5njj-u2xl%2Csn-un57en7s&ms=au%2Crdu&mv=m&mvi=5&pcm2cms=yes&pl=16&initcwndbps=546250&vprv=1&mime=video%2Fmp4&ns=KMRAazDX-XuvHx-EU2NTOmsF&gir=yes&clen=4146250&dur=274.073&lmt=1608423107079711&mt=1611742362&fvip=5&keepalive=yes&c=WEB&txp=5535432&n=vMR5dU5eJrFRbFyeCSXF&sparams=expire%2Cei%2Cip%2Cid%2Caitags%2Csource%2Crequiressl%2Cvprv%2Cmime%2Cns%2Cgir%2Cclen%2Cdur%2Clmt&lsparams=mh%2Cmm%2Cmn%2Cms%2Cmv%2Cmvi%2Cpcm2cms%2Cpl%2Cinitcwndbps&lsig=AG3C_xAwRQIgdZkuDYt1ZFPDqDaK2mE5eUiWd4Pi0pJ-3O1_PFZDAAMCIQDi_8ZqlwGZg2ERVG5X1T75VIy4ki-j6PxHQYz6fWxw3g%3D%3D&sig=AOq0QJ8wRAIgAMFtwl9HJzqHS4Kv5MYfU1af7AV-3SjLENV66El4EzQCIHlZcHRiPu9l9gve81pW9h2qht1mipljsCH3ykGhenct&ratebypass=yes", "player_url": "/s/player/c6df6ed7/player_ias.vflset/en_US/base.js", "ext": "mp4", "height": 360, "format_note": "360p", "vcodec": "avc1.4d401e", "asr": null, "filesize": 4146250, "fps": 30, "tbr": 162.012, "width": 640, "acodec": "none", "downloader_options": {"http_chunk_size": 10485760}, "format": "134 - 640x360 (360p)", "protocol": "https", "http_headers": {"User-Agent": "Mozilla/5.0 (Windows NT 10.0; Win64; x64) AppleWebKit/537.36 (KHTML, like Gecko) Chrome/72.0.3626.25 Safari/537.36", "Accept-Charset": "ISO-8859-1,utf-8;q=0.7,*;q=0.7", "Accept": "text/html,application/xhtml+xml,application/xml;q=0.9,*/*;q=0.8", "Accept-Encoding": "gzip, deflate", "Accept-Language": "en-us,en;q=0.5"}}, {"format_id": "243", "url": "https://r5---sn-5njj-u2xl.googlevideo.com/videoplayback?expire=1611764293&ei=5T0RYLjYBMW8igbv0pDoBQ&ip=140.109.135.76&id=o-AMvIkSmJfHPWXQbF1WVNnO7T9469RAe4dOCBDqRTpyWz&itag=243&aitags=133%2C134%2C135%2C136%2C137%2C160%2C242%2C243%2C244%2C247%2C248%2C278&source=youtube&requiressl=yes&mh=HH&mm=31%2C29&mn=sn-5njj-u2xl%2Csn-un57en7s&ms=au%2Crdu&mv=m&mvi=5&pcm2cms=yes&pl=16&initcwndbps=546250&vprv=1&mime=video%2Fwebm&ns=KMRAazDX-XuvHx-EU2NTOmsF&gir=yes&clen=6787319&dur=274.073&lmt=1541758544564030&mt=1611742362&fvip=5&keepalive=yes&c=WEB&txp=5533432&n=vMR5dU5eJrFRbFyeCSXF&sparams=expire%2Cei%2Cip%2Cid%2Caitags%2Csource%2Crequiressl%2Cvprv%2Cmime%2Cns%2Cgir%2Cclen%2Cdur%2Clmt&lsparams=mh%2Cmm%2Cmn%2Cms%2Cmv%2Cmvi%2Cpcm2cms%2Cpl%2Cinitcwndbps&lsig=AG3C_xAwRQIgDUaEbEkqu5OQZK9OneBpv7MuiNUsTYOiSdwnOzuMJNcCIQDoY1C3A2U9UfBOaECeadWsStbfR6vaKNbWM7MLDc-JDg%3D%3D&sig=AOq0QJ8wRQIgfN5KnO_-PcEf0GDKyzFjK_jcIuFePG2vIzJqwxjDipACIQCcyXC4Qgd4SI_-qwf-bUfWbKEkCdH0zvSXPhL6eOjDkQ==&ratebypass=yes", "player_url": "/s/player/c6df6ed7/player_ias.vflset/en_US/base.js", "ext": "webm", "height": 360, "format_note": "360p", "vcodec": "vp9", "asr": null, "filesize": 6787319, "fps": 30, "tbr": 247.133, "width": 640, "acodec": "none", "downloader_options": {"http_chunk_size": 10485760}, "format": "243 - 640x360 (360p)", "protocol": "https", "http_headers": {"User-Agent": "Mozilla/5.0 (Windows NT 10.0; Win64; x64) AppleWebKit/537.36 (KHTML, like Gecko) Chrome/72.0.3626.25 Safari/537.36", "Accept-Charset": "ISO-8859-1,utf-8;q=0.7,*;q=0.7", "Accept": "text/html,application/xhtml+xml,application/xml;q=0.9,*/*;q=0.8", "Accept-Encoding": "gzip, deflate", "Accept-Language": "en-us,en;q=0.5"}}, {"format_id": "135", "url": "https://r5---sn-5njj-u2xl.googlevideo.com/videoplayback?expire=1611764293&ei=5T0RYLjYBMW8igbv0pDoBQ&ip=140.109.135.76&id=o-AMvIkSmJfHPWXQbF1WVNnO7T9469RAe4dOCBDqRTpyWz&itag=135&aitags=133%2C134%2C135%2C136%2C137%2C160%2C242%2C243%2C244%2C247%2C248%2C278&source=youtube&requiressl=yes&mh=HH&mm=31%2C29&mn=sn-5njj-u2xl%2Csn-un57en7s&ms=au%2Crdu&mv=m&mvi=5&pcm2cms=yes&pl=16&initcwndbps=546250&vprv=1&mime=video%2Fmp4&ns=KMRAazDX-XuvHx-EU2NTOmsF&gir=yes&clen=6545711&dur=274.073&lmt=1608423107080408&mt=1611742362&fvip=5&keepalive=yes&c=WEB&txp=5535432&n=vMR5dU5eJrFRbFyeCSXF&sparams=expire%2Cei%2Cip%2Cid%2Caitags%2Csource%2Crequiressl%2Cvprv%2Cmime%2Cns%2Cgir%2Cclen%2Cdur%2Clmt&lsparams=mh%2Cmm%2Cmn%2Cms%2Cmv%2Cmvi%2Cpcm2cms%2Cpl%2Cinitcwndbps&lsig=AG3C_xAwRgIhAKuUotGxeyO738rfUxy62di_XfVZqah3jkQXEQPRIMFYAiEAsHgyimGIHF7pvsI4Qvd952lqtN7Xxu5ZMvUG8Eize0Q%3D&sig=AOq0QJ8wRAIgaDA075fj1ZXELxr3Qp687mIbxV_kqgeufzOcaGr32CwCIArLi8i7B1c9RgVjfwByHVTqCn2-Ehac4u5t3HtYhLOY&ratebypass=yes", "player_url": "/s/player/c6df6ed7/player_ias.vflset/en_US/base.js", "ext": "mp4", "height": 480, "format_note": "480p", "vcodec": "avc1.4d401f", "asr": null, "filesize": 6545711, "fps": 30, "tbr": 250.365, "width": 854, "acodec": "none", "downloader_options": {"http_chunk_size": 10485760}, "format": "135 - 854x480 (480p)", "protocol": "https", "http_headers": {"User-Agent": "Mozilla/5.0 (Windows NT 10.0; Win64; x64) AppleWebKit/537.36 (KHTML, like Gecko) Chrome/72.0.3626.25 Safari/537.36", "Accept-Charset": "ISO-8859-1,utf-8;q=0.7,*;q=0.7", "Accept": "text/html,application/xhtml+xml,application/xml;q=0.9,*/*;q=0.8", "Accept-Encoding": "gzip, deflate", "Accept-Language": "en-us,en;q=0.5"}}, {"format_id": "244", "url": "https://r5---sn-5njj-u2xl.googlevideo.com/videoplayback?expire=1611764293&ei=5T0RYLjYBMW8igbv0pDoBQ&ip=140.109.135.76&id=o-AMvIkSmJfHPWXQbF1WVNnO7T9469RAe4dOCBDqRTpyWz&itag=244&aitags=133%2C134%2C135%2C136%2C137%2C160%2C242%2C243%2C244%2C247%2C248%2C278&source=youtube&requiressl=yes&mh=HH&mm=31%2C29&mn=sn-5njj-u2xl%2Csn-un57en7s&ms=au%2Crdu&mv=m&mvi=5&pcm2cms=yes&pl=16&initcwndbps=546250&vprv=1&mime=video%2Fwebm&ns=KMRAazDX-XuvHx-EU2NTOmsF&gir=yes&clen=10162719&dur=274.073&lmt=1541758720611311&mt=1611742362&fvip=5&keepalive=yes&c=WEB&txp=5533432&n=vMR5dU5eJrFRbFyeCSXF&sparams=expire%2Cei%2Cip%2Cid%2Caitags%2Csource%2Crequiressl%2Cvprv%2Cmime%2Cns%2Cgir%2Cclen%2Cdur%2Clmt&lsparams=mh%2Cmm%2Cmn%2Cms%2Cmv%2Cmvi%2Cpcm2cms%2Cpl%2Cinitcwndbps&lsig=AG3C_xAwRQIgGFWEmT9AZ6Ls1sNERyABtXcfbJDhdFtbAP8DSwuvYdoCIQClO07W6vzGaNiLKdwsifNA9DJrvTBpE8Vt-jI4B9-YKQ%3D%3D&sig=AOq0QJ8wRgIhALkO7wjbpp3nQB00xSWSxso4-n2VERZkNkUZZrzVw510AiEApdcNgfnQADhaLkW5aH4sB9nw_ip5BXw-4SSAmwBmU4o=&ratebypass=yes", "player_url": "/s/player/c6df6ed7/player_ias.vflset/en_US/base.js", "ext": "webm", "height": 480, "format_note": "480p", "vcodec": "vp9", "asr": null, "filesize": 10162719, "fps": 30, "tbr": 372.743, "width": 854, "acodec": "none", "downloader_options": {"http_chunk_size": 10485760}, "format": "244 - 854x480 (480p)", "protocol": "https", "http_headers": {"User-Agent": "Mozilla/5.0 (Windows NT 10.0; Win64; x64) AppleWebKit/537.36 (KHTML, like Gecko) Chrome/72.0.3626.25 Safari/537.36", "Accept-Charset": "ISO-8859-1,utf-8;q=0.7,*;q=0.7", "Accept": "text/html,application/xhtml+xml,application/xml;q=0.9,*/*;q=0.8", "Accept-Encoding": "gzip, deflate", "Accept-Language": "en-us,en;q=0.5"}}, {"format_id": "136", "url": "https://r5---sn-5njj-u2xl.googlevideo.com/videoplayback?expire=1611764293&ei=5T0RYLjYBMW8igbv0pDoBQ&ip=140.109.135.76&id=o-AMvIkSmJfHPWXQbF1WVNnO7T9469RAe4dOCBDqRTpyWz&itag=136&aitags=133%2C134%2C135%2C136%2C137%2C160%2C242%2C243%2C244%2C247%2C248%2C278&source=youtube&requiressl=yes&mh=HH&mm=31%2C29&mn=sn-5njj-u2xl%2Csn-un57en7s&ms=au%2Crdu&mv=m&mvi=5&pcm2cms=yes&pl=16&initcwndbps=546250&vprv=1&mime=video%2Fmp4&ns=KMRAazDX-XuvHx-EU2NTOmsF&gir=yes&clen=12677406&dur=274.073&lmt=1608423107085915&mt=1611742362&fvip=5&keepalive=yes&c=WEB&txp=5535432&n=vMR5dU5eJrFRbFyeCSXF&sparams=expire%2Cei%2Cip%2Cid%2Caitags%2Csource%2Crequiressl%2Cvprv%2Cmime%2Cns%2Cgir%2Cclen%2Cdur%2Clmt&lsparams=mh%2Cmm%2Cmn%2Cms%2Cmv%2Cmvi%2Cpcm2cms%2Cpl%2Cinitcwndbps&lsig=AG3C_xAwRQIgRpmdCeFv9ZD-ORLXToFJW1OWsq2TTzXhZAsGEt9XtSkCIQDxfyVN2QDUDZMJkelib8UZgvIQR28OC_6MybE_sburvQ%3D%3D&sig=AOq0QJ8wRQIhANNyEwntDe_BeYbc7xE6D7ESeSXPWJQZafhVxtDYcWMSAiB5EMk7C2wCIWlrIP1GoPE_rVHMb-fPzglJpLAUAa-INA==&ratebypass=yes", "player_url": "/s/player/c6df6ed7/player_ias.vflset/en_US/base.js", "ext": "mp4", "height": 720, "format_note": "720p", "vcodec": "avc1.4d401f", "asr": null, "filesize": 12677406, "fps": 30, "tbr": 484.843, "width": 1280, "acodec": "none", "downloader_options": {"http_chunk_size": 10485760}, "format": "136 - 1280x720 (720p)", "protocol": "https", "http_headers": {"User-Agent": "Mozilla/5.0 (Windows NT 10.0; Win64; x64) AppleWebKit/537.36 (KHTML, like Gecko) Chrome/72.0.3626.25 Safari/537.36", "Accept-Charset": "ISO-8859-1,utf-8;q=0.7,*;q=0.7", "Accept": "text/html,application/xhtml+xml,application/xml;q=0.9,*/*;q=0.8", "Accept-Encoding": "gzip, deflate", "Accept-Language": "en-us,en;q=0.5"}}, {"format_id": "247", "url": "https://r5---sn-5njj-u2xl.googlevideo.com/videoplayback?expire=1611764293&ei=5T0RYLjYBMW8igbv0pDoBQ&ip=140.109.135.76&id=o-AMvIkSmJfHPWXQbF1WVNnO7T9469RAe4dOCBDqRTpyWz&itag=247&aitags=133%2C134%2C135%2C136%2C137%2C160%2C242%2C243%2C244%2C247%2C248%2C278&source=youtube&requiressl=yes&mh=HH&mm=31%2C29&mn=sn-5njj-u2xl%2Csn-un57en7s&ms=au%2Crdu&mv=m&mvi=5&pcm2cms=yes&pl=16&initcwndbps=546250&vprv=1&mime=video%2Fwebm&ns=KMRAazDX-XuvHx-EU2NTOmsF&gir=yes&clen=17918915&dur=274.073&lmt=1541758628699895&mt=1611742362&fvip=5&keepalive=yes&c=WEB&txp=5533432&n=vMR5dU5eJrFRbFyeCSXF&sparams=expire%2Cei%2Cip%2Cid%2Caitags%2Csource%2Crequiressl%2Cvprv%2Cmime%2Cns%2Cgir%2Cclen%2Cdur%2Clmt&lsparams=mh%2Cmm%2Cmn%2Cms%2Cmv%2Cmvi%2Cpcm2cms%2Cpl%2Cinitcwndbps&lsig=AG3C_xAwRQIhANddKL07kdIqNgWnv-peKCgDDqz7JHcKwrWaaVQQ6tZdAiAwIGQUfc5Nb5jRlXHtIlzE9DTHFob0Lv8nRg5_hA66IA%3D%3D&sig=AOq0QJ8wRQIhAMN09tBGwLUxBDHrBjZgXmZ3r7va3QO59nHTNQip2iV4AiAoq6O3yA545oFlu0M6c-ok2uFRIHpV80CfgaB04uq62g==&ratebypass=yes", "player_url": "/s/player/c6df6ed7/player_ias.vflset/en_US/base.js", "ext": "webm", "height": 720, "format_note": "720p", "vcodec": "vp9", "asr": null, "filesize": 17918915, "fps": 30, "tbr": 755.051, "width": 1280, "acodec": "none", "downloader_options": {"http_chunk_size": 10485760}, "format": "247 - 1280x720 (720p)", "protocol": "https", "http_headers": {"User-Agent": "Mozilla/5.0 (Windows NT 10.0; Win64; x64) AppleWebKit/537.36 (KHTML, like Gecko) Chrome/72.0.3626.25 Safari/537.36", "Accept-Charset": "ISO-8859-1,utf-8;q=0.7,*;q=0.7", "Accept": "text/html,application/xhtml+xml,application/xml;q=0.9,*/*;q=0.8", "Accept-Encoding": "gzip, deflate", "Accept-Language": "en-us,en;q=0.5"}}, {"format_id": "248", "url": "https://r5---sn-5njj-u2xl.googlevideo.com/videoplayback?expire=1611764293&ei=5T0RYLjYBMW8igbv0pDoBQ&ip=140.109.135.76&id=o-AMvIkSmJfHPWXQbF1WVNnO7T9469RAe4dOCBDqRTpyWz&itag=248&aitags=133%2C134%2C135%2C136%2C137%2C160%2C242%2C243%2C244%2C247%2C248%2C278&source=youtube&requiressl=yes&mh=HH&mm=31%2C29&mn=sn-5njj-u2xl%2Csn-un57en7s&ms=au%2Crdu&mv=m&mvi=5&pcm2cms=yes&pl=16&initcwndbps=546250&vprv=1&mime=video%2Fwebm&ns=KMRAazDX-XuvHx-EU2NTOmsF&gir=yes&clen=29292541&dur=274.073&lmt=1541759874993894&mt=1611742362&fvip=5&keepalive=yes&c=WEB&txp=5533432&n=vMR5dU5eJrFRbFyeCSXF&sparams=expire%2Cei%2Cip%2Cid%2Caitags%2Csource%2Crequiressl%2Cvprv%2Cmime%2Cns%2Cgir%2Cclen%2Cdur%2Clmt&lsparams=mh%2Cmm%2Cmn%2Cms%2Cmv%2Cmvi%2Cpcm2cms%2Cpl%2Cinitcwndbps&lsig=AG3C_xAwRQIhAJVjRaB01a_iMYdjT5tHhmbFsjpqYwV3MnBPV6L-EsP1AiBsOM1_09-m4I2IzuFX9nIYgmFW79A4Yj9ZKaZJfeUqGA%3D%3D&sig=AOq0QJ8wRQIgfhQBbVhi3OQDTh6RyhsxLst9GF2yc-4JhGi5wmoJ67ECIQCmDQkR0FXkVySK7Z591oLVsdv6RbaJaiC57C_qjKwWHg==&ratebypass=yes", "player_url": "/s/player/c6df6ed7/player_ias.vflset/en_US/base.js", "ext": "webm", "height": 1080, "format_note": "1080p", "vcodec": "vp9", "asr": null, "filesize": 29292541, "fps": 30, "tbr": 1291.531, "width": 1920, "acodec": "none", "downloader_options": {"http_chunk_size": 10485760}, "format": "248 - 1920x1080 (1080p)", "protocol": "https", "http_headers": {"User-Agent": "Mozilla/5.0 (Windows NT 10.0; Win64; x64) AppleWebKit/537.36 (KHTML, like Gecko) Chrome/72.0.3626.25 Safari/537.36", "Accept-Charset": "ISO-8859-1,utf-8;q=0.7,*;q=0.7", "Accept": "text/html,application/xhtml+xml,application/xml;q=0.9,*/*;q=0.8", "Accept-Encoding": "gzip, deflate", "Accept-Language": "en-us,en;q=0.5"}}, {"format_id": "137", "url": "https://r5---sn-5njj-u2xl.googlevideo.com/videoplayback?expire=1611764293&ei=5T0RYLjYBMW8igbv0pDoBQ&ip=140.109.135.76&id=o-AMvIkSmJfHPWXQbF1WVNnO7T9469RAe4dOCBDqRTpyWz&itag=137&aitags=133%2C134%2C135%2C136%2C137%2C160%2C242%2C243%2C244%2C247%2C248%2C278&source=youtube&requiressl=yes&mh=HH&mm=31%2C29&mn=sn-5njj-u2xl%2Csn-un57en7s&ms=au%2Crdu&mv=m&mvi=5&pcm2cms=yes&pl=16&initcwndbps=546250&vprv=1&mime=video%2Fmp4&ns=KMRAazDX-XuvHx-EU2NTOmsF&gir=yes&clen=49179694&dur=274.073&lmt=1608421211833436&mt=1611742362&fvip=5&keepalive=yes&c=WEB&txp=5535432&n=vMR5dU5eJrFRbFyeCSXF&sparams=expire%2Cei%2Cip%2Cid%2Caitags%2Csource%2Crequiressl%2Cvprv%2Cmime%2Cns%2Cgir%2Cclen%2Cdur%2Clmt&lsparams=mh%2Cmm%2Cmn%2Cms%2Cmv%2Cmvi%2Cpcm2cms%2Cpl%2Cinitcwndbps&lsig=AG3C_xAwRgIhAK7PRQtLvlwRRn_Sapuhx_gd7fzAdN-FqRvQJJ6vrWvQAiEAma9xQard1WGDI2aztlgvIY1VrD8EW6UbavNLsR3RWc0%3D&sig=AOq0QJ8wRQIhAM9o013DDhlNWltu93QIg-OUXv0cZkMsEJQKlIDyDOe5AiAYrZqRMJ3eWBOgf8eEhHaWOrExTSVaClulv7PY1ZbjiQ==&ratebypass=yes", "player_url": "/s/player/c6df6ed7/player_ias.vflset/en_US/base.js", "ext": "mp4", "height": 1080, "format_note": "1080p", "vcodec": "avc1.640028", "asr": null, "filesize": 49179694, "fps": 30, "tbr": 1842.92, "width": 1920, "acodec": "none", "downloader_options": {"http_chunk_size": 10485760}, "format": "137 - 1920x1080 (1080p)", "protocol": "https", "http_headers": {"User-Agent": "Mozilla/5.0 (Windows NT 10.0; Win64; x64) AppleWebKit/537.36 (KHTML, like Gecko) Chrome/72.0.3626.25 Safari/537.36", "Accept-Charset": "ISO-8859-1,utf-8;q=0.7,*;q=0.7", "Accept": "text/html,application/xhtml+xml,application/xml;q=0.9,*/*;q=0.8", "Accept-Encoding": "gzip, deflate", "Accept-Language": "en-us,en;q=0.5"}}, {"format_id": "18", "url": "https://r5---sn-5njj-u2xl.googlevideo.com/videoplayback?expire=1611764293&ei=5T0RYLjYBMW8igbv0pDoBQ&ip=140.109.135.76&id=o-AMvIkSmJfHPWXQbF1WVNnO7T9469RAe4dOCBDqRTpyWz&itag=18&source=youtube&requiressl=yes&mh=HH&mm=31%2C29&mn=sn-5njj-u2xl%2Csn-un57en7s&ms=au%2Crdu&mv=m&mvi=5&pcm2cms=yes&pl=16&initcwndbps=546250&vprv=1&mime=video%2Fmp4&ns=KNNBKsDGzW7V1K1TXi0gQWoF&gir=yes&clen=15667033&ratebypass=yes&dur=274.134&lmt=1541749740732179&mt=1611742362&fvip=5&c=WEB&txp=5531432&n=rKO2IXz-azJ1esnmBWYI&sparams=expire%2Cei%2Cip%2Cid%2Citag%2Csource%2Crequiressl%2Cvprv%2Cmime%2Cns%2Cgir%2Cclen%2Cratebypass%2Cdur%2Clmt&lsparams=mh%2Cmm%2Cmn%2Cms%2Cmv%2Cmvi%2Cpcm2cms%2Cpl%2Cinitcwndbps&lsig=AG3C_xAwRAIgGq2vgrAvJl9d8B3wul6kvKTSkXj7apWiP2hQ6V0AlFkCIFg93Mf4-Frb7z6ZEHAGxACPv1oSovpiyD9uJTa0Tdud&sig=AOq0QJ8wRQIgLgzV-gxmuriany-A49hNxvw0nwoZZ6gYISeyL-Ra6AoCIQDGd8kjWqpA9_PVXQfkgj4jZVJ_wNUURJ2fAu0AaIOT0Q==", "player_url": "/s/player/c6df6ed7/player_ias.vflset/en_US/base.js", "ext": "mp4", "width": 640, "height": 360, "acodec": "mp4a.40.2", "abr": 96, "vcodec": "avc1.42001E", "asr": 44100, "filesize": 15667033, "format_note": "360p", "fps": 30, "tbr": 457.309, "format": "18 - 640x360 (360p)", "protocol": "https", "http_headers": {"User-Agent": "Mozilla/5.0 (Windows NT 10.0; Win64; x64) AppleWebKit/537.36 (KHTML, like Gecko) Chrome/72.0.3626.25 Safari/537.36", "Accept-Charset": "ISO-8859-1,utf-8;q=0.7,*;q=0.7", "Accept": "text/html,application/xhtml+xml,application/xml;q=0.9,*/*;q=0.8", "Accept-Encoding": "gzip, deflate", "Accept-Language": "en-us,en;q=0.5"}}], "is_live": null, "start_time": null, "end_time": null, "series": null, "season_number": null, "episode_number": null, "track": "BLACKPINK - Forever Young | Piano Cover", "artist": "Funguypiano", "album": null, "release_date": null, "release_year": null, "extractor": "youtube", "webpage_url_basename": "watch", "extractor_key": "Youtube", "playlist": null, "playlist_index": null, "thumbnail": "https://i.ytimg.com/vi_webp/rIekUpBgxE4/maxresdefault.webp", "display_id": "rIekUpBgxE4", "requested_subtitles": null, "format_id": "251", "url": "https://r5---sn-5njj-u2xl.googlevideo.com/videoplayback?expire=1611764293&ei=5T0RYLjYBMW8igbv0pDoBQ&ip=140.109.135.76&id=o-AMvIkSmJfHPWXQbF1WVNnO7T9469RAe4dOCBDqRTpyWz&itag=251&source=youtube&requiressl=yes&mh=HH&mm=31%2C29&mn=sn-5njj-u2xl%2Csn-un57en7s&ms=au%2Crdu&mv=m&mvi=5&pcm2cms=yes&pl=16&initcwndbps=546250&vprv=1&mime=audio%2Fwebm&ns=KMRAazDX-XuvHx-EU2NTOmsF&gir=yes&clen=5025999&dur=274.101&lmt=1541761042441111&mt=1611742362&fvip=5&keepalive=yes&c=WEB&txp=5511222&n=vMR5dU5eJrFRbFyeCSXF&sparams=expire%2Cei%2Cip%2Cid%2Citag%2Csource%2Crequiressl%2Cvprv%2Cmime%2Cns%2Cgir%2Cclen%2Cdur%2Clmt&lsparams=mh%2Cmm%2Cmn%2Cms%2Cmv%2Cmvi%2Cpcm2cms%2Cpl%2Cinitcwndbps&lsig=AG3C_xAwRQIgG4Yv9_uYxzNwNJ194bRunypNxVubyvCN9egSCesMcWoCIQDr1qna2LY74K-HsFWs6DgOTCQB3HVrK2RC_jpETihcSQ%3D%3D&sig=AOq0QJ8wRQIhAP_IdR_mn_d59YSN84dNPBVUyZoIRl-uMEZ89mHHxF0VAiARFHQI9V2lWay47KfApDfRZy0KNFhgnDfexWfEcDNVBw==&ratebypass=yes", "player_url": "/s/player/c6df6ed7/player_ias.vflset/en_US/base.js", "ext": "webm", "format_note": "tiny", "acodec": "opus", "abr": 160, "asr": 48000, "filesize": 5025999, "fps": null, "height": null, "tbr": 159.828, "width": null, "vcodec": "none", "downloader_options": {"http_chunk_size": 10485760}, "format": "251 - audio only (tiny)", "protocol": "https", "http_headers": {"User-Agent": "Mozilla/5.0 (Windows NT 10.0; Win64; x64) AppleWebKit/537.36 (KHTML, like Gecko) Chrome/72.0.3626.25 Safari/537.36", "Accept-Charset": "ISO-8859-1,utf-8;q=0.7,*;q=0.7", "Accept": "text/html,application/xhtml+xml,application/xml;q=0.9,*/*;q=0.8", "Accept-Encoding": "gzip, deflate", "Accept-Language": "en-us,en;q=0.5"}}