{"id": "ZTrEoB8T9YA", "uploader": "AtinPiano", "uploader_id": "Atin1337", "uploader_url": "http://www.youtube.com/user/Atin1337", "channel_id": "UCkPRBxO9SbNE-2h0XXKz-jg", "channel_url": "http://www.youtube.com/channel/UCkPRBxO9SbNE-2h0XXKz-jg", "upload_date": "20200405", "license": null, "creator": null, "title": "Final Fantasy VII Remake - Battle Theme (Piano Collections) [Advanced]", "alt_title": null, "thumbnails": [{"url": "https://i.ytimg.com/vi/ZTrEoB8T9YA/hqdefault.jpg?sqp=-oaymwEYCKgBEF5IVfKriqkDCwgBFQAAiEIYAXAB&rs=AOn4CLAG1wB9QOOfzhnQ3s15fB7SXeYhgw", "width": 168, "height": 94, "resolution": "168x94", "id": "0"}, {"url": "https://i.ytimg.com/vi/ZTrEoB8T9YA/hqdefault.jpg?sqp=-oaymwEYCMQBEG5IVfKriqkDCwgBFQAAiEIYAXAB&rs=AOn4CLDFwuo5yPtIQVzg67Ah2JBVr_Lj_A", "width": 196, "height": 110, "resolution": "196x110", "id": "1"}, {"url": "https://i.ytimg.com/vi/ZTrEoB8T9YA/hqdefault.jpg?sqp=-oaymwEZCPYBEIoBSFXyq4qpAwsIARUAAIhCGAFwAQ==&rs=AOn4CLAQDGiRp2EH1ZtipFmm1yyaUtdehA", "width": 246, "height": 138, "resolution": "246x138", "id": "2"}, {"url": "https://i.ytimg.com/vi/ZTrEoB8T9YA/hqdefault.jpg?sqp=-oaymwEZCNACELwBSFXyq4qpAwsIARUAAIhCGAFwAQ==&rs=AOn4CLCVaXPCMT47QrIUSpf7xvuldxOv7g", "width": 336, "height": 188, "resolution": "336x188", "id": "3"}, {"url": "https://i.ytimg.com/vi_webp/ZTrEoB8T9YA/maxresdefault.webp", "width": 1920, "height": 1080, "resolution": "1920x1080", "id": "4"}], "description": "\ud83c\udfb9 Learn the piano here: http://goo.gl/Uw5CEn\n\ud83d\udc4d Support me on PATREON: https://www.patreon.com/AtinPiano\n\ud83c\udfb5 Get the SHEET MUSIC: https://musescore.com/zanshiyoi/scores/97072\n\u266b  Listen on SPOTIFY: https://spoti.fi/2WP2DHu\n\u266a   Listen on iTunes: https://apple.co/2VIIkxX\n\n\u25baDISCORD: https://discord.gg/gTcFqym\n\u25baFACEBOOK: http://www.facebook.com/AtinPiano\n\u25baMIDI: https://www.patreon.com/AtinPiano\n\nThe Final Fantasy VII Remake is almost here. It's been a while since I've played a piece as challenging as this. Some of you may remember my original piano cover of Those Who Fight about a decade a go. In time for the remake I thought it would be appropriate to finally do this piece justice.\n\nMusic composed by Nobuo Uematsu\nArranged for piano by Shiro Hamaguchi\n#FinalFantasyVII #Remake \u00a9 Copyright: 2020 Square Enix", "categories": ["Entertainment"], "tags": ["Those Who Fight", "Those Who Fight Final Fantasy VII", "Final Fantasy VII Battle Music", "Final Fantasy 7", "Final Fantasy VII", "Final Fantasy VII Remake", "Those Who Fight Piano Cover"], "subtitles": {}, "automatic_captions": {}, "duration": 273, "age_limit": 0, "annotations": null, "chapters": null, "webpage_url": "https://www.youtube.com/watch?v=ZTrEoB8T9YA", "view_count": 144997, "like_count": 2893, "dislike_count": 157, "average_rating": 4.7940984, "formats": [{"format_id": "249", "url": "https://r5---sn-5njj-u2xl.googlevideo.com/videoplayback?expire=1612299222&ei=dmcZYNbsL-K2s8IPrv6S-A8&ip=140.109.135.76&id=o-AFW3nHMY58mZhIoFh8tJKbhZbv3fqXlBQEDeCVPeOyBL&itag=249&source=youtube&requiressl=yes&mh=TJ&mm=31%2C29&mn=sn-5njj-u2xl%2Csn-un57en7l&ms=au%2Crdu&mv=m&mvi=5&pl=16&initcwndbps=522500&vprv=1&mime=audio%2Fwebm&ns=CT8a4wsolOnxI8R2IUicZ2sF&gir=yes&clen=1859219&dur=272.961&lmt=1586111807032327&mt=1612277347&fvip=5&keepalive=yes&c=WEB&txp=5411222&n=-jOVvayi9v1vOSI38&sparams=expire%2Cei%2Cip%2Cid%2Citag%2Csource%2Crequiressl%2Cvprv%2Cmime%2Cns%2Cgir%2Cclen%2Cdur%2Clmt&sig=AOq0QJ8wRAIgVQbAB-eOBWiSy8JQqk7ZBi7pkrnLqWyXVaFzrpbUEXYCIB8JMkKJAhZDF7peQVsB-S41jH97XUG4bG2WrZh-sabz&lsparams=mh%2Cmm%2Cmn%2Cms%2Cmv%2Cmvi%2Cpl%2Cinitcwndbps&lsig=AG3C_xAwRQIhAIn7mIJLP1T_UCuWS57-tGrX1wK1zcja1HxJiCLUB549AiBi_yzRu6Yhcss8huksvRSbDdQ9eO6aQpH304fU5MHclw%3D%3D&ratebypass=yes", "player_url": null, "ext": "webm", "format_note": "tiny", "acodec": "opus", "abr": 50, "asr": 48000, "filesize": 1859219, "fps": null, "height": null, "tbr": 60.464, "width": null, "vcodec": "none", "downloader_options": {"http_chunk_size": 10485760}, "format": "249 - audio only (tiny)", "protocol": "https", "http_headers": {"User-Agent": "Mozilla/5.0 (Windows NT 10.0; Win64; x64) AppleWebKit/537.36 (KHTML, like Gecko) Chrome/69.0.3497.117 Safari/537.36", "Accept-Charset": "ISO-8859-1,utf-8;q=0.7,*;q=0.7", "Accept": "text/html,application/xhtml+xml,application/xml;q=0.9,*/*;q=0.8", "Accept-Encoding": "gzip, deflate", "Accept-Language": "en-us,en;q=0.5"}}, {"format_id": "250", "url": "https://r5---sn-5njj-u2xl.googlevideo.com/videoplayback?expire=1612299222&ei=dmcZYNbsL-K2s8IPrv6S-A8&ip=140.109.135.76&id=o-AFW3nHMY58mZhIoFh8tJKbhZbv3fqXlBQEDeCVPeOyBL&itag=250&source=youtube&requiressl=yes&mh=TJ&mm=31%2C29&mn=sn-5njj-u2xl%2Csn-un57en7l&ms=au%2Crdu&mv=m&mvi=5&pl=16&initcwndbps=522500&vprv=1&mime=audio%2Fwebm&ns=CT8a4wsolOnxI8R2IUicZ2sF&gir=yes&clen=2463610&dur=272.961&lmt=1586111805426556&mt=1612277347&fvip=5&keepalive=yes&c=WEB&txp=5411222&n=-jOVvayi9v1vOSI38&sparams=expire%2Cei%2Cip%2Cid%2Citag%2Csource%2Crequiressl%2Cvprv%2Cmime%2Cns%2Cgir%2Cclen%2Cdur%2Clmt&sig=AOq0QJ8wRAIgKZ4AzDWhAE3wraa-Wbnh3E3dx6JuDsMn1xzgdx5OM3sCIFVgdpgllNIRJ1iBVJxqv2bC5-3Hrm9_IcXOHm2SHHei&lsparams=mh%2Cmm%2Cmn%2Cms%2Cmv%2Cmvi%2Cpl%2Cinitcwndbps&lsig=AG3C_xAwRQIhAIn7mIJLP1T_UCuWS57-tGrX1wK1zcja1HxJiCLUB549AiBi_yzRu6Yhcss8huksvRSbDdQ9eO6aQpH304fU5MHclw%3D%3D&ratebypass=yes", "player_url": null, "ext": "webm", "format_note": "tiny", "acodec": "opus", "abr": 70, "asr": 48000, "filesize": 2463610, "fps": null, "height": null, "tbr": 79.964, "width": null, "vcodec": "none", "downloader_options": {"http_chunk_size": 10485760}, "format": "250 - audio only (tiny)", "protocol": "https", "http_headers": {"User-Agent": "Mozilla/5.0 (Windows NT 10.0; Win64; x64) AppleWebKit/537.36 (KHTML, like Gecko) Chrome/69.0.3497.117 Safari/537.36", "Accept-Charset": "ISO-8859-1,utf-8;q=0.7,*;q=0.7", "Accept": "text/html,application/xhtml+xml,application/xml;q=0.9,*/*;q=0.8", "Accept-Encoding": "gzip, deflate", "Accept-Language": "en-us,en;q=0.5"}}, {"format_id": "140", "url": "https://r5---sn-5njj-u2xl.googlevideo.com/videoplayback?expire=1612299222&ei=dmcZYNbsL-K2s8IPrv6S-A8&ip=140.109.135.76&id=o-AFW3nHMY58mZhIoFh8tJKbhZbv3fqXlBQEDeCVPeOyBL&itag=140&source=youtube&requiressl=yes&mh=TJ&mm=31%2C29&mn=sn-5njj-u2xl%2Csn-un57en7l&ms=au%2Crdu&mv=m&mvi=5&pl=16&initcwndbps=522500&vprv=1&mime=audio%2Fmp4&ns=CT8a4wsolOnxI8R2IUicZ2sF&gir=yes&clen=4418892&dur=272.996&lmt=1586113652156019&mt=1612277347&fvip=5&keepalive=yes&c=WEB&txp=5431432&n=-jOVvayi9v1vOSI38&sparams=expire%2Cei%2Cip%2Cid%2Citag%2Csource%2Crequiressl%2Cvprv%2Cmime%2Cns%2Cgir%2Cclen%2Cdur%2Clmt&sig=AOq0QJ8wRQIgDCtl_4enm4rZUrn6096vnWJs0vI3IX4fL-ScTaKQkZECIQDi6s0wVU2AlZICQ7WgkH1WJC-Y_4p0sD25UEBHf_VSLA%3D%3D&lsparams=mh%2Cmm%2Cmn%2Cms%2Cmv%2Cmvi%2Cpl%2Cinitcwndbps&lsig=AG3C_xAwRQIhAIn7mIJLP1T_UCuWS57-tGrX1wK1zcja1HxJiCLUB549AiBi_yzRu6Yhcss8huksvRSbDdQ9eO6aQpH304fU5MHclw%3D%3D&ratebypass=yes", "player_url": null, "ext": "m4a", "format_note": "tiny", "acodec": "mp4a.40.2", "abr": 128, "container": "m4a_dash", "asr": 44100, "filesize": 4418892, "fps": null, "height": null, "tbr": 130.611, "width": null, "vcodec": "none", "downloader_options": {"http_chunk_size": 10485760}, "format": "140 - audio only (tiny)", "protocol": "https", "http_headers": {"User-Agent": "Mozilla/5.0 (Windows NT 10.0; Win64; x64) AppleWebKit/537.36 (KHTML, like Gecko) Chrome/69.0.3497.117 Safari/537.36", "Accept-Charset": "ISO-8859-1,utf-8;q=0.7,*;q=0.7", "Accept": "text/html,application/xhtml+xml,application/xml;q=0.9,*/*;q=0.8", "Accept-Encoding": "gzip, deflate", "Accept-Language": "en-us,en;q=0.5"}}, {"format_id": "251", "url": "https://r5---sn-5njj-u2xl.googlevideo.com/videoplayback?expire=1612299222&ei=dmcZYNbsL-K2s8IPrv6S-A8&ip=140.109.135.76&id=o-AFW3nHMY58mZhIoFh8tJKbhZbv3fqXlBQEDeCVPeOyBL&itag=251&source=youtube&requiressl=yes&mh=TJ&mm=31%2C29&mn=sn-5njj-u2xl%2Csn-un57en7l&ms=au%2Crdu&mv=m&mvi=5&pl=16&initcwndbps=522500&vprv=1&mime=audio%2Fwebm&ns=CT8a4wsolOnxI8R2IUicZ2sF&gir=yes&clen=4830988&dur=272.961&lmt=1586111805527146&mt=1612277347&fvip=5&keepalive=yes&c=WEB&txp=5411222&n=-jOVvayi9v1vOSI38&sparams=expire%2Cei%2Cip%2Cid%2Citag%2Csource%2Crequiressl%2Cvprv%2Cmime%2Cns%2Cgir%2Cclen%2Cdur%2Clmt&sig=AOq0QJ8wRgIhAMYmCB-OTCb45IOxTmao8jRFkPukpvCrOuYwIJ1lKywFAiEAqkVR0ujozzWCFI6kwITW4_B9T4qdRYAUIOitVH0Pc_k%3D&lsparams=mh%2Cmm%2Cmn%2Cms%2Cmv%2Cmvi%2Cpl%2Cinitcwndbps&lsig=AG3C_xAwRQIhAIn7mIJLP1T_UCuWS57-tGrX1wK1zcja1HxJiCLUB549AiBi_yzRu6Yhcss8huksvRSbDdQ9eO6aQpH304fU5MHclw%3D%3D&ratebypass=yes", "player_url": null, "ext": "webm", "format_note": "tiny", "acodec": "opus", "abr": 160, "asr": 48000, "filesize": 4830988, "fps": null, "height": null, "tbr": 155.064, "width": null, "vcodec": "none", "downloader_options": {"http_chunk_size": 10485760}, "format": "251 - audio only (tiny)", "protocol": "https", "http_headers": {"User-Agent": "Mozilla/5.0 (Windows NT 10.0; Win64; x64) AppleWebKit/537.36 (KHTML, like Gecko) Chrome/69.0.3497.117 Safari/537.36", "Accept-Charset": "ISO-8859-1,utf-8;q=0.7,*;q=0.7", "Accept": "text/html,application/xhtml+xml,application/xml;q=0.9,*/*;q=0.8", "Accept-Encoding": "gzip, deflate", "Accept-Language": "en-us,en;q=0.5"}}, {"format_id": "160", "url": "https://r5---sn-5njj-u2xl.googlevideo.com/videoplayback?expire=1612299222&ei=dmcZYNbsL-K2s8IPrv6S-A8&ip=140.109.135.76&id=o-AFW3nHMY58mZhIoFh8tJKbhZbv3fqXlBQEDeCVPeOyBL&itag=160&aitags=133%2C134%2C135%2C136%2C160%2C242%2C243%2C244%2C247%2C278%2C298%2C299%2C302%2C303&source=youtube&requiressl=yes&mh=TJ&mm=31%2C29&mn=sn-5njj-u2xl%2Csn-un57en7l&ms=au%2Crdu&mv=m&mvi=5&pl=16&initcwndbps=522500&vprv=1&mime=video%2Fmp4&ns=CT8a4wsolOnxI8R2IUicZ2sF&gir=yes&clen=2113872&dur=272.933&lmt=1586113736139374&mt=1612277347&fvip=5&keepalive=yes&c=WEB&txp=5432432&n=-jOVvayi9v1vOSI38&sparams=expire%2Cei%2Cip%2Cid%2Caitags%2Csource%2Crequiressl%2Cvprv%2Cmime%2Cns%2Cgir%2Cclen%2Cdur%2Clmt&sig=AOq0QJ8wRQIgKUvZkJMnpLYCdtgV3E_byUN-ITRPO1du52rsYON4j8kCIQDLs1cV53aGrAJYVJd0t4XxPE9LYlrbnwtRNy-uajt5BA%3D%3D&lsparams=mh%2Cmm%2Cmn%2Cms%2Cmv%2Cmvi%2Cpl%2Cinitcwndbps&lsig=AG3C_xAwRQIhAIn7mIJLP1T_UCuWS57-tGrX1wK1zcja1HxJiCLUB549AiBi_yzRu6Yhcss8huksvRSbDdQ9eO6aQpH304fU5MHclw%3D%3D&ratebypass=yes", "player_url": null, "ext": "mp4", "height": 144, "format_note": "144p", "vcodec": "avc1.4d400c", "asr": null, "filesize": 2113872, "fps": 30, "tbr": 80.181, "width": 256, "acodec": "none", "downloader_options": {"http_chunk_size": 10485760}, "format": "160 - 256x144 (144p)", "protocol": "https", "http_headers": {"User-Agent": "Mozilla/5.0 (Windows NT 10.0; Win64; x64) AppleWebKit/537.36 (KHTML, like Gecko) Chrome/69.0.3497.117 Safari/537.36", "Accept-Charset": "ISO-8859-1,utf-8;q=0.7,*;q=0.7", "Accept": "text/html,application/xhtml+xml,application/xml;q=0.9,*/*;q=0.8", "Accept-Encoding": "gzip, deflate", "Accept-Language": "en-us,en;q=0.5"}}, {"format_id": "278", "url": "https://r5---sn-5njj-u2xl.googlevideo.com/videoplayback?expire=1612299222&ei=dmcZYNbsL-K2s8IPrv6S-A8&ip=140.109.135.76&id=o-AFW3nHMY58mZhIoFh8tJKbhZbv3fqXlBQEDeCVPeOyBL&itag=278&aitags=133%2C134%2C135%2C136%2C160%2C242%2C243%2C244%2C247%2C278%2C298%2C299%2C302%2C303&source=youtube&requiressl=yes&mh=TJ&mm=31%2C29&mn=sn-5njj-u2xl%2Csn-un57en7l&ms=au%2Crdu&mv=m&mvi=5&pl=16&initcwndbps=522500&vprv=1&mime=video%2Fwebm&ns=CT8a4wsolOnxI8R2IUicZ2sF&gir=yes&clen=2977774&dur=272.933&lmt=1586113962569873&mt=1612277347&fvip=5&keepalive=yes&c=WEB&txp=5431432&n=-jOVvayi9v1vOSI38&sparams=expire%2Cei%2Cip%2Cid%2Caitags%2Csource%2Crequiressl%2Cvprv%2Cmime%2Cns%2Cgir%2Cclen%2Cdur%2Clmt&sig=AOq0QJ8wRAIgEHYHGx3BGgYU0sXiMEoBXgKAWblwMJKxHbz870ht9-sCIBjMgC8S8flyKMtzSSslaGuComFu4pF1PrLEqIces1EJ&lsparams=mh%2Cmm%2Cmn%2Cms%2Cmv%2Cmvi%2Cpl%2Cinitcwndbps&lsig=AG3C_xAwRQIhAIn7mIJLP1T_UCuWS57-tGrX1wK1zcja1HxJiCLUB549AiBi_yzRu6Yhcss8huksvRSbDdQ9eO6aQpH304fU5MHclw%3D%3D&ratebypass=yes", "player_url": null, "ext": "webm", "height": 144, "format_note": "144p", "container": "webm", "vcodec": "vp9", "asr": null, "filesize": 2977774, "fps": 30, "tbr": 96.784, "width": 256, "acodec": "none", "downloader_options": {"http_chunk_size": 10485760}, "format": "278 - 256x144 (144p)", "protocol": "https", "http_headers": {"User-Agent": "Mozilla/5.0 (Windows NT 10.0; Win64; x64) AppleWebKit/537.36 (KHTML, like Gecko) Chrome/69.0.3497.117 Safari/537.36", "Accept-Charset": "ISO-8859-1,utf-8;q=0.7,*;q=0.7", "Accept": "text/html,application/xhtml+xml,application/xml;q=0.9,*/*;q=0.8", "Accept-Encoding": "gzip, deflate", "Accept-Language": "en-us,en;q=0.5"}}, {"format_id": "133", "url": "https://r5---sn-5njj-u2xl.googlevideo.com/videoplayback?expire=1612299222&ei=dmcZYNbsL-K2s8IPrv6S-A8&ip=140.109.135.76&id=o-AFW3nHMY58mZhIoFh8tJKbhZbv3fqXlBQEDeCVPeOyBL&itag=133&aitags=133%2C134%2C135%2C136%2C160%2C242%2C243%2C244%2C247%2C278%2C298%2C299%2C302%2C303&source=youtube&requiressl=yes&mh=TJ&mm=31%2C29&mn=sn-5njj-u2xl%2Csn-un57en7l&ms=au%2Crdu&mv=m&mvi=5&pl=16&initcwndbps=522500&vprv=1&mime=video%2Fmp4&ns=CT8a4wsolOnxI8R2IUicZ2sF&gir=yes&clen=4266169&dur=272.933&lmt=1586113736139215&mt=1612277347&fvip=5&keepalive=yes&c=WEB&txp=5432432&n=-jOVvayi9v1vOSI38&sparams=expire%2Cei%2Cip%2Cid%2Caitags%2Csource%2Crequiressl%2Cvprv%2Cmime%2Cns%2Cgir%2Cclen%2Cdur%2Clmt&sig=AOq0QJ8wRQIhAL_MtwTBWnluMTkqrOLGQnazzakJ3z1sJ3wLXs7NiyyiAiBekFIOWpeMkPbeIBITASpae_Vzh8WVIIAHJ1RSRmYlow%3D%3D&lsparams=mh%2Cmm%2Cmn%2Cms%2Cmv%2Cmvi%2Cpl%2Cinitcwndbps&lsig=AG3C_xAwRQIhAIn7mIJLP1T_UCuWS57-tGrX1wK1zcja1HxJiCLUB549AiBi_yzRu6Yhcss8huksvRSbDdQ9eO6aQpH304fU5MHclw%3D%3D&ratebypass=yes", "player_url": null, "ext": "mp4", "height": 240, "format_note": "240p", "vcodec": "avc1.4d4015", "asr": null, "filesize": 4266169, "fps": 30, "tbr": 167.576, "width": 426, "acodec": "none", "downloader_options": {"http_chunk_size": 10485760}, "format": "133 - 426x240 (240p)", "protocol": "https", "http_headers": {"User-Agent": "Mozilla/5.0 (Windows NT 10.0; Win64; x64) AppleWebKit/537.36 (KHTML, like Gecko) Chrome/69.0.3497.117 Safari/537.36", "Accept-Charset": "ISO-8859-1,utf-8;q=0.7,*;q=0.7", "Accept": "text/html,application/xhtml+xml,application/xml;q=0.9,*/*;q=0.8", "Accept-Encoding": "gzip, deflate", "Accept-Language": "en-us,en;q=0.5"}}, {"format_id": "242", "url": "https://r5---sn-5njj-u2xl.googlevideo.com/videoplayback?expire=1612299222&ei=dmcZYNbsL-K2s8IPrv6S-A8&ip=140.109.135.76&id=o-AFW3nHMY58mZhIoFh8tJKbhZbv3fqXlBQEDeCVPeOyBL&itag=242&aitags=133%2C134%2C135%2C136%2C160%2C242%2C243%2C244%2C247%2C278%2C298%2C299%2C302%2C303&source=youtube&requiressl=yes&mh=TJ&mm=31%2C29&mn=sn-5njj-u2xl%2Csn-un57en7l&ms=au%2Crdu&mv=m&mvi=5&pl=16&initcwndbps=522500&vprv=1&mime=video%2Fwebm&ns=CT8a4wsolOnxI8R2IUicZ2sF&gir=yes&clen=6517866&dur=272.933&lmt=1586113962577537&mt=1612277347&fvip=5&keepalive=yes&c=WEB&txp=5431432&n=-jOVvayi9v1vOSI38&sparams=expire%2Cei%2Cip%2Cid%2Caitags%2Csource%2Crequiressl%2Cvprv%2Cmime%2Cns%2Cgir%2Cclen%2Cdur%2Clmt&sig=AOq0QJ8wRQIgQcmk0QsN3j3rPVnYT6ZQ99W57ahFmUzIE6oKPCrh1AoCIQDih-E7nxTkFS872uwUKhbrrX06VbozRW2hlSwTONWsZA%3D%3D&lsparams=mh%2Cmm%2Cmn%2Cms%2Cmv%2Cmvi%2Cpl%2Cinitcwndbps&lsig=AG3C_xAwRQIhAIn7mIJLP1T_UCuWS57-tGrX1wK1zcja1HxJiCLUB549AiBi_yzRu6Yhcss8huksvRSbDdQ9eO6aQpH304fU5MHclw%3D%3D&ratebypass=yes", "player_url": null, "ext": "webm", "height": 240, "format_note": "240p", "vcodec": "vp9", "asr": null, "filesize": 6517866, "fps": 30, "tbr": 221.099, "width": 426, "acodec": "none", "downloader_options": {"http_chunk_size": 10485760}, "format": "242 - 426x240 (240p)", "protocol": "https", "http_headers": {"User-Agent": "Mozilla/5.0 (Windows NT 10.0; Win64; x64) AppleWebKit/537.36 (KHTML, like Gecko) Chrome/69.0.3497.117 Safari/537.36", "Accept-Charset": "ISO-8859-1,utf-8;q=0.7,*;q=0.7", "Accept": "text/html,application/xhtml+xml,application/xml;q=0.9,*/*;q=0.8", "Accept-Encoding": "gzip, deflate", "Accept-Language": "en-us,en;q=0.5"}}, {"format_id": "134", "url": "https://r5---sn-5njj-u2xl.googlevideo.com/videoplayback?expire=1612299222&ei=dmcZYNbsL-K2s8IPrv6S-A8&ip=140.109.135.76&id=o-AFW3nHMY58mZhIoFh8tJKbhZbv3fqXlBQEDeCVPeOyBL&itag=134&aitags=133%2C134%2C135%2C136%2C160%2C242%2C243%2C244%2C247%2C278%2C298%2C299%2C302%2C303&source=youtube&requiressl=yes&mh=TJ&mm=31%2C29&mn=sn-5njj-u2xl%2Csn-un57en7l&ms=au%2Crdu&mv=m&mvi=5&pl=16&initcwndbps=522500&vprv=1&mime=video%2Fmp4&ns=CT8a4wsolOnxI8R2IUicZ2sF&gir=yes&clen=7646489&dur=272.933&lmt=1586113736139920&mt=1612277347&fvip=5&keepalive=yes&c=WEB&txp=5432432&n=-jOVvayi9v1vOSI38&sparams=expire%2Cei%2Cip%2Cid%2Caitags%2Csource%2Crequiressl%2Cvprv%2Cmime%2Cns%2Cgir%2Cclen%2Cdur%2Clmt&sig=AOq0QJ8wRAIgcmcooXjyRlkTJX1KgTaZXsAcyjLvp8HigRItNOSSSXYCIFzh61JA1b7nhO7s6-l62OugoT56qtrK4EtQvboUU2vi&lsparams=mh%2Cmm%2Cmn%2Cms%2Cmv%2Cmvi%2Cpl%2Cinitcwndbps&lsig=AG3C_xAwRQIhAIn7mIJLP1T_UCuWS57-tGrX1wK1zcja1HxJiCLUB549AiBi_yzRu6Yhcss8huksvRSbDdQ9eO6aQpH304fU5MHclw%3D%3D&ratebypass=yes", "player_url": null, "ext": "mp4", "height": 360, "format_note": "360p", "vcodec": "avc1.4d401e", "asr": null, "filesize": 7646489, "fps": 30, "tbr": 304.307, "width": 640, "acodec": "none", "downloader_options": {"http_chunk_size": 10485760}, "format": "134 - 640x360 (360p)", "protocol": "https", "http_headers": {"User-Agent": "Mozilla/5.0 (Windows NT 10.0; Win64; x64) AppleWebKit/537.36 (KHTML, like Gecko) Chrome/69.0.3497.117 Safari/537.36", "Accept-Charset": "ISO-8859-1,utf-8;q=0.7,*;q=0.7", "Accept": "text/html,application/xhtml+xml,application/xml;q=0.9,*/*;q=0.8", "Accept-Encoding": "gzip, deflate", "Accept-Language": "en-us,en;q=0.5"}}, {"format_id": "243", "url": "https://r5---sn-5njj-u2xl.googlevideo.com/videoplayback?expire=1612299222&ei=dmcZYNbsL-K2s8IPrv6S-A8&ip=140.109.135.76&id=o-AFW3nHMY58mZhIoFh8tJKbhZbv3fqXlBQEDeCVPeOyBL&itag=243&aitags=133%2C134%2C135%2C136%2C160%2C242%2C243%2C244%2C247%2C278%2C298%2C299%2C302%2C303&source=youtube&requiressl=yes&mh=TJ&mm=31%2C29&mn=sn-5njj-u2xl%2Csn-un57en7l&ms=au%2Crdu&mv=m&mvi=5&pl=16&initcwndbps=522500&vprv=1&mime=video%2Fwebm&ns=CT8a4wsolOnxI8R2IUicZ2sF&gir=yes&clen=11733462&dur=272.933&lmt=1586113962579265&mt=1612277347&fvip=5&keepalive=yes&c=WEB&txp=5431432&n=-jOVvayi9v1vOSI38&sparams=expire%2Cei%2Cip%2Cid%2Caitags%2Csource%2Crequiressl%2Cvprv%2Cmime%2Cns%2Cgir%2Cclen%2Cdur%2Clmt&sig=AOq0QJ8wRQIgWe-yH_40UJMnccKUnHUJRr2G3_xRXLdL_zsskx_smHkCIQD04K1A3V6LgBLR8ZL2E7IDEmRyjXfyJXezn2WBd92rhg%3D%3D&lsparams=mh%2Cmm%2Cmn%2Cms%2Cmv%2Cmvi%2Cpl%2Cinitcwndbps&lsig=AG3C_xAwRQIhAIn7mIJLP1T_UCuWS57-tGrX1wK1zcja1HxJiCLUB549AiBi_yzRu6Yhcss8huksvRSbDdQ9eO6aQpH304fU5MHclw%3D%3D&ratebypass=yes", "player_url": null, "ext": "webm", "height": 360, "format_note": "360p", "vcodec": "vp9", "asr": null, "filesize": 11733462, "fps": 30, "tbr": 403.648, "width": 640, "acodec": "none", "downloader_options": {"http_chunk_size": 10485760}, "format": "243 - 640x360 (360p)", "protocol": "https", "http_headers": {"User-Agent": "Mozilla/5.0 (Windows NT 10.0; Win64; x64) AppleWebKit/537.36 (KHTML, like Gecko) Chrome/69.0.3497.117 Safari/537.36", "Accept-Charset": "ISO-8859-1,utf-8;q=0.7,*;q=0.7", "Accept": "text/html,application/xhtml+xml,application/xml;q=0.9,*/*;q=0.8", "Accept-Encoding": "gzip, deflate", "Accept-Language": "en-us,en;q=0.5"}}, {"format_id": "135", "url": "https://r5---sn-5njj-u2xl.googlevideo.com/videoplayback?expire=1612299222&ei=dmcZYNbsL-K2s8IPrv6S-A8&ip=140.109.135.76&id=o-AFW3nHMY58mZhIoFh8tJKbhZbv3fqXlBQEDeCVPeOyBL&itag=135&aitags=133%2C134%2C135%2C136%2C160%2C242%2C243%2C244%2C247%2C278%2C298%2C299%2C302%2C303&source=youtube&requiressl=yes&mh=TJ&mm=31%2C29&mn=sn-5njj-u2xl%2Csn-un57en7l&ms=au%2Crdu&mv=m&mvi=5&pl=16&initcwndbps=522500&vprv=1&mime=video%2Fmp4&ns=CT8a4wsolOnxI8R2IUicZ2sF&gir=yes&clen=14172963&dur=272.933&lmt=1586113736139311&mt=1612277347&fvip=5&keepalive=yes&c=WEB&txp=5432432&n=-jOVvayi9v1vOSI38&sparams=expire%2Cei%2Cip%2Cid%2Caitags%2Csource%2Crequiressl%2Cvprv%2Cmime%2Cns%2Cgir%2Cclen%2Cdur%2Clmt&sig=AOq0QJ8wRQIhAL1NN0xVeCkr0H54P3fb3TYvmO4hi5ietENrCru_VxNJAiAKCPa7N6BTC8_VnGNEqnHq-ZHfVx-JdHv6-0W8966kJg%3D%3D&lsparams=mh%2Cmm%2Cmn%2Cms%2Cmv%2Cmvi%2Cpl%2Cinitcwndbps&lsig=AG3C_xAwRQIhAIn7mIJLP1T_UCuWS57-tGrX1wK1zcja1HxJiCLUB549AiBi_yzRu6Yhcss8huksvRSbDdQ9eO6aQpH304fU5MHclw%3D%3D&ratebypass=yes", "player_url": null, "ext": "mp4", "height": 480, "format_note": "480p", "vcodec": "avc1.4d401f", "asr": null, "filesize": 14172963, "fps": 30, "tbr": 502.964, "width": 854, "acodec": "none", "downloader_options": {"http_chunk_size": 10485760}, "format": "135 - 854x480 (480p)", "protocol": "https", "http_headers": {"User-Agent": "Mozilla/5.0 (Windows NT 10.0; Win64; x64) AppleWebKit/537.36 (KHTML, like Gecko) Chrome/69.0.3497.117 Safari/537.36", "Accept-Charset": "ISO-8859-1,utf-8;q=0.7,*;q=0.7", "Accept": "text/html,application/xhtml+xml,application/xml;q=0.9,*/*;q=0.8", "Accept-Encoding": "gzip, deflate", "Accept-Language": "en-us,en;q=0.5"}}, {"format_id": "244", "url": "https://r5---sn-5njj-u2xl.googlevideo.com/videoplayback?expire=1612299222&ei=dmcZYNbsL-K2s8IPrv6S-A8&ip=140.109.135.76&id=o-AFW3nHMY58mZhIoFh8tJKbhZbv3fqXlBQEDeCVPeOyBL&itag=244&aitags=133%2C134%2C135%2C136%2C160%2C242%2C243%2C244%2C247%2C278%2C298%2C299%2C302%2C303&source=youtube&requiressl=yes&mh=TJ&mm=31%2C29&mn=sn-5njj-u2xl%2Csn-un57en7l&ms=au%2Crdu&mv=m&mvi=5&pl=16&initcwndbps=522500&vprv=1&mime=video%2Fwebm&ns=CT8a4wsolOnxI8R2IUicZ2sF&gir=yes&clen=19823025&dur=272.933&lmt=1586113962568551&mt=1612277347&fvip=5&keepalive=yes&c=WEB&txp=5431432&n=-jOVvayi9v1vOSI38&sparams=expire%2Cei%2Cip%2Cid%2Caitags%2Csource%2Crequiressl%2Cvprv%2Cmime%2Cns%2Cgir%2Cclen%2Cdur%2Clmt&sig=AOq0QJ8wRQIhAKgZc_rwA0Gf20LTJweL_LPyHRw_2s9NBMgKzLh_j1_0AiAL4uM8WWyoS_I3yJawW33nXzi0KRqZqd_1iH2_OR72dA%3D%3D&lsparams=mh%2Cmm%2Cmn%2Cms%2Cmv%2Cmvi%2Cpl%2Cinitcwndbps&lsig=AG3C_xAwRQIhAIn7mIJLP1T_UCuWS57-tGrX1wK1zcja1HxJiCLUB549AiBi_yzRu6Yhcss8huksvRSbDdQ9eO6aQpH304fU5MHclw%3D%3D&ratebypass=yes", "player_url": null, "ext": "webm", "height": 480, "format_note": "480p", "vcodec": "vp9", "asr": null, "filesize": 19823025, "fps": 30, "tbr": 732.651, "width": 854, "acodec": "none", "downloader_options": {"http_chunk_size": 10485760}, "format": "244 - 854x480 (480p)", "protocol": "https", "http_headers": {"User-Agent": "Mozilla/5.0 (Windows NT 10.0; Win64; x64) AppleWebKit/537.36 (KHTML, like Gecko) Chrome/69.0.3497.117 Safari/537.36", "Accept-Charset": "ISO-8859-1,utf-8;q=0.7,*;q=0.7", "Accept": "text/html,application/xhtml+xml,application/xml;q=0.9,*/*;q=0.8", "Accept-Encoding": "gzip, deflate", "Accept-Language": "en-us,en;q=0.5"}}, {"format_id": "136", "url": "https://r5---sn-5njj-u2xl.googlevideo.com/videoplayback?expire=1612299222&ei=dmcZYNbsL-K2s8IPrv6S-A8&ip=140.109.135.76&id=o-AFW3nHMY58mZhIoFh8tJKbhZbv3fqXlBQEDeCVPeOyBL&itag=136&aitags=133%2C134%2C135%2C136%2C160%2C242%2C243%2C244%2C247%2C278%2C298%2C299%2C302%2C303&source=youtube&requiressl=yes&mh=TJ&mm=31%2C29&mn=sn-5njj-u2xl%2Csn-un57en7l&ms=au%2Crdu&mv=m&mvi=5&pl=16&initcwndbps=522500&vprv=1&mime=video%2Fmp4&ns=CT8a4wsolOnxI8R2IUicZ2sF&gir=yes&clen=27285132&dur=272.933&lmt=1586113736141194&mt=1612277347&fvip=5&keepalive=yes&c=WEB&txp=5432432&n=-jOVvayi9v1vOSI38&sparams=expire%2Cei%2Cip%2Cid%2Caitags%2Csource%2Crequiressl%2Cvprv%2Cmime%2Cns%2Cgir%2Cclen%2Cdur%2Clmt&sig=AOq0QJ8wRQIhALfJJ8R0gEN_h-EItgmEwrMx1IdTh7tm6JiUJYBEEnbXAiA_NuePASkPUT2GZo2-uKCzwMMJ_K4A8FJvJxDdqEZn1w%3D%3D&lsparams=mh%2Cmm%2Cmn%2Cms%2Cmv%2Cmvi%2Cpl%2Cinitcwndbps&lsig=AG3C_xAwRQIhAIn7mIJLP1T_UCuWS57-tGrX1wK1zcja1HxJiCLUB549AiBi_yzRu6Yhcss8huksvRSbDdQ9eO6aQpH304fU5MHclw%3D%3D&ratebypass=yes", "player_url": null, "ext": "mp4", "height": 720, "format_note": "720p", "vcodec": "avc1.4d401f", "asr": null, "filesize": 27285132, "fps": 30, "tbr": 1024.401, "width": 1280, "acodec": "none", "downloader_options": {"http_chunk_size": 10485760}, "format": "136 - 1280x720 (720p)", "protocol": "https", "http_headers": {"User-Agent": "Mozilla/5.0 (Windows NT 10.0; Win64; x64) AppleWebKit/537.36 (KHTML, like Gecko) Chrome/69.0.3497.117 Safari/537.36", "Accept-Charset": "ISO-8859-1,utf-8;q=0.7,*;q=0.7", "Accept": "text/html,application/xhtml+xml,application/xml;q=0.9,*/*;q=0.8", "Accept-Encoding": "gzip, deflate", "Accept-Language": "en-us,en;q=0.5"}}, {"format_id": "247", "url": "https://r5---sn-5njj-u2xl.googlevideo.com/videoplayback?expire=1612299222&ei=dmcZYNbsL-K2s8IPrv6S-A8&ip=140.109.135.76&id=o-AFW3nHMY58mZhIoFh8tJKbhZbv3fqXlBQEDeCVPeOyBL&itag=247&aitags=133%2C134%2C135%2C136%2C160%2C242%2C243%2C244%2C247%2C278%2C298%2C299%2C302%2C303&source=youtube&requiressl=yes&mh=TJ&mm=31%2C29&mn=sn-5njj-u2xl%2Csn-un57en7l&ms=au%2Crdu&mv=m&mvi=5&pl=16&initcwndbps=522500&vprv=1&mime=video%2Fwebm&ns=CT8a4wsolOnxI8R2IUicZ2sF&gir=yes&clen=35408247&dur=272.933&lmt=1586113962568245&mt=1612277347&fvip=5&keepalive=yes&c=WEB&txp=5431432&n=-jOVvayi9v1vOSI38&sparams=expire%2Cei%2Cip%2Cid%2Caitags%2Csource%2Crequiressl%2Cvprv%2Cmime%2Cns%2Cgir%2Cclen%2Cdur%2Clmt&sig=AOq0QJ8wRAIgRzCl07YR6DNdLGPzvG-K5o4GHIaNJHWjNOsAQ1F-Fg8CIGCaedWJMZTYKYVMDU-5fj5oWTNbpBlZkSF42FNEmtvM&lsparams=mh%2Cmm%2Cmn%2Cms%2Cmv%2Cmvi%2Cpl%2Cinitcwndbps&lsig=AG3C_xAwRQIhAIn7mIJLP1T_UCuWS57-tGrX1wK1zcja1HxJiCLUB549AiBi_yzRu6Yhcss8huksvRSbDdQ9eO6aQpH304fU5MHclw%3D%3D&ratebypass=yes", "player_url": null, "ext": "webm", "height": 720, "format_note": "720p", "vcodec": "vp9", "asr": null, "filesize": 35408247, "fps": 30, "tbr": 1282.865, "width": 1280, "acodec": "none", "downloader_options": {"http_chunk_size": 10485760}, "format": "247 - 1280x720 (720p)", "protocol": "https", "http_headers": {"User-Agent": "Mozilla/5.0 (Windows NT 10.0; Win64; x64) AppleWebKit/537.36 (KHTML, like Gecko) Chrome/69.0.3497.117 Safari/537.36", "Accept-Charset": "ISO-8859-1,utf-8;q=0.7,*;q=0.7", "Accept": "text/html,application/xhtml+xml,application/xml;q=0.9,*/*;q=0.8", "Accept-Encoding": "gzip, deflate", "Accept-Language": "en-us,en;q=0.5"}}, {"format_id": "298", "url": "https://r5---sn-5njj-u2xl.googlevideo.com/videoplayback?expire=1612299222&ei=dmcZYNbsL-K2s8IPrv6S-A8&ip=140.109.135.76&id=o-AFW3nHMY58mZhIoFh8tJKbhZbv3fqXlBQEDeCVPeOyBL&itag=298&aitags=133%2C134%2C135%2C136%2C160%2C242%2C243%2C244%2C247%2C278%2C298%2C299%2C302%2C303&source=youtube&requiressl=yes&mh=TJ&mm=31%2C29&mn=sn-5njj-u2xl%2Csn-un57en7l&ms=au%2Crdu&mv=m&mvi=5&pl=16&initcwndbps=522500&vprv=1&mime=video%2Fmp4&ns=CT8a4wsolOnxI8R2IUicZ2sF&gir=yes&clen=56280630&dur=272.949&lmt=1586113691292225&mt=1612277347&fvip=5&keepalive=yes&c=WEB&txp=5432432&n=-jOVvayi9v1vOSI38&sparams=expire%2Cei%2Cip%2Cid%2Caitags%2Csource%2Crequiressl%2Cvprv%2Cmime%2Cns%2Cgir%2Cclen%2Cdur%2Clmt&sig=AOq0QJ8wRQIhAJtgoScCPsFHlXQjKGu7IqiJdhAJVaoK2gga9iUbrkhoAiBMd1KmUTqgPrnk9voyKaA-qcdpwYvbqvzOZ4IM27rWFg%3D%3D&lsparams=mh%2Cmm%2Cmn%2Cms%2Cmv%2Cmvi%2Cpl%2Cinitcwndbps&lsig=AG3C_xAwRQIhAIn7mIJLP1T_UCuWS57-tGrX1wK1zcja1HxJiCLUB549AiBi_yzRu6Yhcss8huksvRSbDdQ9eO6aQpH304fU5MHclw%3D%3D&ratebypass=yes", "player_url": null, "ext": "mp4", "height": 720, "format_note": "720p60", "vcodec": "avc1.4d4020", "fps": 60, "asr": null, "filesize": 56280630, "tbr": 2128.279, "width": 1280, "acodec": "none", "downloader_options": {"http_chunk_size": 10485760}, "format": "298 - 1280x720 (720p60)", "protocol": "https", "http_headers": {"User-Agent": "Mozilla/5.0 (Windows NT 10.0; Win64; x64) AppleWebKit/537.36 (KHTML, like Gecko) Chrome/69.0.3497.117 Safari/537.36", "Accept-Charset": "ISO-8859-1,utf-8;q=0.7,*;q=0.7", "Accept": "text/html,application/xhtml+xml,application/xml;q=0.9,*/*;q=0.8", "Accept-Encoding": "gzip, deflate", "Accept-Language": "en-us,en;q=0.5"}}, {"format_id": "302", "url": "https://r5---sn-5njj-u2xl.googlevideo.com/videoplayback?expire=1612299222&ei=dmcZYNbsL-K2s8IPrv6S-A8&ip=140.109.135.76&id=o-AFW3nHMY58mZhIoFh8tJKbhZbv3fqXlBQEDeCVPeOyBL&itag=302&aitags=133%2C134%2C135%2C136%2C160%2C242%2C243%2C244%2C247%2C278%2C298%2C299%2C302%2C303&source=youtube&requiressl=yes&mh=TJ&mm=31%2C29&mn=sn-5njj-u2xl%2Csn-un57en7l&ms=au%2Crdu&mv=m&mvi=5&pl=16&initcwndbps=522500&vprv=1&mime=video%2Fwebm&ns=CT8a4wsolOnxI8R2IUicZ2sF&gir=yes&clen=55439271&dur=272.949&lmt=1586113779781370&mt=1612277347&fvip=5&keepalive=yes&c=WEB&txp=5431432&n=-jOVvayi9v1vOSI38&sparams=expire%2Cei%2Cip%2Cid%2Caitags%2Csource%2Crequiressl%2Cvprv%2Cmime%2Cns%2Cgir%2Cclen%2Cdur%2Clmt&sig=AOq0QJ8wRQIgUc1zox56H0ysPdwii8EZUjacc4lvS78EBCO5X5sIZN0CIQDpgn8Mt26c7OoQpSs-6aFVRlUHywx25upJQZUslTEsWg%3D%3D&lsparams=mh%2Cmm%2Cmn%2Cms%2Cmv%2Cmvi%2Cpl%2Cinitcwndbps&lsig=AG3C_xAwRQIhAIn7mIJLP1T_UCuWS57-tGrX1wK1zcja1HxJiCLUB549AiBi_yzRu6Yhcss8huksvRSbDdQ9eO6aQpH304fU5MHclw%3D%3D&ratebypass=yes", "player_url": null, "ext": "webm", "height": 720, "format_note": "720p60", "vcodec": "vp9", "fps": 60, "asr": null, "filesize": 55439271, "tbr": 2138.379, "width": 1280, "acodec": "none", "downloader_options": {"http_chunk_size": 10485760}, "format": "302 - 1280x720 (720p60)", "protocol": "https", "http_headers": {"User-Agent": "Mozilla/5.0 (Windows NT 10.0; Win64; x64) AppleWebKit/537.36 (KHTML, like Gecko) Chrome/69.0.3497.117 Safari/537.36", "Accept-Charset": "ISO-8859-1,utf-8;q=0.7,*;q=0.7", "Accept": "text/html,application/xhtml+xml,application/xml;q=0.9,*/*;q=0.8", "Accept-Encoding": "gzip, deflate", "Accept-Language": "en-us,en;q=0.5"}}, {"format_id": "303", "url": "https://r5---sn-5njj-u2xl.googlevideo.com/videoplayback?expire=1612299222&ei=dmcZYNbsL-K2s8IPrv6S-A8&ip=140.109.135.76&id=o-AFW3nHMY58mZhIoFh8tJKbhZbv3fqXlBQEDeCVPeOyBL&itag=303&aitags=133%2C134%2C135%2C136%2C160%2C242%2C243%2C244%2C247%2C278%2C298%2C299%2C302%2C303&source=youtube&requiressl=yes&mh=TJ&mm=31%2C29&mn=sn-5njj-u2xl%2Csn-un57en7l&ms=au%2Crdu&mv=m&mvi=5&pl=16&initcwndbps=522500&vprv=1&mime=video%2Fwebm&ns=CT8a4wsolOnxI8R2IUicZ2sF&gir=yes&clen=92444757&dur=272.949&lmt=1586113871099027&mt=1612277347&fvip=5&keepalive=yes&c=WEB&txp=5431432&n=-jOVvayi9v1vOSI38&sparams=expire%2Cei%2Cip%2Cid%2Caitags%2Csource%2Crequiressl%2Cvprv%2Cmime%2Cns%2Cgir%2Cclen%2Cdur%2Clmt&sig=AOq0QJ8wRAIgPE_bnz6Gl31kyV4lvMYFSvBr79YNc6ckMGPr86XE1tYCIHVFuGzbxZ0UfjbEoMYwix6qsfYHvmqkqudWCR6LkOm6&lsparams=mh%2Cmm%2Cmn%2Cms%2Cmv%2Cmvi%2Cpl%2Cinitcwndbps&lsig=AG3C_xAwRQIhAIn7mIJLP1T_UCuWS57-tGrX1wK1zcja1HxJiCLUB549AiBi_yzRu6Yhcss8huksvRSbDdQ9eO6aQpH304fU5MHclw%3D%3D&ratebypass=yes", "player_url": null, "ext": "webm", "height": 1080, "format_note": "1080p60", "vcodec": "vp9", "fps": 60, "asr": null, "filesize": 92444757, "tbr": 3535.401, "width": 1920, "acodec": "none", "downloader_options": {"http_chunk_size": 10485760}, "format": "303 - 1920x1080 (1080p60)", "protocol": "https", "http_headers": {"User-Agent": "Mozilla/5.0 (Windows NT 10.0; Win64; x64) AppleWebKit/537.36 (KHTML, like Gecko) Chrome/69.0.3497.117 Safari/537.36", "Accept-Charset": "ISO-8859-1,utf-8;q=0.7,*;q=0.7", "Accept": "text/html,application/xhtml+xml,application/xml;q=0.9,*/*;q=0.8", "Accept-Encoding": "gzip, deflate", "Accept-Language": "en-us,en;q=0.5"}}, {"format_id": "299", "url": "https://r5---sn-5njj-u2xl.googlevideo.com/videoplayback?expire=1612299222&ei=dmcZYNbsL-K2s8IPrv6S-A8&ip=140.109.135.76&id=o-AFW3nHMY58mZhIoFh8tJKbhZbv3fqXlBQEDeCVPeOyBL&itag=299&aitags=133%2C134%2C135%2C136%2C160%2C242%2C243%2C244%2C247%2C278%2C298%2C299%2C302%2C303&source=youtube&requiressl=yes&mh=TJ&mm=31%2C29&mn=sn-5njj-u2xl%2Csn-un57en7l&ms=au%2Crdu&mv=m&mvi=5&pl=16&initcwndbps=522500&vprv=1&mime=video%2Fmp4&ns=CT8a4wsolOnxI8R2IUicZ2sF&gir=yes&clen=98579104&dur=272.949&lmt=1586113756858491&mt=1612277347&fvip=5&keepalive=yes&c=WEB&txp=5432432&n=-jOVvayi9v1vOSI38&sparams=expire%2Cei%2Cip%2Cid%2Caitags%2Csource%2Crequiressl%2Cvprv%2Cmime%2Cns%2Cgir%2Cclen%2Cdur%2Clmt&sig=AOq0QJ8wRAIgLqkoFyo1WZhFpQTu8Rp4p4fz8JTDQXvQYbOcn-axC9MCIC2XtO7asfoeQUm1FDZh931isOPwwgjosRYnEk_nbX_2&lsparams=mh%2Cmm%2Cmn%2Cms%2Cmv%2Cmvi%2Cpl%2Cinitcwndbps&lsig=AG3C_xAwRQIhAIn7mIJLP1T_UCuWS57-tGrX1wK1zcja1HxJiCLUB549AiBi_yzRu6Yhcss8huksvRSbDdQ9eO6aQpH304fU5MHclw%3D%3D&ratebypass=yes", "player_url": null, "ext": "mp4", "height": 1080, "format_note": "1080p60", "vcodec": "avc1.64002a", "fps": 60, "asr": null, "filesize": 98579104, "tbr": 3744.407, "width": 1920, "acodec": "none", "downloader_options": {"http_chunk_size": 10485760}, "format": "299 - 1920x1080 (1080p60)", "protocol": "https", "http_headers": {"User-Agent": "Mozilla/5.0 (Windows NT 10.0; Win64; x64) AppleWebKit/537.36 (KHTML, like Gecko) Chrome/69.0.3497.117 Safari/537.36", "Accept-Charset": "ISO-8859-1,utf-8;q=0.7,*;q=0.7", "Accept": "text/html,application/xhtml+xml,application/xml;q=0.9,*/*;q=0.8", "Accept-Encoding": "gzip, deflate", "Accept-Language": "en-us,en;q=0.5"}}, {"format_id": "18", "url": "https://r5---sn-5njj-u2xl.googlevideo.com/videoplayback?expire=1612299222&ei=dmcZYNbsL-K2s8IPrv6S-A8&ip=140.109.135.76&id=o-AFW3nHMY58mZhIoFh8tJKbhZbv3fqXlBQEDeCVPeOyBL&itag=18&source=youtube&requiressl=yes&mh=TJ&mm=31%2C29&mn=sn-5njj-u2xl%2Csn-un57en7l&ms=au%2Crdu&mv=m&mvi=5&pl=16&initcwndbps=522500&vprv=1&mime=video%2Fmp4&ns=fcL3BSDi_egwCi-07fMlOskF&gir=yes&clen=18284248&ratebypass=yes&dur=272.997&lmt=1586113652751858&mt=1612277347&fvip=5&c=WEB&txp=5431432&n=_IFpFyc2HihIUTCWw&sparams=expire%2Cei%2Cip%2Cid%2Citag%2Csource%2Crequiressl%2Cvprv%2Cmime%2Cns%2Cgir%2Cclen%2Cratebypass%2Cdur%2Clmt&sig=AOq0QJ8wRQIhAOxmV-dKcMNxXOQAtEF6xfNxtDgxwydAvfC93rpU-emhAiB7FC0GS6JlcMH6nWywnYPLTNzTsY-mu0n8jJVEMoDyuQ%3D%3D&lsparams=mh%2Cmm%2Cmn%2Cms%2Cmv%2Cmvi%2Cpl%2Cinitcwndbps&lsig=AG3C_xAwRQIhAIn7mIJLP1T_UCuWS57-tGrX1wK1zcja1HxJiCLUB549AiBi_yzRu6Yhcss8huksvRSbDdQ9eO6aQpH304fU5MHclw%3D%3D", "player_url": null, "ext": "mp4", "width": 640, "height": 360, "acodec": "mp4a.40.2", "abr": 96, "vcodec": "avc1.42001E", "asr": 44100, "filesize": 18284248, "format_note": "360p", "fps": 30, "tbr": 535.933, "format": "18 - 640x360 (360p)", "protocol": "https", "http_headers": {"User-Agent": "Mozilla/5.0 (Windows NT 10.0; Win64; x64) AppleWebKit/537.36 (KHTML, like Gecko) Chrome/69.0.3497.117 Safari/537.36", "Accept-Charset": "ISO-8859-1,utf-8;q=0.7,*;q=0.7", "Accept": "text/html,application/xhtml+xml,application/xml;q=0.9,*/*;q=0.8", "Accept-Encoding": "gzip, deflate", "Accept-Language": "en-us,en;q=0.5"}}], "is_live": null, "start_time": null, "end_time": null, "series": null, "season_number": null, "episode_number": null, "track": null, "artist": null, "album": null, "release_date": null, "release_year": null, "extractor": "youtube", "webpage_url_basename": "watch", "extractor_key": "Youtube", "playlist": null, "playlist_index": null, "thumbnail": "https://i.ytimg.com/vi_webp/ZTrEoB8T9YA/maxresdefault.webp", "display_id": "ZTrEoB8T9YA", "requested_subtitles": null, "format_id": "251", "url": "https://r5---sn-5njj-u2xl.googlevideo.com/videoplayback?expire=1612299222&ei=dmcZYNbsL-K2s8IPrv6S-A8&ip=140.109.135.76&id=o-AFW3nHMY58mZhIoFh8tJKbhZbv3fqXlBQEDeCVPeOyBL&itag=251&source=youtube&requiressl=yes&mh=TJ&mm=31%2C29&mn=sn-5njj-u2xl%2Csn-un57en7l&ms=au%2Crdu&mv=m&mvi=5&pl=16&initcwndbps=522500&vprv=1&mime=audio%2Fwebm&ns=CT8a4wsolOnxI8R2IUicZ2sF&gir=yes&clen=4830988&dur=272.961&lmt=1586111805527146&mt=1612277347&fvip=5&keepalive=yes&c=WEB&txp=5411222&n=-jOVvayi9v1vOSI38&sparams=expire%2Cei%2Cip%2Cid%2Citag%2Csource%2Crequiressl%2Cvprv%2Cmime%2Cns%2Cgir%2Cclen%2Cdur%2Clmt&sig=AOq0QJ8wRgIhAMYmCB-OTCb45IOxTmao8jRFkPukpvCrOuYwIJ1lKywFAiEAqkVR0ujozzWCFI6kwITW4_B9T4qdRYAUIOitVH0Pc_k%3D&lsparams=mh%2Cmm%2Cmn%2Cms%2Cmv%2Cmvi%2Cpl%2Cinitcwndbps&lsig=AG3C_xAwRQIhAIn7mIJLP1T_UCuWS57-tGrX1wK1zcja1HxJiCLUB549AiBi_yzRu6Yhcss8huksvRSbDdQ9eO6aQpH304fU5MHclw%3D%3D&ratebypass=yes", "player_url": null, "ext": "webm", "format_note": "tiny", "acodec": "opus", "abr": 160, "asr": 48000, "filesize": 4830988, "fps": null, "height": null, "tbr": 155.064, "width": null, "vcodec": "none", "downloader_options": {"http_chunk_size": 10485760}, "format": "251 - audio only (tiny)", "protocol": "https", "http_headers": {"User-Agent": "Mozilla/5.0 (Windows NT 10.0; Win64; x64) AppleWebKit/537.36 (KHTML, like Gecko) Chrome/69.0.3497.117 Safari/537.36", "Accept-Charset": "ISO-8859-1,utf-8;q=0.7,*;q=0.7", "Accept": "text/html,application/xhtml+xml,application/xml;q=0.9,*/*;q=0.8", "Accept-Encoding": "gzip, deflate", "Accept-Language": "en-us,en;q=0.5"}}