{"id": "02t1bj7ZABY", "uploader": "Jurrivh", "uploader_id": "Jurrivh", "uploader_url": "http://www.youtube.com/user/Jurrivh", "channel_id": "UCLh10hzbQJPg0Hho1VdGXwA", "channel_url": "http://www.youtube.com/channel/UCLh10hzbQJPg0Hho1VdGXwA", "upload_date": "20170820", "license": null, "creator": null, "title": "\"Left Alone\" - Sad & Emotional Piano Song Instrumental", "alt_title": null, "thumbnails": [{"url": "https://i.ytimg.com/vi/02t1bj7ZABY/hqdefault.jpg?sqp=-oaymwEYCKgBEF5IVfKriqkDCwgBFQAAiEIYAXAB&rs=AOn4CLCJEc7kUTXOqhjVE8IjG_hPJO-LLQ", "width": 168, "height": 94, "resolution": "168x94", "id": "0"}, {"url": "https://i.ytimg.com/vi/02t1bj7ZABY/hqdefault.jpg?sqp=-oaymwEYCMQBEG5IVfKriqkDCwgBFQAAiEIYAXAB&rs=AOn4CLAzHj9HeoZvtAAdVL8u2by4CDVFIA", "width": 196, "height": 110, "resolution": "196x110", "id": "1"}, {"url": "https://i.ytimg.com/vi/02t1bj7ZABY/hqdefault.jpg?sqp=-oaymwEZCPYBEIoBSFXyq4qpAwsIARUAAIhCGAFwAQ==&rs=AOn4CLD2wNuyu75Qy71SfTxTe3ThrmRuag", "width": 246, "height": 138, "resolution": "246x138", "id": "2"}, {"url": "https://i.ytimg.com/vi/02t1bj7ZABY/hqdefault.jpg?sqp=-oaymwEZCNACELwBSFXyq4qpAwsIARUAAIhCGAFwAQ==&rs=AOn4CLBIZGhaI6aqZCoXi-jlE1-w-tfhEw", "width": 336, "height": 188, "resolution": "336x188", "id": "3"}, {"url": "https://i.ytimg.com/vi_webp/02t1bj7ZABY/maxresdefault.webp", "width": 1920, "height": 1080, "resolution": "1920x1080", "id": "4"}], "description": "Sad & Emotional Piano Song Instrumental Composed by Jurrivh.\n\n\u25b6 Subscribe for more Music: http://bit.ly/SubToJurrivh\n\ud83d\udcb0 Purchase (License): https://bsta.rs/h37447\n\n\ud83d\udcdd Buy Sheet Music: https://sellfy.com/p/BMjT/\n\nSocial Media\nInstagram: https://www.instagram.com/jurrivh/\nTwitter: http://twitter.com/jurrivh\nFacebook: https://www.facebook.com/jurrivh/\n\nSubscribe for New Music every Sunday 5pm (CET)!\n#SadPianoSong #Jurrivh #Emotional", "categories": ["Music"], "tags": ["Jurrivh Left Alone", "Left Alone", "Left Alone Jurrivh", "Jurrivh", "Left Alone - Sad & Emotional Piano Song Instrumental", "Sad Piano", "Sad Piano Instrumental", "Piano Instrumental", "Sad & Emotional Piano Song Instrumental", "Emotional Piano Song Instrumental", "Emotional Piano Song", "Piano Triste", "piano triste para llorar", "Sad Piano Song", "Sad Piano Music", "Relaxing Piano Music", "Sad & Emotional Piano", "Sad & Emotional Piano Song", "Emotional Piano"], "subtitles": {}, "automatic_captions": {}, "duration": 193, "age_limit": 0, "annotations": null, "chapters": null, "webpage_url": "https://www.youtube.com/watch?v=02t1bj7ZABY", "view_count": 717412, "like_count": 8704, "dislike_count": 96, "average_rating": 4.9563637, "formats": [{"format_id": "249", "url": "https://r1---sn-ipoxu-u2xd.googlevideo.com/videoplayback?expire=1610392362&ei=yk78X_j4INCqgAPqnLTgDg&ip=220.129.26.102&id=o-AKTzPELUJtd900HGVEI_H2Xk8nnPxpVLqKeGTF8JkFOD&itag=249&source=youtube&requiressl=yes&mh=s7&mm=31%2C29&mn=sn-ipoxu-u2xd%2Csn-un57en7e&ms=au%2Crdu&mv=m&mvi=1&pl=21&initcwndbps=1138750&vprv=1&mime=audio%2Fwebm&ns=Tj5MlYyq-hfr6i_Mi2HxRH8F&gir=yes&clen=1349867&dur=192.561&lmt=1540794955436584&mt=1610370516&fvip=1&keepalive=yes&c=WEB&txp=5411222&n=fLeN5aKLam3dnw&sparams=expire%2Cei%2Cip%2Cid%2Citag%2Csource%2Crequiressl%2Cvprv%2Cmime%2Cns%2Cgir%2Cclen%2Cdur%2Clmt&sig=AOq0QJ8wRQIhAJK13g-zwQ2kyyobWmJnVK7c6j_KtqmGeIvW-rR_sb23AiBiiFN_y0pNfmsvFiAF-bg1J8aSqTL9lAqtmJ0qqcZObw%3D%3D&lsparams=mh%2Cmm%2Cmn%2Cms%2Cmv%2Cmvi%2Cpl%2Cinitcwndbps&lsig=AG3C_xAwRQIhALWrwA0HMzoHszv3UagxkziwcQP1CgWEjuyBmV1EX5f5AiBOUxKLev096gnd5mPTfS4wYQttaw1Jc7I8D0r7H8eP0A%3D%3D&ratebypass=yes", "player_url": null, "ext": "webm", "format_note": "tiny", "acodec": "opus", "abr": 50, "asr": 48000, "filesize": 1349867, "fps": null, "height": null, "tbr": 62.954, "width": null, "vcodec": "none", "downloader_options": {"http_chunk_size": 10485760}, "format": "249 - audio only (tiny)", "protocol": "https", "http_headers": {"User-Agent": "Mozilla/5.0 (Windows NT 10.0; Win64; x64) AppleWebKit/537.36 (KHTML, like Gecko) Chrome/73.0.3683.38 Safari/537.36", "Accept-Charset": "ISO-8859-1,utf-8;q=0.7,*;q=0.7", "Accept": "text/html,application/xhtml+xml,application/xml;q=0.9,*/*;q=0.8", "Accept-Encoding": "gzip, deflate", "Accept-Language": "en-us,en;q=0.5"}}, {"format_id": "250", "url": "https://r1---sn-ipoxu-u2xd.googlevideo.com/videoplayback?expire=1610392362&ei=yk78X_j4INCqgAPqnLTgDg&ip=220.129.26.102&id=o-AKTzPELUJtd900HGVEI_H2Xk8nnPxpVLqKeGTF8JkFOD&itag=250&source=youtube&requiressl=yes&mh=s7&mm=31%2C29&mn=sn-ipoxu-u2xd%2Csn-un57en7e&ms=au%2Crdu&mv=m&mvi=1&pl=21&initcwndbps=1138750&vprv=1&mime=audio%2Fwebm&ns=Tj5MlYyq-hfr6i_Mi2HxRH8F&gir=yes&clen=1806516&dur=192.561&lmt=1540794955708982&mt=1610370516&fvip=1&keepalive=yes&c=WEB&txp=5411222&n=fLeN5aKLam3dnw&sparams=expire%2Cei%2Cip%2Cid%2Citag%2Csource%2Crequiressl%2Cvprv%2Cmime%2Cns%2Cgir%2Cclen%2Cdur%2Clmt&sig=AOq0QJ8wRgIhAL84NbVh9QVKl4wgR-k6UT6K2fSu79OBpMxFSDC3jdhIAiEAylbBbUfrfP12e70GCSes79hYE7nLp9sFXsR-otXt7eA%3D&lsparams=mh%2Cmm%2Cmn%2Cms%2Cmv%2Cmvi%2Cpl%2Cinitcwndbps&lsig=AG3C_xAwRQIhALWrwA0HMzoHszv3UagxkziwcQP1CgWEjuyBmV1EX5f5AiBOUxKLev096gnd5mPTfS4wYQttaw1Jc7I8D0r7H8eP0A%3D%3D&ratebypass=yes", "player_url": null, "ext": "webm", "format_note": "tiny", "acodec": "opus", "abr": 70, "asr": 48000, "filesize": 1806516, "fps": null, "height": null, "tbr": 84.042, "width": null, "vcodec": "none", "downloader_options": {"http_chunk_size": 10485760}, "format": "250 - audio only (tiny)", "protocol": "https", "http_headers": {"User-Agent": "Mozilla/5.0 (Windows NT 10.0; Win64; x64) AppleWebKit/537.36 (KHTML, like Gecko) Chrome/73.0.3683.38 Safari/537.36", "Accept-Charset": "ISO-8859-1,utf-8;q=0.7,*;q=0.7", "Accept": "text/html,application/xhtml+xml,application/xml;q=0.9,*/*;q=0.8", "Accept-Encoding": "gzip, deflate", "Accept-Language": "en-us,en;q=0.5"}}, {"format_id": "140", "url": "https://r1---sn-ipoxu-u2xd.googlevideo.com/videoplayback?expire=1610392362&ei=yk78X_j4INCqgAPqnLTgDg&ip=220.129.26.102&id=o-AKTzPELUJtd900HGVEI_H2Xk8nnPxpVLqKeGTF8JkFOD&itag=140&source=youtube&requiressl=yes&mh=s7&mm=31%2C29&mn=sn-ipoxu-u2xd%2Csn-un57en7e&ms=au%2Crdu&mv=m&mvi=1&pl=21&initcwndbps=1138750&vprv=1&mime=audio%2Fmp4&ns=Tj5MlYyq-hfr6i_Mi2HxRH8F&gir=yes&clen=3060039&dur=192.609&lmt=1540794280088657&mt=1610370516&fvip=1&keepalive=yes&c=WEB&txp=5432432&n=fLeN5aKLam3dnw&sparams=expire%2Cei%2Cip%2Cid%2Citag%2Csource%2Crequiressl%2Cvprv%2Cmime%2Cns%2Cgir%2Cclen%2Cdur%2Clmt&sig=AOq0QJ8wRAIgAdxqyfjcbCK-lOHnEWbPSAASrJ653NfJMIqxuTjpwA0CIED3bAgfNlhanUqzShxDNVALRjU5c9TLtVDiPfSNMYop&lsparams=mh%2Cmm%2Cmn%2Cms%2Cmv%2Cmvi%2Cpl%2Cinitcwndbps&lsig=AG3C_xAwRQIhALWrwA0HMzoHszv3UagxkziwcQP1CgWEjuyBmV1EX5f5AiBOUxKLev096gnd5mPTfS4wYQttaw1Jc7I8D0r7H8eP0A%3D%3D&ratebypass=yes", "player_url": null, "ext": "m4a", "format_note": "tiny", "acodec": "mp4a.40.2", "abr": 128, "container": "m4a_dash", "asr": 44100, "filesize": 3060039, "fps": null, "height": null, "tbr": 127.953, "width": null, "vcodec": "none", "downloader_options": {"http_chunk_size": 10485760}, "format": "140 - audio only (tiny)", "protocol": "https", "http_headers": {"User-Agent": "Mozilla/5.0 (Windows NT 10.0; Win64; x64) AppleWebKit/537.36 (KHTML, like Gecko) Chrome/73.0.3683.38 Safari/537.36", "Accept-Charset": "ISO-8859-1,utf-8;q=0.7,*;q=0.7", "Accept": "text/html,application/xhtml+xml,application/xml;q=0.9,*/*;q=0.8", "Accept-Encoding": "gzip, deflate", "Accept-Language": "en-us,en;q=0.5"}}, {"format_id": "251", "url": "https://r1---sn-ipoxu-u2xd.googlevideo.com/videoplayback?expire=1610392362&ei=yk78X_j4INCqgAPqnLTgDg&ip=220.129.26.102&id=o-AKTzPELUJtd900HGVEI_H2Xk8nnPxpVLqKeGTF8JkFOD&itag=251&source=youtube&requiressl=yes&mh=s7&mm=31%2C29&mn=sn-ipoxu-u2xd%2Csn-un57en7e&ms=au%2Crdu&mv=m&mvi=1&pl=21&initcwndbps=1138750&vprv=1&mime=audio%2Fwebm&ns=Tj5MlYyq-hfr6i_Mi2HxRH8F&gir=yes&clen=3465270&dur=192.561&lmt=1540794956432741&mt=1610370516&fvip=1&keepalive=yes&c=WEB&txp=5411222&n=fLeN5aKLam3dnw&sparams=expire%2Cei%2Cip%2Cid%2Citag%2Csource%2Crequiressl%2Cvprv%2Cmime%2Cns%2Cgir%2Cclen%2Cdur%2Clmt&sig=AOq0QJ8wRQIhAMuI_GxM7n1xER5M-onKYKQD0lGqk2Fch2_FrSfCZOYKAiBUDt3coQtKLjmNdadQfIZzCwyL1QsTS09sLlrhjyKgzw%3D%3D&lsparams=mh%2Cmm%2Cmn%2Cms%2Cmv%2Cmvi%2Cpl%2Cinitcwndbps&lsig=AG3C_xAwRQIhALWrwA0HMzoHszv3UagxkziwcQP1CgWEjuyBmV1EX5f5AiBOUxKLev096gnd5mPTfS4wYQttaw1Jc7I8D0r7H8eP0A%3D%3D&ratebypass=yes", "player_url": null, "ext": "webm", "format_note": "tiny", "acodec": "opus", "abr": 160, "asr": 48000, "filesize": 3465270, "fps": null, "height": null, "tbr": 157.587, "width": null, "vcodec": "none", "downloader_options": {"http_chunk_size": 10485760}, "format": "251 - audio only (tiny)", "protocol": "https", "http_headers": {"User-Agent": "Mozilla/5.0 (Windows NT 10.0; Win64; x64) AppleWebKit/537.36 (KHTML, like Gecko) Chrome/73.0.3683.38 Safari/537.36", "Accept-Charset": "ISO-8859-1,utf-8;q=0.7,*;q=0.7", "Accept": "text/html,application/xhtml+xml,application/xml;q=0.9,*/*;q=0.8", "Accept-Encoding": "gzip, deflate", "Accept-Language": "en-us,en;q=0.5"}}, {"format_id": "160", "url": "https://r1---sn-ipoxu-u2xd.googlevideo.com/videoplayback?expire=1610392362&ei=yk78X_j4INCqgAPqnLTgDg&ip=220.129.26.102&id=o-AKTzPELUJtd900HGVEI_H2Xk8nnPxpVLqKeGTF8JkFOD&itag=160&aitags=133%2C134%2C135%2C136%2C137%2C160%2C242%2C243%2C244%2C247%2C248%2C278&source=youtube&requiressl=yes&mh=s7&mm=31%2C29&mn=sn-ipoxu-u2xd%2Csn-un57en7e&ms=au%2Crdu&mv=m&mvi=1&pl=21&initcwndbps=1138750&vprv=1&mime=video%2Fmp4&ns=Tj5MlYyq-hfr6i_Mi2HxRH8F&gir=yes&clen=847995&dur=192.541&lmt=1540794281769143&mt=1610370516&fvip=1&keepalive=yes&c=WEB&txp=5432432&n=fLeN5aKLam3dnw&sparams=expire%2Cei%2Cip%2Cid%2Caitags%2Csource%2Crequiressl%2Cvprv%2Cmime%2Cns%2Cgir%2Cclen%2Cdur%2Clmt&sig=AOq0QJ8wRQIhAIKHt8QEZ-XfFA2LU9R51Xtm8ha3gL99we8CXkaOLe1jAiBEJjH-Ja_1OcJF9gD8eWUetivur59Ex8Vd1g25d63YRQ%3D%3D&lsparams=mh%2Cmm%2Cmn%2Cms%2Cmv%2Cmvi%2Cpl%2Cinitcwndbps&lsig=AG3C_xAwRQIhALWrwA0HMzoHszv3UagxkziwcQP1CgWEjuyBmV1EX5f5AiBOUxKLev096gnd5mPTfS4wYQttaw1Jc7I8D0r7H8eP0A%3D%3D&ratebypass=yes", "player_url": null, "ext": "mp4", "height": 144, "format_note": "144p", "vcodec": "avc1.4d400c", "asr": null, "filesize": 847995, "fps": 24, "tbr": 76.332, "width": 256, "acodec": "none", "downloader_options": {"http_chunk_size": 10485760}, "format": "160 - 256x144 (144p)", "protocol": "https", "http_headers": {"User-Agent": "Mozilla/5.0 (Windows NT 10.0; Win64; x64) AppleWebKit/537.36 (KHTML, like Gecko) Chrome/73.0.3683.38 Safari/537.36", "Accept-Charset": "ISO-8859-1,utf-8;q=0.7,*;q=0.7", "Accept": "text/html,application/xhtml+xml,application/xml;q=0.9,*/*;q=0.8", "Accept-Encoding": "gzip, deflate", "Accept-Language": "en-us,en;q=0.5"}}, {"format_id": "278", "url": "https://r1---sn-ipoxu-u2xd.googlevideo.com/videoplayback?expire=1610392362&ei=yk78X_j4INCqgAPqnLTgDg&ip=220.129.26.102&id=o-AKTzPELUJtd900HGVEI_H2Xk8nnPxpVLqKeGTF8JkFOD&itag=278&aitags=133%2C134%2C135%2C136%2C137%2C160%2C242%2C243%2C244%2C247%2C248%2C278&source=youtube&requiressl=yes&mh=s7&mm=31%2C29&mn=sn-ipoxu-u2xd%2Csn-un57en7e&ms=au%2Crdu&mv=m&mvi=1&pl=21&initcwndbps=1138750&vprv=1&mime=video%2Fwebm&ns=Tj5MlYyq-hfr6i_Mi2HxRH8F&gir=yes&clen=1790260&dur=192.541&lmt=1540794543672743&mt=1610370516&fvip=1&keepalive=yes&c=WEB&txp=5432432&n=fLeN5aKLam3dnw&sparams=expire%2Cei%2Cip%2Cid%2Caitags%2Csource%2Crequiressl%2Cvprv%2Cmime%2Cns%2Cgir%2Cclen%2Cdur%2Clmt&sig=AOq0QJ8wRAIgHxxrccbQ1Mqc0JNOVj_lALbCmkVAw30TkeIOYyIpJkkCICvqMfxynihPRaUSs6Qc-y-TQbVaYkiGIOOnPX7BhtBs&lsparams=mh%2Cmm%2Cmn%2Cms%2Cmv%2Cmvi%2Cpl%2Cinitcwndbps&lsig=AG3C_xAwRQIhALWrwA0HMzoHszv3UagxkziwcQP1CgWEjuyBmV1EX5f5AiBOUxKLev096gnd5mPTfS4wYQttaw1Jc7I8D0r7H8eP0A%3D%3D&ratebypass=yes", "player_url": null, "ext": "webm", "height": 144, "format_note": "144p", "container": "webm", "vcodec": "vp9", "asr": null, "filesize": 1790260, "fps": 24, "tbr": 96.361, "width": 256, "acodec": "none", "downloader_options": {"http_chunk_size": 10485760}, "format": "278 - 256x144 (144p)", "protocol": "https", "http_headers": {"User-Agent": "Mozilla/5.0 (Windows NT 10.0; Win64; x64) AppleWebKit/537.36 (KHTML, like Gecko) Chrome/73.0.3683.38 Safari/537.36", "Accept-Charset": "ISO-8859-1,utf-8;q=0.7,*;q=0.7", "Accept": "text/html,application/xhtml+xml,application/xml;q=0.9,*/*;q=0.8", "Accept-Encoding": "gzip, deflate", "Accept-Language": "en-us,en;q=0.5"}}, {"format_id": "133", "url": "https://r1---sn-ipoxu-u2xd.googlevideo.com/videoplayback?expire=1610392362&ei=yk78X_j4INCqgAPqnLTgDg&ip=220.129.26.102&id=o-AKTzPELUJtd900HGVEI_H2Xk8nnPxpVLqKeGTF8JkFOD&itag=133&aitags=133%2C134%2C135%2C136%2C137%2C160%2C242%2C243%2C244%2C247%2C248%2C278&source=youtube&requiressl=yes&mh=s7&mm=31%2C29&mn=sn-ipoxu-u2xd%2Csn-un57en7e&ms=au%2Crdu&mv=m&mvi=1&pl=21&initcwndbps=1138750&vprv=1&mime=video%2Fmp4&ns=Tj5MlYyq-hfr6i_Mi2HxRH8F&gir=yes&clen=1455816&dur=192.541&lmt=1540794281765834&mt=1610370516&fvip=1&keepalive=yes&c=WEB&txp=5432432&n=fLeN5aKLam3dnw&sparams=expire%2Cei%2Cip%2Cid%2Caitags%2Csource%2Crequiressl%2Cvprv%2Cmime%2Cns%2Cgir%2Cclen%2Cdur%2Clmt&sig=AOq0QJ8wRgIhAPGaq3ckRW28w6kNUUNIkLy5lEAn5sBdCA3LF7k2_goVAiEAsyhWqi7jW-V9E_54r_3cVlZDK0hPH4nmDLASs1i7nJ8%3D&lsparams=mh%2Cmm%2Cmn%2Cms%2Cmv%2Cmvi%2Cpl%2Cinitcwndbps&lsig=AG3C_xAwRQIhALWrwA0HMzoHszv3UagxkziwcQP1CgWEjuyBmV1EX5f5AiBOUxKLev096gnd5mPTfS4wYQttaw1Jc7I8D0r7H8eP0A%3D%3D&ratebypass=yes", "player_url": null, "ext": "mp4", "height": 240, "format_note": "240p", "vcodec": "avc1.4d4015", "asr": null, "filesize": 1455816, "fps": 24, "tbr": 131.166, "width": 426, "acodec": "none", "downloader_options": {"http_chunk_size": 10485760}, "format": "133 - 426x240 (240p)", "protocol": "https", "http_headers": {"User-Agent": "Mozilla/5.0 (Windows NT 10.0; Win64; x64) AppleWebKit/537.36 (KHTML, like Gecko) Chrome/73.0.3683.38 Safari/537.36", "Accept-Charset": "ISO-8859-1,utf-8;q=0.7,*;q=0.7", "Accept": "text/html,application/xhtml+xml,application/xml;q=0.9,*/*;q=0.8", "Accept-Encoding": "gzip, deflate", "Accept-Language": "en-us,en;q=0.5"}}, {"format_id": "242", "url": "https://r1---sn-ipoxu-u2xd.googlevideo.com/videoplayback?expire=1610392362&ei=yk78X_j4INCqgAPqnLTgDg&ip=220.129.26.102&id=o-AKTzPELUJtd900HGVEI_H2Xk8nnPxpVLqKeGTF8JkFOD&itag=242&aitags=133%2C134%2C135%2C136%2C137%2C160%2C242%2C243%2C244%2C247%2C248%2C278&source=youtube&requiressl=yes&mh=s7&mm=31%2C29&mn=sn-ipoxu-u2xd%2Csn-un57en7e&ms=au%2Crdu&mv=m&mvi=1&pl=21&initcwndbps=1138750&vprv=1&mime=video%2Fwebm&ns=Tj5MlYyq-hfr6i_Mi2HxRH8F&gir=yes&clen=2514603&dur=192.541&lmt=1540794543701478&mt=1610370516&fvip=1&keepalive=yes&c=WEB&txp=5432432&n=fLeN5aKLam3dnw&sparams=expire%2Cei%2Cip%2Cid%2Caitags%2Csource%2Crequiressl%2Cvprv%2Cmime%2Cns%2Cgir%2Cclen%2Cdur%2Clmt&sig=AOq0QJ8wRAIgMxRN05Vp4nx0_6gQ861xZiMrGiJsyK-VeDyMpGgWI-UCIDNEcuH4__OpQsppj1DcYdt4pqRsAPZz8oLKAC7YIbQ_&lsparams=mh%2Cmm%2Cmn%2Cms%2Cmv%2Cmvi%2Cpl%2Cinitcwndbps&lsig=AG3C_xAwRQIhALWrwA0HMzoHszv3UagxkziwcQP1CgWEjuyBmV1EX5f5AiBOUxKLev096gnd5mPTfS4wYQttaw1Jc7I8D0r7H8eP0A%3D%3D&ratebypass=yes", "player_url": null, "ext": "webm", "height": 240, "format_note": "240p", "vcodec": "vp9", "asr": null, "filesize": 2514603, "fps": 24, "tbr": 194.736, "width": 426, "acodec": "none", "downloader_options": {"http_chunk_size": 10485760}, "format": "242 - 426x240 (240p)", "protocol": "https", "http_headers": {"User-Agent": "Mozilla/5.0 (Windows NT 10.0; Win64; x64) AppleWebKit/537.36 (KHTML, like Gecko) Chrome/73.0.3683.38 Safari/537.36", "Accept-Charset": "ISO-8859-1,utf-8;q=0.7,*;q=0.7", "Accept": "text/html,application/xhtml+xml,application/xml;q=0.9,*/*;q=0.8", "Accept-Encoding": "gzip, deflate", "Accept-Language": "en-us,en;q=0.5"}}, {"format_id": "134", "url": "https://r1---sn-ipoxu-u2xd.googlevideo.com/videoplayback?expire=1610392362&ei=yk78X_j4INCqgAPqnLTgDg&ip=220.129.26.102&id=o-AKTzPELUJtd900HGVEI_H2Xk8nnPxpVLqKeGTF8JkFOD&itag=134&aitags=133%2C134%2C135%2C136%2C137%2C160%2C242%2C243%2C244%2C247%2C248%2C278&source=youtube&requiressl=yes&mh=s7&mm=31%2C29&mn=sn-ipoxu-u2xd%2Csn-un57en7e&ms=au%2Crdu&mv=m&mvi=1&pl=21&initcwndbps=1138750&vprv=1&mime=video%2Fmp4&ns=Tj5MlYyq-hfr6i_Mi2HxRH8F&gir=yes&clen=3127730&dur=192.541&lmt=1540794281869878&mt=1610370516&fvip=1&keepalive=yes&c=WEB&txp=5432432&n=fLeN5aKLam3dnw&sparams=expire%2Cei%2Cip%2Cid%2Caitags%2Csource%2Crequiressl%2Cvprv%2Cmime%2Cns%2Cgir%2Cclen%2Cdur%2Clmt&sig=AOq0QJ8wRQIgPugt6XABv1Wsi-e74Z7su4U5nXAp5sMfNG9_26risT0CIQCTlFulDpA-r2PR0AT1AGYupNpOmyXUbBnU9ZoqUX1yhg%3D%3D&lsparams=mh%2Cmm%2Cmn%2Cms%2Cmv%2Cmvi%2Cpl%2Cinitcwndbps&lsig=AG3C_xAwRQIhALWrwA0HMzoHszv3UagxkziwcQP1CgWEjuyBmV1EX5f5AiBOUxKLev096gnd5mPTfS4wYQttaw1Jc7I8D0r7H8eP0A%3D%3D&ratebypass=yes", "player_url": null, "ext": "mp4", "height": 360, "format_note": "360p", "vcodec": "avc1.4d401e", "asr": null, "filesize": 3127730, "fps": 24, "tbr": 275.685, "width": 640, "acodec": "none", "downloader_options": {"http_chunk_size": 10485760}, "format": "134 - 640x360 (360p)", "protocol": "https", "http_headers": {"User-Agent": "Mozilla/5.0 (Windows NT 10.0; Win64; x64) AppleWebKit/537.36 (KHTML, like Gecko) Chrome/73.0.3683.38 Safari/537.36", "Accept-Charset": "ISO-8859-1,utf-8;q=0.7,*;q=0.7", "Accept": "text/html,application/xhtml+xml,application/xml;q=0.9,*/*;q=0.8", "Accept-Encoding": "gzip, deflate", "Accept-Language": "en-us,en;q=0.5"}}, {"format_id": "243", "url": "https://r1---sn-ipoxu-u2xd.googlevideo.com/videoplayback?expire=1610392362&ei=yk78X_j4INCqgAPqnLTgDg&ip=220.129.26.102&id=o-AKTzPELUJtd900HGVEI_H2Xk8nnPxpVLqKeGTF8JkFOD&itag=243&aitags=133%2C134%2C135%2C136%2C137%2C160%2C242%2C243%2C244%2C247%2C248%2C278&source=youtube&requiressl=yes&mh=s7&mm=31%2C29&mn=sn-ipoxu-u2xd%2Csn-un57en7e&ms=au%2Crdu&mv=m&mvi=1&pl=21&initcwndbps=1138750&vprv=1&mime=video%2Fwebm&ns=Tj5MlYyq-hfr6i_Mi2HxRH8F&gir=yes&clen=4457528&dur=192.541&lmt=1540794543683768&mt=1610370516&fvip=1&keepalive=yes&c=WEB&txp=5432432&n=fLeN5aKLam3dnw&sparams=expire%2Cei%2Cip%2Cid%2Caitags%2Csource%2Crequiressl%2Cvprv%2Cmime%2Cns%2Cgir%2Cclen%2Cdur%2Clmt&sig=AOq0QJ8wRQIgAx0GOPH5j-_JMIr7wE6t41yqFVmC34IMoPDkJ99by7cCIQCK6BD3ecKin2exRl2sPuEpKMNm-HBgsq7PFC0pRrRTRg%3D%3D&lsparams=mh%2Cmm%2Cmn%2Cms%2Cmv%2Cmvi%2Cpl%2Cinitcwndbps&lsig=AG3C_xAwRQIhALWrwA0HMzoHszv3UagxkziwcQP1CgWEjuyBmV1EX5f5AiBOUxKLev096gnd5mPTfS4wYQttaw1Jc7I8D0r7H8eP0A%3D%3D&ratebypass=yes", "player_url": null, "ext": "webm", "height": 360, "format_note": "360p", "vcodec": "vp9", "asr": null, "filesize": 4457528, "fps": 24, "tbr": 351.503, "width": 640, "acodec": "none", "downloader_options": {"http_chunk_size": 10485760}, "format": "243 - 640x360 (360p)", "protocol": "https", "http_headers": {"User-Agent": "Mozilla/5.0 (Windows NT 10.0; Win64; x64) AppleWebKit/537.36 (KHTML, like Gecko) Chrome/73.0.3683.38 Safari/537.36", "Accept-Charset": "ISO-8859-1,utf-8;q=0.7,*;q=0.7", "Accept": "text/html,application/xhtml+xml,application/xml;q=0.9,*/*;q=0.8", "Accept-Encoding": "gzip, deflate", "Accept-Language": "en-us,en;q=0.5"}}, {"format_id": "135", "url": "https://r1---sn-ipoxu-u2xd.googlevideo.com/videoplayback?expire=1610392362&ei=yk78X_j4INCqgAPqnLTgDg&ip=220.129.26.102&id=o-AKTzPELUJtd900HGVEI_H2Xk8nnPxpVLqKeGTF8JkFOD&itag=135&aitags=133%2C134%2C135%2C136%2C137%2C160%2C242%2C243%2C244%2C247%2C248%2C278&source=youtube&requiressl=yes&mh=s7&mm=31%2C29&mn=sn-ipoxu-u2xd%2Csn-un57en7e&ms=au%2Crdu&mv=m&mvi=1&pl=21&initcwndbps=1138750&vprv=1&mime=video%2Fmp4&ns=Tj5MlYyq-hfr6i_Mi2HxRH8F&gir=yes&clen=6099323&dur=192.541&lmt=1540794281886055&mt=1610370516&fvip=1&keepalive=yes&c=WEB&txp=5432432&n=fLeN5aKLam3dnw&sparams=expire%2Cei%2Cip%2Cid%2Caitags%2Csource%2Crequiressl%2Cvprv%2Cmime%2Cns%2Cgir%2Cclen%2Cdur%2Clmt&sig=AOq0QJ8wRAIgLvbG9JiH5qjzjimPFa0WDh9MyDB4UKLCbBtn1Dl62R8CICnhYZ4oPJU6kKpWEFdYIPDdPWNn2Lx6bkpH5-u8ZBQR&lsparams=mh%2Cmm%2Cmn%2Cms%2Cmv%2Cmvi%2Cpl%2Cinitcwndbps&lsig=AG3C_xAwRQIhALWrwA0HMzoHszv3UagxkziwcQP1CgWEjuyBmV1EX5f5AiBOUxKLev096gnd5mPTfS4wYQttaw1Jc7I8D0r7H8eP0A%3D%3D&ratebypass=yes", "player_url": null, "ext": "mp4", "height": 480, "format_note": "480p", "vcodec": "avc1.4d401e", "asr": null, "filesize": 6099323, "fps": 24, "tbr": 508.833, "width": 854, "acodec": "none", "downloader_options": {"http_chunk_size": 10485760}, "format": "135 - 854x480 (480p)", "protocol": "https", "http_headers": {"User-Agent": "Mozilla/5.0 (Windows NT 10.0; Win64; x64) AppleWebKit/537.36 (KHTML, like Gecko) Chrome/73.0.3683.38 Safari/537.36", "Accept-Charset": "ISO-8859-1,utf-8;q=0.7,*;q=0.7", "Accept": "text/html,application/xhtml+xml,application/xml;q=0.9,*/*;q=0.8", "Accept-Encoding": "gzip, deflate", "Accept-Language": "en-us,en;q=0.5"}}, {"format_id": "244", "url": "https://r1---sn-ipoxu-u2xd.googlevideo.com/videoplayback?expire=1610392362&ei=yk78X_j4INCqgAPqnLTgDg&ip=220.129.26.102&id=o-AKTzPELUJtd900HGVEI_H2Xk8nnPxpVLqKeGTF8JkFOD&itag=244&aitags=133%2C134%2C135%2C136%2C137%2C160%2C242%2C243%2C244%2C247%2C248%2C278&source=youtube&requiressl=yes&mh=s7&mm=31%2C29&mn=sn-ipoxu-u2xd%2Csn-un57en7e&ms=au%2Crdu&mv=m&mvi=1&pl=21&initcwndbps=1138750&vprv=1&mime=video%2Fwebm&ns=Tj5MlYyq-hfr6i_Mi2HxRH8F&gir=yes&clen=7076093&dur=192.541&lmt=1540794543685070&mt=1610370516&fvip=1&keepalive=yes&c=WEB&txp=5432432&n=fLeN5aKLam3dnw&sparams=expire%2Cei%2Cip%2Cid%2Caitags%2Csource%2Crequiressl%2Cvprv%2Cmime%2Cns%2Cgir%2Cclen%2Cdur%2Clmt&sig=AOq0QJ8wRAIgRD6KPYf87FWlYknMuFrgOzYKh3N6jMy5wqE-BLM0up8CIEx_bPca2VMbglpDVeIeF9fRRZXFDzhyA61zxyC2xj3y&lsparams=mh%2Cmm%2Cmn%2Cms%2Cmv%2Cmvi%2Cpl%2Cinitcwndbps&lsig=AG3C_xAwRQIhALWrwA0HMzoHszv3UagxkziwcQP1CgWEjuyBmV1EX5f5AiBOUxKLev096gnd5mPTfS4wYQttaw1Jc7I8D0r7H8eP0A%3D%3D&ratebypass=yes", "player_url": null, "ext": "webm", "height": 480, "format_note": "480p", "vcodec": "vp9", "asr": null, "filesize": 7076093, "fps": 24, "tbr": 597.254, "width": 854, "acodec": "none", "downloader_options": {"http_chunk_size": 10485760}, "format": "244 - 854x480 (480p)", "protocol": "https", "http_headers": {"User-Agent": "Mozilla/5.0 (Windows NT 10.0; Win64; x64) AppleWebKit/537.36 (KHTML, like Gecko) Chrome/73.0.3683.38 Safari/537.36", "Accept-Charset": "ISO-8859-1,utf-8;q=0.7,*;q=0.7", "Accept": "text/html,application/xhtml+xml,application/xml;q=0.9,*/*;q=0.8", "Accept-Encoding": "gzip, deflate", "Accept-Language": "en-us,en;q=0.5"}}, {"format_id": "136", "url": "https://r1---sn-ipoxu-u2xd.googlevideo.com/videoplayback?expire=1610392362&ei=yk78X_j4INCqgAPqnLTgDg&ip=220.129.26.102&id=o-AKTzPELUJtd900HGVEI_H2Xk8nnPxpVLqKeGTF8JkFOD&itag=136&aitags=133%2C134%2C135%2C136%2C137%2C160%2C242%2C243%2C244%2C247%2C248%2C278&source=youtube&requiressl=yes&mh=s7&mm=31%2C29&mn=sn-ipoxu-u2xd%2Csn-un57en7e&ms=au%2Crdu&mv=m&mvi=1&pl=21&initcwndbps=1138750&vprv=1&mime=video%2Fmp4&ns=Tj5MlYyq-hfr6i_Mi2HxRH8F&gir=yes&clen=11791395&dur=192.541&lmt=1540794282170762&mt=1610370516&fvip=1&keepalive=yes&c=WEB&txp=5432432&n=fLeN5aKLam3dnw&sparams=expire%2Cei%2Cip%2Cid%2Caitags%2Csource%2Crequiressl%2Cvprv%2Cmime%2Cns%2Cgir%2Cclen%2Cdur%2Clmt&sig=AOq0QJ8wRQIgDWuw2Ly8dx4Z55a6wVskiwkiijipZT5OVlTXH7BFmI8CIQCk2Jv9j3ULmHvt2aMeldD9yuC--9B7u8h-Q-zUAVlvFQ%3D%3D&lsparams=mh%2Cmm%2Cmn%2Cms%2Cmv%2Cmvi%2Cpl%2Cinitcwndbps&lsig=AG3C_xAwRQIhALWrwA0HMzoHszv3UagxkziwcQP1CgWEjuyBmV1EX5f5AiBOUxKLev096gnd5mPTfS4wYQttaw1Jc7I8D0r7H8eP0A%3D%3D&ratebypass=yes", "player_url": null, "ext": "mp4", "height": 720, "format_note": "720p", "vcodec": "avc1.4d401f", "asr": null, "filesize": 11791395, "fps": 24, "tbr": 1029.242, "width": 1280, "acodec": "none", "downloader_options": {"http_chunk_size": 10485760}, "format": "136 - 1280x720 (720p)", "protocol": "https", "http_headers": {"User-Agent": "Mozilla/5.0 (Windows NT 10.0; Win64; x64) AppleWebKit/537.36 (KHTML, like Gecko) Chrome/73.0.3683.38 Safari/537.36", "Accept-Charset": "ISO-8859-1,utf-8;q=0.7,*;q=0.7", "Accept": "text/html,application/xhtml+xml,application/xml;q=0.9,*/*;q=0.8", "Accept-Encoding": "gzip, deflate", "Accept-Language": "en-us,en;q=0.5"}}, {"format_id": "247", "url": "https://r1---sn-ipoxu-u2xd.googlevideo.com/videoplayback?expire=1610392362&ei=yk78X_j4INCqgAPqnLTgDg&ip=220.129.26.102&id=o-AKTzPELUJtd900HGVEI_H2Xk8nnPxpVLqKeGTF8JkFOD&itag=247&aitags=133%2C134%2C135%2C136%2C137%2C160%2C242%2C243%2C244%2C247%2C248%2C278&source=youtube&requiressl=yes&mh=s7&mm=31%2C29&mn=sn-ipoxu-u2xd%2Csn-un57en7e&ms=au%2Crdu&mv=m&mvi=1&pl=21&initcwndbps=1138750&vprv=1&mime=video%2Fwebm&ns=Tj5MlYyq-hfr6i_Mi2HxRH8F&gir=yes&clen=14497080&dur=192.541&lmt=1540794543683792&mt=1610370516&fvip=1&keepalive=yes&c=WEB&txp=5432432&n=fLeN5aKLam3dnw&sparams=expire%2Cei%2Cip%2Cid%2Caitags%2Csource%2Crequiressl%2Cvprv%2Cmime%2Cns%2Cgir%2Cclen%2Cdur%2Clmt&sig=AOq0QJ8wRAIgJE7-_GtcNF-v5zlzYYZLlmjw5JZdfZYRkj2E1JFco9ICIEHMVDHAyYsDi-cToLmf48OHITysh3gLqeWgxa4l461k&lsparams=mh%2Cmm%2Cmn%2Cms%2Cmv%2Cmvi%2Cpl%2Cinitcwndbps&lsig=AG3C_xAwRQIhALWrwA0HMzoHszv3UagxkziwcQP1CgWEjuyBmV1EX5f5AiBOUxKLev096gnd5mPTfS4wYQttaw1Jc7I8D0r7H8eP0A%3D%3D&ratebypass=yes", "player_url": null, "ext": "webm", "height": 720, "format_note": "720p", "vcodec": "vp9", "asr": null, "filesize": 14497080, "fps": 24, "tbr": 1142.967, "width": 1280, "acodec": "none", "downloader_options": {"http_chunk_size": 10485760}, "format": "247 - 1280x720 (720p)", "protocol": "https", "http_headers": {"User-Agent": "Mozilla/5.0 (Windows NT 10.0; Win64; x64) AppleWebKit/537.36 (KHTML, like Gecko) Chrome/73.0.3683.38 Safari/537.36", "Accept-Charset": "ISO-8859-1,utf-8;q=0.7,*;q=0.7", "Accept": "text/html,application/xhtml+xml,application/xml;q=0.9,*/*;q=0.8", "Accept-Encoding": "gzip, deflate", "Accept-Language": "en-us,en;q=0.5"}}, {"format_id": "137", "url": "https://r1---sn-ipoxu-u2xd.googlevideo.com/videoplayback?expire=1610392362&ei=yk78X_j4INCqgAPqnLTgDg&ip=220.129.26.102&id=o-AKTzPELUJtd900HGVEI_H2Xk8nnPxpVLqKeGTF8JkFOD&itag=137&aitags=133%2C134%2C135%2C136%2C137%2C160%2C242%2C243%2C244%2C247%2C248%2C278&source=youtube&requiressl=yes&mh=s7&mm=31%2C29&mn=sn-ipoxu-u2xd%2Csn-un57en7e&ms=au%2Crdu&mv=m&mvi=1&pl=21&initcwndbps=1138750&vprv=1&mime=video%2Fmp4&ns=Tj5MlYyq-hfr6i_Mi2HxRH8F&gir=yes&clen=23027155&dur=192.541&lmt=1540794267143736&mt=1610370516&fvip=1&keepalive=yes&c=WEB&txp=5432432&n=fLeN5aKLam3dnw&sparams=expire%2Cei%2Cip%2Cid%2Caitags%2Csource%2Crequiressl%2Cvprv%2Cmime%2Cns%2Cgir%2Cclen%2Cdur%2Clmt&sig=AOq0QJ8wRgIhAOSs3ZkrRPH3KEouXkl5Y-ZkcBuPWjvgV6hU4u9toJr0AiEA8g9MMvDKMaL-1VpWoQkFTfSPtqePrbSAgwJTEHADE4Y%3D&lsparams=mh%2Cmm%2Cmn%2Cms%2Cmv%2Cmvi%2Cpl%2Cinitcwndbps&lsig=AG3C_xAwRQIhALWrwA0HMzoHszv3UagxkziwcQP1CgWEjuyBmV1EX5f5AiBOUxKLev096gnd5mPTfS4wYQttaw1Jc7I8D0r7H8eP0A%3D%3D&ratebypass=yes", "player_url": null, "ext": "mp4", "height": 1080, "format_note": "1080p", "vcodec": "avc1.640028", "asr": null, "filesize": 23027155, "fps": 24, "tbr": 2037.812, "width": 1920, "acodec": "none", "downloader_options": {"http_chunk_size": 10485760}, "format": "137 - 1920x1080 (1080p)", "protocol": "https", "http_headers": {"User-Agent": "Mozilla/5.0 (Windows NT 10.0; Win64; x64) AppleWebKit/537.36 (KHTML, like Gecko) Chrome/73.0.3683.38 Safari/537.36", "Accept-Charset": "ISO-8859-1,utf-8;q=0.7,*;q=0.7", "Accept": "text/html,application/xhtml+xml,application/xml;q=0.9,*/*;q=0.8", "Accept-Encoding": "gzip, deflate", "Accept-Language": "en-us,en;q=0.5"}}, {"format_id": "248", "url": "https://r1---sn-ipoxu-u2xd.googlevideo.com/videoplayback?expire=1610392362&ei=yk78X_j4INCqgAPqnLTgDg&ip=220.129.26.102&id=o-AKTzPELUJtd900HGVEI_H2Xk8nnPxpVLqKeGTF8JkFOD&itag=248&aitags=133%2C134%2C135%2C136%2C137%2C160%2C242%2C243%2C244%2C247%2C248%2C278&source=youtube&requiressl=yes&mh=s7&mm=31%2C29&mn=sn-ipoxu-u2xd%2Csn-un57en7e&ms=au%2Crdu&mv=m&mvi=1&pl=21&initcwndbps=1138750&vprv=1&mime=video%2Fwebm&ns=Tj5MlYyq-hfr6i_Mi2HxRH8F&gir=yes&clen=27218116&dur=192.541&lmt=1540794431105595&mt=1610370516&fvip=1&keepalive=yes&c=WEB&txp=5432432&n=fLeN5aKLam3dnw&sparams=expire%2Cei%2Cip%2Cid%2Caitags%2Csource%2Crequiressl%2Cvprv%2Cmime%2Cns%2Cgir%2Cclen%2Cdur%2Clmt&sig=AOq0QJ8wRAIgDeevvWkWr6jjsaq-BnaWtWUSAaG0WJ4kxXkK9kQiVfsCIBIYuFx9Du5AovYU8PIr_KvWgRh2rLfvWUCOelx7Bgcu&lsparams=mh%2Cmm%2Cmn%2Cms%2Cmv%2Cmvi%2Cpl%2Cinitcwndbps&lsig=AG3C_xAwRQIhALWrwA0HMzoHszv3UagxkziwcQP1CgWEjuyBmV1EX5f5AiBOUxKLev096gnd5mPTfS4wYQttaw1Jc7I8D0r7H8eP0A%3D%3D&ratebypass=yes", "player_url": null, "ext": "webm", "height": 1080, "format_note": "1080p", "vcodec": "vp9", "asr": null, "filesize": 27218116, "fps": 24, "tbr": 2100.056, "width": 1920, "acodec": "none", "downloader_options": {"http_chunk_size": 10485760}, "format": "248 - 1920x1080 (1080p)", "protocol": "https", "http_headers": {"User-Agent": "Mozilla/5.0 (Windows NT 10.0; Win64; x64) AppleWebKit/537.36 (KHTML, like Gecko) Chrome/73.0.3683.38 Safari/537.36", "Accept-Charset": "ISO-8859-1,utf-8;q=0.7,*;q=0.7", "Accept": "text/html,application/xhtml+xml,application/xml;q=0.9,*/*;q=0.8", "Accept-Encoding": "gzip, deflate", "Accept-Language": "en-us,en;q=0.5"}}, {"format_id": "18", "url": "https://r1---sn-ipoxu-u2xd.googlevideo.com/videoplayback?expire=1610392362&ei=yk78X_j4INCqgAPqnLTgDg&ip=220.129.26.102&id=o-AKTzPELUJtd900HGVEI_H2Xk8nnPxpVLqKeGTF8JkFOD&itag=18&source=youtube&requiressl=yes&mh=s7&mm=31%2C29&mn=sn-ipoxu-u2xd%2Csn-un57en7e&ms=au%2Crdu&mv=m&mvi=1&pl=21&initcwndbps=1138750&vprv=1&mime=video%2Fmp4&ns=8N-CgkFp7czIOXbmLnOdKsIF&gir=yes&clen=8748073&ratebypass=yes&dur=192.609&lmt=1540794307325077&mt=1610370516&fvip=1&c=WEB&txp=5431432&n=JdlpHY7IUlBErT&sparams=expire%2Cei%2Cip%2Cid%2Citag%2Csource%2Crequiressl%2Cvprv%2Cmime%2Cns%2Cgir%2Cclen%2Cratebypass%2Cdur%2Clmt&sig=AOq0QJ8wRQIgbIHERoVkC8HVeIH6KetthZTNCubJE660y1wbSGRJjwMCIQC07qNt1n7Nf7Xx3gXGOI_JF-D5tcztycggVTX6Pcq1Sw%3D%3D&lsparams=mh%2Cmm%2Cmn%2Cms%2Cmv%2Cmvi%2Cpl%2Cinitcwndbps&lsig=AG3C_xAwRQIhALWrwA0HMzoHszv3UagxkziwcQP1CgWEjuyBmV1EX5f5AiBOUxKLev096gnd5mPTfS4wYQttaw1Jc7I8D0r7H8eP0A%3D%3D", "player_url": null, "ext": "mp4", "width": 640, "height": 360, "acodec": "mp4a.40.2", "abr": 96, "vcodec": "avc1.42001E", "asr": 44100, "filesize": 8748073, "format_note": "360p", "fps": 24, "tbr": 363.478, "format": "18 - 640x360 (360p)", "protocol": "https", "http_headers": {"User-Agent": "Mozilla/5.0 (Windows NT 10.0; Win64; x64) AppleWebKit/537.36 (KHTML, like Gecko) Chrome/73.0.3683.38 Safari/537.36", "Accept-Charset": "ISO-8859-1,utf-8;q=0.7,*;q=0.7", "Accept": "text/html,application/xhtml+xml,application/xml;q=0.9,*/*;q=0.8", "Accept-Encoding": "gzip, deflate", "Accept-Language": "en-us,en;q=0.5"}}], "is_live": null, "start_time": null, "end_time": null, "series": null, "season_number": null, "episode_number": null, "track": null, "artist": null, "album": null, "release_date": null, "release_year": null, "extractor": "youtube", "webpage_url_basename": "watch", "extractor_key": "Youtube", "playlist": null, "playlist_index": null, "thumbnail": "https://i.ytimg.com/vi_webp/02t1bj7ZABY/maxresdefault.webp", "display_id": "02t1bj7ZABY", "requested_subtitles": null, "format_id": "251", "url": "https://r1---sn-ipoxu-u2xd.googlevideo.com/videoplayback?expire=1610392362&ei=yk78X_j4INCqgAPqnLTgDg&ip=220.129.26.102&id=o-AKTzPELUJtd900HGVEI_H2Xk8nnPxpVLqKeGTF8JkFOD&itag=251&source=youtube&requiressl=yes&mh=s7&mm=31%2C29&mn=sn-ipoxu-u2xd%2Csn-un57en7e&ms=au%2Crdu&mv=m&mvi=1&pl=21&initcwndbps=1138750&vprv=1&mime=audio%2Fwebm&ns=Tj5MlYyq-hfr6i_Mi2HxRH8F&gir=yes&clen=3465270&dur=192.561&lmt=1540794956432741&mt=1610370516&fvip=1&keepalive=yes&c=WEB&txp=5411222&n=fLeN5aKLam3dnw&sparams=expire%2Cei%2Cip%2Cid%2Citag%2Csource%2Crequiressl%2Cvprv%2Cmime%2Cns%2Cgir%2Cclen%2Cdur%2Clmt&sig=AOq0QJ8wRQIhAMuI_GxM7n1xER5M-onKYKQD0lGqk2Fch2_FrSfCZOYKAiBUDt3coQtKLjmNdadQfIZzCwyL1QsTS09sLlrhjyKgzw%3D%3D&lsparams=mh%2Cmm%2Cmn%2Cms%2Cmv%2Cmvi%2Cpl%2Cinitcwndbps&lsig=AG3C_xAwRQIhALWrwA0HMzoHszv3UagxkziwcQP1CgWEjuyBmV1EX5f5AiBOUxKLev096gnd5mPTfS4wYQttaw1Jc7I8D0r7H8eP0A%3D%3D&ratebypass=yes", "player_url": null, "ext": "webm", "format_note": "tiny", "acodec": "opus", "abr": 160, "asr": 48000, "filesize": 3465270, "fps": null, "height": null, "tbr": 157.587, "width": null, "vcodec": "none", "downloader_options": {"http_chunk_size": 10485760}, "format": "251 - audio only (tiny)", "protocol": "https", "http_headers": {"User-Agent": "Mozilla/5.0 (Windows NT 10.0; Win64; x64) AppleWebKit/537.36 (KHTML, like Gecko) Chrome/73.0.3683.38 Safari/537.36", "Accept-Charset": "ISO-8859-1,utf-8;q=0.7,*;q=0.7", "Accept": "text/html,application/xhtml+xml,application/xml;q=0.9,*/*;q=0.8", "Accept-Encoding": "gzip, deflate", "Accept-Language": "en-us,en;q=0.5"}}