{"id": "_vZOEQCYSaY", "uploader": "Jurrivh", "uploader_id": "Jurrivh", "uploader_url": "http://www.youtube.com/user/Jurrivh", "channel_id": "UCLh10hzbQJPg0Hho1VdGXwA", "channel_url": "http://www.youtube.com/channel/UCLh10hzbQJPg0Hho1VdGXwA", "upload_date": "20200621", "license": null, "creator": null, "title": "First Love - Sad & Emotional Piano Song Instrumental", "alt_title": null, "thumbnails": [{"url": "https://i.ytimg.com/vi/_vZOEQCYSaY/hqdefault.jpg?sqp=-oaymwEYCKgBEF5IVfKriqkDCwgBFQAAiEIYAXAB&rs=AOn4CLAKs1ADjdXcYDfum8gjlStonZumQg", "width": 168, "height": 94, "resolution": "168x94", "id": "0"}, {"url": "https://i.ytimg.com/vi/_vZOEQCYSaY/hqdefault.jpg?sqp=-oaymwEYCMQBEG5IVfKriqkDCwgBFQAAiEIYAXAB&rs=AOn4CLDjEyYdbWVGp1jK-EJYouBttMOsSA", "width": 196, "height": 110, "resolution": "196x110", "id": "1"}, {"url": "https://i.ytimg.com/vi/_vZOEQCYSaY/hqdefault.jpg?sqp=-oaymwEZCPYBEIoBSFXyq4qpAwsIARUAAIhCGAFwAQ==&rs=AOn4CLD-LCJgSUkiGfInkY6_ScTJVH6zXA", "width": 246, "height": 138, "resolution": "246x138", "id": "2"}, {"url": "https://i.ytimg.com/vi/_vZOEQCYSaY/hqdefault.jpg?sqp=-oaymwEZCNACELwBSFXyq4qpAwsIARUAAIhCGAFwAQ==&rs=AOn4CLDpJh3hl8wKsJ_5aN4o36za5VrmBQ", "width": 336, "height": 188, "resolution": "336x188", "id": "3"}, {"url": "https://i.ytimg.com/vi_webp/_vZOEQCYSaY/maxresdefault.webp", "width": 1920, "height": 1080, "resolution": "1920x1080", "id": "4"}], "description": "Sad & Emotional Piano Song Instrumental Composed by Jurrivh. \n\n\u25b6 Subscribe for more Music: http://bit.ly/SubToJurrivh\n\ud83d\udcb0 Purchase (License): https://audiojungle.net/item/emotional-inspiring-wedding-piano-cello/27541617\n\nSocial Media\nInstagram: https://www.instagram.com/jurrivh/\nTwitter: http://twitter.com/jurrivh\nFacebook: https://www.facebook.com/jurrivh/\n\nSubscribe for New Music every Sunday 5pm (CET)!\n#SadPiano #Jurrivh #Emotional", "categories": ["Music"], "tags": ["Jurrivh", "Sad Piano", "Sad Piano Music", "Piano Crying", "Jurrivh Piano", "Sad Piano Song", "Sad Piano Instrumental", "Emotional Piano", "Emotional Piano Song", "Sad Piano Song Instrumental", "Relaxing Piano Music", "Depressing Piano", "Depressing Piano Music", "Depressing Piano Songs", "Piano Triste", "First Love", "Jurrivh First Love", "Sad Piano First Love", "First Love Jurrivh", "First Love - Sad & Emotional Piano Song Instrumental"], "subtitles": {}, "automatic_captions": {}, "duration": 206, "age_limit": 0, "annotations": null, "chapters": null, "webpage_url": "https://www.youtube.com/watch?v=_vZOEQCYSaY", "view_count": 161260, "like_count": 5964, "dislike_count": 23, "average_rating": 4.9846334, "formats": [{"format_id": "249", "url": "https://r2---sn-ipoxu-u2xd.googlevideo.com/videoplayback?expire=1610392268&ei=bE78X72DN8_ngAO7qpD4Ag&ip=220.129.26.102&id=o-ABWfY_A9OFXpNYp_DQ4nk9BwASmabo5xfwewupi9b27S&itag=249&source=youtube&requiressl=yes&mh=g8&mm=31%2C29&mn=sn-ipoxu-u2xd%2Csn-un57sn76&ms=au%2Crdu&mv=m&mvi=2&pl=21&initcwndbps=1138750&vprv=1&mime=audio%2Fwebm&ns=lPy6QbSbjp4MwTgyyijz0lgF&gir=yes&clen=1478296&dur=206.021&lmt=1592758112383196&mt=1610370516&fvip=2&keepalive=yes&c=WEB&txp=5431432&n=ZIz53YIKEHkHL1&sparams=expire%2Cei%2Cip%2Cid%2Citag%2Csource%2Crequiressl%2Cvprv%2Cmime%2Cns%2Cgir%2Cclen%2Cdur%2Clmt&sig=AOq0QJ8wRAIgYV6iqf3z6f7Z9NI9HJ9b0iSgLna0BTwGVwit8XMce8sCIAI3uI5JcY2PVOQ2rbs3XpyCx59XhKdYwPLD9V8D0K0A&lsparams=mh%2Cmm%2Cmn%2Cms%2Cmv%2Cmvi%2Cpl%2Cinitcwndbps&lsig=AG3C_xAwRgIhAOSfaPidlK8birkOYEQjzODkDBslvKekm4kdIyYdRoc0AiEAjdW0uNOFJbfB23j4dExZeWpYRdrXX7rH8UXi0YPfYZc%3D&ratebypass=yes", "player_url": null, "ext": "webm", "format_note": "tiny", "acodec": "opus", "abr": 50, "asr": 48000, "filesize": 1478296, "fps": null, "height": null, "tbr": 60.744, "width": null, "vcodec": "none", "downloader_options": {"http_chunk_size": 10485760}, "format": "249 - audio only (tiny)", "protocol": "https", "http_headers": {"User-Agent": "Mozilla/5.0 (Windows NT 10.0; Win64; x64) AppleWebKit/537.36 (KHTML, like Gecko) Chrome/73.0.3683.38 Safari/537.36", "Accept-Charset": "ISO-8859-1,utf-8;q=0.7,*;q=0.7", "Accept": "text/html,application/xhtml+xml,application/xml;q=0.9,*/*;q=0.8", "Accept-Encoding": "gzip, deflate", "Accept-Language": "en-us,en;q=0.5"}}, {"format_id": "250", "url": "https://r2---sn-ipoxu-u2xd.googlevideo.com/videoplayback?expire=1610392268&ei=bE78X72DN8_ngAO7qpD4Ag&ip=220.129.26.102&id=o-ABWfY_A9OFXpNYp_DQ4nk9BwASmabo5xfwewupi9b27S&itag=250&source=youtube&requiressl=yes&mh=g8&mm=31%2C29&mn=sn-ipoxu-u2xd%2Csn-un57sn76&ms=au%2Crdu&mv=m&mvi=2&pl=21&initcwndbps=1138750&vprv=1&mime=audio%2Fwebm&ns=lPy6QbSbjp4MwTgyyijz0lgF&gir=yes&clen=1952107&dur=206.021&lmt=1592758112075965&mt=1610370516&fvip=2&keepalive=yes&c=WEB&txp=5431432&n=ZIz53YIKEHkHL1&sparams=expire%2Cei%2Cip%2Cid%2Citag%2Csource%2Crequiressl%2Cvprv%2Cmime%2Cns%2Cgir%2Cclen%2Cdur%2Clmt&sig=AOq0QJ8wRAIhAIy5PU48uTQDzGB7mc-SsGH0JIvLyxomyMeORf6UMTylAh8dTcG363-tTFH1dR8LFC3E7XEFD5gFqEY5PlRxCVWK&lsparams=mh%2Cmm%2Cmn%2Cms%2Cmv%2Cmvi%2Cpl%2Cinitcwndbps&lsig=AG3C_xAwRgIhAOSfaPidlK8birkOYEQjzODkDBslvKekm4kdIyYdRoc0AiEAjdW0uNOFJbfB23j4dExZeWpYRdrXX7rH8UXi0YPfYZc%3D&ratebypass=yes", "player_url": null, "ext": "webm", "format_note": "tiny", "acodec": "opus", "abr": 70, "asr": 48000, "filesize": 1952107, "fps": null, "height": null, "tbr": 79.536, "width": null, "vcodec": "none", "downloader_options": {"http_chunk_size": 10485760}, "format": "250 - audio only (tiny)", "protocol": "https", "http_headers": {"User-Agent": "Mozilla/5.0 (Windows NT 10.0; Win64; x64) AppleWebKit/537.36 (KHTML, like Gecko) Chrome/73.0.3683.38 Safari/537.36", "Accept-Charset": "ISO-8859-1,utf-8;q=0.7,*;q=0.7", "Accept": "text/html,application/xhtml+xml,application/xml;q=0.9,*/*;q=0.8", "Accept-Encoding": "gzip, deflate", "Accept-Language": "en-us,en;q=0.5"}}, {"format_id": "140", "url": "https://r2---sn-ipoxu-u2xd.googlevideo.com/videoplayback?expire=1610392268&ei=bE78X72DN8_ngAO7qpD4Ag&ip=220.129.26.102&id=o-ABWfY_A9OFXpNYp_DQ4nk9BwASmabo5xfwewupi9b27S&itag=140&source=youtube&requiressl=yes&mh=g8&mm=31%2C29&mn=sn-ipoxu-u2xd%2Csn-un57sn76&ms=au%2Crdu&mv=m&mvi=2&pl=21&initcwndbps=1138750&vprv=1&mime=audio%2Fmp4&ns=lPy6QbSbjp4MwTgyyijz0lgF&gir=yes&clen=3335774&dur=206.053&lmt=1592758117098436&mt=1610370516&fvip=2&keepalive=yes&c=WEB&txp=5431432&n=ZIz53YIKEHkHL1&sparams=expire%2Cei%2Cip%2Cid%2Citag%2Csource%2Crequiressl%2Cvprv%2Cmime%2Cns%2Cgir%2Cclen%2Cdur%2Clmt&sig=AOq0QJ8wRQIhAPAUPUoNDdcUZlwz67mi4H21xJRU3riFOIbs0U-xb6W3AiADtAELI_J-foYPVgrRdYEpLivio0r_rSfnzKSxlHAphA%3D%3D&lsparams=mh%2Cmm%2Cmn%2Cms%2Cmv%2Cmvi%2Cpl%2Cinitcwndbps&lsig=AG3C_xAwRgIhAOSfaPidlK8birkOYEQjzODkDBslvKekm4kdIyYdRoc0AiEAjdW0uNOFJbfB23j4dExZeWpYRdrXX7rH8UXi0YPfYZc%3D&ratebypass=yes", "player_url": null, "ext": "m4a", "format_note": "tiny", "acodec": "mp4a.40.2", "abr": 128, "container": "m4a_dash", "asr": 44100, "filesize": 3335774, "fps": null, "height": null, "tbr": 130.462, "width": null, "vcodec": "none", "downloader_options": {"http_chunk_size": 10485760}, "format": "140 - audio only (tiny)", "protocol": "https", "http_headers": {"User-Agent": "Mozilla/5.0 (Windows NT 10.0; Win64; x64) AppleWebKit/537.36 (KHTML, like Gecko) Chrome/73.0.3683.38 Safari/537.36", "Accept-Charset": "ISO-8859-1,utf-8;q=0.7,*;q=0.7", "Accept": "text/html,application/xhtml+xml,application/xml;q=0.9,*/*;q=0.8", "Accept-Encoding": "gzip, deflate", "Accept-Language": "en-us,en;q=0.5"}}, {"format_id": "251", "url": "https://r2---sn-ipoxu-u2xd.googlevideo.com/videoplayback?expire=1610392268&ei=bE78X72DN8_ngAO7qpD4Ag&ip=220.129.26.102&id=o-ABWfY_A9OFXpNYp_DQ4nk9BwASmabo5xfwewupi9b27S&itag=251&source=youtube&requiressl=yes&mh=g8&mm=31%2C29&mn=sn-ipoxu-u2xd%2Csn-un57sn76&ms=au%2Crdu&mv=m&mvi=2&pl=21&initcwndbps=1138750&vprv=1&mime=audio%2Fwebm&ns=lPy6QbSbjp4MwTgyyijz0lgF&gir=yes&clen=3761908&dur=206.021&lmt=1592758113188979&mt=1610370516&fvip=2&keepalive=yes&c=WEB&txp=5431432&n=ZIz53YIKEHkHL1&sparams=expire%2Cei%2Cip%2Cid%2Citag%2Csource%2Crequiressl%2Cvprv%2Cmime%2Cns%2Cgir%2Cclen%2Cdur%2Clmt&sig=AOq0QJ8wRAIgK_0Nr5QJqvheYA1MLefB3hN6BVA6yj704Y8Btii-SVUCIGWFLOJd3fxIgPzXhRxmDyP6vHRjdZfDl7eOxazQq48L&lsparams=mh%2Cmm%2Cmn%2Cms%2Cmv%2Cmvi%2Cpl%2Cinitcwndbps&lsig=AG3C_xAwRgIhAOSfaPidlK8birkOYEQjzODkDBslvKekm4kdIyYdRoc0AiEAjdW0uNOFJbfB23j4dExZeWpYRdrXX7rH8UXi0YPfYZc%3D&ratebypass=yes", "player_url": null, "ext": "webm", "format_note": "tiny", "acodec": "opus", "abr": 160, "asr": 48000, "filesize": 3761908, "fps": null, "height": null, "tbr": 151.238, "width": null, "vcodec": "none", "downloader_options": {"http_chunk_size": 10485760}, "format": "251 - audio only (tiny)", "protocol": "https", "http_headers": {"User-Agent": "Mozilla/5.0 (Windows NT 10.0; Win64; x64) AppleWebKit/537.36 (KHTML, like Gecko) Chrome/73.0.3683.38 Safari/537.36", "Accept-Charset": "ISO-8859-1,utf-8;q=0.7,*;q=0.7", "Accept": "text/html,application/xhtml+xml,application/xml;q=0.9,*/*;q=0.8", "Accept-Encoding": "gzip, deflate", "Accept-Language": "en-us,en;q=0.5"}}, {"format_id": "160", "url": "https://r2---sn-ipoxu-u2xd.googlevideo.com/videoplayback?expire=1610392268&ei=bE78X72DN8_ngAO7qpD4Ag&ip=220.129.26.102&id=o-ABWfY_A9OFXpNYp_DQ4nk9BwASmabo5xfwewupi9b27S&itag=160&aitags=133%2C134%2C135%2C136%2C137%2C160%2C242%2C243%2C244%2C247%2C248%2C278&source=youtube&requiressl=yes&mh=g8&mm=31%2C29&mn=sn-ipoxu-u2xd%2Csn-un57sn76&ms=au%2Crdu&mv=m&mvi=2&pl=21&initcwndbps=1138750&vprv=1&mime=video%2Fmp4&ns=lPy6QbSbjp4MwTgyyijz0lgF&gir=yes&clen=815111&dur=205.999&lmt=1592758152748392&mt=1610370516&fvip=2&keepalive=yes&c=WEB&txp=5432432&n=ZIz53YIKEHkHL1&sparams=expire%2Cei%2Cip%2Cid%2Caitags%2Csource%2Crequiressl%2Cvprv%2Cmime%2Cns%2Cgir%2Cclen%2Cdur%2Clmt&sig=AOq0QJ8wRgIhAPWTryczup8lp4R-DIvvVRZjjYkD_0jG1m3BhKZAVr6XAiEAjeeF-t-c_rfTrd5DIUyxHv6G4efMkri6nlPIBfeV7XQ%3D&lsparams=mh%2Cmm%2Cmn%2Cms%2Cmv%2Cmvi%2Cpl%2Cinitcwndbps&lsig=AG3C_xAwRgIhAOSfaPidlK8birkOYEQjzODkDBslvKekm4kdIyYdRoc0AiEAjdW0uNOFJbfB23j4dExZeWpYRdrXX7rH8UXi0YPfYZc%3D&ratebypass=yes", "player_url": null, "ext": "mp4", "height": 144, "format_note": "144p", "vcodec": "avc1.4d400c", "asr": null, "filesize": 815111, "fps": 24, "tbr": 57.318, "width": 256, "acodec": "none", "downloader_options": {"http_chunk_size": 10485760}, "format": "160 - 256x144 (144p)", "protocol": "https", "http_headers": {"User-Agent": "Mozilla/5.0 (Windows NT 10.0; Win64; x64) AppleWebKit/537.36 (KHTML, like Gecko) Chrome/73.0.3683.38 Safari/537.36", "Accept-Charset": "ISO-8859-1,utf-8;q=0.7,*;q=0.7", "Accept": "text/html,application/xhtml+xml,application/xml;q=0.9,*/*;q=0.8", "Accept-Encoding": "gzip, deflate", "Accept-Language": "en-us,en;q=0.5"}}, {"format_id": "278", "url": "https://r2---sn-ipoxu-u2xd.googlevideo.com/videoplayback?expire=1610392268&ei=bE78X72DN8_ngAO7qpD4Ag&ip=220.129.26.102&id=o-ABWfY_A9OFXpNYp_DQ4nk9BwASmabo5xfwewupi9b27S&itag=278&aitags=133%2C134%2C135%2C136%2C137%2C160%2C242%2C243%2C244%2C247%2C248%2C278&source=youtube&requiressl=yes&mh=g8&mm=31%2C29&mn=sn-ipoxu-u2xd%2Csn-un57sn76&ms=au%2Crdu&mv=m&mvi=2&pl=21&initcwndbps=1138750&vprv=1&mime=video%2Fwebm&ns=lPy6QbSbjp4MwTgyyijz0lgF&gir=yes&clen=1728469&dur=205.999&lmt=1592758259365626&mt=1610370516&fvip=2&keepalive=yes&c=WEB&txp=5432432&n=ZIz53YIKEHkHL1&sparams=expire%2Cei%2Cip%2Cid%2Caitags%2Csource%2Crequiressl%2Cvprv%2Cmime%2Cns%2Cgir%2Cclen%2Cdur%2Clmt&sig=AOq0QJ8wRQIgN-MlKWC8Z7YdsrIchQvPOWtDzXeEFp5WhOxuolXo2GkCIQDebVkGbkbwqjFRAXCN9QRjctLbNdV0Hf7G6dP5usGfCg%3D%3D&lsparams=mh%2Cmm%2Cmn%2Cms%2Cmv%2Cmvi%2Cpl%2Cinitcwndbps&lsig=AG3C_xAwRgIhAOSfaPidlK8birkOYEQjzODkDBslvKekm4kdIyYdRoc0AiEAjdW0uNOFJbfB23j4dExZeWpYRdrXX7rH8UXi0YPfYZc%3D&ratebypass=yes", "player_url": null, "ext": "webm", "height": 144, "format_note": "144p", "container": "webm", "vcodec": "vp9", "asr": null, "filesize": 1728469, "fps": 24, "tbr": 83.075, "width": 256, "acodec": "none", "downloader_options": {"http_chunk_size": 10485760}, "format": "278 - 256x144 (144p)", "protocol": "https", "http_headers": {"User-Agent": "Mozilla/5.0 (Windows NT 10.0; Win64; x64) AppleWebKit/537.36 (KHTML, like Gecko) Chrome/73.0.3683.38 Safari/537.36", "Accept-Charset": "ISO-8859-1,utf-8;q=0.7,*;q=0.7", "Accept": "text/html,application/xhtml+xml,application/xml;q=0.9,*/*;q=0.8", "Accept-Encoding": "gzip, deflate", "Accept-Language": "en-us,en;q=0.5"}}, {"format_id": "133", "url": "https://r2---sn-ipoxu-u2xd.googlevideo.com/videoplayback?expire=1610392268&ei=bE78X72DN8_ngAO7qpD4Ag&ip=220.129.26.102&id=o-ABWfY_A9OFXpNYp_DQ4nk9BwASmabo5xfwewupi9b27S&itag=133&aitags=133%2C134%2C135%2C136%2C137%2C160%2C242%2C243%2C244%2C247%2C248%2C278&source=youtube&requiressl=yes&mh=g8&mm=31%2C29&mn=sn-ipoxu-u2xd%2Csn-un57sn76&ms=au%2Crdu&mv=m&mvi=2&pl=21&initcwndbps=1138750&vprv=1&mime=video%2Fmp4&ns=lPy6QbSbjp4MwTgyyijz0lgF&gir=yes&clen=1520893&dur=205.999&lmt=1592758152781522&mt=1610370516&fvip=2&keepalive=yes&c=WEB&txp=5432432&n=ZIz53YIKEHkHL1&sparams=expire%2Cei%2Cip%2Cid%2Caitags%2Csource%2Crequiressl%2Cvprv%2Cmime%2Cns%2Cgir%2Cclen%2Cdur%2Clmt&sig=AOq0QJ8wRgIhAMaQFnPyjepQFFFAbaV4cAH2hIuRTCIC2omdGHDiNHbHAiEA1u2HRZYjMh5qfZXl5rec86QRH5CmcZzUF-1n6WK0X6A%3D&lsparams=mh%2Cmm%2Cmn%2Cms%2Cmv%2Cmvi%2Cpl%2Cinitcwndbps&lsig=AG3C_xAwRgIhAOSfaPidlK8birkOYEQjzODkDBslvKekm4kdIyYdRoc0AiEAjdW0uNOFJbfB23j4dExZeWpYRdrXX7rH8UXi0YPfYZc%3D&ratebypass=yes", "player_url": null, "ext": "mp4", "height": 240, "format_note": "240p", "vcodec": "avc1.4d4015", "asr": null, "filesize": 1520893, "fps": 24, "tbr": 109.771, "width": 426, "acodec": "none", "downloader_options": {"http_chunk_size": 10485760}, "format": "133 - 426x240 (240p)", "protocol": "https", "http_headers": {"User-Agent": "Mozilla/5.0 (Windows NT 10.0; Win64; x64) AppleWebKit/537.36 (KHTML, like Gecko) Chrome/73.0.3683.38 Safari/537.36", "Accept-Charset": "ISO-8859-1,utf-8;q=0.7,*;q=0.7", "Accept": "text/html,application/xhtml+xml,application/xml;q=0.9,*/*;q=0.8", "Accept-Encoding": "gzip, deflate", "Accept-Language": "en-us,en;q=0.5"}}, {"format_id": "242", "url": "https://r2---sn-ipoxu-u2xd.googlevideo.com/videoplayback?expire=1610392268&ei=bE78X72DN8_ngAO7qpD4Ag&ip=220.129.26.102&id=o-ABWfY_A9OFXpNYp_DQ4nk9BwASmabo5xfwewupi9b27S&itag=242&aitags=133%2C134%2C135%2C136%2C137%2C160%2C242%2C243%2C244%2C247%2C248%2C278&source=youtube&requiressl=yes&mh=g8&mm=31%2C29&mn=sn-ipoxu-u2xd%2Csn-un57sn76&ms=au%2Crdu&mv=m&mvi=2&pl=21&initcwndbps=1138750&vprv=1&mime=video%2Fwebm&ns=lPy6QbSbjp4MwTgyyijz0lgF&gir=yes&clen=1919123&dur=205.999&lmt=1592758259365704&mt=1610370516&fvip=2&keepalive=yes&c=WEB&txp=5432432&n=ZIz53YIKEHkHL1&sparams=expire%2Cei%2Cip%2Cid%2Caitags%2Csource%2Crequiressl%2Cvprv%2Cmime%2Cns%2Cgir%2Cclen%2Cdur%2Clmt&sig=AOq0QJ8wRgIhAIzAbRLtBSXX_j7x8evV5ARaT6XK0m4mHhdcyW7ArPF0AiEAkrOHt9NodH6gpmpVefAKefxVCtx59-TPn6UE0FEyjRE%3D&lsparams=mh%2Cmm%2Cmn%2Cms%2Cmv%2Cmvi%2Cpl%2Cinitcwndbps&lsig=AG3C_xAwRgIhAOSfaPidlK8birkOYEQjzODkDBslvKekm4kdIyYdRoc0AiEAjdW0uNOFJbfB23j4dExZeWpYRdrXX7rH8UXi0YPfYZc%3D&ratebypass=yes", "player_url": null, "ext": "webm", "height": 240, "format_note": "240p", "vcodec": "vp9", "asr": null, "filesize": 1919123, "fps": 24, "tbr": 134.153, "width": 426, "acodec": "none", "downloader_options": {"http_chunk_size": 10485760}, "format": "242 - 426x240 (240p)", "protocol": "https", "http_headers": {"User-Agent": "Mozilla/5.0 (Windows NT 10.0; Win64; x64) AppleWebKit/537.36 (KHTML, like Gecko) Chrome/73.0.3683.38 Safari/537.36", "Accept-Charset": "ISO-8859-1,utf-8;q=0.7,*;q=0.7", "Accept": "text/html,application/xhtml+xml,application/xml;q=0.9,*/*;q=0.8", "Accept-Encoding": "gzip, deflate", "Accept-Language": "en-us,en;q=0.5"}}, {"format_id": "134", "url": "https://r2---sn-ipoxu-u2xd.googlevideo.com/videoplayback?expire=1610392268&ei=bE78X72DN8_ngAO7qpD4Ag&ip=220.129.26.102&id=o-ABWfY_A9OFXpNYp_DQ4nk9BwASmabo5xfwewupi9b27S&itag=134&aitags=133%2C134%2C135%2C136%2C137%2C160%2C242%2C243%2C244%2C247%2C248%2C278&source=youtube&requiressl=yes&mh=g8&mm=31%2C29&mn=sn-ipoxu-u2xd%2Csn-un57sn76&ms=au%2Crdu&mv=m&mvi=2&pl=21&initcwndbps=1138750&vprv=1&mime=video%2Fmp4&ns=lPy6QbSbjp4MwTgyyijz0lgF&gir=yes&clen=2680926&dur=205.999&lmt=1592758152748407&mt=1610370516&fvip=2&keepalive=yes&c=WEB&txp=5432432&n=ZIz53YIKEHkHL1&sparams=expire%2Cei%2Cip%2Cid%2Caitags%2Csource%2Crequiressl%2Cvprv%2Cmime%2Cns%2Cgir%2Cclen%2Cdur%2Clmt&sig=AOq0QJ8wRQIhAJ7fDNEVEJCTNyEhxe9WEDvfYMK3j34wwYZooJVlSA6DAiAs3R4dYSJAgBFbEJnyP_7EtRiKq_mIDKr8b_Yuf5TIEQ%3D%3D&lsparams=mh%2Cmm%2Cmn%2Cms%2Cmv%2Cmvi%2Cpl%2Cinitcwndbps&lsig=AG3C_xAwRgIhAOSfaPidlK8birkOYEQjzODkDBslvKekm4kdIyYdRoc0AiEAjdW0uNOFJbfB23j4dExZeWpYRdrXX7rH8UXi0YPfYZc%3D&ratebypass=yes", "player_url": null, "ext": "mp4", "height": 360, "format_note": "360p", "vcodec": "avc1.4d401e", "asr": null, "filesize": 2680926, "fps": 24, "tbr": 239.159, "width": 640, "acodec": "none", "downloader_options": {"http_chunk_size": 10485760}, "format": "134 - 640x360 (360p)", "protocol": "https", "http_headers": {"User-Agent": "Mozilla/5.0 (Windows NT 10.0; Win64; x64) AppleWebKit/537.36 (KHTML, like Gecko) Chrome/73.0.3683.38 Safari/537.36", "Accept-Charset": "ISO-8859-1,utf-8;q=0.7,*;q=0.7", "Accept": "text/html,application/xhtml+xml,application/xml;q=0.9,*/*;q=0.8", "Accept-Encoding": "gzip, deflate", "Accept-Language": "en-us,en;q=0.5"}}, {"format_id": "243", "url": "https://r2---sn-ipoxu-u2xd.googlevideo.com/videoplayback?expire=1610392268&ei=bE78X72DN8_ngAO7qpD4Ag&ip=220.129.26.102&id=o-ABWfY_A9OFXpNYp_DQ4nk9BwASmabo5xfwewupi9b27S&itag=243&aitags=133%2C134%2C135%2C136%2C137%2C160%2C242%2C243%2C244%2C247%2C248%2C278&source=youtube&requiressl=yes&mh=g8&mm=31%2C29&mn=sn-ipoxu-u2xd%2Csn-un57sn76&ms=au%2Crdu&mv=m&mvi=2&pl=21&initcwndbps=1138750&vprv=1&mime=video%2Fwebm&ns=lPy6QbSbjp4MwTgyyijz0lgF&gir=yes&clen=3589522&dur=205.999&lmt=1592758259374459&mt=1610370516&fvip=2&keepalive=yes&c=WEB&txp=5432432&n=ZIz53YIKEHkHL1&sparams=expire%2Cei%2Cip%2Cid%2Caitags%2Csource%2Crequiressl%2Cvprv%2Cmime%2Cns%2Cgir%2Cclen%2Cdur%2Clmt&sig=AOq0QJ8wRQIgaOm8sukzqj_JIlo4XiYhkZbVjC8AuOeAcG3am8SgzHYCIQDULuEVVpfnlXFmN-bjMXmN-2Gui5V6ClTdCJKSKH87HQ%3D%3D&lsparams=mh%2Cmm%2Cmn%2Cms%2Cmv%2Cmvi%2Cpl%2Cinitcwndbps&lsig=AG3C_xAwRgIhAOSfaPidlK8birkOYEQjzODkDBslvKekm4kdIyYdRoc0AiEAjdW0uNOFJbfB23j4dExZeWpYRdrXX7rH8UXi0YPfYZc%3D&ratebypass=yes", "player_url": null, "ext": "webm", "height": 360, "format_note": "360p", "vcodec": "vp9", "asr": null, "filesize": 3589522, "fps": 24, "tbr": 247.862, "width": 640, "acodec": "none", "downloader_options": {"http_chunk_size": 10485760}, "format": "243 - 640x360 (360p)", "protocol": "https", "http_headers": {"User-Agent": "Mozilla/5.0 (Windows NT 10.0; Win64; x64) AppleWebKit/537.36 (KHTML, like Gecko) Chrome/73.0.3683.38 Safari/537.36", "Accept-Charset": "ISO-8859-1,utf-8;q=0.7,*;q=0.7", "Accept": "text/html,application/xhtml+xml,application/xml;q=0.9,*/*;q=0.8", "Accept-Encoding": "gzip, deflate", "Accept-Language": "en-us,en;q=0.5"}}, {"format_id": "244", "url": "https://r2---sn-ipoxu-u2xd.googlevideo.com/videoplayback?expire=1610392268&ei=bE78X72DN8_ngAO7qpD4Ag&ip=220.129.26.102&id=o-ABWfY_A9OFXpNYp_DQ4nk9BwASmabo5xfwewupi9b27S&itag=244&aitags=133%2C134%2C135%2C136%2C137%2C160%2C242%2C243%2C244%2C247%2C248%2C278&source=youtube&requiressl=yes&mh=g8&mm=31%2C29&mn=sn-ipoxu-u2xd%2Csn-un57sn76&ms=au%2Crdu&mv=m&mvi=2&pl=21&initcwndbps=1138750&vprv=1&mime=video%2Fwebm&ns=lPy6QbSbjp4MwTgyyijz0lgF&gir=yes&clen=5582569&dur=205.999&lmt=1592758259363629&mt=1610370516&fvip=2&keepalive=yes&c=WEB&txp=5432432&n=ZIz53YIKEHkHL1&sparams=expire%2Cei%2Cip%2Cid%2Caitags%2Csource%2Crequiressl%2Cvprv%2Cmime%2Cns%2Cgir%2Cclen%2Cdur%2Clmt&sig=AOq0QJ8wRAIgbWKUwo7Yvsvc2NcKCsFFCeBeio3fggOkXUULM_To-1YCIGJcZpbsdArBLDKMDi249gk01_Kb-_s2p3zs2cGqcGgZ&lsparams=mh%2Cmm%2Cmn%2Cms%2Cmv%2Cmvi%2Cpl%2Cinitcwndbps&lsig=AG3C_xAwRgIhAOSfaPidlK8birkOYEQjzODkDBslvKekm4kdIyYdRoc0AiEAjdW0uNOFJbfB23j4dExZeWpYRdrXX7rH8UXi0YPfYZc%3D&ratebypass=yes", "player_url": null, "ext": "webm", "height": 480, "format_note": "480p", "vcodec": "vp9", "asr": null, "filesize": 5582569, "fps": 24, "tbr": 383.986, "width": 854, "acodec": "none", "downloader_options": {"http_chunk_size": 10485760}, "format": "244 - 854x480 (480p)", "protocol": "https", "http_headers": {"User-Agent": "Mozilla/5.0 (Windows NT 10.0; Win64; x64) AppleWebKit/537.36 (KHTML, like Gecko) Chrome/73.0.3683.38 Safari/537.36", "Accept-Charset": "ISO-8859-1,utf-8;q=0.7,*;q=0.7", "Accept": "text/html,application/xhtml+xml,application/xml;q=0.9,*/*;q=0.8", "Accept-Encoding": "gzip, deflate", "Accept-Language": "en-us,en;q=0.5"}}, {"format_id": "135", "url": "https://r2---sn-ipoxu-u2xd.googlevideo.com/videoplayback?expire=1610392268&ei=bE78X72DN8_ngAO7qpD4Ag&ip=220.129.26.102&id=o-ABWfY_A9OFXpNYp_DQ4nk9BwASmabo5xfwewupi9b27S&itag=135&aitags=133%2C134%2C135%2C136%2C137%2C160%2C242%2C243%2C244%2C247%2C248%2C278&source=youtube&requiressl=yes&mh=g8&mm=31%2C29&mn=sn-ipoxu-u2xd%2Csn-un57sn76&ms=au%2Crdu&mv=m&mvi=2&pl=21&initcwndbps=1138750&vprv=1&mime=video%2Fmp4&ns=lPy6QbSbjp4MwTgyyijz0lgF&gir=yes&clen=4167121&dur=205.999&lmt=1592758152750325&mt=1610370516&fvip=2&keepalive=yes&c=WEB&txp=5432432&n=ZIz53YIKEHkHL1&sparams=expire%2Cei%2Cip%2Cid%2Caitags%2Csource%2Crequiressl%2Cvprv%2Cmime%2Cns%2Cgir%2Cclen%2Cdur%2Clmt&sig=AOq0QJ8wRQIgQPu0190KbltbNBf8yrKo4XcCG9HqyZNC7AccI7JjpJ4CIQC-3BvdfZp61JRcrOnuzMM7R6dn8iGTNyepDS8jO2_VNw%3D%3D&lsparams=mh%2Cmm%2Cmn%2Cms%2Cmv%2Cmvi%2Cpl%2Cinitcwndbps&lsig=AG3C_xAwRgIhAOSfaPidlK8birkOYEQjzODkDBslvKekm4kdIyYdRoc0AiEAjdW0uNOFJbfB23j4dExZeWpYRdrXX7rH8UXi0YPfYZc%3D&ratebypass=yes", "player_url": null, "ext": "mp4", "height": 480, "format_note": "480p", "vcodec": "avc1.4d401e", "asr": null, "filesize": 4167121, "fps": 24, "tbr": 496.813, "width": 854, "acodec": "none", "downloader_options": {"http_chunk_size": 10485760}, "format": "135 - 854x480 (480p)", "protocol": "https", "http_headers": {"User-Agent": "Mozilla/5.0 (Windows NT 10.0; Win64; x64) AppleWebKit/537.36 (KHTML, like Gecko) Chrome/73.0.3683.38 Safari/537.36", "Accept-Charset": "ISO-8859-1,utf-8;q=0.7,*;q=0.7", "Accept": "text/html,application/xhtml+xml,application/xml;q=0.9,*/*;q=0.8", "Accept-Encoding": "gzip, deflate", "Accept-Language": "en-us,en;q=0.5"}}, {"format_id": "247", "url": "https://r2---sn-ipoxu-u2xd.googlevideo.com/videoplayback?expire=1610392268&ei=bE78X72DN8_ngAO7qpD4Ag&ip=220.129.26.102&id=o-ABWfY_A9OFXpNYp_DQ4nk9BwASmabo5xfwewupi9b27S&itag=247&aitags=133%2C134%2C135%2C136%2C137%2C160%2C242%2C243%2C244%2C247%2C248%2C278&source=youtube&requiressl=yes&mh=g8&mm=31%2C29&mn=sn-ipoxu-u2xd%2Csn-un57sn76&ms=au%2Crdu&mv=m&mvi=2&pl=21&initcwndbps=1138750&vprv=1&mime=video%2Fwebm&ns=lPy6QbSbjp4MwTgyyijz0lgF&gir=yes&clen=9057486&dur=205.999&lmt=1592758259366054&mt=1610370516&fvip=2&keepalive=yes&c=WEB&txp=5432432&n=ZIz53YIKEHkHL1&sparams=expire%2Cei%2Cip%2Cid%2Caitags%2Csource%2Crequiressl%2Cvprv%2Cmime%2Cns%2Cgir%2Cclen%2Cdur%2Clmt&sig=AOq0QJ8wRQIhAPbqC2-PDlSMjjHYNGvwo-RQbSxl1jC5jnsL58o_N-_LAiAIDk1Q9LSK4NFWjX-ZfGkuYNG0iNW7SruXt_XFvWLD9g%3D%3D&lsparams=mh%2Cmm%2Cmn%2Cms%2Cmv%2Cmvi%2Cpl%2Cinitcwndbps&lsig=AG3C_xAwRgIhAOSfaPidlK8birkOYEQjzODkDBslvKekm4kdIyYdRoc0AiEAjdW0uNOFJbfB23j4dExZeWpYRdrXX7rH8UXi0YPfYZc%3D&ratebypass=yes", "player_url": null, "ext": "webm", "height": 720, "format_note": "720p", "vcodec": "vp9", "asr": null, "filesize": 9057486, "fps": 24, "tbr": 621.92, "width": 1280, "acodec": "none", "downloader_options": {"http_chunk_size": 10485760}, "format": "247 - 1280x720 (720p)", "protocol": "https", "http_headers": {"User-Agent": "Mozilla/5.0 (Windows NT 10.0; Win64; x64) AppleWebKit/537.36 (KHTML, like Gecko) Chrome/73.0.3683.38 Safari/537.36", "Accept-Charset": "ISO-8859-1,utf-8;q=0.7,*;q=0.7", "Accept": "text/html,application/xhtml+xml,application/xml;q=0.9,*/*;q=0.8", "Accept-Encoding": "gzip, deflate", "Accept-Language": "en-us,en;q=0.5"}}, {"format_id": "136", "url": "https://r2---sn-ipoxu-u2xd.googlevideo.com/videoplayback?expire=1610392268&ei=bE78X72DN8_ngAO7qpD4Ag&ip=220.129.26.102&id=o-ABWfY_A9OFXpNYp_DQ4nk9BwASmabo5xfwewupi9b27S&itag=136&aitags=133%2C134%2C135%2C136%2C137%2C160%2C242%2C243%2C244%2C247%2C248%2C278&source=youtube&requiressl=yes&mh=g8&mm=31%2C29&mn=sn-ipoxu-u2xd%2Csn-un57sn76&ms=au%2Crdu&mv=m&mvi=2&pl=21&initcwndbps=1138750&vprv=1&mime=video%2Fmp4&ns=lPy6QbSbjp4MwTgyyijz0lgF&gir=yes&clen=6096931&dur=205.999&lmt=1592758152752387&mt=1610370516&fvip=2&keepalive=yes&c=WEB&txp=5432432&n=ZIz53YIKEHkHL1&sparams=expire%2Cei%2Cip%2Cid%2Caitags%2Csource%2Crequiressl%2Cvprv%2Cmime%2Cns%2Cgir%2Cclen%2Cdur%2Clmt&sig=AOq0QJ8wRQIgNzStfaejFtK-2iglJeZjvM0CT-T8czWE0URIpyqqe94CIQC79RDytT5UEFR-PcHBEu6He66xTkkUt2ea2kEY6MZOrA%3D%3D&lsparams=mh%2Cmm%2Cmn%2Cms%2Cmv%2Cmvi%2Cpl%2Cinitcwndbps&lsig=AG3C_xAwRgIhAOSfaPidlK8birkOYEQjzODkDBslvKekm4kdIyYdRoc0AiEAjdW0uNOFJbfB23j4dExZeWpYRdrXX7rH8UXi0YPfYZc%3D&ratebypass=yes", "player_url": null, "ext": "mp4", "height": 720, "format_note": "720p", "vcodec": "avc1.4d401f", "asr": null, "filesize": 6096931, "fps": 24, "tbr": 758.227, "width": 1280, "acodec": "none", "downloader_options": {"http_chunk_size": 10485760}, "format": "136 - 1280x720 (720p)", "protocol": "https", "http_headers": {"User-Agent": "Mozilla/5.0 (Windows NT 10.0; Win64; x64) AppleWebKit/537.36 (KHTML, like Gecko) Chrome/73.0.3683.38 Safari/537.36", "Accept-Charset": "ISO-8859-1,utf-8;q=0.7,*;q=0.7", "Accept": "text/html,application/xhtml+xml,application/xml;q=0.9,*/*;q=0.8", "Accept-Encoding": "gzip, deflate", "Accept-Language": "en-us,en;q=0.5"}}, {"format_id": "248", "url": "https://r2---sn-ipoxu-u2xd.googlevideo.com/videoplayback?expire=1610392268&ei=bE78X72DN8_ngAO7qpD4Ag&ip=220.129.26.102&id=o-ABWfY_A9OFXpNYp_DQ4nk9BwASmabo5xfwewupi9b27S&itag=248&aitags=133%2C134%2C135%2C136%2C137%2C160%2C242%2C243%2C244%2C247%2C248%2C278&source=youtube&requiressl=yes&mh=g8&mm=31%2C29&mn=sn-ipoxu-u2xd%2Csn-un57sn76&ms=au%2Crdu&mv=m&mvi=2&pl=21&initcwndbps=1138750&vprv=1&mime=video%2Fwebm&ns=lPy6QbSbjp4MwTgyyijz0lgF&gir=yes&clen=15159206&dur=205.999&lmt=1592758242663496&mt=1610370516&fvip=2&keepalive=yes&c=WEB&txp=5432432&n=ZIz53YIKEHkHL1&sparams=expire%2Cei%2Cip%2Cid%2Caitags%2Csource%2Crequiressl%2Cvprv%2Cmime%2Cns%2Cgir%2Cclen%2Cdur%2Clmt&sig=AOq0QJ8wRQIhAObaku8l_6QuXJeOZ8o8N25iPmW0rUpxyu7sJfhbrR_jAiBdAf6Fw-iobisdbF5LfHclExwh5pmkS8bgiLndsFMLYQ%3D%3D&lsparams=mh%2Cmm%2Cmn%2Cms%2Cmv%2Cmvi%2Cpl%2Cinitcwndbps&lsig=AG3C_xAwRgIhAOSfaPidlK8birkOYEQjzODkDBslvKekm4kdIyYdRoc0AiEAjdW0uNOFJbfB23j4dExZeWpYRdrXX7rH8UXi0YPfYZc%3D&ratebypass=yes", "player_url": null, "ext": "webm", "height": 1080, "format_note": "1080p", "vcodec": "vp9", "asr": null, "filesize": 15159206, "fps": 24, "tbr": 981.035, "width": 1920, "acodec": "none", "downloader_options": {"http_chunk_size": 10485760}, "format": "248 - 1920x1080 (1080p)", "protocol": "https", "http_headers": {"User-Agent": "Mozilla/5.0 (Windows NT 10.0; Win64; x64) AppleWebKit/537.36 (KHTML, like Gecko) Chrome/73.0.3683.38 Safari/537.36", "Accept-Charset": "ISO-8859-1,utf-8;q=0.7,*;q=0.7", "Accept": "text/html,application/xhtml+xml,application/xml;q=0.9,*/*;q=0.8", "Accept-Encoding": "gzip, deflate", "Accept-Language": "en-us,en;q=0.5"}}, {"format_id": "137", "url": "https://r2---sn-ipoxu-u2xd.googlevideo.com/videoplayback?expire=1610392268&ei=bE78X72DN8_ngAO7qpD4Ag&ip=220.129.26.102&id=o-ABWfY_A9OFXpNYp_DQ4nk9BwASmabo5xfwewupi9b27S&itag=137&aitags=133%2C134%2C135%2C136%2C137%2C160%2C242%2C243%2C244%2C247%2C248%2C278&source=youtube&requiressl=yes&mh=g8&mm=31%2C29&mn=sn-ipoxu-u2xd%2Csn-un57sn76&ms=au%2Crdu&mv=m&mvi=2&pl=21&initcwndbps=1138750&vprv=1&mime=video%2Fmp4&ns=lPy6QbSbjp4MwTgyyijz0lgF&gir=yes&clen=19344811&dur=205.999&lmt=1592758214289680&mt=1610370516&fvip=2&keepalive=yes&c=WEB&txp=5432432&n=ZIz53YIKEHkHL1&sparams=expire%2Cei%2Cip%2Cid%2Caitags%2Csource%2Crequiressl%2Cvprv%2Cmime%2Cns%2Cgir%2Cclen%2Cdur%2Clmt&sig=AOq0QJ8wRQIgVDklAPz7X2vOaYskpNKOy7YLxkq79FSK4nTu96kB6I4CIQDJHZkVfm-VYuu04y6hgS3GmJ1AAmY7fP6_Vpp1VuBwYw%3D%3D&lsparams=mh%2Cmm%2Cmn%2Cms%2Cmv%2Cmvi%2Cpl%2Cinitcwndbps&lsig=AG3C_xAwRgIhAOSfaPidlK8birkOYEQjzODkDBslvKekm4kdIyYdRoc0AiEAjdW0uNOFJbfB23j4dExZeWpYRdrXX7rH8UXi0YPfYZc%3D&ratebypass=yes", "player_url": null, "ext": "mp4", "height": 1080, "format_note": "1080p", "vcodec": "avc1.640028", "asr": null, "filesize": 19344811, "fps": 24, "tbr": 1949.884, "width": 1920, "acodec": "none", "downloader_options": {"http_chunk_size": 10485760}, "format": "137 - 1920x1080 (1080p)", "protocol": "https", "http_headers": {"User-Agent": "Mozilla/5.0 (Windows NT 10.0; Win64; x64) AppleWebKit/537.36 (KHTML, like Gecko) Chrome/73.0.3683.38 Safari/537.36", "Accept-Charset": "ISO-8859-1,utf-8;q=0.7,*;q=0.7", "Accept": "text/html,application/xhtml+xml,application/xml;q=0.9,*/*;q=0.8", "Accept-Encoding": "gzip, deflate", "Accept-Language": "en-us,en;q=0.5"}}, {"format_id": "18", "url": "https://r2---sn-ipoxu-u2xd.googlevideo.com/videoplayback?expire=1610392268&ei=bE78X72DN8_ngAO7qpD4Ag&ip=220.129.26.102&id=o-ABWfY_A9OFXpNYp_DQ4nk9BwASmabo5xfwewupi9b27S&itag=18&source=youtube&requiressl=yes&mh=g8&mm=31%2C29&mn=sn-ipoxu-u2xd%2Csn-un57sn76&ms=au%2Crdu&mv=m&mvi=2&pl=21&initcwndbps=1138750&vprv=1&mime=video%2Fmp4&ns=XIzMd2J562p4igbMUhyZVPoF&gir=yes&clen=9550938&ratebypass=yes&dur=206.053&lmt=1592758120520355&mt=1610370516&fvip=2&c=WEB&txp=5431432&n=_46P6kj3qbk2Tu&sparams=expire%2Cei%2Cip%2Cid%2Citag%2Csource%2Crequiressl%2Cvprv%2Cmime%2Cns%2Cgir%2Cclen%2Cratebypass%2Cdur%2Clmt&sig=AOq0QJ8wRQIgPEKtQSnVbyqyr-AmLdM6uK40wlSduvB8TVxYWv6rBm0CIQCIOBY2oALUZ9S0kpOysbH8csdJUy5kygpwQBMKPqLMAg%3D%3D&lsparams=mh%2Cmm%2Cmn%2Cms%2Cmv%2Cmvi%2Cpl%2Cinitcwndbps&lsig=AG3C_xAwRgIhAOSfaPidlK8birkOYEQjzODkDBslvKekm4kdIyYdRoc0AiEAjdW0uNOFJbfB23j4dExZeWpYRdrXX7rH8UXi0YPfYZc%3D", "player_url": null, "ext": "mp4", "width": 640, "height": 360, "acodec": "mp4a.40.2", "abr": 96, "vcodec": "avc1.42001E", "asr": 44100, "filesize": 9550938, "format_note": "360p", "fps": 24, "tbr": 370.91, "format": "18 - 640x360 (360p)", "protocol": "https", "http_headers": {"User-Agent": "Mozilla/5.0 (Windows NT 10.0; Win64; x64) AppleWebKit/537.36 (KHTML, like Gecko) Chrome/73.0.3683.38 Safari/537.36", "Accept-Charset": "ISO-8859-1,utf-8;q=0.7,*;q=0.7", "Accept": "text/html,application/xhtml+xml,application/xml;q=0.9,*/*;q=0.8", "Accept-Encoding": "gzip, deflate", "Accept-Language": "en-us,en;q=0.5"}}], "is_live": null, "start_time": null, "end_time": null, "series": null, "season_number": null, "episode_number": null, "track": null, "artist": null, "album": null, "release_date": null, "release_year": null, "extractor": "youtube", "webpage_url_basename": "watch", "extractor_key": "Youtube", "playlist": null, "playlist_index": null, "thumbnail": "https://i.ytimg.com/vi_webp/_vZOEQCYSaY/maxresdefault.webp", "display_id": "_vZOEQCYSaY", "requested_subtitles": null, "format_id": "251", "url": "https://r2---sn-ipoxu-u2xd.googlevideo.com/videoplayback?expire=1610392268&ei=bE78X72DN8_ngAO7qpD4Ag&ip=220.129.26.102&id=o-ABWfY_A9OFXpNYp_DQ4nk9BwASmabo5xfwewupi9b27S&itag=251&source=youtube&requiressl=yes&mh=g8&mm=31%2C29&mn=sn-ipoxu-u2xd%2Csn-un57sn76&ms=au%2Crdu&mv=m&mvi=2&pl=21&initcwndbps=1138750&vprv=1&mime=audio%2Fwebm&ns=lPy6QbSbjp4MwTgyyijz0lgF&gir=yes&clen=3761908&dur=206.021&lmt=1592758113188979&mt=1610370516&fvip=2&keepalive=yes&c=WEB&txp=5431432&n=ZIz53YIKEHkHL1&sparams=expire%2Cei%2Cip%2Cid%2Citag%2Csource%2Crequiressl%2Cvprv%2Cmime%2Cns%2Cgir%2Cclen%2Cdur%2Clmt&sig=AOq0QJ8wRAIgK_0Nr5QJqvheYA1MLefB3hN6BVA6yj704Y8Btii-SVUCIGWFLOJd3fxIgPzXhRxmDyP6vHRjdZfDl7eOxazQq48L&lsparams=mh%2Cmm%2Cmn%2Cms%2Cmv%2Cmvi%2Cpl%2Cinitcwndbps&lsig=AG3C_xAwRgIhAOSfaPidlK8birkOYEQjzODkDBslvKekm4kdIyYdRoc0AiEAjdW0uNOFJbfB23j4dExZeWpYRdrXX7rH8UXi0YPfYZc%3D&ratebypass=yes", "player_url": null, "ext": "webm", "format_note": "tiny", "acodec": "opus", "abr": 160, "asr": 48000, "filesize": 3761908, "fps": null, "height": null, "tbr": 151.238, "width": null, "vcodec": "none", "downloader_options": {"http_chunk_size": 10485760}, "format": "251 - audio only (tiny)", "protocol": "https", "http_headers": {"User-Agent": "Mozilla/5.0 (Windows NT 10.0; Win64; x64) AppleWebKit/537.36 (KHTML, like Gecko) Chrome/73.0.3683.38 Safari/537.36", "Accept-Charset": "ISO-8859-1,utf-8;q=0.7,*;q=0.7", "Accept": "text/html,application/xhtml+xml,application/xml;q=0.9,*/*;q=0.8", "Accept-Encoding": "gzip, deflate", "Accept-Language": "en-us,en;q=0.5"}}