{"id": "FUAK5TBaNY8", "uploader": "Michael Ortega", "uploader_id": "MichaelsPianoSongs", "uploader_url": "http://www.youtube.com/user/MichaelsPianoSongs", "channel_id": "UCjyqGFuEZho7Wc7TT5MyFwg", "channel_url": "http://www.youtube.com/channel/UCjyqGFuEZho7Wc7TT5MyFwg", "upload_date": "20180603", "license": null, "creator": null, "title": "Michael Ortega -\u201cInfinity\u201d (Emotional Piano)", "alt_title": null, "thumbnails": [{"url": "https://i.ytimg.com/vi/FUAK5TBaNY8/hqdefault.jpg?sqp=-oaymwEbCKgBEF5IVfKriqkDDggBFQAAiEIYAXABwAEG&rs=AOn4CLClYNGXJukbnJ7ldc7XRksh5KZnnA", "width": 168, "height": 94, "resolution": "168x94", "id": "0"}, {"url": "https://i.ytimg.com/vi/FUAK5TBaNY8/hqdefault.jpg?sqp=-oaymwEbCMQBEG5IVfKriqkDDggBFQAAiEIYAXABwAEG&rs=AOn4CLCzonWhDa_f7BxZ5WBRGDVuHH1oJg", "width": 196, "height": 110, "resolution": "196x110", "id": "1"}, {"url": "https://i.ytimg.com/vi/FUAK5TBaNY8/hqdefault.jpg?sqp=-oaymwEcCPYBEIoBSFXyq4qpAw4IARUAAIhCGAFwAcABBg==&rs=AOn4CLCDt7sB59W0zESnuwXq5zPOg-8Bmg", "width": 246, "height": 138, "resolution": "246x138", "id": "2"}, {"url": "https://i.ytimg.com/vi/FUAK5TBaNY8/hqdefault.jpg?sqp=-oaymwEcCNACELwBSFXyq4qpAw4IARUAAIhCGAFwAcABBg==&rs=AOn4CLDc8ZnVNsMGQ6l3Vu3JiuUy9kF8uw", "width": 336, "height": 188, "resolution": "336x188", "id": "3"}, {"url": "https://i.ytimg.com/vi_webp/FUAK5TBaNY8/maxresdefault.webp", "width": 1920, "height": 1080, "resolution": "1920x1080", "id": "4"}], "description": "An Original piano composition named \"Infinity\" by Michael Ortega\n\u266a Listen on iTunes: ://bit.ly/MichaelOrtegaiTunes\n\u266a Listen on Spotify:  http://bit.ly/MichaelOrtegaSpotify\nFollow me: \n\u266a INSTAGRAM: https://www.instagram.com/michaelortegapiano\n\u25b6 Subscribe for more Music: http://bit.ly/SubToMichaelOrtega\n\nSheet Music (Partituras): \nhttps://sellfy.com/MichaelOrtega\n#Michaelortega #SadPiano", "categories": ["Music"], "tags": ["michael ortega", "piano song", "piano music", "michael ortega piano", "infinity michael ortega", "sad piano", "original piano composition", "sad piano song", "original piano song by michael ortega", "michael ortega infinity"], "subtitles": {}, "automatic_captions": {}, "duration": 340, "age_limit": 0, "annotations": null, "chapters": null, "webpage_url": "https://www.youtube.com/watch?v=FUAK5TBaNY8", "view_count": 116636, "like_count": 1450, "dislike_count": 30, "average_rating": 4.9189191, "formats": [{"format_id": "249", "url": "https://r3---sn-5njj-u2xe.googlevideo.com/videoplayback?expire=1613562052&ei=ZKwsYPPuCcbCgAOz6Iz4Dg&ip=140.109.134.235&id=o-AMsLfE0t3rqCXJ9jdgqOWXHDCRrzcDJLFw98H8KG6fVv&itag=249&source=youtube&requiressl=yes&mh=hC&mm=31%2C29&mn=sn-5njj-u2xe%2Csn-un57en7l&ms=au%2Crdu&mv=m&mvi=3&pcm2cms=yes&pl=16&initcwndbps=573750&vprv=1&mime=audio%2Fwebm&ns=LQXsSptOH2WCO6sooptdX7kF&gir=yes&clen=2603100&dur=339.941&lmt=1528035592972850&mt=1613539960&fvip=3&keepalive=yes&c=WEB&n=iGtl_zHG8SckljDJz&sparams=expire%2Cei%2Cip%2Cid%2Citag%2Csource%2Crequiressl%2Cvprv%2Cmime%2Cns%2Cgir%2Cclen%2Cdur%2Clmt&sig=AOq0QJ8wRQIhAKLbRxBLd7WRxOQ3Uhceuwr4SLtQfXgyS9wYWs8tojH0AiA89bx31M4XKWc4LCzmUS6q8mJFzN0VkaL_weYfcT3YZg%3D%3D&lsparams=mh%2Cmm%2Cmn%2Cms%2Cmv%2Cmvi%2Cpcm2cms%2Cpl%2Cinitcwndbps&lsig=AG3C_xAwRQIhAKxY2GhGbcXnyLyMNiaDparZh8xayGqxFd0zf3__uXDEAiAT5bDRMA0J4O72mHnaJEso508JO-GlEqsbltM2vdnU_A%3D%3D&ratebypass=yes", "player_url": null, "ext": "webm", "format_note": "tiny", "acodec": "opus", "abr": 50, "asr": 48000, "filesize": 2603100, "fps": null, "height": null, "tbr": 68.699, "width": null, "vcodec": "none", "downloader_options": {"http_chunk_size": 10485760}, "format": "249 - audio only (tiny)", "protocol": "https", "http_headers": {"User-Agent": "Mozilla/5.0 (Windows NT 10.0; Win64; x64) AppleWebKit/537.36 (KHTML, like Gecko) Chrome/75.0.3731.3 Safari/537.36", "Accept-Charset": "ISO-8859-1,utf-8;q=0.7,*;q=0.7", "Accept": "text/html,application/xhtml+xml,application/xml;q=0.9,*/*;q=0.8", "Accept-Encoding": "gzip, deflate", "Accept-Language": "en-us,en;q=0.5"}}, {"format_id": "250", "url": "https://r3---sn-5njj-u2xe.googlevideo.com/videoplayback?expire=1613562052&ei=ZKwsYPPuCcbCgAOz6Iz4Dg&ip=140.109.134.235&id=o-AMsLfE0t3rqCXJ9jdgqOWXHDCRrzcDJLFw98H8KG6fVv&itag=250&source=youtube&requiressl=yes&mh=hC&mm=31%2C29&mn=sn-5njj-u2xe%2Csn-un57en7l&ms=au%2Crdu&mv=m&mvi=3&pcm2cms=yes&pl=16&initcwndbps=573750&vprv=1&mime=audio%2Fwebm&ns=LQXsSptOH2WCO6sooptdX7kF&gir=yes&clen=3471853&dur=339.941&lmt=1528035593087473&mt=1613539960&fvip=3&keepalive=yes&c=WEB&n=iGtl_zHG8SckljDJz&sparams=expire%2Cei%2Cip%2Cid%2Citag%2Csource%2Crequiressl%2Cvprv%2Cmime%2Cns%2Cgir%2Cclen%2Cdur%2Clmt&sig=AOq0QJ8wRAIgB08LbW_CM7E1kzc6WUf-eU8wNwtQ3S6hW5REAYgQD_QCIHx7lXn7oacKtWOBhJbgAhn_do0vSzVrxPpJQsjFNh-S&lsparams=mh%2Cmm%2Cmn%2Cms%2Cmv%2Cmvi%2Cpcm2cms%2Cpl%2Cinitcwndbps&lsig=AG3C_xAwRQIhAKxY2GhGbcXnyLyMNiaDparZh8xayGqxFd0zf3__uXDEAiAT5bDRMA0J4O72mHnaJEso508JO-GlEqsbltM2vdnU_A%3D%3D&ratebypass=yes", "player_url": null, "ext": "webm", "format_note": "tiny", "acodec": "opus", "abr": 70, "asr": 48000, "filesize": 3471853, "fps": null, "height": null, "tbr": 90.715, "width": null, "vcodec": "none", "downloader_options": {"http_chunk_size": 10485760}, "format": "250 - audio only (tiny)", "protocol": "https", "http_headers": {"User-Agent": "Mozilla/5.0 (Windows NT 10.0; Win64; x64) AppleWebKit/537.36 (KHTML, like Gecko) Chrome/75.0.3731.3 Safari/537.36", "Accept-Charset": "ISO-8859-1,utf-8;q=0.7,*;q=0.7", "Accept": "text/html,application/xhtml+xml,application/xml;q=0.9,*/*;q=0.8", "Accept-Encoding": "gzip, deflate", "Accept-Language": "en-us,en;q=0.5"}}, {"format_id": "140", "url": "https://r3---sn-5njj-u2xe.googlevideo.com/videoplayback?expire=1613562052&ei=ZKwsYPPuCcbCgAOz6Iz4Dg&ip=140.109.134.235&id=o-AMsLfE0t3rqCXJ9jdgqOWXHDCRrzcDJLFw98H8KG6fVv&itag=140&source=youtube&requiressl=yes&mh=hC&mm=31%2C29&mn=sn-5njj-u2xe%2Csn-un57en7l&ms=au%2Crdu&mv=m&mvi=3&pcm2cms=yes&pl=16&initcwndbps=573750&vprv=1&mime=audio%2Fmp4&ns=LQXsSptOH2WCO6sooptdX7kF&gir=yes&clen=5400427&dur=339.986&lmt=1528033347089338&mt=1613539960&fvip=3&keepalive=yes&c=WEB&n=iGtl_zHG8SckljDJz&sparams=expire%2Cei%2Cip%2Cid%2Citag%2Csource%2Crequiressl%2Cvprv%2Cmime%2Cns%2Cgir%2Cclen%2Cdur%2Clmt&sig=AOq0QJ8wRgIhAPjuftKVYIyH3WUnjoxuTOSRJT235cDdhRw-_pHCTriDAiEA-uaSlXM9_0kDupphyagw0lpv519c6YWrxJKvEqczdpc%3D&lsparams=mh%2Cmm%2Cmn%2Cms%2Cmv%2Cmvi%2Cpcm2cms%2Cpl%2Cinitcwndbps&lsig=AG3C_xAwRQIhAKxY2GhGbcXnyLyMNiaDparZh8xayGqxFd0zf3__uXDEAiAT5bDRMA0J4O72mHnaJEso508JO-GlEqsbltM2vdnU_A%3D%3D&ratebypass=yes", "player_url": null, "ext": "m4a", "format_note": "tiny", "acodec": "mp4a.40.2", "abr": 128, "container": "m4a_dash", "asr": 44100, "filesize": 5400427, "fps": null, "height": null, "tbr": 128.184, "width": null, "vcodec": "none", "downloader_options": {"http_chunk_size": 10485760}, "format": "140 - audio only (tiny)", "protocol": "https", "http_headers": {"User-Agent": "Mozilla/5.0 (Windows NT 10.0; Win64; x64) AppleWebKit/537.36 (KHTML, like Gecko) Chrome/75.0.3731.3 Safari/537.36", "Accept-Charset": "ISO-8859-1,utf-8;q=0.7,*;q=0.7", "Accept": "text/html,application/xhtml+xml,application/xml;q=0.9,*/*;q=0.8", "Accept-Encoding": "gzip, deflate", "Accept-Language": "en-us,en;q=0.5"}}, {"format_id": "251", "url": "https://r3---sn-5njj-u2xe.googlevideo.com/videoplayback?expire=1613562052&ei=ZKwsYPPuCcbCgAOz6Iz4Dg&ip=140.109.134.235&id=o-AMsLfE0t3rqCXJ9jdgqOWXHDCRrzcDJLFw98H8KG6fVv&itag=251&source=youtube&requiressl=yes&mh=hC&mm=31%2C29&mn=sn-5njj-u2xe%2Csn-un57en7l&ms=au%2Crdu&mv=m&mvi=3&pcm2cms=yes&pl=16&initcwndbps=573750&vprv=1&mime=audio%2Fwebm&ns=LQXsSptOH2WCO6sooptdX7kF&gir=yes&clen=6611743&dur=339.941&lmt=1528035593976236&mt=1613539960&fvip=3&keepalive=yes&c=WEB&n=iGtl_zHG8SckljDJz&sparams=expire%2Cei%2Cip%2Cid%2Citag%2Csource%2Crequiressl%2Cvprv%2Cmime%2Cns%2Cgir%2Cclen%2Cdur%2Clmt&sig=AOq0QJ8wRAIgJz7UUccu9Twlh5RWBmzy9DoXCbuRzBDnl4grl_9DfnwCIB_WCvc5WcwAd6eRWmHMgzqdIryMRDc8obbFWidYjGPc&lsparams=mh%2Cmm%2Cmn%2Cms%2Cmv%2Cmvi%2Cpcm2cms%2Cpl%2Cinitcwndbps&lsig=AG3C_xAwRQIhAKxY2GhGbcXnyLyMNiaDparZh8xayGqxFd0zf3__uXDEAiAT5bDRMA0J4O72mHnaJEso508JO-GlEqsbltM2vdnU_A%3D%3D&ratebypass=yes", "player_url": null, "ext": "webm", "format_note": "tiny", "acodec": "opus", "abr": 160, "asr": 48000, "filesize": 6611743, "fps": null, "height": null, "tbr": 165.772, "width": null, "vcodec": "none", "downloader_options": {"http_chunk_size": 10485760}, "format": "251 - audio only (tiny)", "protocol": "https", "http_headers": {"User-Agent": "Mozilla/5.0 (Windows NT 10.0; Win64; x64) AppleWebKit/537.36 (KHTML, like Gecko) Chrome/75.0.3731.3 Safari/537.36", "Accept-Charset": "ISO-8859-1,utf-8;q=0.7,*;q=0.7", "Accept": "text/html,application/xhtml+xml,application/xml;q=0.9,*/*;q=0.8", "Accept-Encoding": "gzip, deflate", "Accept-Language": "en-us,en;q=0.5"}}, {"format_id": "278", "url": "https://r3---sn-5njj-u2xe.googlevideo.com/videoplayback?expire=1613562052&ei=ZKwsYPPuCcbCgAOz6Iz4Dg&ip=140.109.134.235&id=o-AMsLfE0t3rqCXJ9jdgqOWXHDCRrzcDJLFw98H8KG6fVv&itag=278&aitags=133%2C134%2C135%2C136%2C137%2C160%2C242%2C243%2C244%2C247%2C248%2C278&source=youtube&requiressl=yes&mh=hC&mm=31%2C29&mn=sn-5njj-u2xe%2Csn-un57en7l&ms=au%2Crdu&mv=m&mvi=3&pcm2cms=yes&pl=16&initcwndbps=573750&vprv=1&mime=video%2Fwebm&ns=LQXsSptOH2WCO6sooptdX7kF&gir=yes&clen=3095126&dur=339.922&lmt=1528036332598676&mt=1613539960&fvip=3&keepalive=yes&c=WEB&n=iGtl_zHG8SckljDJz&sparams=expire%2Cei%2Cip%2Cid%2Caitags%2Csource%2Crequiressl%2Cvprv%2Cmime%2Cns%2Cgir%2Cclen%2Cdur%2Clmt&sig=AOq0QJ8wRQIgMifEJRroBM6jRtm3f9IdQAaBBV1fgSAb3bo-Qeh6wOYCIQDf3Ik6jVYiFi8VsY7XfnI6EdUKXqO19bbBNkGMzlNZyw%3D%3D&lsparams=mh%2Cmm%2Cmn%2Cms%2Cmv%2Cmvi%2Cpcm2cms%2Cpl%2Cinitcwndbps&lsig=AG3C_xAwRQIhAKxY2GhGbcXnyLyMNiaDparZh8xayGqxFd0zf3__uXDEAiAT5bDRMA0J4O72mHnaJEso508JO-GlEqsbltM2vdnU_A%3D%3D&ratebypass=yes", "player_url": null, "ext": "webm", "height": 144, "format_note": "144p", "container": "webm", "vcodec": "vp9", "asr": null, "filesize": 3095126, "fps": 24, "tbr": 98.207, "width": 256, "acodec": "none", "downloader_options": {"http_chunk_size": 10485760}, "format": "278 - 256x144 (144p)", "protocol": "https", "http_headers": {"User-Agent": "Mozilla/5.0 (Windows NT 10.0; Win64; x64) AppleWebKit/537.36 (KHTML, like Gecko) Chrome/75.0.3731.3 Safari/537.36", "Accept-Charset": "ISO-8859-1,utf-8;q=0.7,*;q=0.7", "Accept": "text/html,application/xhtml+xml,application/xml;q=0.9,*/*;q=0.8", "Accept-Encoding": "gzip, deflate", "Accept-Language": "en-us,en;q=0.5"}}, {"format_id": "160", "url": "https://r3---sn-5njj-u2xe.googlevideo.com/videoplayback?expire=1613562052&ei=ZKwsYPPuCcbCgAOz6Iz4Dg&ip=140.109.134.235&id=o-AMsLfE0t3rqCXJ9jdgqOWXHDCRrzcDJLFw98H8KG6fVv&itag=160&aitags=133%2C134%2C135%2C136%2C137%2C160%2C242%2C243%2C244%2C247%2C248%2C278&source=youtube&requiressl=yes&mh=hC&mm=31%2C29&mn=sn-5njj-u2xe%2Csn-un57en7l&ms=au%2Crdu&mv=m&mvi=3&pcm2cms=yes&pl=16&initcwndbps=573750&vprv=1&mime=video%2Fmp4&ns=LQXsSptOH2WCO6sooptdX7kF&gir=yes&clen=1497076&dur=339.922&lmt=1528033446189701&mt=1613539960&fvip=3&keepalive=yes&c=WEB&n=iGtl_zHG8SckljDJz&sparams=expire%2Cei%2Cip%2Cid%2Caitags%2Csource%2Crequiressl%2Cvprv%2Cmime%2Cns%2Cgir%2Cclen%2Cdur%2Clmt&sig=AOq0QJ8wRAIgdbqikRZnoB0bSOjlz7vNMzy5hZNmSDaQRA0dID5k0vQCIC4RrHqqyIVIGUmFsiwt-7PBlshzzprIkysgNNJQC0bg&lsparams=mh%2Cmm%2Cmn%2Cms%2Cmv%2Cmvi%2Cpcm2cms%2Cpl%2Cinitcwndbps&lsig=AG3C_xAwRQIhAKxY2GhGbcXnyLyMNiaDparZh8xayGqxFd0zf3__uXDEAiAT5bDRMA0J4O72mHnaJEso508JO-GlEqsbltM2vdnU_A%3D%3D&ratebypass=yes", "player_url": null, "ext": "mp4", "height": 144, "format_note": "144p", "vcodec": "avc1.4d400c", "asr": null, "filesize": 1497076, "fps": 24, "tbr": 115.2, "width": 256, "acodec": "none", "downloader_options": {"http_chunk_size": 10485760}, "format": "160 - 256x144 (144p)", "protocol": "https", "http_headers": {"User-Agent": "Mozilla/5.0 (Windows NT 10.0; Win64; x64) AppleWebKit/537.36 (KHTML, like Gecko) Chrome/75.0.3731.3 Safari/537.36", "Accept-Charset": "ISO-8859-1,utf-8;q=0.7,*;q=0.7", "Accept": "text/html,application/xhtml+xml,application/xml;q=0.9,*/*;q=0.8", "Accept-Encoding": "gzip, deflate", "Accept-Language": "en-us,en;q=0.5"}}, {"format_id": "133", "url": "https://r3---sn-5njj-u2xe.googlevideo.com/videoplayback?expire=1613562052&ei=ZKwsYPPuCcbCgAOz6Iz4Dg&ip=140.109.134.235&id=o-AMsLfE0t3rqCXJ9jdgqOWXHDCRrzcDJLFw98H8KG6fVv&itag=133&aitags=133%2C134%2C135%2C136%2C137%2C160%2C242%2C243%2C244%2C247%2C248%2C278&source=youtube&requiressl=yes&mh=hC&mm=31%2C29&mn=sn-5njj-u2xe%2Csn-un57en7l&ms=au%2Crdu&mv=m&mvi=3&pcm2cms=yes&pl=16&initcwndbps=573750&vprv=1&mime=video%2Fmp4&ns=LQXsSptOH2WCO6sooptdX7kF&gir=yes&clen=2565393&dur=339.922&lmt=1528033446267571&mt=1613539960&fvip=3&keepalive=yes&c=WEB&n=iGtl_zHG8SckljDJz&sparams=expire%2Cei%2Cip%2Cid%2Caitags%2Csource%2Crequiressl%2Cvprv%2Cmime%2Cns%2Cgir%2Cclen%2Cdur%2Clmt&sig=AOq0QJ8wRgIhAO1__nCwrOMwEWMzNayHfrGtFW21TSJuGUUUaNN8PDu-AiEAmCx03lvX0XTFpJw5ykDzAwIpu8k-WeM0KL35KOExfNM%3D&lsparams=mh%2Cmm%2Cmn%2Cms%2Cmv%2Cmvi%2Cpcm2cms%2Cpl%2Cinitcwndbps&lsig=AG3C_xAwRQIhAKxY2GhGbcXnyLyMNiaDparZh8xayGqxFd0zf3__uXDEAiAT5bDRMA0J4O72mHnaJEso508JO-GlEqsbltM2vdnU_A%3D%3D&ratebypass=yes", "player_url": null, "ext": "mp4", "height": 240, "format_note": "240p", "vcodec": "avc1.4d4015", "asr": null, "filesize": 2565393, "fps": 24, "tbr": 182.912, "width": 426, "acodec": "none", "downloader_options": {"http_chunk_size": 10485760}, "format": "133 - 426x240 (240p)", "protocol": "https", "http_headers": {"User-Agent": "Mozilla/5.0 (Windows NT 10.0; Win64; x64) AppleWebKit/537.36 (KHTML, like Gecko) Chrome/75.0.3731.3 Safari/537.36", "Accept-Charset": "ISO-8859-1,utf-8;q=0.7,*;q=0.7", "Accept": "text/html,application/xhtml+xml,application/xml;q=0.9,*/*;q=0.8", "Accept-Encoding": "gzip, deflate", "Accept-Language": "en-us,en;q=0.5"}}, {"format_id": "242", "url": "https://r3---sn-5njj-u2xe.googlevideo.com/videoplayback?expire=1613562052&ei=ZKwsYPPuCcbCgAOz6Iz4Dg&ip=140.109.134.235&id=o-AMsLfE0t3rqCXJ9jdgqOWXHDCRrzcDJLFw98H8KG6fVv&itag=242&aitags=133%2C134%2C135%2C136%2C137%2C160%2C242%2C243%2C244%2C247%2C248%2C278&source=youtube&requiressl=yes&mh=hC&mm=31%2C29&mn=sn-5njj-u2xe%2Csn-un57en7l&ms=au%2Crdu&mv=m&mvi=3&pcm2cms=yes&pl=16&initcwndbps=573750&vprv=1&mime=video%2Fwebm&ns=LQXsSptOH2WCO6sooptdX7kF&gir=yes&clen=4018450&dur=339.922&lmt=1528036332564087&mt=1613539960&fvip=3&keepalive=yes&c=WEB&n=iGtl_zHG8SckljDJz&sparams=expire%2Cei%2Cip%2Cid%2Caitags%2Csource%2Crequiressl%2Cvprv%2Cmime%2Cns%2Cgir%2Cclen%2Cdur%2Clmt&sig=AOq0QJ8wRAIgDhr6eXVej1e0zB91kNiPTts0TIlhGuxyGpbUeAfpS3ACIDizeDqamwYg6Ply_1CWGjxdPUPnxF_F9d5x3yYe9e3s&lsparams=mh%2Cmm%2Cmn%2Cms%2Cmv%2Cmvi%2Cpcm2cms%2Cpl%2Cinitcwndbps&lsig=AG3C_xAwRQIhAKxY2GhGbcXnyLyMNiaDparZh8xayGqxFd0zf3__uXDEAiAT5bDRMA0J4O72mHnaJEso508JO-GlEqsbltM2vdnU_A%3D%3D&ratebypass=yes", "player_url": null, "ext": "webm", "height": 240, "format_note": "240p", "vcodec": "vp9", "asr": null, "filesize": 4018450, "fps": 24, "tbr": 224.041, "width": 426, "acodec": "none", "downloader_options": {"http_chunk_size": 10485760}, "format": "242 - 426x240 (240p)", "protocol": "https", "http_headers": {"User-Agent": "Mozilla/5.0 (Windows NT 10.0; Win64; x64) AppleWebKit/537.36 (KHTML, like Gecko) Chrome/75.0.3731.3 Safari/537.36", "Accept-Charset": "ISO-8859-1,utf-8;q=0.7,*;q=0.7", "Accept": "text/html,application/xhtml+xml,application/xml;q=0.9,*/*;q=0.8", "Accept-Encoding": "gzip, deflate", "Accept-Language": "en-us,en;q=0.5"}}, {"format_id": "134", "url": "https://r3---sn-5njj-u2xe.googlevideo.com/videoplayback?expire=1613562052&ei=ZKwsYPPuCcbCgAOz6Iz4Dg&ip=140.109.134.235&id=o-AMsLfE0t3rqCXJ9jdgqOWXHDCRrzcDJLFw98H8KG6fVv&itag=134&aitags=133%2C134%2C135%2C136%2C137%2C160%2C242%2C243%2C244%2C247%2C248%2C278&source=youtube&requiressl=yes&mh=hC&mm=31%2C29&mn=sn-5njj-u2xe%2Csn-un57en7l&ms=au%2Crdu&mv=m&mvi=3&pcm2cms=yes&pl=16&initcwndbps=573750&vprv=1&mime=video%2Fmp4&ns=LQXsSptOH2WCO6sooptdX7kF&gir=yes&clen=5715998&dur=339.922&lmt=1528033446155170&mt=1613539960&fvip=3&keepalive=yes&c=WEB&n=iGtl_zHG8SckljDJz&sparams=expire%2Cei%2Cip%2Cid%2Caitags%2Csource%2Crequiressl%2Cvprv%2Cmime%2Cns%2Cgir%2Cclen%2Cdur%2Clmt&sig=AOq0QJ8wRgIhAPIUZUz7Wg1EZJE-QCdN4XkzF3VEOWounGy4u2t3n-1ZAiEA_pxM6FvUQ97WUNUnJke3KoPFvO_4jLmIAfGF1VEkq3E%3D&lsparams=mh%2Cmm%2Cmn%2Cms%2Cmv%2Cmvi%2Cpcm2cms%2Cpl%2Cinitcwndbps&lsig=AG3C_xAwRQIhAKxY2GhGbcXnyLyMNiaDparZh8xayGqxFd0zf3__uXDEAiAT5bDRMA0J4O72mHnaJEso508JO-GlEqsbltM2vdnU_A%3D%3D&ratebypass=yes", "player_url": null, "ext": "mp4", "height": 360, "format_note": "360p", "vcodec": "avc1.4d401e", "asr": null, "filesize": 5715998, "fps": 24, "tbr": 369.12, "width": 640, "acodec": "none", "downloader_options": {"http_chunk_size": 10485760}, "format": "134 - 640x360 (360p)", "protocol": "https", "http_headers": {"User-Agent": "Mozilla/5.0 (Windows NT 10.0; Win64; x64) AppleWebKit/537.36 (KHTML, like Gecko) Chrome/75.0.3731.3 Safari/537.36", "Accept-Charset": "ISO-8859-1,utf-8;q=0.7,*;q=0.7", "Accept": "text/html,application/xhtml+xml,application/xml;q=0.9,*/*;q=0.8", "Accept-Encoding": "gzip, deflate", "Accept-Language": "en-us,en;q=0.5"}}, {"format_id": "243", "url": "https://r3---sn-5njj-u2xe.googlevideo.com/videoplayback?expire=1613562052&ei=ZKwsYPPuCcbCgAOz6Iz4Dg&ip=140.109.134.235&id=o-AMsLfE0t3rqCXJ9jdgqOWXHDCRrzcDJLFw98H8KG6fVv&itag=243&aitags=133%2C134%2C135%2C136%2C137%2C160%2C242%2C243%2C244%2C247%2C248%2C278&source=youtube&requiressl=yes&mh=hC&mm=31%2C29&mn=sn-5njj-u2xe%2Csn-un57en7l&ms=au%2Crdu&mv=m&mvi=3&pcm2cms=yes&pl=16&initcwndbps=573750&vprv=1&mime=video%2Fwebm&ns=LQXsSptOH2WCO6sooptdX7kF&gir=yes&clen=7298089&dur=339.922&lmt=1528036332572614&mt=1613539960&fvip=3&keepalive=yes&c=WEB&n=iGtl_zHG8SckljDJz&sparams=expire%2Cei%2Cip%2Cid%2Caitags%2Csource%2Crequiressl%2Cvprv%2Cmime%2Cns%2Cgir%2Cclen%2Cdur%2Clmt&sig=AOq0QJ8wRQIhAInJ5rPTSes86PsDIimcH4TYAkAKiyyaLd-J5CbEdIsKAiBWziwOtNRFFWyCWU7W71q1Md3RzgqjoOFXn12SnPevUA%3D%3D&lsparams=mh%2Cmm%2Cmn%2Cms%2Cmv%2Cmvi%2Cpcm2cms%2Cpl%2Cinitcwndbps&lsig=AG3C_xAwRQIhAKxY2GhGbcXnyLyMNiaDparZh8xayGqxFd0zf3__uXDEAiAT5bDRMA0J4O72mHnaJEso508JO-GlEqsbltM2vdnU_A%3D%3D&ratebypass=yes", "player_url": null, "ext": "webm", "height": 360, "format_note": "360p", "vcodec": "vp9", "asr": null, "filesize": 7298089, "fps": 24, "tbr": 404.579, "width": 640, "acodec": "none", "downloader_options": {"http_chunk_size": 10485760}, "format": "243 - 640x360 (360p)", "protocol": "https", "http_headers": {"User-Agent": "Mozilla/5.0 (Windows NT 10.0; Win64; x64) AppleWebKit/537.36 (KHTML, like Gecko) Chrome/75.0.3731.3 Safari/537.36", "Accept-Charset": "ISO-8859-1,utf-8;q=0.7,*;q=0.7", "Accept": "text/html,application/xhtml+xml,application/xml;q=0.9,*/*;q=0.8", "Accept-Encoding": "gzip, deflate", "Accept-Language": "en-us,en;q=0.5"}}, {"format_id": "135", "url": "https://r3---sn-5njj-u2xe.googlevideo.com/videoplayback?expire=1613562052&ei=ZKwsYPPuCcbCgAOz6Iz4Dg&ip=140.109.134.235&id=o-AMsLfE0t3rqCXJ9jdgqOWXHDCRrzcDJLFw98H8KG6fVv&itag=135&aitags=133%2C134%2C135%2C136%2C137%2C160%2C242%2C243%2C244%2C247%2C248%2C278&source=youtube&requiressl=yes&mh=hC&mm=31%2C29&mn=sn-5njj-u2xe%2Csn-un57en7l&ms=au%2Crdu&mv=m&mvi=3&pcm2cms=yes&pl=16&initcwndbps=573750&vprv=1&mime=video%2Fmp4&ns=LQXsSptOH2WCO6sooptdX7kF&gir=yes&clen=10689700&dur=339.922&lmt=1528033446256133&mt=1613539960&fvip=3&keepalive=yes&c=WEB&n=iGtl_zHG8SckljDJz&sparams=expire%2Cei%2Cip%2Cid%2Caitags%2Csource%2Crequiressl%2Cvprv%2Cmime%2Cns%2Cgir%2Cclen%2Cdur%2Clmt&sig=AOq0QJ8wRgIhAJ7obWZhAzROjGJ4goVrccEedDENE4KKnUEq_wBBs1q2AiEAum4ga4OjI5NoxRwslJOp5236pGN1WNuNegdYP-ADS34%3D&lsparams=mh%2Cmm%2Cmn%2Cms%2Cmv%2Cmvi%2Cpcm2cms%2Cpl%2Cinitcwndbps&lsig=AG3C_xAwRQIhAKxY2GhGbcXnyLyMNiaDparZh8xayGqxFd0zf3__uXDEAiAT5bDRMA0J4O72mHnaJEso508JO-GlEqsbltM2vdnU_A%3D%3D&ratebypass=yes", "player_url": null, "ext": "mp4", "height": 480, "format_note": "480p", "vcodec": "avc1.4d401e", "asr": null, "filesize": 10689700, "fps": 24, "tbr": 608.736, "width": 854, "acodec": "none", "downloader_options": {"http_chunk_size": 10485760}, "format": "135 - 854x480 (480p)", "protocol": "https", "http_headers": {"User-Agent": "Mozilla/5.0 (Windows NT 10.0; Win64; x64) AppleWebKit/537.36 (KHTML, like Gecko) Chrome/75.0.3731.3 Safari/537.36", "Accept-Charset": "ISO-8859-1,utf-8;q=0.7,*;q=0.7", "Accept": "text/html,application/xhtml+xml,application/xml;q=0.9,*/*;q=0.8", "Accept-Encoding": "gzip, deflate", "Accept-Language": "en-us,en;q=0.5"}}, {"format_id": "244", "url": "https://r3---sn-5njj-u2xe.googlevideo.com/videoplayback?expire=1613562052&ei=ZKwsYPPuCcbCgAOz6Iz4Dg&ip=140.109.134.235&id=o-AMsLfE0t3rqCXJ9jdgqOWXHDCRrzcDJLFw98H8KG6fVv&itag=244&aitags=133%2C134%2C135%2C136%2C137%2C160%2C242%2C243%2C244%2C247%2C248%2C278&source=youtube&requiressl=yes&mh=hC&mm=31%2C29&mn=sn-5njj-u2xe%2Csn-un57en7l&ms=au%2Crdu&mv=m&mvi=3&pcm2cms=yes&pl=16&initcwndbps=573750&vprv=1&mime=video%2Fwebm&ns=LQXsSptOH2WCO6sooptdX7kF&gir=yes&clen=12054804&dur=339.922&lmt=1528036332560103&mt=1613539960&fvip=3&keepalive=yes&c=WEB&n=iGtl_zHG8SckljDJz&sparams=expire%2Cei%2Cip%2Cid%2Caitags%2Csource%2Crequiressl%2Cvprv%2Cmime%2Cns%2Cgir%2Cclen%2Cdur%2Clmt&sig=AOq0QJ8wRQIgNdrRPsv2kbqJWeP6btEEu03EXXiT15Ggs2S8RUIJFzsCIQCXqF_QnEz4e4S3DV9-JjrRHZ_UX98SlRP1fAfdGG_JxA%3D%3D&lsparams=mh%2Cmm%2Cmn%2Cms%2Cmv%2Cmvi%2Cpcm2cms%2Cpl%2Cinitcwndbps&lsig=AG3C_xAwRQIhAKxY2GhGbcXnyLyMNiaDparZh8xayGqxFd0zf3__uXDEAiAT5bDRMA0J4O72mHnaJEso508JO-GlEqsbltM2vdnU_A%3D%3D&ratebypass=yes", "player_url": null, "ext": "webm", "height": 480, "format_note": "480p", "vcodec": "vp9", "asr": null, "filesize": 12054804, "fps": 24, "tbr": 672.209, "width": 854, "acodec": "none", "downloader_options": {"http_chunk_size": 10485760}, "format": "244 - 854x480 (480p)", "protocol": "https", "http_headers": {"User-Agent": "Mozilla/5.0 (Windows NT 10.0; Win64; x64) AppleWebKit/537.36 (KHTML, like Gecko) Chrome/75.0.3731.3 Safari/537.36", "Accept-Charset": "ISO-8859-1,utf-8;q=0.7,*;q=0.7", "Accept": "text/html,application/xhtml+xml,application/xml;q=0.9,*/*;q=0.8", "Accept-Encoding": "gzip, deflate", "Accept-Language": "en-us,en;q=0.5"}}, {"format_id": "136", "url": "https://r3---sn-5njj-u2xe.googlevideo.com/videoplayback?expire=1613562052&ei=ZKwsYPPuCcbCgAOz6Iz4Dg&ip=140.109.134.235&id=o-AMsLfE0t3rqCXJ9jdgqOWXHDCRrzcDJLFw98H8KG6fVv&itag=136&aitags=133%2C134%2C135%2C136%2C137%2C160%2C242%2C243%2C244%2C247%2C248%2C278&source=youtube&requiressl=yes&mh=hC&mm=31%2C29&mn=sn-5njj-u2xe%2Csn-un57en7l&ms=au%2Crdu&mv=m&mvi=3&pcm2cms=yes&pl=16&initcwndbps=573750&vprv=1&mime=video%2Fmp4&ns=LQXsSptOH2WCO6sooptdX7kF&gir=yes&clen=19074361&dur=339.922&lmt=1528033446455639&mt=1613539960&fvip=3&keepalive=yes&c=WEB&n=iGtl_zHG8SckljDJz&sparams=expire%2Cei%2Cip%2Cid%2Caitags%2Csource%2Crequiressl%2Cvprv%2Cmime%2Cns%2Cgir%2Cclen%2Cdur%2Clmt&sig=AOq0QJ8wRQIhAJi56sJvKC3hXhoBXmRPFvG6jhN71lX4xyMZy5eRSDHoAiADw1JxCOuiCZfYILefGiTI-86o4HiVrWeeAr25mcqJ4Q%3D%3D&lsparams=mh%2Cmm%2Cmn%2Cms%2Cmv%2Cmvi%2Cpcm2cms%2Cpl%2Cinitcwndbps&lsig=AG3C_xAwRQIhAKxY2GhGbcXnyLyMNiaDparZh8xayGqxFd0zf3__uXDEAiAT5bDRMA0J4O72mHnaJEso508JO-GlEqsbltM2vdnU_A%3D%3D&ratebypass=yes", "player_url": null, "ext": "mp4", "height": 720, "format_note": "720p", "vcodec": "avc1.4d401f", "asr": null, "filesize": 19074361, "fps": 24, "tbr": 985.567, "width": 1280, "acodec": "none", "downloader_options": {"http_chunk_size": 10485760}, "format": "136 - 1280x720 (720p)", "protocol": "https", "http_headers": {"User-Agent": "Mozilla/5.0 (Windows NT 10.0; Win64; x64) AppleWebKit/537.36 (KHTML, like Gecko) Chrome/75.0.3731.3 Safari/537.36", "Accept-Charset": "ISO-8859-1,utf-8;q=0.7,*;q=0.7", "Accept": "text/html,application/xhtml+xml,application/xml;q=0.9,*/*;q=0.8", "Accept-Encoding": "gzip, deflate", "Accept-Language": "en-us,en;q=0.5"}}, {"format_id": "247", "url": "https://r3---sn-5njj-u2xe.googlevideo.com/videoplayback?expire=1613562052&ei=ZKwsYPPuCcbCgAOz6Iz4Dg&ip=140.109.134.235&id=o-AMsLfE0t3rqCXJ9jdgqOWXHDCRrzcDJLFw98H8KG6fVv&itag=247&aitags=133%2C134%2C135%2C136%2C137%2C160%2C242%2C243%2C244%2C247%2C248%2C278&source=youtube&requiressl=yes&mh=hC&mm=31%2C29&mn=sn-5njj-u2xe%2Csn-un57en7l&ms=au%2Crdu&mv=m&mvi=3&pcm2cms=yes&pl=16&initcwndbps=573750&vprv=1&mime=video%2Fwebm&ns=LQXsSptOH2WCO6sooptdX7kF&gir=yes&clen=23650901&dur=339.922&lmt=1528036332678859&mt=1613539960&fvip=3&keepalive=yes&c=WEB&n=iGtl_zHG8SckljDJz&sparams=expire%2Cei%2Cip%2Cid%2Caitags%2Csource%2Crequiressl%2Cvprv%2Cmime%2Cns%2Cgir%2Cclen%2Cdur%2Clmt&sig=AOq0QJ8wRQIgd4C53Uks6ER4krmUaGLL7lZ4HPTV6piBIhci_AxczZ8CIQC_B8KqduiVAGFCDGvJ7Ws0f6qy571c11AWAFuqkqQqIg%3D%3D&lsparams=mh%2Cmm%2Cmn%2Cms%2Cmv%2Cmvi%2Cpcm2cms%2Cpl%2Cinitcwndbps&lsig=AG3C_xAwRQIhAKxY2GhGbcXnyLyMNiaDparZh8xayGqxFd0zf3__uXDEAiAT5bDRMA0J4O72mHnaJEso508JO-GlEqsbltM2vdnU_A%3D%3D&ratebypass=yes", "player_url": null, "ext": "webm", "height": 720, "format_note": "720p", "vcodec": "vp9", "asr": null, "filesize": 23650901, "fps": 24, "tbr": 1243.261, "width": 1280, "acodec": "none", "downloader_options": {"http_chunk_size": 10485760}, "format": "247 - 1280x720 (720p)", "protocol": "https", "http_headers": {"User-Agent": "Mozilla/5.0 (Windows NT 10.0; Win64; x64) AppleWebKit/537.36 (KHTML, like Gecko) Chrome/75.0.3731.3 Safari/537.36", "Accept-Charset": "ISO-8859-1,utf-8;q=0.7,*;q=0.7", "Accept": "text/html,application/xhtml+xml,application/xml;q=0.9,*/*;q=0.8", "Accept-Encoding": "gzip, deflate", "Accept-Language": "en-us,en;q=0.5"}}, {"format_id": "137", "url": "https://r3---sn-5njj-u2xe.googlevideo.com/videoplayback?expire=1613562052&ei=ZKwsYPPuCcbCgAOz6Iz4Dg&ip=140.109.134.235&id=o-AMsLfE0t3rqCXJ9jdgqOWXHDCRrzcDJLFw98H8KG6fVv&itag=137&aitags=133%2C134%2C135%2C136%2C137%2C160%2C242%2C243%2C244%2C247%2C248%2C278&source=youtube&requiressl=yes&mh=hC&mm=31%2C29&mn=sn-5njj-u2xe%2Csn-un57en7l&ms=au%2Crdu&mv=m&mvi=3&pcm2cms=yes&pl=16&initcwndbps=573750&vprv=1&mime=video%2Fmp4&ns=LQXsSptOH2WCO6sooptdX7kF&gir=yes&clen=33762901&dur=339.922&lmt=1528033448756206&mt=1613539960&fvip=3&keepalive=yes&c=WEB&n=iGtl_zHG8SckljDJz&sparams=expire%2Cei%2Cip%2Cid%2Caitags%2Csource%2Crequiressl%2Cvprv%2Cmime%2Cns%2Cgir%2Cclen%2Cdur%2Clmt&sig=AOq0QJ8wRQIhAKk-pTsXIt0FaFjqLXwgxIdQBJXpmK_rYh54hr1xudbfAiAPQsBNMiMdCvsKcw4DRvfMtF1XbfdS_TPHrLiJ712nWA%3D%3D&lsparams=mh%2Cmm%2Cmn%2Cms%2Cmv%2Cmvi%2Cpcm2cms%2Cpl%2Cinitcwndbps&lsig=AG3C_xAwRQIhAKxY2GhGbcXnyLyMNiaDparZh8xayGqxFd0zf3__uXDEAiAT5bDRMA0J4O72mHnaJEso508JO-GlEqsbltM2vdnU_A%3D%3D&ratebypass=yes", "player_url": null, "ext": "mp4", "height": 1080, "format_note": "1080p", "vcodec": "avc1.640028", "asr": null, "filesize": 33762901, "fps": 24, "tbr": 1844.412, "width": 1920, "acodec": "none", "downloader_options": {"http_chunk_size": 10485760}, "format": "137 - 1920x1080 (1080p)", "protocol": "https", "http_headers": {"User-Agent": "Mozilla/5.0 (Windows NT 10.0; Win64; x64) AppleWebKit/537.36 (KHTML, like Gecko) Chrome/75.0.3731.3 Safari/537.36", "Accept-Charset": "ISO-8859-1,utf-8;q=0.7,*;q=0.7", "Accept": "text/html,application/xhtml+xml,application/xml;q=0.9,*/*;q=0.8", "Accept-Encoding": "gzip, deflate", "Accept-Language": "en-us,en;q=0.5"}}, {"format_id": "248", "url": "https://r3---sn-5njj-u2xe.googlevideo.com/videoplayback?expire=1613562052&ei=ZKwsYPPuCcbCgAOz6Iz4Dg&ip=140.109.134.235&id=o-AMsLfE0t3rqCXJ9jdgqOWXHDCRrzcDJLFw98H8KG6fVv&itag=248&aitags=133%2C134%2C135%2C136%2C137%2C160%2C242%2C243%2C244%2C247%2C248%2C278&source=youtube&requiressl=yes&mh=hC&mm=31%2C29&mn=sn-5njj-u2xe%2Csn-un57en7l&ms=au%2Crdu&mv=m&mvi=3&pcm2cms=yes&pl=16&initcwndbps=573750&vprv=1&mime=video%2Fwebm&ns=LQXsSptOH2WCO6sooptdX7kF&gir=yes&clen=45658810&dur=339.922&lmt=1528036332576828&mt=1613539960&fvip=3&keepalive=yes&c=WEB&n=iGtl_zHG8SckljDJz&sparams=expire%2Cei%2Cip%2Cid%2Caitags%2Csource%2Crequiressl%2Cvprv%2Cmime%2Cns%2Cgir%2Cclen%2Cdur%2Clmt&sig=AOq0QJ8wRgIhAOF64T7DCjzS2GOQ4C9tF_b5_tfMuWprgwfeI62inUWeAiEAqj8080QWWLofFpNOelYL92VDVoLQbznDfIXPF0Hre3o%3D&lsparams=mh%2Cmm%2Cmn%2Cms%2Cmv%2Cmvi%2Cpcm2cms%2Cpl%2Cinitcwndbps&lsig=AG3C_xAwRQIhAKxY2GhGbcXnyLyMNiaDparZh8xayGqxFd0zf3__uXDEAiAT5bDRMA0J4O72mHnaJEso508JO-GlEqsbltM2vdnU_A%3D%3D&ratebypass=yes", "player_url": null, "ext": "webm", "height": 1080, "format_note": "1080p", "vcodec": "vp9", "asr": null, "filesize": 45658810, "fps": 24, "tbr": 2224.901, "width": 1920, "acodec": "none", "downloader_options": {"http_chunk_size": 10485760}, "format": "248 - 1920x1080 (1080p)", "protocol": "https", "http_headers": {"User-Agent": "Mozilla/5.0 (Windows NT 10.0; Win64; x64) AppleWebKit/537.36 (KHTML, like Gecko) Chrome/75.0.3731.3 Safari/537.36", "Accept-Charset": "ISO-8859-1,utf-8;q=0.7,*;q=0.7", "Accept": "text/html,application/xhtml+xml,application/xml;q=0.9,*/*;q=0.8", "Accept-Encoding": "gzip, deflate", "Accept-Language": "en-us,en;q=0.5"}}, {"format_id": "18", "url": "https://r3---sn-5njj-u2xe.googlevideo.com/videoplayback?expire=1613562052&ei=ZKwsYPPuCcbCgAOz6Iz4Dg&ip=140.109.134.235&id=o-AMsLfE0t3rqCXJ9jdgqOWXHDCRrzcDJLFw98H8KG6fVv&itag=18&source=youtube&requiressl=yes&mh=hC&mm=31%2C29&mn=sn-5njj-u2xe%2Csn-un57en7l&ms=au%2Crdu&mv=m&mvi=3&pcm2cms=yes&pl=16&initcwndbps=573750&vprv=1&mime=video%2Fmp4&ns=HqVIeNFZPe52e9TncJreJZMF&gir=yes&clen=16151045&ratebypass=yes&dur=339.986&lmt=1528033644806501&mt=1613539960&fvip=3&c=WEB&n=WPK3PipW6gDM6L2Z2&sparams=expire%2Cei%2Cip%2Cid%2Citag%2Csource%2Crequiressl%2Cvprv%2Cmime%2Cns%2Cgir%2Cclen%2Cratebypass%2Cdur%2Clmt&sig=AOq0QJ8wRQIhAPFmsMblm9_00tJUOX8sr6bV4wDfC-BnzYIe6F9T9Q10AiA9CgWJ5OVURIy2EsS7ErLYYWFFice7qIZp4UO2m4tWqg%3D%3D&lsparams=mh%2Cmm%2Cmn%2Cms%2Cmv%2Cmvi%2Cpcm2cms%2Cpl%2Cinitcwndbps&lsig=AG3C_xAwRQIhAKxY2GhGbcXnyLyMNiaDparZh8xayGqxFd0zf3__uXDEAiAT5bDRMA0J4O72mHnaJEso508JO-GlEqsbltM2vdnU_A%3D%3D", "player_url": null, "ext": "mp4", "width": 640, "height": 360, "acodec": "mp4a.40.2", "abr": 96, "vcodec": "avc1.42001E", "asr": 44100, "filesize": 16151045, "format_note": "360p", "fps": 24, "tbr": 380.111, "format": "18 - 640x360 (360p)", "protocol": "https", "http_headers": {"User-Agent": "Mozilla/5.0 (Windows NT 10.0; Win64; x64) AppleWebKit/537.36 (KHTML, like Gecko) Chrome/75.0.3731.3 Safari/537.36", "Accept-Charset": "ISO-8859-1,utf-8;q=0.7,*;q=0.7", "Accept": "text/html,application/xhtml+xml,application/xml;q=0.9,*/*;q=0.8", "Accept-Encoding": "gzip, deflate", "Accept-Language": "en-us,en;q=0.5"}}], "is_live": null, "start_time": null, "end_time": null, "series": null, "season_number": null, "episode_number": null, "track": null, "artist": null, "album": null, "release_date": null, "release_year": null, "extractor": "youtube", "webpage_url_basename": "watch", "extractor_key": "Youtube", "playlist": null, "playlist_index": null, "thumbnail": "https://i.ytimg.com/vi_webp/FUAK5TBaNY8/maxresdefault.webp", "display_id": "FUAK5TBaNY8", "requested_subtitles": null, "format_id": "251", "url": "https://r3---sn-5njj-u2xe.googlevideo.com/videoplayback?expire=1613562052&ei=ZKwsYPPuCcbCgAOz6Iz4Dg&ip=140.109.134.235&id=o-AMsLfE0t3rqCXJ9jdgqOWXHDCRrzcDJLFw98H8KG6fVv&itag=251&source=youtube&requiressl=yes&mh=hC&mm=31%2C29&mn=sn-5njj-u2xe%2Csn-un57en7l&ms=au%2Crdu&mv=m&mvi=3&pcm2cms=yes&pl=16&initcwndbps=573750&vprv=1&mime=audio%2Fwebm&ns=LQXsSptOH2WCO6sooptdX7kF&gir=yes&clen=6611743&dur=339.941&lmt=1528035593976236&mt=1613539960&fvip=3&keepalive=yes&c=WEB&n=iGtl_zHG8SckljDJz&sparams=expire%2Cei%2Cip%2Cid%2Citag%2Csource%2Crequiressl%2Cvprv%2Cmime%2Cns%2Cgir%2Cclen%2Cdur%2Clmt&sig=AOq0QJ8wRAIgJz7UUccu9Twlh5RWBmzy9DoXCbuRzBDnl4grl_9DfnwCIB_WCvc5WcwAd6eRWmHMgzqdIryMRDc8obbFWidYjGPc&lsparams=mh%2Cmm%2Cmn%2Cms%2Cmv%2Cmvi%2Cpcm2cms%2Cpl%2Cinitcwndbps&lsig=AG3C_xAwRQIhAKxY2GhGbcXnyLyMNiaDparZh8xayGqxFd0zf3__uXDEAiAT5bDRMA0J4O72mHnaJEso508JO-GlEqsbltM2vdnU_A%3D%3D&ratebypass=yes", "player_url": null, "ext": "webm", "format_note": "tiny", "acodec": "opus", "abr": 160, "asr": 48000, "filesize": 6611743, "fps": null, "height": null, "tbr": 165.772, "width": null, "vcodec": "none", "downloader_options": {"http_chunk_size": 10485760}, "format": "251 - audio only (tiny)", "protocol": "https", "http_headers": {"User-Agent": "Mozilla/5.0 (Windows NT 10.0; Win64; x64) AppleWebKit/537.36 (KHTML, like Gecko) Chrome/75.0.3731.3 Safari/537.36", "Accept-Charset": "ISO-8859-1,utf-8;q=0.7,*;q=0.7", "Accept": "text/html,application/xhtml+xml,application/xml;q=0.9,*/*;q=0.8", "Accept-Encoding": "gzip, deflate", "Accept-Language": "en-us,en;q=0.5"}}