{"id": "H6_7DjsbROQ", "uploader": "Chad Lawson - Topic", "uploader_id": "UCoAthg_-EW4eK--yszy-qbg", "uploader_url": "http://www.youtube.com/channel/UCoAthg_-EW4eK--yszy-qbg", "channel_id": "UCoAthg_-EW4eK--yszy-qbg", "channel_url": "http://www.youtube.com/channel/UCoAthg_-EW4eK--yszy-qbg", "upload_date": "20171019", "license": null, "creator": "Chad Lawson", "title": "Flowers", "alt_title": "Flowers", "thumbnails": [{"url": "https://i.ytimg.com/vi/H6_7DjsbROQ/hqdefault.jpg?sqp=-oaymwEbCKgBEF5IVfKriqkDDggBFQAAiEIYAXABwAEG&rs=AOn4CLB4AooQXl8ZqWWyedid0Z2tsof5sQ", "width": 168, "height": 94, "resolution": "168x94", "id": "0"}, {"url": "https://i.ytimg.com/vi/H6_7DjsbROQ/hqdefault.jpg?sqp=-oaymwEbCMQBEG5IVfKriqkDDggBFQAAiEIYAXABwAEG&rs=AOn4CLAM18NQa56sg8lhuGHXA_OuhJAEjA", "width": 196, "height": 110, "resolution": "196x110", "id": "1"}, {"url": "https://i.ytimg.com/vi/H6_7DjsbROQ/hqdefault.jpg?sqp=-oaymwEcCPYBEIoBSFXyq4qpAw4IARUAAIhCGAFwAcABBg==&rs=AOn4CLD6WG-1Heqm1bUuYBBee2cv2Hw2Vg", "width": 246, "height": 138, "resolution": "246x138", "id": "2"}, {"url": "https://i.ytimg.com/vi/H6_7DjsbROQ/hqdefault.jpg?sqp=-oaymwEcCNACELwBSFXyq4qpAw4IARUAAIhCGAFwAcABBg==&rs=AOn4CLAi4dwri-vaNzF-B1gAs8XKoGcPsQ", "width": 336, "height": 188, "resolution": "336x188", "id": "3"}, {"url": "https://i.ytimg.com/vi_webp/H6_7DjsbROQ/maxresdefault.webp", "width": 1920, "height": 1080, "resolution": "1920x1080", "id": "4"}], "description": "Provided to YouTube by CDBaby\n\nFlowers \u00b7 Chad Lawson\n\nA Grave Mistake: The Lore Variations\n\n\u2117 2017 Chad Lawson\n\nReleased on: 2017-10-20\n\nAuto-generated by YouTube.", "categories": ["Music"], "tags": ["Chad", "Lawson", "Grave", "Mistake:", "The", "Lore", "Variations", "Flowers"], "subtitles": {}, "automatic_captions": {}, "duration": 338, "age_limit": 0, "annotations": null, "chapters": null, "webpage_url": "https://www.youtube.com/watch?v=H6_7DjsbROQ", "view_count": 7898, "like_count": 62, "dislike_count": 2, "average_rating": 4.875, "formats": [{"format_id": "249", "url": "https://r3---sn-5njj-u2xl.googlevideo.com/videoplayback?expire=1613562126&ei=rqwsYNSfFoOLgAP5lZMw&ip=140.109.134.235&id=o-AJohH6GtSYm8SXpZy2mcna9BNYWyraw6ZDBIBOpoc-qW&itag=249&source=youtube&requiressl=yes&mh=4D&mm=31%2C29&mn=sn-5njj-u2xl%2Csn-un57sn7z&ms=au%2Crdu&mv=m&mvi=3&pl=16&gcr=tw&initcwndbps=443750&vprv=1&mime=audio%2Fwebm&ns=d2o6ypHUFC_M83ZfXGovbBcF&gir=yes&clen=2433105&dur=338.321&lmt=1574172962605350&mt=1613540193&fvip=3&keepalive=yes&c=WEB&txp=1301222&n=v86QvnK5R6mPSDg1a&sparams=expire%2Cei%2Cip%2Cid%2Citag%2Csource%2Crequiressl%2Cgcr%2Cvprv%2Cmime%2Cns%2Cgir%2Cclen%2Cdur%2Clmt&lsparams=mh%2Cmm%2Cmn%2Cms%2Cmv%2Cmvi%2Cpl%2Cinitcwndbps&lsig=AG3C_xAwRQIgMOWzOCeUVqHKqUucYxf4QRBJqKxr6dxt5NnP_IQdEhYCIQDJKZYgQuskCIdV8C7czmlvTJ8S7wRFovc4a4YZ4hNHOQ%3D%3D&sig=AOq0QJ8wRAIgI408iKAgzzzdSWgL6aLE-Da7tfjUaU5lEBl3ObyEmJwCIDV0jGHL4gyzYdGg6yRQNAmfJ2HYhu1xD0FlLzZ-uX3R&ratebypass=yes", "player_url": "/s/player/6eebf7aa/player_ias.vflset/en_US/base.js", "ext": "webm", "format_note": "tiny", "acodec": "opus", "abr": 50, "asr": 48000, "filesize": 2433105, "fps": null, "height": null, "tbr": 63.416, "width": null, "vcodec": "none", "downloader_options": {"http_chunk_size": 10485760}, "format": "249 - audio only (tiny)", "protocol": "https", "http_headers": {"User-Agent": "Mozilla/5.0 (Windows NT 10.0; Win64; x64) AppleWebKit/537.36 (KHTML, like Gecko) Chrome/75.0.3731.3 Safari/537.36", "Accept-Charset": "ISO-8859-1,utf-8;q=0.7,*;q=0.7", "Accept": "text/html,application/xhtml+xml,application/xml;q=0.9,*/*;q=0.8", "Accept-Encoding": "gzip, deflate", "Accept-Language": "en-us,en;q=0.5"}}, {"format_id": "250", "url": "https://r3---sn-5njj-u2xl.googlevideo.com/videoplayback?expire=1613562126&ei=rqwsYNSfFoOLgAP5lZMw&ip=140.109.134.235&id=o-AJohH6GtSYm8SXpZy2mcna9BNYWyraw6ZDBIBOpoc-qW&itag=250&source=youtube&requiressl=yes&mh=4D&mm=31%2C29&mn=sn-5njj-u2xl%2Csn-un57sn7z&ms=au%2Crdu&mv=m&mvi=3&pl=16&gcr=tw&initcwndbps=443750&vprv=1&mime=audio%2Fwebm&ns=d2o6ypHUFC_M83ZfXGovbBcF&gir=yes&clen=3256544&dur=338.321&lmt=1574172961445944&mt=1613540193&fvip=3&keepalive=yes&c=WEB&txp=1301222&n=v86QvnK5R6mPSDg1a&sparams=expire%2Cei%2Cip%2Cid%2Citag%2Csource%2Crequiressl%2Cgcr%2Cvprv%2Cmime%2Cns%2Cgir%2Cclen%2Cdur%2Clmt&lsparams=mh%2Cmm%2Cmn%2Cms%2Cmv%2Cmvi%2Cpl%2Cinitcwndbps&lsig=AG3C_xAwRgIhAIiaaDiC8HEjBka3TC-bP72Zm3Ktcl8A3MpsRdWzj2CkAiEAmRwQ8zQx7e9CHWEMMqtJ5TOTCYJ6nTUXhPxsoy4ozFY%3D&sig=AOq0QJ8wRQIgGn-k59RTuOKHVDZJB_jjViNXZw7BvqmqgKOE-JENg8QCIQDnEyF4ltXE1Pct2vgmuE-_WGP5CWhmAlmpKMOigAMZOQ==&ratebypass=yes", "player_url": "/s/player/6eebf7aa/player_ias.vflset/en_US/base.js", "ext": "webm", "format_note": "tiny", "acodec": "opus", "abr": 70, "asr": 48000, "filesize": 3256544, "fps": null, "height": null, "tbr": 84.417, "width": null, "vcodec": "none", "downloader_options": {"http_chunk_size": 10485760}, "format": "250 - audio only (tiny)", "protocol": "https", "http_headers": {"User-Agent": "Mozilla/5.0 (Windows NT 10.0; Win64; x64) AppleWebKit/537.36 (KHTML, like Gecko) Chrome/75.0.3731.3 Safari/537.36", "Accept-Charset": "ISO-8859-1,utf-8;q=0.7,*;q=0.7", "Accept": "text/html,application/xhtml+xml,application/xml;q=0.9,*/*;q=0.8", "Accept-Encoding": "gzip, deflate", "Accept-Language": "en-us,en;q=0.5"}}, {"format_id": "140", "url": "https://r3---sn-5njj-u2xl.googlevideo.com/videoplayback?expire=1613562126&ei=rqwsYNSfFoOLgAP5lZMw&ip=140.109.134.235&id=o-AJohH6GtSYm8SXpZy2mcna9BNYWyraw6ZDBIBOpoc-qW&itag=140&source=youtube&requiressl=yes&mh=4D&mm=31%2C29&mn=sn-5njj-u2xl%2Csn-un57sn7z&ms=au%2Crdu&mv=m&mvi=3&pl=16&gcr=tw&initcwndbps=443750&vprv=1&mime=audio%2Fmp4&ns=d2o6ypHUFC_M83ZfXGovbBcF&gir=yes&clen=5478265&dur=338.306&lmt=1574171981386930&mt=1613540193&fvip=3&keepalive=yes&c=WEB&txp=1311222&n=v86QvnK5R6mPSDg1a&sparams=expire%2Cei%2Cip%2Cid%2Citag%2Csource%2Crequiressl%2Cgcr%2Cvprv%2Cmime%2Cns%2Cgir%2Cclen%2Cdur%2Clmt&lsparams=mh%2Cmm%2Cmn%2Cms%2Cmv%2Cmvi%2Cpl%2Cinitcwndbps&lsig=AG3C_xAwRQIhAJ0gZ_0ybqR24GcFijEEZ4f7a9rgLi8VKEy5iOq4vQ5VAiB7mvIQbSE15M_J_bLvjN6tXPMUb3hN4ZYHF3ltr1iYtA%3D%3D&sig=AOq0QJ8wRQIgDmgyi379XzaWKH-i8Jxsd2TjVOuyxJJ2yfY9MYPuNbgCIQCwd8sIYvAf2EtCs-aMWgYbidLpUxz_lX6blYZ8LvkBVQ==&ratebypass=yes", "player_url": "/s/player/6eebf7aa/player_ias.vflset/en_US/base.js", "ext": "m4a", "format_note": "tiny", "acodec": "mp4a.40.2", "abr": 128, "container": "m4a_dash", "asr": 44100, "filesize": 5478265, "fps": null, "height": null, "tbr": 131.07, "width": null, "vcodec": "none", "downloader_options": {"http_chunk_size": 10485760}, "format": "140 - audio only (tiny)", "protocol": "https", "http_headers": {"User-Agent": "Mozilla/5.0 (Windows NT 10.0; Win64; x64) AppleWebKit/537.36 (KHTML, like Gecko) Chrome/75.0.3731.3 Safari/537.36", "Accept-Charset": "ISO-8859-1,utf-8;q=0.7,*;q=0.7", "Accept": "text/html,application/xhtml+xml,application/xml;q=0.9,*/*;q=0.8", "Accept-Encoding": "gzip, deflate", "Accept-Language": "en-us,en;q=0.5"}}, {"format_id": "251", "url": "https://r3---sn-5njj-u2xl.googlevideo.com/videoplayback?expire=1613562126&ei=rqwsYNSfFoOLgAP5lZMw&ip=140.109.134.235&id=o-AJohH6GtSYm8SXpZy2mcna9BNYWyraw6ZDBIBOpoc-qW&itag=251&source=youtube&requiressl=yes&mh=4D&mm=31%2C29&mn=sn-5njj-u2xl%2Csn-un57sn7z&ms=au%2Crdu&mv=m&mvi=3&pl=16&gcr=tw&initcwndbps=443750&vprv=1&mime=audio%2Fwebm&ns=d2o6ypHUFC_M83ZfXGovbBcF&gir=yes&clen=6316112&dur=338.321&lmt=1574172963999562&mt=1613540193&fvip=3&keepalive=yes&c=WEB&txp=1301222&n=v86QvnK5R6mPSDg1a&sparams=expire%2Cei%2Cip%2Cid%2Citag%2Csource%2Crequiressl%2Cgcr%2Cvprv%2Cmime%2Cns%2Cgir%2Cclen%2Cdur%2Clmt&lsparams=mh%2Cmm%2Cmn%2Cms%2Cmv%2Cmvi%2Cpl%2Cinitcwndbps&lsig=AG3C_xAwRAIgHNDy5mQQbRPUC4PvnJl_xlT4O6wQCWaN-QXaYLcKxwcCIBMJxUF3uu0wMWMR9RwPDejTeF_HgI_JTD9hBNk1XjgB&sig=AOq0QJ8wRAIgBC0f0VRO0sYOtNGiVBM9abNMhj_-eG7gEkCl2M9oYCQCIDKagmBRjMDRuUfs0zSswmr11wb_r3nz-xHNsA5GJfs2&ratebypass=yes", "player_url": "/s/player/6eebf7aa/player_ias.vflset/en_US/base.js", "ext": "webm", "format_note": "tiny", "acodec": "opus", "abr": 160, "asr": 48000, "filesize": 6316112, "fps": null, "height": null, "tbr": 162.004, "width": null, "vcodec": "none", "downloader_options": {"http_chunk_size": 10485760}, "format": "251 - audio only (tiny)", "protocol": "https", "http_headers": {"User-Agent": "Mozilla/5.0 (Windows NT 10.0; Win64; x64) AppleWebKit/537.36 (KHTML, like Gecko) Chrome/75.0.3731.3 Safari/537.36", "Accept-Charset": "ISO-8859-1,utf-8;q=0.7,*;q=0.7", "Accept": "text/html,application/xhtml+xml,application/xml;q=0.9,*/*;q=0.8", "Accept-Encoding": "gzip, deflate", "Accept-Language": "en-us,en;q=0.5"}}, {"format_id": "278", "url": "https://r3---sn-5njj-u2xl.googlevideo.com/videoplayback?expire=1613562126&ei=rqwsYNSfFoOLgAP5lZMw&ip=140.109.134.235&id=o-AJohH6GtSYm8SXpZy2mcna9BNYWyraw6ZDBIBOpoc-qW&itag=278&aitags=133%2C134%2C135%2C136%2C137%2C160%2C242%2C243%2C244%2C247%2C248%2C278&source=youtube&requiressl=yes&mh=4D&mm=31%2C29&mn=sn-5njj-u2xl%2Csn-un57sn7z&ms=au%2Crdu&mv=m&mvi=3&pl=16&gcr=tw&initcwndbps=443750&vprv=1&mime=video%2Fwebm&ns=d2o6ypHUFC_M83ZfXGovbBcF&gir=yes&clen=861070&dur=338.280&lmt=1574173093030085&mt=1613540193&fvip=3&keepalive=yes&c=WEB&txp=1301222&n=v86QvnK5R6mPSDg1a&sparams=expire%2Cei%2Cip%2Cid%2Caitags%2Csource%2Crequiressl%2Cgcr%2Cvprv%2Cmime%2Cns%2Cgir%2Cclen%2Cdur%2Clmt&lsparams=mh%2Cmm%2Cmn%2Cms%2Cmv%2Cmvi%2Cpl%2Cinitcwndbps&lsig=AG3C_xAwRQIhAPr2kJ48FBEkvlz2Ifa1z68_tfEtLAZ72f9KjmWIjcEJAiApkuqF46KL8zYK9pnCYH9I_NZ9aSixxDspHKGTl1wJ6A%3D%3D&sig=AOq0QJ8wRAIgYBhQbgnjPVpRDERgsPWyxy_H8wHqBL8mFdB7VUkGXfICIDaQREyQo_yuF04rhqniELYq0V_yF3KVQ_KztWbWKp87&ratebypass=yes", "player_url": "/s/player/6eebf7aa/player_ias.vflset/en_US/base.js", "ext": "webm", "height": 144, "format_note": "144p", "container": "webm", "vcodec": "vp9", "asr": null, "filesize": 861070, "fps": 25, "tbr": 22.421, "width": 144, "acodec": "none", "downloader_options": {"http_chunk_size": 10485760}, "format": "278 - 144x144 (144p)", "protocol": "https", "http_headers": {"User-Agent": "Mozilla/5.0 (Windows NT 10.0; Win64; x64) AppleWebKit/537.36 (KHTML, like Gecko) Chrome/75.0.3731.3 Safari/537.36", "Accept-Charset": "ISO-8859-1,utf-8;q=0.7,*;q=0.7", "Accept": "text/html,application/xhtml+xml,application/xml;q=0.9,*/*;q=0.8", "Accept-Encoding": "gzip, deflate", "Accept-Language": "en-us,en;q=0.5"}}, {"format_id": "242", "url": "https://r3---sn-5njj-u2xl.googlevideo.com/videoplayback?expire=1613562126&ei=rqwsYNSfFoOLgAP5lZMw&ip=140.109.134.235&id=o-AJohH6GtSYm8SXpZy2mcna9BNYWyraw6ZDBIBOpoc-qW&itag=242&aitags=133%2C134%2C135%2C136%2C137%2C160%2C242%2C243%2C244%2C247%2C248%2C278&source=youtube&requiressl=yes&mh=4D&mm=31%2C29&mn=sn-5njj-u2xl%2Csn-un57sn7z&ms=au%2Crdu&mv=m&mvi=3&pl=16&gcr=tw&initcwndbps=443750&vprv=1&mime=video%2Fwebm&ns=d2o6ypHUFC_M83ZfXGovbBcF&gir=yes&clen=1723935&dur=338.280&lmt=1574173093034544&mt=1613540193&fvip=3&keepalive=yes&c=WEB&txp=1301222&n=v86QvnK5R6mPSDg1a&sparams=expire%2Cei%2Cip%2Cid%2Caitags%2Csource%2Crequiressl%2Cgcr%2Cvprv%2Cmime%2Cns%2Cgir%2Cclen%2Cdur%2Clmt&lsparams=mh%2Cmm%2Cmn%2Cms%2Cmv%2Cmvi%2Cpl%2Cinitcwndbps&lsig=AG3C_xAwRQIhAKxPNS2N7LQE4pXam2AEUMl4XG_opp04E0EKjji_WmrmAiBhcZHQZXFn3NJ_wp5ATsjvt4BhD-xmwW1wytQjbp9uHA%3D%3D&sig=AOq0QJ8wRgIhAOv0dIBgdPHzYB6l5dU8Jr4JvgCHTWz-jRsNJ1q0IOdxAiEA2htQpCwRjRMxwXCqHa7gfY1-gtK748hBxR8T6jzuP8c=&ratebypass=yes", "player_url": "/s/player/6eebf7aa/player_ias.vflset/en_US/base.js", "ext": "webm", "height": 240, "format_note": "240p", "vcodec": "vp9", "asr": null, "filesize": 1723935, "fps": 25, "tbr": 42.889, "width": 240, "acodec": "none", "downloader_options": {"http_chunk_size": 10485760}, "format": "242 - 240x240 (240p)", "protocol": "https", "http_headers": {"User-Agent": "Mozilla/5.0 (Windows NT 10.0; Win64; x64) AppleWebKit/537.36 (KHTML, like Gecko) Chrome/75.0.3731.3 Safari/537.36", "Accept-Charset": "ISO-8859-1,utf-8;q=0.7,*;q=0.7", "Accept": "text/html,application/xhtml+xml,application/xml;q=0.9,*/*;q=0.8", "Accept-Encoding": "gzip, deflate", "Accept-Language": "en-us,en;q=0.5"}}, {"format_id": "160", "url": "https://r3---sn-5njj-u2xl.googlevideo.com/videoplayback?expire=1613562126&ei=rqwsYNSfFoOLgAP5lZMw&ip=140.109.134.235&id=o-AJohH6GtSYm8SXpZy2mcna9BNYWyraw6ZDBIBOpoc-qW&itag=160&aitags=133%2C134%2C135%2C136%2C137%2C160%2C242%2C243%2C244%2C247%2C248%2C278&source=youtube&requiressl=yes&mh=4D&mm=31%2C29&mn=sn-5njj-u2xl%2Csn-un57sn7z&ms=au%2Crdu&mv=m&mvi=3&pl=16&gcr=tw&initcwndbps=443750&vprv=1&mime=video%2Fmp4&ns=d2o6ypHUFC_M83ZfXGovbBcF&gir=yes&clen=1642463&dur=338.280&lmt=1574172027264084&mt=1613540193&fvip=3&keepalive=yes&c=WEB&txp=1311222&n=v86QvnK5R6mPSDg1a&sparams=expire%2Cei%2Cip%2Cid%2Caitags%2Csource%2Crequiressl%2Cgcr%2Cvprv%2Cmime%2Cns%2Cgir%2Cclen%2Cdur%2Clmt&lsparams=mh%2Cmm%2Cmn%2Cms%2Cmv%2Cmvi%2Cpl%2Cinitcwndbps&lsig=AG3C_xAwRAIgeIAb8XeuNQj93yQqZJEkIEjmbF_--mRasgQOyoUV5gACIELqh4dJ6ffn96MclidlVLwGcLYjov4xDnHMAWUZ9Qyu&sig=AOq0QJ8wRQIhAK4F7qQ14MFlKOlWcaCWWMMMdUCGZZNGhtKfXD9-PtLBAiBFAiZqi6r7A9pwfoqcQ-nM87RncmnRFK-7-61JftfgtQ==&ratebypass=yes", "player_url": "/s/player/6eebf7aa/player_ias.vflset/en_US/base.js", "ext": "mp4", "height": 144, "format_note": "144p", "vcodec": "avc1.4d400b", "asr": null, "filesize": 1642463, "fps": 25, "tbr": 43.878, "width": 144, "acodec": "none", "downloader_options": {"http_chunk_size": 10485760}, "format": "160 - 144x144 (144p)", "protocol": "https", "http_headers": {"User-Agent": "Mozilla/5.0 (Windows NT 10.0; Win64; x64) AppleWebKit/537.36 (KHTML, like Gecko) Chrome/75.0.3731.3 Safari/537.36", "Accept-Charset": "ISO-8859-1,utf-8;q=0.7,*;q=0.7", "Accept": "text/html,application/xhtml+xml,application/xml;q=0.9,*/*;q=0.8", "Accept-Encoding": "gzip, deflate", "Accept-Language": "en-us,en;q=0.5"}}, {"format_id": "134", "url": "https://r3---sn-5njj-u2xl.googlevideo.com/videoplayback?expire=1613562126&ei=rqwsYNSfFoOLgAP5lZMw&ip=140.109.134.235&id=o-AJohH6GtSYm8SXpZy2mcna9BNYWyraw6ZDBIBOpoc-qW&itag=134&aitags=133%2C134%2C135%2C136%2C137%2C160%2C242%2C243%2C244%2C247%2C248%2C278&source=youtube&requiressl=yes&mh=4D&mm=31%2C29&mn=sn-5njj-u2xl%2Csn-un57sn7z&ms=au%2Crdu&mv=m&mvi=3&pl=16&gcr=tw&initcwndbps=443750&vprv=1&mime=video%2Fmp4&ns=d2o6ypHUFC_M83ZfXGovbBcF&gir=yes&clen=2796034&dur=338.280&lmt=1574172002492079&mt=1613540193&fvip=3&keepalive=yes&c=WEB&txp=1311222&n=v86QvnK5R6mPSDg1a&sparams=expire%2Cei%2Cip%2Cid%2Caitags%2Csource%2Crequiressl%2Cgcr%2Cvprv%2Cmime%2Cns%2Cgir%2Cclen%2Cdur%2Clmt&lsparams=mh%2Cmm%2Cmn%2Cms%2Cmv%2Cmvi%2Cpl%2Cinitcwndbps&lsig=AG3C_xAwRQIgc3towVqi4quSQJZGjhx-11kwRrptMJJu9cKh1Uc-MasCIQCtefhHu5VU43D_lR0IsSqwgkLJ5l4i5bmhrC2oDoTzZQ%3D%3D&sig=AOq0QJ8wRgIhAJvIucPvzi65ULe8dn0ijrJTkb1iCdhslBnchcFR7Nn1AiEAvHWwEObKq3NlsNaPkUjSCHu_Qon1x3ZMjagSqKQ5dYY=&ratebypass=yes", "player_url": "/s/player/6eebf7aa/player_ias.vflset/en_US/base.js", "ext": "mp4", "height": 360, "format_note": "360p", "vcodec": "avc1.4d4015", "asr": null, "filesize": 2796034, "fps": 25, "tbr": 68.379, "width": 360, "acodec": "none", "downloader_options": {"http_chunk_size": 10485760}, "format": "134 - 360x360 (360p)", "protocol": "https", "http_headers": {"User-Agent": "Mozilla/5.0 (Windows NT 10.0; Win64; x64) AppleWebKit/537.36 (KHTML, like Gecko) Chrome/75.0.3731.3 Safari/537.36", "Accept-Charset": "ISO-8859-1,utf-8;q=0.7,*;q=0.7", "Accept": "text/html,application/xhtml+xml,application/xml;q=0.9,*/*;q=0.8", "Accept-Encoding": "gzip, deflate", "Accept-Language": "en-us,en;q=0.5"}}, {"format_id": "243", "url": "https://r3---sn-5njj-u2xl.googlevideo.com/videoplayback?expire=1613562126&ei=rqwsYNSfFoOLgAP5lZMw&ip=140.109.134.235&id=o-AJohH6GtSYm8SXpZy2mcna9BNYWyraw6ZDBIBOpoc-qW&itag=243&aitags=133%2C134%2C135%2C136%2C137%2C160%2C242%2C243%2C244%2C247%2C248%2C278&source=youtube&requiressl=yes&mh=4D&mm=31%2C29&mn=sn-5njj-u2xl%2Csn-un57sn7z&ms=au%2Crdu&mv=m&mvi=3&pl=16&gcr=tw&initcwndbps=443750&vprv=1&mime=video%2Fwebm&ns=d2o6ypHUFC_M83ZfXGovbBcF&gir=yes&clen=2833838&dur=338.280&lmt=1574173093027426&mt=1613540193&fvip=3&keepalive=yes&c=WEB&txp=1301222&n=v86QvnK5R6mPSDg1a&sparams=expire%2Cei%2Cip%2Cid%2Caitags%2Csource%2Crequiressl%2Cgcr%2Cvprv%2Cmime%2Cns%2Cgir%2Cclen%2Cdur%2Clmt&lsparams=mh%2Cmm%2Cmn%2Cms%2Cmv%2Cmvi%2Cpl%2Cinitcwndbps&lsig=AG3C_xAwRgIhAKwco7bfAcC6gv5owVTAvwbeoJl8ZQQwniiIvikRqZRXAiEA7kOMVzplvsq-tGi8arberUx-k1WpD-Myqck-0RVDoHo%3D&sig=AOq0QJ8wRQIgFL5CLQQpF9eaPaYxw4L9SELIkNa_RlNgxcV9J_wd6R0CIQDyj-haPNezHS_YwycVdn8uKOuzVfQdy-7GE4fja-5bVw==&ratebypass=yes", "player_url": "/s/player/6eebf7aa/player_ias.vflset/en_US/base.js", "ext": "webm", "height": 360, "format_note": "360p", "vcodec": "vp9", "asr": null, "filesize": 2833838, "fps": 25, "tbr": 68.928, "width": 360, "acodec": "none", "downloader_options": {"http_chunk_size": 10485760}, "format": "243 - 360x360 (360p)", "protocol": "https", "http_headers": {"User-Agent": "Mozilla/5.0 (Windows NT 10.0; Win64; x64) AppleWebKit/537.36 (KHTML, like Gecko) Chrome/75.0.3731.3 Safari/537.36", "Accept-Charset": "ISO-8859-1,utf-8;q=0.7,*;q=0.7", "Accept": "text/html,application/xhtml+xml,application/xml;q=0.9,*/*;q=0.8", "Accept-Encoding": "gzip, deflate", "Accept-Language": "en-us,en;q=0.5"}}, {"format_id": "133", "url": "https://r3---sn-5njj-u2xl.googlevideo.com/videoplayback?expire=1613562126&ei=rqwsYNSfFoOLgAP5lZMw&ip=140.109.134.235&id=o-AJohH6GtSYm8SXpZy2mcna9BNYWyraw6ZDBIBOpoc-qW&itag=133&aitags=133%2C134%2C135%2C136%2C137%2C160%2C242%2C243%2C244%2C247%2C248%2C278&source=youtube&requiressl=yes&mh=4D&mm=31%2C29&mn=sn-5njj-u2xl%2Csn-un57sn7z&ms=au%2Crdu&mv=m&mvi=3&pl=16&gcr=tw&initcwndbps=443750&vprv=1&mime=video%2Fmp4&ns=d2o6ypHUFC_M83ZfXGovbBcF&gir=yes&clen=3812971&dur=338.280&lmt=1574172006238803&mt=1613540193&fvip=3&keepalive=yes&c=WEB&txp=1311222&n=v86QvnK5R6mPSDg1a&sparams=expire%2Cei%2Cip%2Cid%2Caitags%2Csource%2Crequiressl%2Cgcr%2Cvprv%2Cmime%2Cns%2Cgir%2Cclen%2Cdur%2Clmt&lsparams=mh%2Cmm%2Cmn%2Cms%2Cmv%2Cmvi%2Cpl%2Cinitcwndbps&lsig=AG3C_xAwRQIhAJ3AMYcHlKNBLuqVbW_djWdyKb06uEWaFA70tPgca9pPAiB7XVKItku2OTeadG6j6IItOsaNDnvMt7LIvRWnTBPXVA%3D%3D&sig=AOq0QJ8wRAIgKt_dMZctVu9bqOU1v17PZOvSPGTkTfE6ciNpR3TWNycCIFmeINFzE20UGap7XkZARprce9ZGTQSyJBrSC013x_4j&ratebypass=yes", "player_url": "/s/player/6eebf7aa/player_ias.vflset/en_US/base.js", "ext": "mp4", "height": 240, "format_note": "240p", "vcodec": "avc1.4d400c", "asr": null, "filesize": 3812971, "fps": 25, "tbr": 98.853, "width": 240, "acodec": "none", "downloader_options": {"http_chunk_size": 10485760}, "format": "133 - 240x240 (240p)", "protocol": "https", "http_headers": {"User-Agent": "Mozilla/5.0 (Windows NT 10.0; Win64; x64) AppleWebKit/537.36 (KHTML, like Gecko) Chrome/75.0.3731.3 Safari/537.36", "Accept-Charset": "ISO-8859-1,utf-8;q=0.7,*;q=0.7", "Accept": "text/html,application/xhtml+xml,application/xml;q=0.9,*/*;q=0.8", "Accept-Encoding": "gzip, deflate", "Accept-Language": "en-us,en;q=0.5"}}, {"format_id": "135", "url": "https://r3---sn-5njj-u2xl.googlevideo.com/videoplayback?expire=1613562126&ei=rqwsYNSfFoOLgAP5lZMw&ip=140.109.134.235&id=o-AJohH6GtSYm8SXpZy2mcna9BNYWyraw6ZDBIBOpoc-qW&itag=135&aitags=133%2C134%2C135%2C136%2C137%2C160%2C242%2C243%2C244%2C247%2C248%2C278&source=youtube&requiressl=yes&mh=4D&mm=31%2C29&mn=sn-5njj-u2xl%2Csn-un57sn7z&ms=au%2Crdu&mv=m&mvi=3&pl=16&gcr=tw&initcwndbps=443750&vprv=1&mime=video%2Fmp4&ns=d2o6ypHUFC_M83ZfXGovbBcF&gir=yes&clen=5075121&dur=338.280&lmt=1574172010749812&mt=1613540193&fvip=3&keepalive=yes&c=WEB&txp=1311222&n=v86QvnK5R6mPSDg1a&sparams=expire%2Cei%2Cip%2Cid%2Caitags%2Csource%2Crequiressl%2Cgcr%2Cvprv%2Cmime%2Cns%2Cgir%2Cclen%2Cdur%2Clmt&lsparams=mh%2Cmm%2Cmn%2Cms%2Cmv%2Cmvi%2Cpl%2Cinitcwndbps&lsig=AG3C_xAwRQIhANNCGmvOgfHjwuSnYvKl71Gq_O6-IW4qX9okxJSZK1giAiAswcS27foOM_Eo22rfPn-n5RjUXRn4HpxaL3NfejvwNg%3D%3D&sig=AOq0QJ8wRQIhALwxUvP2PlZUPNB0dA26AmU4RmirQq2mWLr-v7b_0noOAiBUDkFjuqK0Ayeaz1519XNMPL39RONKlLAIxrLeWU4nkw==&ratebypass=yes", "player_url": "/s/player/6eebf7aa/player_ias.vflset/en_US/base.js", "ext": "mp4", "height": 480, "format_note": "480p", "vcodec": "avc1.4d401e", "asr": null, "filesize": 5075121, "fps": 25, "tbr": 122.482, "width": 480, "acodec": "none", "downloader_options": {"http_chunk_size": 10485760}, "format": "135 - 480x480 (480p)", "protocol": "https", "http_headers": {"User-Agent": "Mozilla/5.0 (Windows NT 10.0; Win64; x64) AppleWebKit/537.36 (KHTML, like Gecko) Chrome/75.0.3731.3 Safari/537.36", "Accept-Charset": "ISO-8859-1,utf-8;q=0.7,*;q=0.7", "Accept": "text/html,application/xhtml+xml,application/xml;q=0.9,*/*;q=0.8", "Accept-Encoding": "gzip, deflate", "Accept-Language": "en-us,en;q=0.5"}}, {"format_id": "244", "url": "https://r3---sn-5njj-u2xl.googlevideo.com/videoplayback?expire=1613562126&ei=rqwsYNSfFoOLgAP5lZMw&ip=140.109.134.235&id=o-AJohH6GtSYm8SXpZy2mcna9BNYWyraw6ZDBIBOpoc-qW&itag=244&aitags=133%2C134%2C135%2C136%2C137%2C160%2C242%2C243%2C244%2C247%2C248%2C278&source=youtube&requiressl=yes&mh=4D&mm=31%2C29&mn=sn-5njj-u2xl%2Csn-un57sn7z&ms=au%2Crdu&mv=m&mvi=3&pl=16&gcr=tw&initcwndbps=443750&vprv=1&mime=video%2Fwebm&ns=d2o6ypHUFC_M83ZfXGovbBcF&gir=yes&clen=5746842&dur=338.280&lmt=1574173093016315&mt=1613540193&fvip=3&keepalive=yes&c=WEB&txp=1301222&n=v86QvnK5R6mPSDg1a&sparams=expire%2Cei%2Cip%2Cid%2Caitags%2Csource%2Crequiressl%2Cgcr%2Cvprv%2Cmime%2Cns%2Cgir%2Cclen%2Cdur%2Clmt&lsparams=mh%2Cmm%2Cmn%2Cms%2Cmv%2Cmvi%2Cpl%2Cinitcwndbps&lsig=AG3C_xAwRQIgLEyTq0j7cIvCR_WL-ght3icSg4vv1Z9hm8N573Uw8SUCIQC0YqX8tCnwApxgTcu8c9o8H9JmwZYBTTGi00mXE1G73Q%3D%3D&sig=AOq0QJ8wRAIgEoQ4MB6w4JhwozIe6upJMms1IVRpI6Sry64WFrWVDdYCIE83ZgH_x50AYCrSa0k-PuGC15KWSMzQu0yxLnultrma&ratebypass=yes", "player_url": "/s/player/6eebf7aa/player_ias.vflset/en_US/base.js", "ext": "webm", "height": 480, "format_note": "480p", "vcodec": "vp9", "asr": null, "filesize": 5746842, "fps": 25, "tbr": 177.254, "width": 480, "acodec": "none", "downloader_options": {"http_chunk_size": 10485760}, "format": "244 - 480x480 (480p)", "protocol": "https", "http_headers": {"User-Agent": "Mozilla/5.0 (Windows NT 10.0; Win64; x64) AppleWebKit/537.36 (KHTML, like Gecko) Chrome/75.0.3731.3 Safari/537.36", "Accept-Charset": "ISO-8859-1,utf-8;q=0.7,*;q=0.7", "Accept": "text/html,application/xhtml+xml,application/xml;q=0.9,*/*;q=0.8", "Accept-Encoding": "gzip, deflate", "Accept-Language": "en-us,en;q=0.5"}}, {"format_id": "136", "url": "https://r3---sn-5njj-u2xl.googlevideo.com/videoplayback?expire=1613562126&ei=rqwsYNSfFoOLgAP5lZMw&ip=140.109.134.235&id=o-AJohH6GtSYm8SXpZy2mcna9BNYWyraw6ZDBIBOpoc-qW&itag=136&aitags=133%2C134%2C135%2C136%2C137%2C160%2C242%2C243%2C244%2C247%2C248%2C278&source=youtube&requiressl=yes&mh=4D&mm=31%2C29&mn=sn-5njj-u2xl%2Csn-un57sn7z&ms=au%2Crdu&mv=m&mvi=3&pl=16&gcr=tw&initcwndbps=443750&vprv=1&mime=video%2Fmp4&ns=d2o6ypHUFC_M83ZfXGovbBcF&gir=yes&clen=10291336&dur=338.280&lmt=1574172005973421&mt=1613540193&fvip=3&keepalive=yes&c=WEB&txp=1311222&n=v86QvnK5R6mPSDg1a&sparams=expire%2Cei%2Cip%2Cid%2Caitags%2Csource%2Crequiressl%2Cgcr%2Cvprv%2Cmime%2Cns%2Cgir%2Cclen%2Cdur%2Clmt&lsparams=mh%2Cmm%2Cmn%2Cms%2Cmv%2Cmvi%2Cpl%2Cinitcwndbps&lsig=AG3C_xAwRQIhAM9HTc_4lPSkSCABPl-_502SkAbKFNpSKuv9gjwaYkmfAiAlM2UkzSXdDusExbpUzBbcjMcHD34uUSUjpoMB4R5ucg%3D%3D&sig=AOq0QJ8wRQIgBVUc4sRfa4l-jdVcg6ZbDySEaVgntOb3Uahg2Tlx40ECIQDf0Ck1zGrAPGdR9eIMu0rTu7LzBLPn2kQcK38FnsAtDA==&ratebypass=yes", "player_url": "/s/player/6eebf7aa/player_ias.vflset/en_US/base.js", "ext": "mp4", "height": 720, "format_note": "720p", "vcodec": "avc1.4d401f", "asr": null, "filesize": 10291336, "fps": 25, "tbr": 245.996, "width": 720, "acodec": "none", "downloader_options": {"http_chunk_size": 10485760}, "format": "136 - 720x720 (720p)", "protocol": "https", "http_headers": {"User-Agent": "Mozilla/5.0 (Windows NT 10.0; Win64; x64) AppleWebKit/537.36 (KHTML, like Gecko) Chrome/75.0.3731.3 Safari/537.36", "Accept-Charset": "ISO-8859-1,utf-8;q=0.7,*;q=0.7", "Accept": "text/html,application/xhtml+xml,application/xml;q=0.9,*/*;q=0.8", "Accept-Encoding": "gzip, deflate", "Accept-Language": "en-us,en;q=0.5"}}, {"format_id": "247", "url": "https://r3---sn-5njj-u2xl.googlevideo.com/videoplayback?expire=1613562126&ei=rqwsYNSfFoOLgAP5lZMw&ip=140.109.134.235&id=o-AJohH6GtSYm8SXpZy2mcna9BNYWyraw6ZDBIBOpoc-qW&itag=247&aitags=133%2C134%2C135%2C136%2C137%2C160%2C242%2C243%2C244%2C247%2C248%2C278&source=youtube&requiressl=yes&mh=4D&mm=31%2C29&mn=sn-5njj-u2xl%2Csn-un57sn7z&ms=au%2Crdu&mv=m&mvi=3&pl=16&gcr=tw&initcwndbps=443750&vprv=1&mime=video%2Fwebm&ns=d2o6ypHUFC_M83ZfXGovbBcF&gir=yes&clen=15898959&dur=338.280&lmt=1574173093055996&mt=1613540193&fvip=3&keepalive=yes&c=WEB&txp=1301222&n=v86QvnK5R6mPSDg1a&sparams=expire%2Cei%2Cip%2Cid%2Caitags%2Csource%2Crequiressl%2Cgcr%2Cvprv%2Cmime%2Cns%2Cgir%2Cclen%2Cdur%2Clmt&lsparams=mh%2Cmm%2Cmn%2Cms%2Cmv%2Cmvi%2Cpl%2Cinitcwndbps&lsig=AG3C_xAwRAIgfwL349gpWk8LN4tYJ470bi7Asge7y2AWSl9gO-6v55wCIBYPglkJW_-sNJxAAUIwj0C9r3JfV-NKmCsMPzbagIry&sig=AOq0QJ8wRQIgBpj1rB-85GCDGn7120tvI3DdGWHptcyG8Yl1RXhm3bcCIQClF3Do-2Tppvh-myQSq9eLT721Ar8E8yTeyNbd34Rx_g==&ratebypass=yes", "player_url": "/s/player/6eebf7aa/player_ias.vflset/en_US/base.js", "ext": "webm", "height": 720, "format_note": "720p", "vcodec": "vp9", "asr": null, "filesize": 15898959, "fps": 25, "tbr": 377.531, "width": 720, "acodec": "none", "downloader_options": {"http_chunk_size": 10485760}, "format": "247 - 720x720 (720p)", "protocol": "https", "http_headers": {"User-Agent": "Mozilla/5.0 (Windows NT 10.0; Win64; x64) AppleWebKit/537.36 (KHTML, like Gecko) Chrome/75.0.3731.3 Safari/537.36", "Accept-Charset": "ISO-8859-1,utf-8;q=0.7,*;q=0.7", "Accept": "text/html,application/xhtml+xml,application/xml;q=0.9,*/*;q=0.8", "Accept-Encoding": "gzip, deflate", "Accept-Language": "en-us,en;q=0.5"}}, {"format_id": "137", "url": "https://r3---sn-5njj-u2xl.googlevideo.com/videoplayback?expire=1613562126&ei=rqwsYNSfFoOLgAP5lZMw&ip=140.109.134.235&id=o-AJohH6GtSYm8SXpZy2mcna9BNYWyraw6ZDBIBOpoc-qW&itag=137&aitags=133%2C134%2C135%2C136%2C137%2C160%2C242%2C243%2C244%2C247%2C248%2C278&source=youtube&requiressl=yes&mh=4D&mm=31%2C29&mn=sn-5njj-u2xl%2Csn-un57sn7z&ms=au%2Crdu&mv=m&mvi=3&pl=16&gcr=tw&initcwndbps=443750&vprv=1&mime=video%2Fmp4&ns=d2o6ypHUFC_M83ZfXGovbBcF&gir=yes&clen=20536632&dur=338.280&lmt=1574172015399267&mt=1613540193&fvip=3&keepalive=yes&c=WEB&txp=1311222&n=v86QvnK5R6mPSDg1a&sparams=expire%2Cei%2Cip%2Cid%2Caitags%2Csource%2Crequiressl%2Cgcr%2Cvprv%2Cmime%2Cns%2Cgir%2Cclen%2Cdur%2Clmt&lsparams=mh%2Cmm%2Cmn%2Cms%2Cmv%2Cmvi%2Cpl%2Cinitcwndbps&lsig=AG3C_xAwRAIgCDCNx1N4mXxGyfrdWaFaCHgMwOYT56vHfNOXVemASZsCIGKR6nVb3QJOOaU7Jg7xea2ItcTGTRLE_9Y_i1sz4hn6&sig=AOq0QJ8wRgIhAOtxMZOH5RbnB9v_p2lOdHhERyStm5oORO1G6qIjiRv8AiEA5NegcT6da7Exi6ms9EWA1LYIfgWMA5cboJBdHb92O84=&ratebypass=yes", "player_url": "/s/player/6eebf7aa/player_ias.vflset/en_US/base.js", "ext": "mp4", "height": 1080, "format_note": "1080p", "vcodec": "avc1.640020", "asr": null, "filesize": 20536632, "fps": 25, "tbr": 493.115, "width": 1080, "acodec": "none", "downloader_options": {"http_chunk_size": 10485760}, "format": "137 - 1080x1080 (1080p)", "protocol": "https", "http_headers": {"User-Agent": "Mozilla/5.0 (Windows NT 10.0; Win64; x64) AppleWebKit/537.36 (KHTML, like Gecko) Chrome/75.0.3731.3 Safari/537.36", "Accept-Charset": "ISO-8859-1,utf-8;q=0.7,*;q=0.7", "Accept": "text/html,application/xhtml+xml,application/xml;q=0.9,*/*;q=0.8", "Accept-Encoding": "gzip, deflate", "Accept-Language": "en-us,en;q=0.5"}}, {"format_id": "248", "url": "https://r3---sn-5njj-u2xl.googlevideo.com/videoplayback?expire=1613562126&ei=rqwsYNSfFoOLgAP5lZMw&ip=140.109.134.235&id=o-AJohH6GtSYm8SXpZy2mcna9BNYWyraw6ZDBIBOpoc-qW&itag=248&aitags=133%2C134%2C135%2C136%2C137%2C160%2C242%2C243%2C244%2C247%2C248%2C278&source=youtube&requiressl=yes&mh=4D&mm=31%2C29&mn=sn-5njj-u2xl%2Csn-un57sn7z&ms=au%2Crdu&mv=m&mvi=3&pl=16&gcr=tw&initcwndbps=443750&vprv=1&mime=video%2Fwebm&ns=d2o6ypHUFC_M83ZfXGovbBcF&gir=yes&clen=28307097&dur=338.280&lmt=1574173047987546&mt=1613540193&fvip=3&keepalive=yes&c=WEB&txp=1301222&n=v86QvnK5R6mPSDg1a&sparams=expire%2Cei%2Cip%2Cid%2Caitags%2Csource%2Crequiressl%2Cgcr%2Cvprv%2Cmime%2Cns%2Cgir%2Cclen%2Cdur%2Clmt&lsparams=mh%2Cmm%2Cmn%2Cms%2Cmv%2Cmvi%2Cpl%2Cinitcwndbps&lsig=AG3C_xAwRgIhAKmxKtTkAGt69a7DMgwQ2bSZXIlBJ5DDh0mT7L081g_EAiEAlTpCbdEwm4CvFCdoSYBMV0mT2MNfkDQJ1FAHwBo0kkc%3D&sig=AOq0QJ8wRQIgK8wQQzffa9aJKIH07yjc5otuqxjVj9ne6PZF55Auj04CIQCvTiiANQaE2Usgw5VsWtC5ddwb2l0UGK8FagPsO_8aSQ==&ratebypass=yes", "player_url": "/s/player/6eebf7aa/player_ias.vflset/en_US/base.js", "ext": "webm", "height": 1080, "format_note": "1080p", "vcodec": "vp9", "asr": null, "filesize": 28307097, "fps": 25, "tbr": 672.651, "width": 1080, "acodec": "none", "downloader_options": {"http_chunk_size": 10485760}, "format": "248 - 1080x1080 (1080p)", "protocol": "https", "http_headers": {"User-Agent": "Mozilla/5.0 (Windows NT 10.0; Win64; x64) AppleWebKit/537.36 (KHTML, like Gecko) Chrome/75.0.3731.3 Safari/537.36", "Accept-Charset": "ISO-8859-1,utf-8;q=0.7,*;q=0.7", "Accept": "text/html,application/xhtml+xml,application/xml;q=0.9,*/*;q=0.8", "Accept-Encoding": "gzip, deflate", "Accept-Language": "en-us,en;q=0.5"}}, {"format_id": "18", "url": "https://r3---sn-5njj-u2xl.googlevideo.com/videoplayback?expire=1613562126&ei=rqwsYNSfFoOLgAP5lZMw&ip=140.109.134.235&id=o-AJohH6GtSYm8SXpZy2mcna9BNYWyraw6ZDBIBOpoc-qW&itag=18&source=youtube&requiressl=yes&mh=4D&mm=31%2C29&mn=sn-5njj-u2xl%2Csn-un57sn7z&ms=au%2Crdu&mv=m&mvi=3&pl=16&gcr=tw&initcwndbps=443750&vprv=1&mime=video%2Fmp4&ns=-XPw1MA9MtEZ7ZMlD3gkrVgF&gir=yes&clen=13385032&ratebypass=yes&dur=338.361&lmt=1574171943166694&mt=1613540193&fvip=3&c=WEB&txp=1311222&n=7IrgyRGm6CTOznMJi&sparams=expire%2Cei%2Cip%2Cid%2Citag%2Csource%2Crequiressl%2Cgcr%2Cvprv%2Cmime%2Cns%2Cgir%2Cclen%2Cratebypass%2Cdur%2Clmt&lsparams=mh%2Cmm%2Cmn%2Cms%2Cmv%2Cmvi%2Cpl%2Cinitcwndbps&lsig=AG3C_xAwRQIhALsJBRS7FBbVTJWInz0ei5nDDrX4WEGnCAYumogGAOTnAiB2hg9eJZ0ExjL9aaU2TXQuZxIBCsDqRg2uwxEO5a4WDQ%3D%3D&sig=AOq0QJ8wRgIhANfTAe9S9975vQcFkkfFJ14kJtGjkKldf0awn3pBi3weAiEA8y5tCU-rI4BCTbYmcU3pwgWqMzadB9Le0WfU7zds9Ak=", "player_url": "/s/player/6eebf7aa/player_ias.vflset/en_US/base.js", "ext": "mp4", "width": 360, "height": 360, "acodec": "mp4a.40.2", "abr": 96, "vcodec": "avc1.42001E", "asr": 44100, "filesize": 13385032, "format_note": "360p", "fps": 25, "tbr": 316.543, "format": "18 - 360x360 (360p)", "protocol": "https", "http_headers": {"User-Agent": "Mozilla/5.0 (Windows NT 10.0; Win64; x64) AppleWebKit/537.36 (KHTML, like Gecko) Chrome/75.0.3731.3 Safari/537.36", "Accept-Charset": "ISO-8859-1,utf-8;q=0.7,*;q=0.7", "Accept": "text/html,application/xhtml+xml,application/xml;q=0.9,*/*;q=0.8", "Accept-Encoding": "gzip, deflate", "Accept-Language": "en-us,en;q=0.5"}}], "is_live": null, "start_time": null, "end_time": null, "series": null, "season_number": null, "episode_number": null, "track": "Flowers", "artist": "Chad Lawson", "album": "A Grave Mistake: The Lore Variations", "release_date": "20171020", "release_year": 2017, "extractor": "youtube", "webpage_url_basename": "watch", "extractor_key": "Youtube", "playlist": null, "playlist_index": null, "thumbnail": "https://i.ytimg.com/vi_webp/H6_7DjsbROQ/maxresdefault.webp", "display_id": "H6_7DjsbROQ", "requested_subtitles": null, "format_id": "251", "url": "https://r3---sn-5njj-u2xl.googlevideo.com/videoplayback?expire=1613562126&ei=rqwsYNSfFoOLgAP5lZMw&ip=140.109.134.235&id=o-AJohH6GtSYm8SXpZy2mcna9BNYWyraw6ZDBIBOpoc-qW&itag=251&source=youtube&requiressl=yes&mh=4D&mm=31%2C29&mn=sn-5njj-u2xl%2Csn-un57sn7z&ms=au%2Crdu&mv=m&mvi=3&pl=16&gcr=tw&initcwndbps=443750&vprv=1&mime=audio%2Fwebm&ns=d2o6ypHUFC_M83ZfXGovbBcF&gir=yes&clen=6316112&dur=338.321&lmt=1574172963999562&mt=1613540193&fvip=3&keepalive=yes&c=WEB&txp=1301222&n=v86QvnK5R6mPSDg1a&sparams=expire%2Cei%2Cip%2Cid%2Citag%2Csource%2Crequiressl%2Cgcr%2Cvprv%2Cmime%2Cns%2Cgir%2Cclen%2Cdur%2Clmt&lsparams=mh%2Cmm%2Cmn%2Cms%2Cmv%2Cmvi%2Cpl%2Cinitcwndbps&lsig=AG3C_xAwRAIgHNDy5mQQbRPUC4PvnJl_xlT4O6wQCWaN-QXaYLcKxwcCIBMJxUF3uu0wMWMR9RwPDejTeF_HgI_JTD9hBNk1XjgB&sig=AOq0QJ8wRAIgBC0f0VRO0sYOtNGiVBM9abNMhj_-eG7gEkCl2M9oYCQCIDKagmBRjMDRuUfs0zSswmr11wb_r3nz-xHNsA5GJfs2&ratebypass=yes", "player_url": "/s/player/6eebf7aa/player_ias.vflset/en_US/base.js", "ext": "webm", "format_note": "tiny", "acodec": "opus", "abr": 160, "asr": 48000, "filesize": 6316112, "fps": null, "height": null, "tbr": 162.004, "width": null, "vcodec": "none", "downloader_options": {"http_chunk_size": 10485760}, "format": "251 - audio only (tiny)", "protocol": "https", "http_headers": {"User-Agent": "Mozilla/5.0 (Windows NT 10.0; Win64; x64) AppleWebKit/537.36 (KHTML, like Gecko) Chrome/75.0.3731.3 Safari/537.36", "Accept-Charset": "ISO-8859-1,utf-8;q=0.7,*;q=0.7", "Accept": "text/html,application/xhtml+xml,application/xml;q=0.9,*/*;q=0.8", "Accept-Encoding": "gzip, deflate", "Accept-Language": "en-us,en;q=0.5"}}