{"id": "ii1Jw1-7Ka4", "uploader": "Epic Music World", "uploader_id": "RogueOfAvatar", "uploader_url": "http://www.youtube.com/user/RogueOfAvatar", "channel_id": "UC9ImTi0cbFHs7PQ4l2jGO1g", "channel_url": "http://www.youtube.com/channel/UC9ImTi0cbFHs7PQ4l2jGO1g", "upload_date": "20190923", "license": null, "creator": null, "title": "\"FORGIVEN\" by Norman D\u00fcck ~ World's Most Emotional Piano Music", "alt_title": null, "thumbnails": [{"url": "https://i.ytimg.com/vi/ii1Jw1-7Ka4/hqdefault.jpg?sqp=-oaymwEYCKgBEF5IVfKriqkDCwgBFQAAiEIYAXAB&rs=AOn4CLB2Ik5btQX_mf8j5WVdpxsrymaHuQ", "width": 168, "height": 94, "resolution": "168x94", "id": "0"}, {"url": "https://i.ytimg.com/vi/ii1Jw1-7Ka4/hqdefault.jpg?sqp=-oaymwEYCMQBEG5IVfKriqkDCwgBFQAAiEIYAXAB&rs=AOn4CLAimCxhH9Y310-yXr-tP5-2pxgr7g", "width": 196, "height": 110, "resolution": "196x110", "id": "1"}, {"url": "https://i.ytimg.com/vi/ii1Jw1-7Ka4/hqdefault.jpg?sqp=-oaymwEZCPYBEIoBSFXyq4qpAwsIARUAAIhCGAFwAQ==&rs=AOn4CLChTiXQQvbvgmhYcTmvH9597sJ6sg", "width": 246, "height": 138, "resolution": "246x138", "id": "2"}, {"url": "https://i.ytimg.com/vi/ii1Jw1-7Ka4/hqdefault.jpg?sqp=-oaymwEZCNACELwBSFXyq4qpAwsIARUAAIhCGAFwAQ==&rs=AOn4CLAw7U9aqH0UeIthWNEpVia_7XCBEQ", "width": 336, "height": 188, "resolution": "336x188", "id": "3"}, {"url": "https://i.ytimg.com/vi_webp/ii1Jw1-7Ka4/maxresdefault.webp", "width": 1920, "height": 1080, "resolution": "1920x1080", "id": "4"}], "description": "Artist Websites:\n\n\u25b8 Hear This Upload & More On Spotify To Go: https://spoti.fi/2RMvpX7\n\n\u25b8 Spotify: https://spoti.fi/2ZXBlQh\n\u25b8 Apple Music: https://apple.co/2KxxcgY\n\u25b8 Amazon: https://amzn.to/2OQ6uUJ\n\u25b8 Deezer: http://bit.ly/2H5H4w7\n\u25b8 Google Play: http://bit.ly/2H2U31K\n\n\u25b8 Youtube: https://www.youtube.com/channel/UCZrx074saEGIs9Cxo1GOjgg\n\u25b8 Patreon: https://www.patreon.com/NormanDueck/creators\n\u25b8 Instagram: https://www.instagram.com/norman_dueck/\n\u25b8 Twitter: https://twitter.com/norman_dueck\n\u25b8 Facebook: https://www.facebook.com/norman.du\n\u2582\n\n\u2605 LEARN TO COMPOSE EPIC MUSIC & MORE STEP BY STEP:\n\n\u25b8 Learn From Evenant Courses (Learn To Make: Trailer Music, Cinematic Music, Cinematic Design, Sound Design & More): https://goo.gl/miZCfd\n\u25b8 Learn How To Master Orchestral Post Production: https://goo.gl/vidFoo\n\u25b8 Trailer Music Mastery - Your Way Into The Music Business: https://goo.gl/urFTBu\n\u2582\n\nEpic Music World Websites: \n\n\u25b8 Spotify: https://spoti.fi/2YhQKdw\n\u25b8 Keep Me Alive (Donation): https://goo.gl/iIsogi\n\u25b8 Merchandise EU: https://shop.spreadshirt.net/epicmusicworld/\n\u25b8 Epic Music World II: http://bit.ly/1Oo4n11\n\u25b8 Facebook (Submit Your Work): https://www.facebook.com/EpicMusicWorld2/\n\u25b8 Join Discord: https://discord.gg/ry5z8AZ\n\u25b8 Patreon: https://patreon.com/EpicMusicWorld\n\u25b8 Soundcloud: https://soundcloud.com/epicmusicworld\n\u25b8 Instagram: https://www.instagram.com/kai_emw/\n\u2582\n\n\ud83c\udfa7 Video Details:\n\nTitle: Forgiven\nArtist: Norman D\u00fcck \n\n\u2605 Animation by Realtime Motion Studios: http://realtime-motion-studios.rf.gd\n\u2605 Buy Your Animation: https://rocketr.net/sellers/realtimemotionstudios\n\u2582\n\n\ud83d\udcf8 Image Artist: trungbui42\n\n\u25b8 Image: http://fav.me/ddcswwg\n\u25b8 Image Artist: https://www.deviantart.com/trungbui42\n\u25b8 Instagram: https://www.instagram.com/trungbui42/\n\u25b8 ArtStation: https://www.artstation.com/trungbui42\n\u25b8 Facebook: https://www.facebook.com/trungbui42\n\u25b8 Shop: https://www.teepublic.com/user/trungbui42\n\u2582\n\n\u00a9 Copyright Info\n\n\u2714 Be aware all music and pictures belongs to the original artists.\n\u2714 This video was given a special license directly from the artists.\n\u2716 I am in no position to give anyone permission to use this\n\n.\u279d Please ask the artists and NOT me for permission !!!\n\n\ud83d\udd14 Relevant hashtags: \n#pianomusic #emotionalmusic #relaxingmusic", "categories": ["Music"], "tags": ["piano music", "emotional music", "relaxing music", "background music", "forgiven", "florian bur", "epic music world", "emw", "sad piano", "beautiful piano", "beautiful piano music", "beautiful music", "classic piano", "instrumental music", "angel music", "female angel", "world's most emotional piano music", "most emotional", "top emotional"], "subtitles": {}, "automatic_captions": {}, "duration": 183, "age_limit": 0, "annotations": null, "chapters": null, "webpage_url": "https://www.youtube.com/watch?v=ii1Jw1-7Ka4", "view_count": 65152, "like_count": 2954, "dislike_count": 32, "average_rating": 4.9571333, "formats": [{"format_id": "249", "url": "https://r4---sn-5njj-u2xl.googlevideo.com/videoplayback?expire=1608123754&ei=CrHZX72vEaCws8IP192y4AQ&ip=140.109.135.166&id=o-AHe41EbJt9ZA0_mmatDko1o47zLsJih5SHdGynjYHQVr&itag=249&source=youtube&requiressl=yes&mh=6T&mm=31%2C29&mn=sn-5njj-u2xl%2Csn-un57sn76&ms=au%2Crdu&mv=m&mvi=4&pl=16&initcwndbps=508750&vprv=1&mime=audio%2Fwebm&ns=9W9yuRgT-zxjqgdoSzTCtngF&gir=yes&clen=1341780&dur=182.881&lmt=1569248783382491&mt=1608101795&fvip=4&keepalive=yes&c=WEB&txp=5531432&n=eHrFB8IFrHfV3lCnN&sparams=expire%2Cei%2Cip%2Cid%2Citag%2Csource%2Crequiressl%2Cvprv%2Cmime%2Cns%2Cgir%2Cclen%2Cdur%2Clmt&lsparams=mh%2Cmm%2Cmn%2Cms%2Cmv%2Cmvi%2Cpl%2Cinitcwndbps&lsig=AG3C_xAwRQIgSpqmWdsK0VQbjl-WskEtyw0MBl98VhUZo8zd5shbCgYCIQD6NLmBKLZxAqp5PKNbsYwuyVsP5Pc-A5qo9r7xUz48aw%3D%3D&sig=AOq0QJ8wRgIhAI4n0moV1XUKpNdNj9TyzkqkvkX0L0Ytlm5dMUi4-JQDAiEAxbX_QFwROpUs4V4FQfbvbEeLxuHB2eJbt8p9mzWmVk0=&ratebypass=yes", "player_url": "/s/player/62f90c99/player_ias.vflset/en_US/base.js", "ext": "webm", "format_note": "tiny", "acodec": "opus", "abr": 50, "asr": 48000, "filesize": 1341780, "fps": null, "height": null, "tbr": 63.762, "width": null, "vcodec": "none", "downloader_options": {"http_chunk_size": 10485760}, "format": "249 - audio only (tiny)", "protocol": "https", "http_headers": {"User-Agent": "Mozilla/5.0 (Windows NT 10.0; Win64; x64) AppleWebKit/537.36 (KHTML, like Gecko) Chrome/74.0.3726.1 Safari/537.36", "Accept-Charset": "ISO-8859-1,utf-8;q=0.7,*;q=0.7", "Accept": "text/html,application/xhtml+xml,application/xml;q=0.9,*/*;q=0.8", "Accept-Encoding": "gzip, deflate", "Accept-Language": "en-us,en;q=0.5"}}, {"format_id": "250", "url": "https://r4---sn-5njj-u2xl.googlevideo.com/videoplayback?expire=1608123754&ei=CrHZX72vEaCws8IP192y4AQ&ip=140.109.135.166&id=o-AHe41EbJt9ZA0_mmatDko1o47zLsJih5SHdGynjYHQVr&itag=250&source=youtube&requiressl=yes&mh=6T&mm=31%2C29&mn=sn-5njj-u2xl%2Csn-un57sn76&ms=au%2Crdu&mv=m&mvi=4&pl=16&initcwndbps=508750&vprv=1&mime=audio%2Fwebm&ns=9W9yuRgT-zxjqgdoSzTCtngF&gir=yes&clen=1792710&dur=182.881&lmt=1569248783719061&mt=1608101795&fvip=4&keepalive=yes&c=WEB&txp=5531432&n=eHrFB8IFrHfV3lCnN&sparams=expire%2Cei%2Cip%2Cid%2Citag%2Csource%2Crequiressl%2Cvprv%2Cmime%2Cns%2Cgir%2Cclen%2Cdur%2Clmt&lsparams=mh%2Cmm%2Cmn%2Cms%2Cmv%2Cmvi%2Cpl%2Cinitcwndbps&lsig=AG3C_xAwRAIgeEWcsNo51214z3dwfcVmetE95LSmKGSVnBQYEwCIVnMCIBJt55hbTowp_DOoNOiI3S6jr2BhOss-j7YKnD8CNF8W&sig=AOq0QJ8wRQIgdZLOhZaI5Aw-d_d8b1qkHHOpi1K5wJW4RVsoJe_KkxECIQCM8M-ODCbW6bbNiUuMlou4d0VUct3gT7RzuROU9OOD1g==&ratebypass=yes", "player_url": "/s/player/62f90c99/player_ias.vflset/en_US/base.js", "ext": "webm", "format_note": "tiny", "acodec": "opus", "abr": 70, "asr": 48000, "filesize": 1792710, "fps": null, "height": null, "tbr": 85.122, "width": null, "vcodec": "none", "downloader_options": {"http_chunk_size": 10485760}, "format": "250 - audio only (tiny)", "protocol": "https", "http_headers": {"User-Agent": "Mozilla/5.0 (Windows NT 10.0; Win64; x64) AppleWebKit/537.36 (KHTML, like Gecko) Chrome/74.0.3726.1 Safari/537.36", "Accept-Charset": "ISO-8859-1,utf-8;q=0.7,*;q=0.7", "Accept": "text/html,application/xhtml+xml,application/xml;q=0.9,*/*;q=0.8", "Accept-Encoding": "gzip, deflate", "Accept-Language": "en-us,en;q=0.5"}}, {"format_id": "140", "url": "https://r4---sn-5njj-u2xl.googlevideo.com/videoplayback?expire=1608123754&ei=CrHZX72vEaCws8IP192y4AQ&ip=140.109.135.166&id=o-AHe41EbJt9ZA0_mmatDko1o47zLsJih5SHdGynjYHQVr&itag=140&source=youtube&requiressl=yes&mh=6T&mm=31%2C29&mn=sn-5njj-u2xl%2Csn-un57sn76&ms=au%2Crdu&mv=m&mvi=4&pl=16&initcwndbps=508750&vprv=1&mime=audio%2Fmp4&ns=9W9yuRgT-zxjqgdoSzTCtngF&gir=yes&clen=2961208&dur=182.926&lmt=1569248784472761&mt=1608101795&fvip=4&keepalive=yes&c=WEB&txp=5531432&n=eHrFB8IFrHfV3lCnN&sparams=expire%2Cei%2Cip%2Cid%2Citag%2Csource%2Crequiressl%2Cvprv%2Cmime%2Cns%2Cgir%2Cclen%2Cdur%2Clmt&lsparams=mh%2Cmm%2Cmn%2Cms%2Cmv%2Cmvi%2Cpl%2Cinitcwndbps&lsig=AG3C_xAwRQIhAJ3NRHGrgx40kMDlfyPsAo7329ZjTwIqfVjHtMLJqNNrAiBHsGjQNXzxbh1FvXvyHa9CMRruQEeQo_hVoaFRrjO-ZQ%3D%3D&sig=AOq0QJ8wRQIgVFbYskRVgI5z4fzczW1pgGz99Z6k5UfTRvrn3xXry-ECIQCh91H76hogL2mqu0TUm3yVoO2HKz31sd0vZSHmdBle1g==&ratebypass=yes", "player_url": "/s/player/62f90c99/player_ias.vflset/en_US/base.js", "ext": "m4a", "format_note": "tiny", "acodec": "mp4a.40.2", "abr": 128, "container": "m4a_dash", "asr": 44100, "filesize": 2961208, "fps": null, "height": null, "tbr": 130.475, "width": null, "vcodec": "none", "downloader_options": {"http_chunk_size": 10485760}, "format": "140 - audio only (tiny)", "protocol": "https", "http_headers": {"User-Agent": "Mozilla/5.0 (Windows NT 10.0; Win64; x64) AppleWebKit/537.36 (KHTML, like Gecko) Chrome/74.0.3726.1 Safari/537.36", "Accept-Charset": "ISO-8859-1,utf-8;q=0.7,*;q=0.7", "Accept": "text/html,application/xhtml+xml,application/xml;q=0.9,*/*;q=0.8", "Accept-Encoding": "gzip, deflate", "Accept-Language": "en-us,en;q=0.5"}}, {"format_id": "251", "url": "https://r4---sn-5njj-u2xl.googlevideo.com/videoplayback?expire=1608123754&ei=CrHZX72vEaCws8IP192y4AQ&ip=140.109.135.166&id=o-AHe41EbJt9ZA0_mmatDko1o47zLsJih5SHdGynjYHQVr&itag=251&source=youtube&requiressl=yes&mh=6T&mm=31%2C29&mn=sn-5njj-u2xl%2Csn-un57sn76&ms=au%2Crdu&mv=m&mvi=4&pl=16&initcwndbps=508750&vprv=1&mime=audio%2Fwebm&ns=9W9yuRgT-zxjqgdoSzTCtngF&gir=yes&clen=3423382&dur=182.881&lmt=1569248785661224&mt=1608101795&fvip=4&keepalive=yes&c=WEB&txp=5531432&n=eHrFB8IFrHfV3lCnN&sparams=expire%2Cei%2Cip%2Cid%2Citag%2Csource%2Crequiressl%2Cvprv%2Cmime%2Cns%2Cgir%2Cclen%2Cdur%2Clmt&lsparams=mh%2Cmm%2Cmn%2Cms%2Cmv%2Cmvi%2Cpl%2Cinitcwndbps&lsig=AG3C_xAwRQIgIoqpnDCVt5-ceN2Hi3m9ijoEa9wgO0WHeS8b5A5KgIwCIQC7JBKpUFxsWdS-Ife7JUBTwu6I2F2oHTn_Ak-lzkAQFw%3D%3D&sig=AOq0QJ8wRAIgVEK6rZg07UaZSIvbb1oAdJv4F33DFrtiQ6jBja5F0cQCIFVJmAljpFTzsqrtKPkk_mhQ-3AUtTayefCvnJFuD71X&ratebypass=yes", "player_url": "/s/player/62f90c99/player_ias.vflset/en_US/base.js", "ext": "webm", "format_note": "tiny", "acodec": "opus", "abr": 160, "asr": 48000, "filesize": 3423382, "fps": null, "height": null, "tbr": 160.075, "width": null, "vcodec": "none", "downloader_options": {"http_chunk_size": 10485760}, "format": "251 - audio only (tiny)", "protocol": "https", "http_headers": {"User-Agent": "Mozilla/5.0 (Windows NT 10.0; Win64; x64) AppleWebKit/537.36 (KHTML, like Gecko) Chrome/74.0.3726.1 Safari/537.36", "Accept-Charset": "ISO-8859-1,utf-8;q=0.7,*;q=0.7", "Accept": "text/html,application/xhtml+xml,application/xml;q=0.9,*/*;q=0.8", "Accept-Encoding": "gzip, deflate", "Accept-Language": "en-us,en;q=0.5"}}, {"format_id": "160", "url": "https://r4---sn-5njj-u2xl.googlevideo.com/videoplayback?expire=1608123754&ei=CrHZX72vEaCws8IP192y4AQ&ip=140.109.135.166&id=o-AHe41EbJt9ZA0_mmatDko1o47zLsJih5SHdGynjYHQVr&itag=160&aitags=133%2C134%2C135%2C136%2C160%2C242%2C243%2C244%2C247%2C278%2C298%2C299%2C302%2C303&source=youtube&requiressl=yes&mh=6T&mm=31%2C29&mn=sn-5njj-u2xl%2Csn-un57sn76&ms=au%2Crdu&mv=m&mvi=4&pl=16&initcwndbps=508750&vprv=1&mime=video%2Fmp4&ns=9W9yuRgT-zxjqgdoSzTCtngF&gir=yes&clen=505871&dur=182.866&lmt=1569249096474336&mt=1608101795&fvip=4&keepalive=yes&c=WEB&txp=5535432&n=eHrFB8IFrHfV3lCnN&sparams=expire%2Cei%2Cip%2Cid%2Caitags%2Csource%2Crequiressl%2Cvprv%2Cmime%2Cns%2Cgir%2Cclen%2Cdur%2Clmt&lsparams=mh%2Cmm%2Cmn%2Cms%2Cmv%2Cmvi%2Cpl%2Cinitcwndbps&lsig=AG3C_xAwRQIhAL5_H0O8K06UM56jTw0IsXsh8XRqxThhzU6TGKoX0-RfAiAb_o5q1U91AiXOEbJbTr3xShsxNMCj7CeuVAf0Bg_S5w%3D%3D&sig=AOq0QJ8wRgIhAPmzGDpvTzE7xhoRHB97SIkRnCWOV8I3LJAIIjgA5QrvAiEApLw3Dad4VRIoPGIT6LtYE1kK2Bk4a0_yvkjlUdsVG_M=&ratebypass=yes", "player_url": "/s/player/62f90c99/player_ias.vflset/en_US/base.js", "ext": "mp4", "height": 144, "format_note": "144p", "vcodec": "avc1.4d400c", "asr": null, "filesize": 505871, "fps": 30, "tbr": 39.961, "width": 256, "acodec": "none", "downloader_options": {"http_chunk_size": 10485760}, "format": "160 - 256x144 (144p)", "protocol": "https", "http_headers": {"User-Agent": "Mozilla/5.0 (Windows NT 10.0; Win64; x64) AppleWebKit/537.36 (KHTML, like Gecko) Chrome/74.0.3726.1 Safari/537.36", "Accept-Charset": "ISO-8859-1,utf-8;q=0.7,*;q=0.7", "Accept": "text/html,application/xhtml+xml,application/xml;q=0.9,*/*;q=0.8", "Accept-Encoding": "gzip, deflate", "Accept-Language": "en-us,en;q=0.5"}}, {"format_id": "133", "url": "https://r4---sn-5njj-u2xl.googlevideo.com/videoplayback?expire=1608123754&ei=CrHZX72vEaCws8IP192y4AQ&ip=140.109.135.166&id=o-AHe41EbJt9ZA0_mmatDko1o47zLsJih5SHdGynjYHQVr&itag=133&aitags=133%2C134%2C135%2C136%2C160%2C242%2C243%2C244%2C247%2C278%2C298%2C299%2C302%2C303&source=youtube&requiressl=yes&mh=6T&mm=31%2C29&mn=sn-5njj-u2xl%2Csn-un57sn76&ms=au%2Crdu&mv=m&mvi=4&pl=16&initcwndbps=508750&vprv=1&mime=video%2Fmp4&ns=9W9yuRgT-zxjqgdoSzTCtngF&gir=yes&clen=1083014&dur=182.866&lmt=1569249096473827&mt=1608101795&fvip=4&keepalive=yes&c=WEB&txp=5535432&n=eHrFB8IFrHfV3lCnN&sparams=expire%2Cei%2Cip%2Cid%2Caitags%2Csource%2Crequiressl%2Cvprv%2Cmime%2Cns%2Cgir%2Cclen%2Cdur%2Clmt&lsparams=mh%2Cmm%2Cmn%2Cms%2Cmv%2Cmvi%2Cpl%2Cinitcwndbps&lsig=AG3C_xAwRQIgeGlC4UgcgRzFW9Wsstt41_r1dntc4Vmwj43ewVxJKGwCIQCUhK_h3IImkC2JwXEx4oaa6Is-Nst1Wa-BBX7i24OwoQ%3D%3D&sig=AOq0QJ8wRQIgEAMwzCBkVAcjyoreL2h_Ug0djjlI7jGKNm0Vph4HQ9oCIQDdhRme08NcxXPxr19HpajFDX7vVpmo3jHVZGdInyWHqA==&ratebypass=yes", "player_url": "/s/player/62f90c99/player_ias.vflset/en_US/base.js", "ext": "mp4", "height": 240, "format_note": "240p", "vcodec": "avc1.4d4015", "asr": null, "filesize": 1083014, "fps": 30, "tbr": 86.89, "width": 426, "acodec": "none", "downloader_options": {"http_chunk_size": 10485760}, "format": "133 - 426x240 (240p)", "protocol": "https", "http_headers": {"User-Agent": "Mozilla/5.0 (Windows NT 10.0; Win64; x64) AppleWebKit/537.36 (KHTML, like Gecko) Chrome/74.0.3726.1 Safari/537.36", "Accept-Charset": "ISO-8859-1,utf-8;q=0.7,*;q=0.7", "Accept": "text/html,application/xhtml+xml,application/xml;q=0.9,*/*;q=0.8", "Accept-Encoding": "gzip, deflate", "Accept-Language": "en-us,en;q=0.5"}}, {"format_id": "278", "url": "https://r4---sn-5njj-u2xl.googlevideo.com/videoplayback?expire=1608123754&ei=CrHZX72vEaCws8IP192y4AQ&ip=140.109.135.166&id=o-AHe41EbJt9ZA0_mmatDko1o47zLsJih5SHdGynjYHQVr&itag=278&aitags=133%2C134%2C135%2C136%2C160%2C242%2C243%2C244%2C247%2C278%2C298%2C299%2C302%2C303&source=youtube&requiressl=yes&mh=6T&mm=31%2C29&mn=sn-5njj-u2xl%2Csn-un57sn76&ms=au%2Crdu&mv=m&mvi=4&pl=16&initcwndbps=508750&vprv=1&mime=video%2Fwebm&ns=9W9yuRgT-zxjqgdoSzTCtngF&gir=yes&clen=1185325&dur=182.867&lmt=1569249617502566&mt=1608101795&fvip=4&keepalive=yes&c=WEB&txp=5535432&n=eHrFB8IFrHfV3lCnN&sparams=expire%2Cei%2Cip%2Cid%2Caitags%2Csource%2Crequiressl%2Cvprv%2Cmime%2Cns%2Cgir%2Cclen%2Cdur%2Clmt&lsparams=mh%2Cmm%2Cmn%2Cms%2Cmv%2Cmvi%2Cpl%2Cinitcwndbps&lsig=AG3C_xAwRgIhAIDIpv37ubDwHIBu-ZHMxlwIaytLkNXrdCBK6pP7W_WQAiEA8RDi64cWVrvkI6DQv_4tM6TzlIT_v1lGJtEb2tsW2y4%3D&sig=AOq0QJ8wRgIhAMsuk91fXsb4C0lAgz27Yn6WfzLlobovUSVqRp-9c24IAiEAqXnbAkNhNAcRWAMrpkIWsaOhgRqeso53fe_uDEezl0k=&ratebypass=yes", "player_url": "/s/player/62f90c99/player_ias.vflset/en_US/base.js", "ext": "webm", "height": 144, "format_note": "144p", "container": "webm", "vcodec": "vp9", "asr": null, "filesize": 1185325, "fps": 30, "tbr": 93.342, "width": 256, "acodec": "none", "downloader_options": {"http_chunk_size": 10485760}, "format": "278 - 256x144 (144p)", "protocol": "https", "http_headers": {"User-Agent": "Mozilla/5.0 (Windows NT 10.0; Win64; x64) AppleWebKit/537.36 (KHTML, like Gecko) Chrome/74.0.3726.1 Safari/537.36", "Accept-Charset": "ISO-8859-1,utf-8;q=0.7,*;q=0.7", "Accept": "text/html,application/xhtml+xml,application/xml;q=0.9,*/*;q=0.8", "Accept-Encoding": "gzip, deflate", "Accept-Language": "en-us,en;q=0.5"}}, {"format_id": "242", "url": "https://r4---sn-5njj-u2xl.googlevideo.com/videoplayback?expire=1608123754&ei=CrHZX72vEaCws8IP192y4AQ&ip=140.109.135.166&id=o-AHe41EbJt9ZA0_mmatDko1o47zLsJih5SHdGynjYHQVr&itag=242&aitags=133%2C134%2C135%2C136%2C160%2C242%2C243%2C244%2C247%2C278%2C298%2C299%2C302%2C303&source=youtube&requiressl=yes&mh=6T&mm=31%2C29&mn=sn-5njj-u2xl%2Csn-un57sn76&ms=au%2Crdu&mv=m&mvi=4&pl=16&initcwndbps=508750&vprv=1&mime=video%2Fwebm&ns=9W9yuRgT-zxjqgdoSzTCtngF&gir=yes&clen=1191132&dur=182.867&lmt=1569249617503277&mt=1608101795&fvip=4&keepalive=yes&c=WEB&txp=5535432&n=eHrFB8IFrHfV3lCnN&sparams=expire%2Cei%2Cip%2Cid%2Caitags%2Csource%2Crequiressl%2Cvprv%2Cmime%2Cns%2Cgir%2Cclen%2Cdur%2Clmt&lsparams=mh%2Cmm%2Cmn%2Cms%2Cmv%2Cmvi%2Cpl%2Cinitcwndbps&lsig=AG3C_xAwRgIhAPgkrb8wGH6_B7_XamejOEmSzBDt3KsDps5hCfr5A1iSAiEA1SC8_EnqweYa6JsfJ2tgcESuIuFnO5NBk3aKwmVypPw%3D&sig=AOq0QJ8wRQIhAP4DSXEMK0N_KEixFKOjceTnYLpO0fEX9AddKXFdOWyRAiAsbVlNse1XSQBuv9yqmQeB7sfLTyeHQaB1RqrOysLtuw==&ratebypass=yes", "player_url": "/s/player/62f90c99/player_ias.vflset/en_US/base.js", "ext": "webm", "height": 240, "format_note": "240p", "vcodec": "vp9", "asr": null, "filesize": 1191132, "fps": 30, "tbr": 93.53, "width": 426, "acodec": "none", "downloader_options": {"http_chunk_size": 10485760}, "format": "242 - 426x240 (240p)", "protocol": "https", "http_headers": {"User-Agent": "Mozilla/5.0 (Windows NT 10.0; Win64; x64) AppleWebKit/537.36 (KHTML, like Gecko) Chrome/74.0.3726.1 Safari/537.36", "Accept-Charset": "ISO-8859-1,utf-8;q=0.7,*;q=0.7", "Accept": "text/html,application/xhtml+xml,application/xml;q=0.9,*/*;q=0.8", "Accept-Encoding": "gzip, deflate", "Accept-Language": "en-us,en;q=0.5"}}, {"format_id": "134", "url": "https://r4---sn-5njj-u2xl.googlevideo.com/videoplayback?expire=1608123754&ei=CrHZX72vEaCws8IP192y4AQ&ip=140.109.135.166&id=o-AHe41EbJt9ZA0_mmatDko1o47zLsJih5SHdGynjYHQVr&itag=134&aitags=133%2C134%2C135%2C136%2C160%2C242%2C243%2C244%2C247%2C278%2C298%2C299%2C302%2C303&source=youtube&requiressl=yes&mh=6T&mm=31%2C29&mn=sn-5njj-u2xl%2Csn-un57sn76&ms=au%2Crdu&mv=m&mvi=4&pl=16&initcwndbps=508750&vprv=1&mime=video%2Fmp4&ns=9W9yuRgT-zxjqgdoSzTCtngF&gir=yes&clen=1534671&dur=182.866&lmt=1569249096472979&mt=1608101795&fvip=4&keepalive=yes&c=WEB&txp=5535432&n=eHrFB8IFrHfV3lCnN&sparams=expire%2Cei%2Cip%2Cid%2Caitags%2Csource%2Crequiressl%2Cvprv%2Cmime%2Cns%2Cgir%2Cclen%2Cdur%2Clmt&lsparams=mh%2Cmm%2Cmn%2Cms%2Cmv%2Cmvi%2Cpl%2Cinitcwndbps&lsig=AG3C_xAwRQIhAN-NcrOdcuvpEpGZKBTSf0WnIoYmzGo5MDU4mawAWSuZAiBBElulCmtQr_WrAd8-qbQxfSk5mrAfBP99vw0agpjCdA%3D%3D&sig=AOq0QJ8wRQIhAIO_3SFL2plbQAuQDcnsB2HKXSkjRFxp0Gcucnqb_WcCAiBbT7r1AeXJJj0OA55v-JA9Y-rQiqcomNXeoA6qQNQ15w==&ratebypass=yes", "player_url": "/s/player/62f90c99/player_ias.vflset/en_US/base.js", "ext": "mp4", "height": 360, "format_note": "360p", "vcodec": "avc1.4d401e", "asr": null, "filesize": 1534671, "fps": 30, "tbr": 117.944, "width": 640, "acodec": "none", "downloader_options": {"http_chunk_size": 10485760}, "format": "134 - 640x360 (360p)", "protocol": "https", "http_headers": {"User-Agent": "Mozilla/5.0 (Windows NT 10.0; Win64; x64) AppleWebKit/537.36 (KHTML, like Gecko) Chrome/74.0.3726.1 Safari/537.36", "Accept-Charset": "ISO-8859-1,utf-8;q=0.7,*;q=0.7", "Accept": "text/html,application/xhtml+xml,application/xml;q=0.9,*/*;q=0.8", "Accept-Encoding": "gzip, deflate", "Accept-Language": "en-us,en;q=0.5"}}, {"format_id": "243", "url": "https://r4---sn-5njj-u2xl.googlevideo.com/videoplayback?expire=1608123754&ei=CrHZX72vEaCws8IP192y4AQ&ip=140.109.135.166&id=o-AHe41EbJt9ZA0_mmatDko1o47zLsJih5SHdGynjYHQVr&itag=243&aitags=133%2C134%2C135%2C136%2C160%2C242%2C243%2C244%2C247%2C278%2C298%2C299%2C302%2C303&source=youtube&requiressl=yes&mh=6T&mm=31%2C29&mn=sn-5njj-u2xl%2Csn-un57sn76&ms=au%2Crdu&mv=m&mvi=4&pl=16&initcwndbps=508750&vprv=1&mime=video%2Fwebm&ns=9W9yuRgT-zxjqgdoSzTCtngF&gir=yes&clen=2122481&dur=182.867&lmt=1569249617511304&mt=1608101795&fvip=4&keepalive=yes&c=WEB&txp=5535432&n=eHrFB8IFrHfV3lCnN&sparams=expire%2Cei%2Cip%2Cid%2Caitags%2Csource%2Crequiressl%2Cvprv%2Cmime%2Cns%2Cgir%2Cclen%2Cdur%2Clmt&lsparams=mh%2Cmm%2Cmn%2Cms%2Cmv%2Cmvi%2Cpl%2Cinitcwndbps&lsig=AG3C_xAwRQIhALzL2KM9veocDKGtYEnmLs5Rnq2aRiIX0uGNPBaLhOHbAiB6muyyNN7dxKoIbeH1KnhUe2FcJoOhp1wu8l61MguOVQ%3D%3D&sig=AOq0QJ8wRAIgdqTRONP2RMKIokXESaLMDoF4yWuBZwwHnB68zYsW28ACIHjW4DbGx7xjTTAuCHH6YyotLObv8TFOxJttAk-Nkl9i&ratebypass=yes", "player_url": "/s/player/62f90c99/player_ias.vflset/en_US/base.js", "ext": "webm", "height": 360, "format_note": "360p", "vcodec": "vp9", "asr": null, "filesize": 2122481, "fps": 30, "tbr": 137.295, "width": 640, "acodec": "none", "downloader_options": {"http_chunk_size": 10485760}, "format": "243 - 640x360 (360p)", "protocol": "https", "http_headers": {"User-Agent": "Mozilla/5.0 (Windows NT 10.0; Win64; x64) AppleWebKit/537.36 (KHTML, like Gecko) Chrome/74.0.3726.1 Safari/537.36", "Accept-Charset": "ISO-8859-1,utf-8;q=0.7,*;q=0.7", "Accept": "text/html,application/xhtml+xml,application/xml;q=0.9,*/*;q=0.8", "Accept-Encoding": "gzip, deflate", "Accept-Language": "en-us,en;q=0.5"}}, {"format_id": "135", "url": "https://r4---sn-5njj-u2xl.googlevideo.com/videoplayback?expire=1608123754&ei=CrHZX72vEaCws8IP192y4AQ&ip=140.109.135.166&id=o-AHe41EbJt9ZA0_mmatDko1o47zLsJih5SHdGynjYHQVr&itag=135&aitags=133%2C134%2C135%2C136%2C160%2C242%2C243%2C244%2C247%2C278%2C298%2C299%2C302%2C303&source=youtube&requiressl=yes&mh=6T&mm=31%2C29&mn=sn-5njj-u2xl%2Csn-un57sn76&ms=au%2Crdu&mv=m&mvi=4&pl=16&initcwndbps=508750&vprv=1&mime=video%2Fmp4&ns=9W9yuRgT-zxjqgdoSzTCtngF&gir=yes&clen=2209114&dur=182.866&lmt=1569249096472982&mt=1608101795&fvip=4&keepalive=yes&c=WEB&txp=5535432&n=eHrFB8IFrHfV3lCnN&sparams=expire%2Cei%2Cip%2Cid%2Caitags%2Csource%2Crequiressl%2Cvprv%2Cmime%2Cns%2Cgir%2Cclen%2Cdur%2Clmt&lsparams=mh%2Cmm%2Cmn%2Cms%2Cmv%2Cmvi%2Cpl%2Cinitcwndbps&lsig=AG3C_xAwRAIgE56czKLgf48NsQKQnz-Y2ZyQsX5Rk7dBlzteX0ycSbICIHyuF3_b2NPf61sTM4sncOfX4pEr4u_pINWrZNpoh0sm&sig=AOq0QJ8wRAIgFq8MqKPbpMKhfXGREPEy8Zbe6hgoVCDLjOm-gp4hCKwCIDjEn4zg_Y6q7TB87tMpHDfFe_D3HMqzPP5DBMXfM4ht&ratebypass=yes", "player_url": "/s/player/62f90c99/player_ias.vflset/en_US/base.js", "ext": "mp4", "height": 480, "format_note": "480p", "vcodec": "avc1.4d401f", "asr": null, "filesize": 2209114, "fps": 30, "tbr": 162.759, "width": 854, "acodec": "none", "downloader_options": {"http_chunk_size": 10485760}, "format": "135 - 854x480 (480p)", "protocol": "https", "http_headers": {"User-Agent": "Mozilla/5.0 (Windows NT 10.0; Win64; x64) AppleWebKit/537.36 (KHTML, like Gecko) Chrome/74.0.3726.1 Safari/537.36", "Accept-Charset": "ISO-8859-1,utf-8;q=0.7,*;q=0.7", "Accept": "text/html,application/xhtml+xml,application/xml;q=0.9,*/*;q=0.8", "Accept-Encoding": "gzip, deflate", "Accept-Language": "en-us,en;q=0.5"}}, {"format_id": "244", "url": "https://r4---sn-5njj-u2xl.googlevideo.com/videoplayback?expire=1608123754&ei=CrHZX72vEaCws8IP192y4AQ&ip=140.109.135.166&id=o-AHe41EbJt9ZA0_mmatDko1o47zLsJih5SHdGynjYHQVr&itag=244&aitags=133%2C134%2C135%2C136%2C160%2C242%2C243%2C244%2C247%2C278%2C298%2C299%2C302%2C303&source=youtube&requiressl=yes&mh=6T&mm=31%2C29&mn=sn-5njj-u2xl%2Csn-un57sn76&ms=au%2Crdu&mv=m&mvi=4&pl=16&initcwndbps=508750&vprv=1&mime=video%2Fwebm&ns=9W9yuRgT-zxjqgdoSzTCtngF&gir=yes&clen=4107973&dur=182.867&lmt=1569249617511323&mt=1608101795&fvip=4&keepalive=yes&c=WEB&txp=5535432&n=eHrFB8IFrHfV3lCnN&sparams=expire%2Cei%2Cip%2Cid%2Caitags%2Csource%2Crequiressl%2Cvprv%2Cmime%2Cns%2Cgir%2Cclen%2Cdur%2Clmt&lsparams=mh%2Cmm%2Cmn%2Cms%2Cmv%2Cmvi%2Cpl%2Cinitcwndbps&lsig=AG3C_xAwRQIgaY_gfNnMJA1KB4VfBhNo73Xhgn2jr5ELhiKoGH92ktsCIQDHUJS1yJg-_mi_AqNnmzcwZRxTjwqvJek5DaHxDiipTw%3D%3D&sig=AOq0QJ8wRQIhAPqC5H_zxXHJztJxHuzVNcp31mZ839fCuY_8DSE7cjKVAiAOw6I56WwkvOloQdzmnqUnXVS-dHj6Of_Pv7TVt_MwPQ==&ratebypass=yes", "player_url": "/s/player/62f90c99/player_ias.vflset/en_US/base.js", "ext": "webm", "height": 480, "format_note": "480p", "vcodec": "vp9", "asr": null, "filesize": 4107973, "fps": 30, "tbr": 212.414, "width": 854, "acodec": "none", "downloader_options": {"http_chunk_size": 10485760}, "format": "244 - 854x480 (480p)", "protocol": "https", "http_headers": {"User-Agent": "Mozilla/5.0 (Windows NT 10.0; Win64; x64) AppleWebKit/537.36 (KHTML, like Gecko) Chrome/74.0.3726.1 Safari/537.36", "Accept-Charset": "ISO-8859-1,utf-8;q=0.7,*;q=0.7", "Accept": "text/html,application/xhtml+xml,application/xml;q=0.9,*/*;q=0.8", "Accept-Encoding": "gzip, deflate", "Accept-Language": "en-us,en;q=0.5"}}, {"format_id": "298", "url": "https://r4---sn-5njj-u2xl.googlevideo.com/videoplayback?expire=1608123754&ei=CrHZX72vEaCws8IP192y4AQ&ip=140.109.135.166&id=o-AHe41EbJt9ZA0_mmatDko1o47zLsJih5SHdGynjYHQVr&itag=298&aitags=133%2C134%2C135%2C136%2C160%2C242%2C243%2C244%2C247%2C278%2C298%2C299%2C302%2C303&source=youtube&requiressl=yes&mh=6T&mm=31%2C29&mn=sn-5njj-u2xl%2Csn-un57sn76&ms=au%2Crdu&mv=m&mvi=4&pl=16&initcwndbps=508750&vprv=1&mime=video%2Fmp4&ns=9W9yuRgT-zxjqgdoSzTCtngF&gir=yes&clen=4717951&dur=182.866&lmt=1569249019984178&mt=1608101795&fvip=4&keepalive=yes&c=WEB&txp=5535432&n=eHrFB8IFrHfV3lCnN&sparams=expire%2Cei%2Cip%2Cid%2Caitags%2Csource%2Crequiressl%2Cvprv%2Cmime%2Cns%2Cgir%2Cclen%2Cdur%2Clmt&lsparams=mh%2Cmm%2Cmn%2Cms%2Cmv%2Cmvi%2Cpl%2Cinitcwndbps&lsig=AG3C_xAwRQIgTdwlLw5A7zyrrK9ku9j6BPMQW7PIg6SUOVv1SxEiOB8CIQCY5lxRwdtxe787ldjIM95Geo42P6fVMk1FIpVEhkJMhw%3D%3D&sig=AOq0QJ8wRQIgQ5FzCaJ8xmKOf_FW-KKT_dlbKXYEqrS0yYvLyZhVfJcCIQCh_TX7CBllFGCi-1spHEeDUt6BqfW2nVfsioZZux0tXw==&ratebypass=yes", "player_url": "/s/player/62f90c99/player_ias.vflset/en_US/base.js", "ext": "mp4", "height": 720, "format_note": "720p60", "vcodec": "avc1.4d4020", "fps": 60, "asr": null, "filesize": 4717951, "tbr": 376.35, "width": 1280, "acodec": "none", "downloader_options": {"http_chunk_size": 10485760}, "format": "298 - 1280x720 (720p60)", "protocol": "https", "http_headers": {"User-Agent": "Mozilla/5.0 (Windows NT 10.0; Win64; x64) AppleWebKit/537.36 (KHTML, like Gecko) Chrome/74.0.3726.1 Safari/537.36", "Accept-Charset": "ISO-8859-1,utf-8;q=0.7,*;q=0.7", "Accept": "text/html,application/xhtml+xml,application/xml;q=0.9,*/*;q=0.8", "Accept-Encoding": "gzip, deflate", "Accept-Language": "en-us,en;q=0.5"}}, {"format_id": "302", "url": "https://r4---sn-5njj-u2xl.googlevideo.com/videoplayback?expire=1608123754&ei=CrHZX72vEaCws8IP192y4AQ&ip=140.109.135.166&id=o-AHe41EbJt9ZA0_mmatDko1o47zLsJih5SHdGynjYHQVr&itag=302&aitags=133%2C134%2C135%2C136%2C160%2C242%2C243%2C244%2C247%2C278%2C298%2C299%2C302%2C303&source=youtube&requiressl=yes&mh=6T&mm=31%2C29&mn=sn-5njj-u2xl%2Csn-un57sn76&ms=au%2Crdu&mv=m&mvi=4&pl=16&initcwndbps=508750&vprv=1&mime=video%2Fwebm&ns=9W9yuRgT-zxjqgdoSzTCtngF&gir=yes&clen=9232930&dur=182.866&lmt=1569249481356468&mt=1608101795&fvip=4&keepalive=yes&c=WEB&txp=5535432&n=eHrFB8IFrHfV3lCnN&sparams=expire%2Cei%2Cip%2Cid%2Caitags%2Csource%2Crequiressl%2Cvprv%2Cmime%2Cns%2Cgir%2Cclen%2Cdur%2Clmt&lsparams=mh%2Cmm%2Cmn%2Cms%2Cmv%2Cmvi%2Cpl%2Cinitcwndbps&lsig=AG3C_xAwRAIgEGNT8jiVJFxhfeATjB9hYtGISXLhTFcnV7sMaEu3RlcCIFkFJKjWtaeRIZqQdwtQiUuHbaSF4DRAjo4G6gFf2ACN&sig=AOq0QJ8wRQIhAIBnOPOUujudVPR8PR83VE3OG_IB9Y3LGZyuGpCnlIlIAiAQtzl_bjrK-qgr6nddsGlTuqJfrzSuhQ-s0_FfbnIKSg==&ratebypass=yes", "player_url": "/s/player/62f90c99/player_ias.vflset/en_US/base.js", "ext": "webm", "height": 720, "format_note": "720p60", "vcodec": "vp9", "fps": 60, "asr": null, "filesize": 9232930, "tbr": 595.472, "width": 1280, "acodec": "none", "downloader_options": {"http_chunk_size": 10485760}, "format": "302 - 1280x720 (720p60)", "protocol": "https", "http_headers": {"User-Agent": "Mozilla/5.0 (Windows NT 10.0; Win64; x64) AppleWebKit/537.36 (KHTML, like Gecko) Chrome/74.0.3726.1 Safari/537.36", "Accept-Charset": "ISO-8859-1,utf-8;q=0.7,*;q=0.7", "Accept": "text/html,application/xhtml+xml,application/xml;q=0.9,*/*;q=0.8", "Accept-Encoding": "gzip, deflate", "Accept-Language": "en-us,en;q=0.5"}}, {"format_id": "136", "url": "https://r4---sn-5njj-u2xl.googlevideo.com/videoplayback?expire=1608123754&ei=CrHZX72vEaCws8IP192y4AQ&ip=140.109.135.166&id=o-AHe41EbJt9ZA0_mmatDko1o47zLsJih5SHdGynjYHQVr&itag=136&aitags=133%2C134%2C135%2C136%2C160%2C242%2C243%2C244%2C247%2C278%2C298%2C299%2C302%2C303&source=youtube&requiressl=yes&mh=6T&mm=31%2C29&mn=sn-5njj-u2xl%2Csn-un57sn76&ms=au%2Crdu&mv=m&mvi=4&pl=16&initcwndbps=508750&vprv=1&mime=video%2Fmp4&ns=9W9yuRgT-zxjqgdoSzTCtngF&gir=yes&clen=9882229&dur=182.866&lmt=1569249096483698&mt=1608101795&fvip=4&keepalive=yes&c=WEB&txp=5535432&n=eHrFB8IFrHfV3lCnN&sparams=expire%2Cei%2Cip%2Cid%2Caitags%2Csource%2Crequiressl%2Cvprv%2Cmime%2Cns%2Cgir%2Cclen%2Cdur%2Clmt&lsparams=mh%2Cmm%2Cmn%2Cms%2Cmv%2Cmvi%2Cpl%2Cinitcwndbps&lsig=AG3C_xAwRAIgZDfjWeV94Za0NR8Kil1wm8MwWQvoJLpDwPvXswcPumACIAkI5b7VgzN2qKTzPBxOgSvFIzRxOceMYc9jOaHJ-rwa&sig=AOq0QJ8wRgIhAOPbAZiK3D2Gdf3jiK7pV2_udmpD8iRVzOYJ0qaEUK-CAiEAqpJXh3oxQNxpM8rdpHD6hqtyPaTQdn6aP4h-eMQ0mrY=&ratebypass=yes", "player_url": "/s/player/62f90c99/player_ias.vflset/en_US/base.js", "ext": "mp4", "height": 720, "format_note": "720p", "vcodec": "avc1.4d401f", "asr": null, "filesize": 9882229, "fps": 30, "tbr": 744.267, "width": 1280, "acodec": "none", "downloader_options": {"http_chunk_size": 10485760}, "format": "136 - 1280x720 (720p)", "protocol": "https", "http_headers": {"User-Agent": "Mozilla/5.0 (Windows NT 10.0; Win64; x64) AppleWebKit/537.36 (KHTML, like Gecko) Chrome/74.0.3726.1 Safari/537.36", "Accept-Charset": "ISO-8859-1,utf-8;q=0.7,*;q=0.7", "Accept": "text/html,application/xhtml+xml,application/xml;q=0.9,*/*;q=0.8", "Accept-Encoding": "gzip, deflate", "Accept-Language": "en-us,en;q=0.5"}}, {"format_id": "247", "url": "https://r4---sn-5njj-u2xl.googlevideo.com/videoplayback?expire=1608123754&ei=CrHZX72vEaCws8IP192y4AQ&ip=140.109.135.166&id=o-AHe41EbJt9ZA0_mmatDko1o47zLsJih5SHdGynjYHQVr&itag=247&aitags=133%2C134%2C135%2C136%2C160%2C242%2C243%2C244%2C247%2C278%2C298%2C299%2C302%2C303&source=youtube&requiressl=yes&mh=6T&mm=31%2C29&mn=sn-5njj-u2xl%2Csn-un57sn76&ms=au%2Crdu&mv=m&mvi=4&pl=16&initcwndbps=508750&vprv=1&mime=video%2Fwebm&ns=9W9yuRgT-zxjqgdoSzTCtngF&gir=yes&clen=10592164&dur=182.867&lmt=1569249617499386&mt=1608101795&fvip=4&keepalive=yes&c=WEB&txp=5535432&n=eHrFB8IFrHfV3lCnN&sparams=expire%2Cei%2Cip%2Cid%2Caitags%2Csource%2Crequiressl%2Cvprv%2Cmime%2Cns%2Cgir%2Cclen%2Cdur%2Clmt&lsparams=mh%2Cmm%2Cmn%2Cms%2Cmv%2Cmvi%2Cpl%2Cinitcwndbps&lsig=AG3C_xAwRQIgSu5gDLp6D8qzpIyb8daY7Scs09oHigBGT__QWwvlKEQCIQDMGF2LezyiUYYHvnWoNN0rFRaNrmU_sqIfOCvQaq39pA%3D%3D&sig=AOq0QJ8wRAIgYyvRueS0X-uC8ZhnC2hTik1rnojGFke567fQpLBfXcsCIDuPtLLWazg2VWEu88JWivfSxGEOp9lf4AETftaQdz_f&ratebypass=yes", "player_url": "/s/player/62f90c99/player_ias.vflset/en_US/base.js", "ext": "webm", "height": 720, "format_note": "720p", "vcodec": "vp9", "asr": null, "filesize": 10592164, "fps": 30, "tbr": 792.72, "width": 1280, "acodec": "none", "downloader_options": {"http_chunk_size": 10485760}, "format": "247 - 1280x720 (720p)", "protocol": "https", "http_headers": {"User-Agent": "Mozilla/5.0 (Windows NT 10.0; Win64; x64) AppleWebKit/537.36 (KHTML, like Gecko) Chrome/74.0.3726.1 Safari/537.36", "Accept-Charset": "ISO-8859-1,utf-8;q=0.7,*;q=0.7", "Accept": "text/html,application/xhtml+xml,application/xml;q=0.9,*/*;q=0.8", "Accept-Encoding": "gzip, deflate", "Accept-Language": "en-us,en;q=0.5"}}, {"format_id": "299", "url": "https://r4---sn-5njj-u2xl.googlevideo.com/videoplayback?expire=1608123754&ei=CrHZX72vEaCws8IP192y4AQ&ip=140.109.135.166&id=o-AHe41EbJt9ZA0_mmatDko1o47zLsJih5SHdGynjYHQVr&itag=299&aitags=133%2C134%2C135%2C136%2C160%2C242%2C243%2C244%2C247%2C278%2C298%2C299%2C302%2C303&source=youtube&requiressl=yes&mh=6T&mm=31%2C29&mn=sn-5njj-u2xl%2Csn-un57sn76&ms=au%2Crdu&mv=m&mvi=4&pl=16&initcwndbps=508750&vprv=1&mime=video%2Fmp4&ns=9W9yuRgT-zxjqgdoSzTCtngF&gir=yes&clen=19966910&dur=182.866&lmt=1569249053119091&mt=1608101795&fvip=4&keepalive=yes&c=WEB&txp=5535432&n=eHrFB8IFrHfV3lCnN&sparams=expire%2Cei%2Cip%2Cid%2Caitags%2Csource%2Crequiressl%2Cvprv%2Cmime%2Cns%2Cgir%2Cclen%2Cdur%2Clmt&lsparams=mh%2Cmm%2Cmn%2Cms%2Cmv%2Cmvi%2Cpl%2Cinitcwndbps&lsig=AG3C_xAwRQIgKcFHMHst5_kZu6CIhy5gFisQXQ-gRPHhB-OnZmbtmLsCIQCv0rzGUz8lQM0JMKZvgnCRr9YuNoqrLRBO2baa84WxHw%3D%3D&sig=AOq0QJ8wRQIgX1zNCF_sOG9xkW2oe-rRAN4yJbGRbr7pd0T5_uAa-fECIQDSIG3CJz8s62ZiipbBrZQciSkNTca3deh0VXBBeouaiA==&ratebypass=yes", "player_url": "/s/player/62f90c99/player_ias.vflset/en_US/base.js", "ext": "mp4", "height": 1080, "format_note": "1080p60", "vcodec": "avc1.64002a", "fps": 60, "asr": null, "filesize": 19966910, "tbr": 1794.757, "width": 1920, "acodec": "none", "downloader_options": {"http_chunk_size": 10485760}, "format": "299 - 1920x1080 (1080p60)", "protocol": "https", "http_headers": {"User-Agent": "Mozilla/5.0 (Windows NT 10.0; Win64; x64) AppleWebKit/537.36 (KHTML, like Gecko) Chrome/74.0.3726.1 Safari/537.36", "Accept-Charset": "ISO-8859-1,utf-8;q=0.7,*;q=0.7", "Accept": "text/html,application/xhtml+xml,application/xml;q=0.9,*/*;q=0.8", "Accept-Encoding": "gzip, deflate", "Accept-Language": "en-us,en;q=0.5"}}, {"format_id": "303", "url": "https://r4---sn-5njj-u2xl.googlevideo.com/videoplayback?expire=1608123754&ei=CrHZX72vEaCws8IP192y4AQ&ip=140.109.135.166&id=o-AHe41EbJt9ZA0_mmatDko1o47zLsJih5SHdGynjYHQVr&itag=303&aitags=133%2C134%2C135%2C136%2C160%2C242%2C243%2C244%2C247%2C278%2C298%2C299%2C302%2C303&source=youtube&requiressl=yes&mh=6T&mm=31%2C29&mn=sn-5njj-u2xl%2Csn-un57sn76&ms=au%2Crdu&mv=m&mvi=4&pl=16&initcwndbps=508750&vprv=1&mime=video%2Fwebm&ns=9W9yuRgT-zxjqgdoSzTCtngF&gir=yes&clen=28531304&dur=182.866&lmt=1569249585349384&mt=1608101795&fvip=4&keepalive=yes&c=WEB&txp=5535432&n=eHrFB8IFrHfV3lCnN&sparams=expire%2Cei%2Cip%2Cid%2Caitags%2Csource%2Crequiressl%2Cvprv%2Cmime%2Cns%2Cgir%2Cclen%2Cdur%2Clmt&lsparams=mh%2Cmm%2Cmn%2Cms%2Cmv%2Cmvi%2Cpl%2Cinitcwndbps&lsig=AG3C_xAwRgIhAIWZ061jyfZXMQG8owkefkcka8o9SEiCg-dGdJEDrESXAiEAw4pamK-OGyE7mng26WFeUKYE7_lib_s0pqlPaO6HgBk%3D&sig=AOq0QJ8wRgIhANvbQNnuzyuOtlTMIig-4QE0Q4PemeMyTUpDrgMrjmC3AiEA7ePPhpRrrJrTFwPYYV-LrF3X5ZLs66KQvmRxUVeC0GY=&ratebypass=yes", "player_url": "/s/player/62f90c99/player_ias.vflset/en_US/base.js", "ext": "webm", "height": 1080, "format_note": "1080p60", "vcodec": "vp9", "fps": 60, "asr": null, "filesize": 28531304, "tbr": 2317.25, "width": 1920, "acodec": "none", "downloader_options": {"http_chunk_size": 10485760}, "format": "303 - 1920x1080 (1080p60)", "protocol": "https", "http_headers": {"User-Agent": "Mozilla/5.0 (Windows NT 10.0; Win64; x64) AppleWebKit/537.36 (KHTML, like Gecko) Chrome/74.0.3726.1 Safari/537.36", "Accept-Charset": "ISO-8859-1,utf-8;q=0.7,*;q=0.7", "Accept": "text/html,application/xhtml+xml,application/xml;q=0.9,*/*;q=0.8", "Accept-Encoding": "gzip, deflate", "Accept-Language": "en-us,en;q=0.5"}}, {"format_id": "18", "url": "https://r4---sn-5njj-u2xl.googlevideo.com/videoplayback?expire=1608123754&ei=CrHZX72vEaCws8IP192y4AQ&ip=140.109.135.166&id=o-AHe41EbJt9ZA0_mmatDko1o47zLsJih5SHdGynjYHQVr&itag=18&source=youtube&requiressl=yes&mh=6T&mm=31%2C29&mn=sn-5njj-u2xl%2Csn-un57sn76&ms=au%2Crdu&mv=m&mvi=4&pl=16&initcwndbps=508750&vprv=1&mime=video%2Fmp4&ns=YWNM3pfT5HBRSPFnnjg8UlUF&gir=yes&clen=8056109&ratebypass=yes&dur=182.950&lmt=1569248573071968&mt=1608101795&fvip=4&c=WEB&txp=5531432&n=4nTW-G1CnAfef9NFO&sparams=expire%2Cei%2Cip%2Cid%2Citag%2Csource%2Crequiressl%2Cvprv%2Cmime%2Cns%2Cgir%2Cclen%2Cratebypass%2Cdur%2Clmt&lsparams=mh%2Cmm%2Cmn%2Cms%2Cmv%2Cmvi%2Cpl%2Cinitcwndbps&lsig=AG3C_xAwRgIhAN8Nw1w6bip9She1pYO_RiG3Cq_ZS3QXuirNxWDDahHaAiEAhFYgGU14TXl0cpcKUzgjiBiuqynSiprk1dTdi-UNu4k%3D&sig=AOq0QJ8wRQIhAO9CeTBd_yW8gclrYFdCOBySx79HAL7tJBtewjDVymOkAiBfTBLUdXzwL3QwWJZ4duMb5Txz3hXUoEpkDllBPcS1bw==", "player_url": "/s/player/62f90c99/player_ias.vflset/en_US/base.js", "ext": "mp4", "width": 640, "height": 360, "acodec": "mp4a.40.2", "abr": 96, "vcodec": "avc1.42001E", "asr": 44100, "filesize": 8056109, "format_note": "360p", "fps": 30, "tbr": 352.372, "format": "18 - 640x360 (360p)", "protocol": "https", "http_headers": {"User-Agent": "Mozilla/5.0 (Windows NT 10.0; Win64; x64) AppleWebKit/537.36 (KHTML, like Gecko) Chrome/74.0.3726.1 Safari/537.36", "Accept-Charset": "ISO-8859-1,utf-8;q=0.7,*;q=0.7", "Accept": "text/html,application/xhtml+xml,application/xml;q=0.9,*/*;q=0.8", "Accept-Encoding": "gzip, deflate", "Accept-Language": "en-us,en;q=0.5"}}], "is_live": null, "start_time": null, "end_time": null, "series": null, "season_number": null, "episode_number": null, "track": null, "artist": null, "album": null, "release_date": null, "release_year": null, "extractor": "youtube", "webpage_url_basename": "watch", "extractor_key": "Youtube", "playlist": null, "playlist_index": null, "thumbnail": "https://i.ytimg.com/vi_webp/ii1Jw1-7Ka4/maxresdefault.webp", "display_id": "ii1Jw1-7Ka4", "requested_subtitles": null, "format_id": "251", "url": "https://r4---sn-5njj-u2xl.googlevideo.com/videoplayback?expire=1608123754&ei=CrHZX72vEaCws8IP192y4AQ&ip=140.109.135.166&id=o-AHe41EbJt9ZA0_mmatDko1o47zLsJih5SHdGynjYHQVr&itag=251&source=youtube&requiressl=yes&mh=6T&mm=31%2C29&mn=sn-5njj-u2xl%2Csn-un57sn76&ms=au%2Crdu&mv=m&mvi=4&pl=16&initcwndbps=508750&vprv=1&mime=audio%2Fwebm&ns=9W9yuRgT-zxjqgdoSzTCtngF&gir=yes&clen=3423382&dur=182.881&lmt=1569248785661224&mt=1608101795&fvip=4&keepalive=yes&c=WEB&txp=5531432&n=eHrFB8IFrHfV3lCnN&sparams=expire%2Cei%2Cip%2Cid%2Citag%2Csource%2Crequiressl%2Cvprv%2Cmime%2Cns%2Cgir%2Cclen%2Cdur%2Clmt&lsparams=mh%2Cmm%2Cmn%2Cms%2Cmv%2Cmvi%2Cpl%2Cinitcwndbps&lsig=AG3C_xAwRQIgIoqpnDCVt5-ceN2Hi3m9ijoEa9wgO0WHeS8b5A5KgIwCIQC7JBKpUFxsWdS-Ife7JUBTwu6I2F2oHTn_Ak-lzkAQFw%3D%3D&sig=AOq0QJ8wRAIgVEK6rZg07UaZSIvbb1oAdJv4F33DFrtiQ6jBja5F0cQCIFVJmAljpFTzsqrtKPkk_mhQ-3AUtTayefCvnJFuD71X&ratebypass=yes", "player_url": "/s/player/62f90c99/player_ias.vflset/en_US/base.js", "ext": "webm", "format_note": "tiny", "acodec": "opus", "abr": 160, "asr": 48000, "filesize": 3423382, "fps": null, "height": null, "tbr": 160.075, "width": null, "vcodec": "none", "downloader_options": {"http_chunk_size": 10485760}, "format": "251 - audio only (tiny)", "protocol": "https", "http_headers": {"User-Agent": "Mozilla/5.0 (Windows NT 10.0; Win64; x64) AppleWebKit/537.36 (KHTML, like Gecko) Chrome/74.0.3726.1 Safari/537.36", "Accept-Charset": "ISO-8859-1,utf-8;q=0.7,*;q=0.7", "Accept": "text/html,application/xhtml+xml,application/xml;q=0.9,*/*;q=0.8", "Accept-Encoding": "gzip, deflate", "Accept-Language": "en-us,en;q=0.5"}}