{"id": "RL_cmmNVLfs", "uploader": "Michael Ortega", "uploader_id": "MichaelsPianoSongs", "uploader_url": "http://www.youtube.com/user/MichaelsPianoSongs", "channel_id": "UCjyqGFuEZho7Wc7TT5MyFwg", "channel_url": "http://www.youtube.com/channel/UCjyqGFuEZho7Wc7TT5MyFwg", "upload_date": "20200322", "license": null, "creator": null, "title": "Michael Ortega - \"RISE\" ft DYATHON (Emotional Piano)", "alt_title": null, "thumbnails": [{"url": "https://i.ytimg.com/vi/RL_cmmNVLfs/hqdefault.jpg?sqp=-oaymwEYCKgBEF5IVfKriqkDCwgBFQAAiEIYAXAB&rs=AOn4CLDOTMing_8xY9WLLutoFxk4jTWuLw", "width": 168, "height": 94, "resolution": "168x94", "id": "0"}, {"url": "https://i.ytimg.com/vi/RL_cmmNVLfs/hqdefault.jpg?sqp=-oaymwEYCMQBEG5IVfKriqkDCwgBFQAAiEIYAXAB&rs=AOn4CLCiAb2TVdDbSefwaDdFW_b-I5AWHg", "width": 196, "height": 110, "resolution": "196x110", "id": "1"}, {"url": "https://i.ytimg.com/vi/RL_cmmNVLfs/hqdefault.jpg?sqp=-oaymwEZCPYBEIoBSFXyq4qpAwsIARUAAIhCGAFwAQ==&rs=AOn4CLAHnbcwo3wIbuRNHuj3qBJrpxA4lg", "width": 246, "height": 138, "resolution": "246x138", "id": "2"}, {"url": "https://i.ytimg.com/vi/RL_cmmNVLfs/hqdefault.jpg?sqp=-oaymwEZCNACELwBSFXyq4qpAwsIARUAAIhCGAFwAQ==&rs=AOn4CLDynFqV0X0jmYH6chdwsoGVMNT11w", "width": 336, "height": 188, "resolution": "336x188", "id": "3"}, {"url": "https://i.ytimg.com/vi_webp/RL_cmmNVLfs/maxresdefault.webp", "width": 1920, "height": 1080, "resolution": "1920x1080", "id": "4"}], "description": "Sad & Emotional Piano song composed by Michael Ortega & DYATHON\nSubscribe to DYATHON:  https://bit.ly/DYATHON\nOfficial Website: https://michaelortegapiano.com/\n\u266a SHEETS (Partituras): https://michaelortegapiano.com/product/582559\n\u266a INSTAGRAM: https://www.instagram.com/michaelortegapiano \n\n#MichaelOrtega #Sadpiano #EmotionalPiano\nCopyright \u00a9 Michael Ortega 2019\nRise is a collaboration between two pianist, composers, Michael Ortega and DYATHON. This Sad and Emotional Composition is called \"RISE\". \nYou must purchase a license (link \u2b06 above) to use this for your Music or Videos. Ask me about non-profit projects on my Instagram (link \u2b06). \nOriginal Piano Music by Michael J. Ortega (MichaelOrtegaPiano)\n\nMusica triste de piano. Michael Ortega.", "categories": ["Music"], "tags": ["michael ortega", "sad piano", "michael ortega rise", "dyathon", "piano music", "sad", "emotional", "piano", "video", "michel ortega", "ortega piano", "famous pianist", "pianist", "song", "mp3"], "subtitles": {}, "automatic_captions": {}, "duration": 210, "age_limit": 0, "annotations": null, "chapters": null, "webpage_url": "https://www.youtube.com/watch?v=RL_cmmNVLfs", "view_count": 36324, "like_count": 1685, "dislike_count": 10, "average_rating": 4.9764013, "formats": [{"format_id": "249", "url": "https://r7---sn-ipoxu-u2xd.googlevideo.com/videoplayback?expire=1610392472&ei=OE_8X7qfNdXKrQTnoJH4BQ&ip=220.129.26.102&id=o-AOpUcb4Ql8c4rW5aWMn9yh6ljxGELLQJtNV7-11qJgwJ&itag=249&source=youtube&requiressl=yes&mh=Dm&mm=31%2C29&mn=sn-ipoxu-u2xd%2Csn-un57en7e&ms=au%2Crdu&mv=m&mvi=7&pl=21&initcwndbps=1138750&vprv=1&mime=audio%2Fwebm&ns=vdUUgJoRXtQspNED4R7_UCEF&gir=yes&clen=1547830&dur=210.021&lmt=1584847826378219&mt=1610370516&fvip=1&keepalive=yes&c=WEB&txp=6311222&n=1hlB9VRBQXiKRY&sparams=expire%2Cei%2Cip%2Cid%2Citag%2Csource%2Crequiressl%2Cvprv%2Cmime%2Cns%2Cgir%2Cclen%2Cdur%2Clmt&sig=AOq0QJ8wRAIgIoXZ8baWcUSN-LCTgotqmxbkUNkdvHY7jMtJGcW2roACIBZ7olNlIOYn7H2XhXSmkmcay6JieseeDma0E9ZMFobT&lsparams=mh%2Cmm%2Cmn%2Cms%2Cmv%2Cmvi%2Cpl%2Cinitcwndbps&lsig=AG3C_xAwRgIhAOlPcj_mic3HTrPDyPeDXCsHqzOfFEEseHLKqTLtsr5UAiEAzbbjivGLHEpHWPm4jkGn38uL86Tdv7fyHgcewkOkBzk%3D&ratebypass=yes", "player_url": null, "ext": "webm", "format_note": "tiny", "acodec": "opus", "abr": 50, "asr": 48000, "filesize": 1547830, "fps": null, "height": null, "tbr": 66.027, "width": null, "vcodec": "none", "downloader_options": {"http_chunk_size": 10485760}, "format": "249 - audio only (tiny)", "protocol": "https", "http_headers": {"User-Agent": "Mozilla/5.0 (Windows NT 10.0; Win64; x64) AppleWebKit/537.36 (KHTML, like Gecko) Chrome/73.0.3683.38 Safari/537.36", "Accept-Charset": "ISO-8859-1,utf-8;q=0.7,*;q=0.7", "Accept": "text/html,application/xhtml+xml,application/xml;q=0.9,*/*;q=0.8", "Accept-Encoding": "gzip, deflate", "Accept-Language": "en-us,en;q=0.5"}}, {"format_id": "250", "url": "https://r7---sn-ipoxu-u2xd.googlevideo.com/videoplayback?expire=1610392472&ei=OE_8X7qfNdXKrQTnoJH4BQ&ip=220.129.26.102&id=o-AOpUcb4Ql8c4rW5aWMn9yh6ljxGELLQJtNV7-11qJgwJ&itag=250&source=youtube&requiressl=yes&mh=Dm&mm=31%2C29&mn=sn-ipoxu-u2xd%2Csn-un57en7e&ms=au%2Crdu&mv=m&mvi=7&pl=21&initcwndbps=1138750&vprv=1&mime=audio%2Fwebm&ns=vdUUgJoRXtQspNED4R7_UCEF&gir=yes&clen=2028650&dur=210.021&lmt=1584847825683360&mt=1610370516&fvip=1&keepalive=yes&c=WEB&txp=6311222&n=1hlB9VRBQXiKRY&sparams=expire%2Cei%2Cip%2Cid%2Citag%2Csource%2Crequiressl%2Cvprv%2Cmime%2Cns%2Cgir%2Cclen%2Cdur%2Clmt&sig=AOq0QJ8wRQIhAKr6vKSwGrde4pygngvhK4kOII1Cj3Sogzr0jvlC1JATAiB284UbzllJJgA_NfXEDoqEJ-Tk25qmv60iYYji-eC5ug%3D%3D&lsparams=mh%2Cmm%2Cmn%2Cms%2Cmv%2Cmvi%2Cpl%2Cinitcwndbps&lsig=AG3C_xAwRgIhAOlPcj_mic3HTrPDyPeDXCsHqzOfFEEseHLKqTLtsr5UAiEAzbbjivGLHEpHWPm4jkGn38uL86Tdv7fyHgcewkOkBzk%3D&ratebypass=yes", "player_url": null, "ext": "webm", "format_note": "tiny", "acodec": "opus", "abr": 70, "asr": 48000, "filesize": 2028650, "fps": null, "height": null, "tbr": 85.313, "width": null, "vcodec": "none", "downloader_options": {"http_chunk_size": 10485760}, "format": "250 - audio only (tiny)", "protocol": "https", "http_headers": {"User-Agent": "Mozilla/5.0 (Windows NT 10.0; Win64; x64) AppleWebKit/537.36 (KHTML, like Gecko) Chrome/73.0.3683.38 Safari/537.36", "Accept-Charset": "ISO-8859-1,utf-8;q=0.7,*;q=0.7", "Accept": "text/html,application/xhtml+xml,application/xml;q=0.9,*/*;q=0.8", "Accept-Encoding": "gzip, deflate", "Accept-Language": "en-us,en;q=0.5"}}, {"format_id": "140", "url": "https://r7---sn-ipoxu-u2xd.googlevideo.com/videoplayback?expire=1610392472&ei=OE_8X7qfNdXKrQTnoJH4BQ&ip=220.129.26.102&id=o-AOpUcb4Ql8c4rW5aWMn9yh6ljxGELLQJtNV7-11qJgwJ&itag=140&source=youtube&requiressl=yes&mh=Dm&mm=31%2C29&mn=sn-ipoxu-u2xd%2Csn-un57en7e&ms=au%2Crdu&mv=m&mvi=7&pl=21&initcwndbps=1138750&vprv=1&mime=audio%2Fmp4&ns=vdUUgJoRXtQspNED4R7_UCEF&gir=yes&clen=3400163&dur=210.047&lmt=1584847838301825&mt=1610370516&fvip=1&keepalive=yes&c=WEB&txp=6311222&n=1hlB9VRBQXiKRY&sparams=expire%2Cei%2Cip%2Cid%2Citag%2Csource%2Crequiressl%2Cvprv%2Cmime%2Cns%2Cgir%2Cclen%2Cdur%2Clmt&sig=AOq0QJ8wRQIge6YUYVUApADMzt8zeN6ZfKDxnODDAVyOLAhEuTb4Oa8CIQDlJHgdDrKSl3ym_wHhbf-XnPPZXWwkV4PxmrclGXGtcw%3D%3D&lsparams=mh%2Cmm%2Cmn%2Cms%2Cmv%2Cmvi%2Cpl%2Cinitcwndbps&lsig=AG3C_xAwRgIhAOlPcj_mic3HTrPDyPeDXCsHqzOfFEEseHLKqTLtsr5UAiEAzbbjivGLHEpHWPm4jkGn38uL86Tdv7fyHgcewkOkBzk%3D&ratebypass=yes", "player_url": null, "ext": "m4a", "format_note": "tiny", "acodec": "mp4a.40.2", "abr": 128, "container": "m4a_dash", "asr": 44100, "filesize": 3400163, "fps": null, "height": null, "tbr": 130.46, "width": null, "vcodec": "none", "downloader_options": {"http_chunk_size": 10485760}, "format": "140 - audio only (tiny)", "protocol": "https", "http_headers": {"User-Agent": "Mozilla/5.0 (Windows NT 10.0; Win64; x64) AppleWebKit/537.36 (KHTML, like Gecko) Chrome/73.0.3683.38 Safari/537.36", "Accept-Charset": "ISO-8859-1,utf-8;q=0.7,*;q=0.7", "Accept": "text/html,application/xhtml+xml,application/xml;q=0.9,*/*;q=0.8", "Accept-Encoding": "gzip, deflate", "Accept-Language": "en-us,en;q=0.5"}}, {"format_id": "251", "url": "https://r7---sn-ipoxu-u2xd.googlevideo.com/videoplayback?expire=1610392472&ei=OE_8X7qfNdXKrQTnoJH4BQ&ip=220.129.26.102&id=o-AOpUcb4Ql8c4rW5aWMn9yh6ljxGELLQJtNV7-11qJgwJ&itag=251&source=youtube&requiressl=yes&mh=Dm&mm=31%2C29&mn=sn-ipoxu-u2xd%2Csn-un57en7e&ms=au%2Crdu&mv=m&mvi=7&pl=21&initcwndbps=1138750&vprv=1&mime=audio%2Fwebm&ns=vdUUgJoRXtQspNED4R7_UCEF&gir=yes&clen=3927849&dur=210.021&lmt=1584847827686106&mt=1610370516&fvip=1&keepalive=yes&c=WEB&txp=6311222&n=1hlB9VRBQXiKRY&sparams=expire%2Cei%2Cip%2Cid%2Citag%2Csource%2Crequiressl%2Cvprv%2Cmime%2Cns%2Cgir%2Cclen%2Cdur%2Clmt&sig=AOq0QJ8wRgIhAJH5JJA075cVl1waO4K-vh60nYPdRiOOdIa9Ut1dWvNoAiEAmBAAe9mWYhQXtdteasW1dcF37ixow7gpMlq_0zD3Ubk%3D&lsparams=mh%2Cmm%2Cmn%2Cms%2Cmv%2Cmvi%2Cpl%2Cinitcwndbps&lsig=AG3C_xAwRgIhAOlPcj_mic3HTrPDyPeDXCsHqzOfFEEseHLKqTLtsr5UAiEAzbbjivGLHEpHWPm4jkGn38uL86Tdv7fyHgcewkOkBzk%3D&ratebypass=yes", "player_url": null, "ext": "webm", "format_note": "tiny", "acodec": "opus", "abr": 160, "asr": 48000, "filesize": 3927849, "fps": null, "height": null, "tbr": 161.193, "width": null, "vcodec": "none", "downloader_options": {"http_chunk_size": 10485760}, "format": "251 - audio only (tiny)", "protocol": "https", "http_headers": {"User-Agent": "Mozilla/5.0 (Windows NT 10.0; Win64; x64) AppleWebKit/537.36 (KHTML, like Gecko) Chrome/73.0.3683.38 Safari/537.36", "Accept-Charset": "ISO-8859-1,utf-8;q=0.7,*;q=0.7", "Accept": "text/html,application/xhtml+xml,application/xml;q=0.9,*/*;q=0.8", "Accept-Encoding": "gzip, deflate", "Accept-Language": "en-us,en;q=0.5"}}, {"format_id": "278", "url": "https://r7---sn-ipoxu-u2xd.googlevideo.com/videoplayback?expire=1610392472&ei=OE_8X7qfNdXKrQTnoJH4BQ&ip=220.129.26.102&id=o-AOpUcb4Ql8c4rW5aWMn9yh6ljxGELLQJtNV7-11qJgwJ&itag=278&aitags=133%2C134%2C135%2C136%2C137%2C160%2C242%2C243%2C244%2C247%2C248%2C278&source=youtube&requiressl=yes&mh=Dm&mm=31%2C29&mn=sn-ipoxu-u2xd%2Csn-un57en7e&ms=au%2Crdu&mv=m&mvi=7&pl=21&initcwndbps=1138750&vprv=1&mime=video%2Fwebm&ns=vdUUgJoRXtQspNED4R7_UCEF&gir=yes&clen=1948639&dur=210.001&lmt=1584847854346781&mt=1610370516&fvip=1&keepalive=yes&c=WEB&txp=6316222&n=1hlB9VRBQXiKRY&sparams=expire%2Cei%2Cip%2Cid%2Caitags%2Csource%2Crequiressl%2Cvprv%2Cmime%2Cns%2Cgir%2Cclen%2Cdur%2Clmt&sig=AOq0QJ8wRgIhALdlP8KtK8nNY-N7rLzBCadz_bhDIF1pR7OBMwGISpy6AiEA_NEGl72nT6ks46V-b3xXWCMktkGs-46tOgiKsFrYnfM%3D&lsparams=mh%2Cmm%2Cmn%2Cms%2Cmv%2Cmvi%2Cpl%2Cinitcwndbps&lsig=AG3C_xAwRgIhAOlPcj_mic3HTrPDyPeDXCsHqzOfFEEseHLKqTLtsr5UAiEAzbbjivGLHEpHWPm4jkGn38uL86Tdv7fyHgcewkOkBzk%3D&ratebypass=yes", "player_url": null, "ext": "webm", "height": 144, "format_note": "144p", "container": "webm", "vcodec": "vp9", "asr": null, "filesize": 1948639, "fps": 24, "tbr": 89.136, "width": 256, "acodec": "none", "downloader_options": {"http_chunk_size": 10485760}, "format": "278 - 256x144 (144p)", "protocol": "https", "http_headers": {"User-Agent": "Mozilla/5.0 (Windows NT 10.0; Win64; x64) AppleWebKit/537.36 (KHTML, like Gecko) Chrome/73.0.3683.38 Safari/537.36", "Accept-Charset": "ISO-8859-1,utf-8;q=0.7,*;q=0.7", "Accept": "text/html,application/xhtml+xml,application/xml;q=0.9,*/*;q=0.8", "Accept-Encoding": "gzip, deflate", "Accept-Language": "en-us,en;q=0.5"}}, {"format_id": "160", "url": "https://r7---sn-ipoxu-u2xd.googlevideo.com/videoplayback?expire=1610392472&ei=OE_8X7qfNdXKrQTnoJH4BQ&ip=220.129.26.102&id=o-AOpUcb4Ql8c4rW5aWMn9yh6ljxGELLQJtNV7-11qJgwJ&itag=160&aitags=133%2C134%2C135%2C136%2C137%2C160%2C242%2C243%2C244%2C247%2C248%2C278&source=youtube&requiressl=yes&mh=Dm&mm=31%2C29&mn=sn-ipoxu-u2xd%2Csn-un57en7e&ms=au%2Crdu&mv=m&mvi=7&pl=21&initcwndbps=1138750&vprv=1&mime=video%2Fmp4&ns=vdUUgJoRXtQspNED4R7_UCEF&gir=yes&clen=2119238&dur=210.001&lmt=1584847850442111&mt=1610370516&fvip=1&keepalive=yes&c=WEB&txp=6316222&n=1hlB9VRBQXiKRY&sparams=expire%2Cei%2Cip%2Cid%2Caitags%2Csource%2Crequiressl%2Cvprv%2Cmime%2Cns%2Cgir%2Cclen%2Cdur%2Clmt&sig=AOq0QJ8wRgIhANoBlTOYJ2TJ2xMIcoLE0OlEctG06T5ik8-POg4eCQdSAiEA5JnEv0vGWpp7FwzsItB7CFequNEMI0Tdkp9YKAk0DGU%3D&lsparams=mh%2Cmm%2Cmn%2Cms%2Cmv%2Cmvi%2Cpl%2Cinitcwndbps&lsig=AG3C_xAwRgIhAOlPcj_mic3HTrPDyPeDXCsHqzOfFEEseHLKqTLtsr5UAiEAzbbjivGLHEpHWPm4jkGn38uL86Tdv7fyHgcewkOkBzk%3D&ratebypass=yes", "player_url": null, "ext": "mp4", "height": 144, "format_note": "144p", "vcodec": "avc1.4d400c", "asr": null, "filesize": 2119238, "fps": 24, "tbr": 116.186, "width": 256, "acodec": "none", "downloader_options": {"http_chunk_size": 10485760}, "format": "160 - 256x144 (144p)", "protocol": "https", "http_headers": {"User-Agent": "Mozilla/5.0 (Windows NT 10.0; Win64; x64) AppleWebKit/537.36 (KHTML, like Gecko) Chrome/73.0.3683.38 Safari/537.36", "Accept-Charset": "ISO-8859-1,utf-8;q=0.7,*;q=0.7", "Accept": "text/html,application/xhtml+xml,application/xml;q=0.9,*/*;q=0.8", "Accept-Encoding": "gzip, deflate", "Accept-Language": "en-us,en;q=0.5"}}, {"format_id": "242", "url": "https://r7---sn-ipoxu-u2xd.googlevideo.com/videoplayback?expire=1610392472&ei=OE_8X7qfNdXKrQTnoJH4BQ&ip=220.129.26.102&id=o-AOpUcb4Ql8c4rW5aWMn9yh6ljxGELLQJtNV7-11qJgwJ&itag=242&aitags=133%2C134%2C135%2C136%2C137%2C160%2C242%2C243%2C244%2C247%2C248%2C278&source=youtube&requiressl=yes&mh=Dm&mm=31%2C29&mn=sn-ipoxu-u2xd%2Csn-un57en7e&ms=au%2Crdu&mv=m&mvi=7&pl=21&initcwndbps=1138750&vprv=1&mime=video%2Fwebm&ns=vdUUgJoRXtQspNED4R7_UCEF&gir=yes&clen=2995471&dur=210.001&lmt=1584847854346790&mt=1610370516&fvip=1&keepalive=yes&c=WEB&txp=6316222&n=1hlB9VRBQXiKRY&sparams=expire%2Cei%2Cip%2Cid%2Caitags%2Csource%2Crequiressl%2Cvprv%2Cmime%2Cns%2Cgir%2Cclen%2Cdur%2Clmt&sig=AOq0QJ8wRQIhAJRhYo2UxoF9lzrXglLzJuQ-lxyLxKN8Ft-GzXuRLrGWAiBJWyx_i2baw3mPrMWPtwDVapXfsgwBjr805u4BWZl4Tg%3D%3D&lsparams=mh%2Cmm%2Cmn%2Cms%2Cmv%2Cmvi%2Cpl%2Cinitcwndbps&lsig=AG3C_xAwRgIhAOlPcj_mic3HTrPDyPeDXCsHqzOfFEEseHLKqTLtsr5UAiEAzbbjivGLHEpHWPm4jkGn38uL86Tdv7fyHgcewkOkBzk%3D&ratebypass=yes", "player_url": null, "ext": "webm", "height": 240, "format_note": "240p", "vcodec": "vp9", "asr": null, "filesize": 2995471, "fps": 24, "tbr": 182.615, "width": 426, "acodec": "none", "downloader_options": {"http_chunk_size": 10485760}, "format": "242 - 426x240 (240p)", "protocol": "https", "http_headers": {"User-Agent": "Mozilla/5.0 (Windows NT 10.0; Win64; x64) AppleWebKit/537.36 (KHTML, like Gecko) Chrome/73.0.3683.38 Safari/537.36", "Accept-Charset": "ISO-8859-1,utf-8;q=0.7,*;q=0.7", "Accept": "text/html,application/xhtml+xml,application/xml;q=0.9,*/*;q=0.8", "Accept-Encoding": "gzip, deflate", "Accept-Language": "en-us,en;q=0.5"}}, {"format_id": "133", "url": "https://r7---sn-ipoxu-u2xd.googlevideo.com/videoplayback?expire=1610392472&ei=OE_8X7qfNdXKrQTnoJH4BQ&ip=220.129.26.102&id=o-AOpUcb4Ql8c4rW5aWMn9yh6ljxGELLQJtNV7-11qJgwJ&itag=133&aitags=133%2C134%2C135%2C136%2C137%2C160%2C242%2C243%2C244%2C247%2C248%2C278&source=youtube&requiressl=yes&mh=Dm&mm=31%2C29&mn=sn-ipoxu-u2xd%2Csn-un57en7e&ms=au%2Crdu&mv=m&mvi=7&pl=21&initcwndbps=1138750&vprv=1&mime=video%2Fmp4&ns=vdUUgJoRXtQspNED4R7_UCEF&gir=yes&clen=4655293&dur=210.001&lmt=1584847850431637&mt=1610370516&fvip=1&keepalive=yes&c=WEB&txp=6316222&n=1hlB9VRBQXiKRY&sparams=expire%2Cei%2Cip%2Cid%2Caitags%2Csource%2Crequiressl%2Cvprv%2Cmime%2Cns%2Cgir%2Cclen%2Cdur%2Clmt&sig=AOq0QJ8wRgIhALzCZdhYHwc_cgDNcJsWsXWt3XiL0XlKCjYKfVaV_b8oAiEAmaerTOvmwWTI-dO_14qGC8wiaT1tQ9vjj65sqjeIR9g%3D&lsparams=mh%2Cmm%2Cmn%2Cms%2Cmv%2Cmvi%2Cpl%2Cinitcwndbps&lsig=AG3C_xAwRgIhAOlPcj_mic3HTrPDyPeDXCsHqzOfFEEseHLKqTLtsr5UAiEAzbbjivGLHEpHWPm4jkGn38uL86Tdv7fyHgcewkOkBzk%3D&ratebypass=yes", "player_url": null, "ext": "mp4", "height": 240, "format_note": "240p", "vcodec": "avc1.4d4015", "asr": null, "filesize": 4655293, "fps": 24, "tbr": 247.443, "width": 426, "acodec": "none", "downloader_options": {"http_chunk_size": 10485760}, "format": "133 - 426x240 (240p)", "protocol": "https", "http_headers": {"User-Agent": "Mozilla/5.0 (Windows NT 10.0; Win64; x64) AppleWebKit/537.36 (KHTML, like Gecko) Chrome/73.0.3683.38 Safari/537.36", "Accept-Charset": "ISO-8859-1,utf-8;q=0.7,*;q=0.7", "Accept": "text/html,application/xhtml+xml,application/xml;q=0.9,*/*;q=0.8", "Accept-Encoding": "gzip, deflate", "Accept-Language": "en-us,en;q=0.5"}}, {"format_id": "243", "url": "https://r7---sn-ipoxu-u2xd.googlevideo.com/videoplayback?expire=1610392472&ei=OE_8X7qfNdXKrQTnoJH4BQ&ip=220.129.26.102&id=o-AOpUcb4Ql8c4rW5aWMn9yh6ljxGELLQJtNV7-11qJgwJ&itag=243&aitags=133%2C134%2C135%2C136%2C137%2C160%2C242%2C243%2C244%2C247%2C248%2C278&source=youtube&requiressl=yes&mh=Dm&mm=31%2C29&mn=sn-ipoxu-u2xd%2Csn-un57en7e&ms=au%2Crdu&mv=m&mvi=7&pl=21&initcwndbps=1138750&vprv=1&mime=video%2Fwebm&ns=vdUUgJoRXtQspNED4R7_UCEF&gir=yes&clen=4537664&dur=210.001&lmt=1584847854348591&mt=1610370516&fvip=1&keepalive=yes&c=WEB&txp=6316222&n=1hlB9VRBQXiKRY&sparams=expire%2Cei%2Cip%2Cid%2Caitags%2Csource%2Crequiressl%2Cvprv%2Cmime%2Cns%2Cgir%2Cclen%2Cdur%2Clmt&sig=AOq0QJ8wRAIgWFQNyw2f7jW8i0RoZoRbHNoTN8pcENCPsknntMciFBACIHvvPvJCclkQp_g1AdJq3PHRGShUAi2EiWYZsv3D1yjK&lsparams=mh%2Cmm%2Cmn%2Cms%2Cmv%2Cmvi%2Cpl%2Cinitcwndbps&lsig=AG3C_xAwRgIhAOlPcj_mic3HTrPDyPeDXCsHqzOfFEEseHLKqTLtsr5UAiEAzbbjivGLHEpHWPm4jkGn38uL86Tdv7fyHgcewkOkBzk%3D&ratebypass=yes", "player_url": null, "ext": "webm", "height": 360, "format_note": "360p", "vcodec": "vp9", "asr": null, "filesize": 4537664, "fps": 24, "tbr": 268.115, "width": 640, "acodec": "none", "downloader_options": {"http_chunk_size": 10485760}, "format": "243 - 640x360 (360p)", "protocol": "https", "http_headers": {"User-Agent": "Mozilla/5.0 (Windows NT 10.0; Win64; x64) AppleWebKit/537.36 (KHTML, like Gecko) Chrome/73.0.3683.38 Safari/537.36", "Accept-Charset": "ISO-8859-1,utf-8;q=0.7,*;q=0.7", "Accept": "text/html,application/xhtml+xml,application/xml;q=0.9,*/*;q=0.8", "Accept-Encoding": "gzip, deflate", "Accept-Language": "en-us,en;q=0.5"}}, {"format_id": "244", "url": "https://r7---sn-ipoxu-u2xd.googlevideo.com/videoplayback?expire=1610392472&ei=OE_8X7qfNdXKrQTnoJH4BQ&ip=220.129.26.102&id=o-AOpUcb4Ql8c4rW5aWMn9yh6ljxGELLQJtNV7-11qJgwJ&itag=244&aitags=133%2C134%2C135%2C136%2C137%2C160%2C242%2C243%2C244%2C247%2C248%2C278&source=youtube&requiressl=yes&mh=Dm&mm=31%2C29&mn=sn-ipoxu-u2xd%2Csn-un57en7e&ms=au%2Crdu&mv=m&mvi=7&pl=21&initcwndbps=1138750&vprv=1&mime=video%2Fwebm&ns=vdUUgJoRXtQspNED4R7_UCEF&gir=yes&clen=7243064&dur=210.001&lmt=1584847854342338&mt=1610370516&fvip=1&keepalive=yes&c=WEB&txp=6316222&n=1hlB9VRBQXiKRY&sparams=expire%2Cei%2Cip%2Cid%2Caitags%2Csource%2Crequiressl%2Cvprv%2Cmime%2Cns%2Cgir%2Cclen%2Cdur%2Clmt&sig=AOq0QJ8wRQIhANehpGEpjY0UvLEyIJyD3j6zP_3B2cV635uLSvPfGrL6AiA1XJzFFfz2V_254DIlPBxgnTKw1NAXOfTR_6IjNwN_UA%3D%3D&lsparams=mh%2Cmm%2Cmn%2Cms%2Cmv%2Cmvi%2Cpl%2Cinitcwndbps&lsig=AG3C_xAwRgIhAOlPcj_mic3HTrPDyPeDXCsHqzOfFEEseHLKqTLtsr5UAiEAzbbjivGLHEpHWPm4jkGn38uL86Tdv7fyHgcewkOkBzk%3D&ratebypass=yes", "player_url": null, "ext": "webm", "height": 480, "format_note": "480p", "vcodec": "vp9", "asr": null, "filesize": 7243064, "fps": 24, "tbr": 441.106, "width": 854, "acodec": "none", "downloader_options": {"http_chunk_size": 10485760}, "format": "244 - 854x480 (480p)", "protocol": "https", "http_headers": {"User-Agent": "Mozilla/5.0 (Windows NT 10.0; Win64; x64) AppleWebKit/537.36 (KHTML, like Gecko) Chrome/73.0.3683.38 Safari/537.36", "Accept-Charset": "ISO-8859-1,utf-8;q=0.7,*;q=0.7", "Accept": "text/html,application/xhtml+xml,application/xml;q=0.9,*/*;q=0.8", "Accept-Encoding": "gzip, deflate", "Accept-Language": "en-us,en;q=0.5"}}, {"format_id": "134", "url": "https://r7---sn-ipoxu-u2xd.googlevideo.com/videoplayback?expire=1610392472&ei=OE_8X7qfNdXKrQTnoJH4BQ&ip=220.129.26.102&id=o-AOpUcb4Ql8c4rW5aWMn9yh6ljxGELLQJtNV7-11qJgwJ&itag=134&aitags=133%2C134%2C135%2C136%2C137%2C160%2C242%2C243%2C244%2C247%2C248%2C278&source=youtube&requiressl=yes&mh=Dm&mm=31%2C29&mn=sn-ipoxu-u2xd%2Csn-un57en7e&ms=au%2Crdu&mv=m&mvi=7&pl=21&initcwndbps=1138750&vprv=1&mime=video%2Fmp4&ns=vdUUgJoRXtQspNED4R7_UCEF&gir=yes&clen=8300787&dur=210.001&lmt=1584847850430950&mt=1610370516&fvip=1&keepalive=yes&c=WEB&txp=6316222&n=1hlB9VRBQXiKRY&sparams=expire%2Cei%2Cip%2Cid%2Caitags%2Csource%2Crequiressl%2Cvprv%2Cmime%2Cns%2Cgir%2Cclen%2Cdur%2Clmt&sig=AOq0QJ8wRgIhAMnQEjnXEZF_L2ozqUmGXpORpB1X_dUy9N5mrzxXG4jRAiEAlB5bnx8uR2EUMQ1mq1f4Me4qls2QDwnCJ1JNBe-bY-M%3D&lsparams=mh%2Cmm%2Cmn%2Cms%2Cmv%2Cmvi%2Cpl%2Cinitcwndbps&lsig=AG3C_xAwRgIhAOlPcj_mic3HTrPDyPeDXCsHqzOfFEEseHLKqTLtsr5UAiEAzbbjivGLHEpHWPm4jkGn38uL86Tdv7fyHgcewkOkBzk%3D&ratebypass=yes", "player_url": null, "ext": "mp4", "height": 360, "format_note": "360p", "vcodec": "avc1.4d401e", "asr": null, "filesize": 8300787, "fps": 24, "tbr": 522.546, "width": 640, "acodec": "none", "downloader_options": {"http_chunk_size": 10485760}, "format": "134 - 640x360 (360p)", "protocol": "https", "http_headers": {"User-Agent": "Mozilla/5.0 (Windows NT 10.0; Win64; x64) AppleWebKit/537.36 (KHTML, like Gecko) Chrome/73.0.3683.38 Safari/537.36", "Accept-Charset": "ISO-8859-1,utf-8;q=0.7,*;q=0.7", "Accept": "text/html,application/xhtml+xml,application/xml;q=0.9,*/*;q=0.8", "Accept-Encoding": "gzip, deflate", "Accept-Language": "en-us,en;q=0.5"}}, {"format_id": "247", "url": "https://r7---sn-ipoxu-u2xd.googlevideo.com/videoplayback?expire=1610392472&ei=OE_8X7qfNdXKrQTnoJH4BQ&ip=220.129.26.102&id=o-AOpUcb4Ql8c4rW5aWMn9yh6ljxGELLQJtNV7-11qJgwJ&itag=247&aitags=133%2C134%2C135%2C136%2C137%2C160%2C242%2C243%2C244%2C247%2C248%2C278&source=youtube&requiressl=yes&mh=Dm&mm=31%2C29&mn=sn-ipoxu-u2xd%2Csn-un57en7e&ms=au%2Crdu&mv=m&mvi=7&pl=21&initcwndbps=1138750&vprv=1&mime=video%2Fwebm&ns=vdUUgJoRXtQspNED4R7_UCEF&gir=yes&clen=12732385&dur=210.001&lmt=1584847854345332&mt=1610370516&fvip=1&keepalive=yes&c=WEB&txp=6316222&n=1hlB9VRBQXiKRY&sparams=expire%2Cei%2Cip%2Cid%2Caitags%2Csource%2Crequiressl%2Cvprv%2Cmime%2Cns%2Cgir%2Cclen%2Cdur%2Clmt&sig=AOq0QJ8wRAIgOdmt-gtdYvBPvUxqzTCa4W2pGH0xq8QFMzPXRMiPyS4CICtqKOh10mhSKhswRxmGsCEveOz-d8oACs7xXmcygsLW&lsparams=mh%2Cmm%2Cmn%2Cms%2Cmv%2Cmvi%2Cpl%2Cinitcwndbps&lsig=AG3C_xAwRgIhAOlPcj_mic3HTrPDyPeDXCsHqzOfFEEseHLKqTLtsr5UAiEAzbbjivGLHEpHWPm4jkGn38uL86Tdv7fyHgcewkOkBzk%3D&ratebypass=yes", "player_url": null, "ext": "webm", "height": 720, "format_note": "720p", "vcodec": "vp9", "asr": null, "filesize": 12732385, "fps": 24, "tbr": 760.979, "width": 1280, "acodec": "none", "downloader_options": {"http_chunk_size": 10485760}, "format": "247 - 1280x720 (720p)", "protocol": "https", "http_headers": {"User-Agent": "Mozilla/5.0 (Windows NT 10.0; Win64; x64) AppleWebKit/537.36 (KHTML, like Gecko) Chrome/73.0.3683.38 Safari/537.36", "Accept-Charset": "ISO-8859-1,utf-8;q=0.7,*;q=0.7", "Accept": "text/html,application/xhtml+xml,application/xml;q=0.9,*/*;q=0.8", "Accept-Encoding": "gzip, deflate", "Accept-Language": "en-us,en;q=0.5"}}, {"format_id": "135", "url": "https://r7---sn-ipoxu-u2xd.googlevideo.com/videoplayback?expire=1610392472&ei=OE_8X7qfNdXKrQTnoJH4BQ&ip=220.129.26.102&id=o-AOpUcb4Ql8c4rW5aWMn9yh6ljxGELLQJtNV7-11qJgwJ&itag=135&aitags=133%2C134%2C135%2C136%2C137%2C160%2C242%2C243%2C244%2C247%2C248%2C278&source=youtube&requiressl=yes&mh=Dm&mm=31%2C29&mn=sn-ipoxu-u2xd%2Csn-un57en7e&ms=au%2Crdu&mv=m&mvi=7&pl=21&initcwndbps=1138750&vprv=1&mime=video%2Fmp4&ns=vdUUgJoRXtQspNED4R7_UCEF&gir=yes&clen=15316764&dur=210.001&lmt=1584847850431204&mt=1610370516&fvip=1&keepalive=yes&c=WEB&txp=6316222&n=1hlB9VRBQXiKRY&sparams=expire%2Cei%2Cip%2Cid%2Caitags%2Csource%2Crequiressl%2Cvprv%2Cmime%2Cns%2Cgir%2Cclen%2Cdur%2Clmt&sig=AOq0QJ8wRAIgKLY-3Nq02Z6Nhx-_m2BBIvyjVsonF-E9YMemTFtFfacCIBKp5QW70086kppnsdlRjcUzLueXUt4amywRuqJ4cjW4&lsparams=mh%2Cmm%2Cmn%2Cms%2Cmv%2Cmvi%2Cpl%2Cinitcwndbps&lsig=AG3C_xAwRgIhAOlPcj_mic3HTrPDyPeDXCsHqzOfFEEseHLKqTLtsr5UAiEAzbbjivGLHEpHWPm4jkGn38uL86Tdv7fyHgcewkOkBzk%3D&ratebypass=yes", "player_url": null, "ext": "mp4", "height": 480, "format_note": "480p", "vcodec": "avc1.4d401e", "asr": null, "filesize": 15316764, "fps": 24, "tbr": 1053.818, "width": 854, "acodec": "none", "downloader_options": {"http_chunk_size": 10485760}, "format": "135 - 854x480 (480p)", "protocol": "https", "http_headers": {"User-Agent": "Mozilla/5.0 (Windows NT 10.0; Win64; x64) AppleWebKit/537.36 (KHTML, like Gecko) Chrome/73.0.3683.38 Safari/537.36", "Accept-Charset": "ISO-8859-1,utf-8;q=0.7,*;q=0.7", "Accept": "text/html,application/xhtml+xml,application/xml;q=0.9,*/*;q=0.8", "Accept-Encoding": "gzip, deflate", "Accept-Language": "en-us,en;q=0.5"}}, {"format_id": "248", "url": "https://r7---sn-ipoxu-u2xd.googlevideo.com/videoplayback?expire=1610392472&ei=OE_8X7qfNdXKrQTnoJH4BQ&ip=220.129.26.102&id=o-AOpUcb4Ql8c4rW5aWMn9yh6ljxGELLQJtNV7-11qJgwJ&itag=248&aitags=133%2C134%2C135%2C136%2C137%2C160%2C242%2C243%2C244%2C247%2C248%2C278&source=youtube&requiressl=yes&mh=Dm&mm=31%2C29&mn=sn-ipoxu-u2xd%2Csn-un57en7e&ms=au%2Crdu&mv=m&mvi=7&pl=21&initcwndbps=1138750&vprv=1&mime=video%2Fwebm&ns=vdUUgJoRXtQspNED4R7_UCEF&gir=yes&clen=22518605&dur=210.001&lmt=1584847854345961&mt=1610370516&fvip=1&keepalive=yes&c=WEB&txp=6316222&n=1hlB9VRBQXiKRY&sparams=expire%2Cei%2Cip%2Cid%2Caitags%2Csource%2Crequiressl%2Cvprv%2Cmime%2Cns%2Cgir%2Cclen%2Cdur%2Clmt&sig=AOq0QJ8wRQIhAK-w66TQkBKUILSOMYOdWxfaUdY2Ivy7xDni2uVk89waAiBLkZJukeIc4NQ-0A2vSCFoE8crcLaRBBP8RQevwi792A%3D%3D&lsparams=mh%2Cmm%2Cmn%2Cms%2Cmv%2Cmvi%2Cpl%2Cinitcwndbps&lsig=AG3C_xAwRgIhAOlPcj_mic3HTrPDyPeDXCsHqzOfFEEseHLKqTLtsr5UAiEAzbbjivGLHEpHWPm4jkGn38uL86Tdv7fyHgcewkOkBzk%3D&ratebypass=yes", "player_url": null, "ext": "webm", "height": 1080, "format_note": "1080p", "vcodec": "vp9", "asr": null, "filesize": 22518605, "fps": 24, "tbr": 1508.507, "width": 1920, "acodec": "none", "downloader_options": {"http_chunk_size": 10485760}, "format": "248 - 1920x1080 (1080p)", "protocol": "https", "http_headers": {"User-Agent": "Mozilla/5.0 (Windows NT 10.0; Win64; x64) AppleWebKit/537.36 (KHTML, like Gecko) Chrome/73.0.3683.38 Safari/537.36", "Accept-Charset": "ISO-8859-1,utf-8;q=0.7,*;q=0.7", "Accept": "text/html,application/xhtml+xml,application/xml;q=0.9,*/*;q=0.8", "Accept-Encoding": "gzip, deflate", "Accept-Language": "en-us,en;q=0.5"}}, {"format_id": "136", "url": "https://r7---sn-ipoxu-u2xd.googlevideo.com/videoplayback?expire=1610392472&ei=OE_8X7qfNdXKrQTnoJH4BQ&ip=220.129.26.102&id=o-AOpUcb4Ql8c4rW5aWMn9yh6ljxGELLQJtNV7-11qJgwJ&itag=136&aitags=133%2C134%2C135%2C136%2C137%2C160%2C242%2C243%2C244%2C247%2C248%2C278&source=youtube&requiressl=yes&mh=Dm&mm=31%2C29&mn=sn-ipoxu-u2xd%2Csn-un57en7e&ms=au%2Crdu&mv=m&mvi=7&pl=21&initcwndbps=1138750&vprv=1&mime=video%2Fmp4&ns=vdUUgJoRXtQspNED4R7_UCEF&gir=yes&clen=28056143&dur=210.001&lmt=1584847850429559&mt=1610370516&fvip=1&keepalive=yes&c=WEB&txp=6316222&n=1hlB9VRBQXiKRY&sparams=expire%2Cei%2Cip%2Cid%2Caitags%2Csource%2Crequiressl%2Cvprv%2Cmime%2Cns%2Cgir%2Cclen%2Cdur%2Clmt&sig=AOq0QJ8wRAIgKWkordDy-9p1-QmErmAFaPhShKlQ5ECbGAnmTCBkNHcCIEq6G_mCR7-h4hFnjT0mCpN3HX45jXaI6v3R1H4DG9Yq&lsparams=mh%2Cmm%2Cmn%2Cms%2Cmv%2Cmvi%2Cpl%2Cinitcwndbps&lsig=AG3C_xAwRgIhAOlPcj_mic3HTrPDyPeDXCsHqzOfFEEseHLKqTLtsr5UAiEAzbbjivGLHEpHWPm4jkGn38uL86Tdv7fyHgcewkOkBzk%3D&ratebypass=yes", "player_url": null, "ext": "mp4", "height": 720, "format_note": "720p", "vcodec": "avc1.4d401f", "asr": null, "filesize": 28056143, "fps": 24, "tbr": 1920.111, "width": 1280, "acodec": "none", "downloader_options": {"http_chunk_size": 10485760}, "format": "136 - 1280x720 (720p)", "protocol": "https", "http_headers": {"User-Agent": "Mozilla/5.0 (Windows NT 10.0; Win64; x64) AppleWebKit/537.36 (KHTML, like Gecko) Chrome/73.0.3683.38 Safari/537.36", "Accept-Charset": "ISO-8859-1,utf-8;q=0.7,*;q=0.7", "Accept": "text/html,application/xhtml+xml,application/xml;q=0.9,*/*;q=0.8", "Accept-Encoding": "gzip, deflate", "Accept-Language": "en-us,en;q=0.5"}}, {"format_id": "137", "url": "https://r7---sn-ipoxu-u2xd.googlevideo.com/videoplayback?expire=1610392472&ei=OE_8X7qfNdXKrQTnoJH4BQ&ip=220.129.26.102&id=o-AOpUcb4Ql8c4rW5aWMn9yh6ljxGELLQJtNV7-11qJgwJ&itag=137&aitags=133%2C134%2C135%2C136%2C137%2C160%2C242%2C243%2C244%2C247%2C248%2C278&source=youtube&requiressl=yes&mh=Dm&mm=31%2C29&mn=sn-ipoxu-u2xd%2Csn-un57en7e&ms=au%2Crdu&mv=m&mvi=7&pl=21&initcwndbps=1138750&vprv=1&mime=video%2Fmp4&ns=vdUUgJoRXtQspNED4R7_UCEF&gir=yes&clen=54798794&dur=210.001&lmt=1584847850434851&mt=1610370516&fvip=1&keepalive=yes&c=WEB&txp=6316222&n=1hlB9VRBQXiKRY&sparams=expire%2Cei%2Cip%2Cid%2Caitags%2Csource%2Crequiressl%2Cvprv%2Cmime%2Cns%2Cgir%2Cclen%2Cdur%2Clmt&sig=AOq0QJ8wRQIhAOy9F7TIkSVb_MXZs9AOmklkNmW2b3GJ5d_zzNR_d25_AiAfzO9xykjFKV569qSUF0WP7ocBMDzAdiDw59tt4APbSg%3D%3D&lsparams=mh%2Cmm%2Cmn%2Cms%2Cmv%2Cmvi%2Cpl%2Cinitcwndbps&lsig=AG3C_xAwRgIhAOlPcj_mic3HTrPDyPeDXCsHqzOfFEEseHLKqTLtsr5UAiEAzbbjivGLHEpHWPm4jkGn38uL86Tdv7fyHgcewkOkBzk%3D&ratebypass=yes", "player_url": null, "ext": "mp4", "height": 1080, "format_note": "1080p", "vcodec": "avc1.640028", "asr": null, "filesize": 54798794, "fps": 24, "tbr": 3294.449, "width": 1920, "acodec": "none", "downloader_options": {"http_chunk_size": 10485760}, "format": "137 - 1920x1080 (1080p)", "protocol": "https", "http_headers": {"User-Agent": "Mozilla/5.0 (Windows NT 10.0; Win64; x64) AppleWebKit/537.36 (KHTML, like Gecko) Chrome/73.0.3683.38 Safari/537.36", "Accept-Charset": "ISO-8859-1,utf-8;q=0.7,*;q=0.7", "Accept": "text/html,application/xhtml+xml,application/xml;q=0.9,*/*;q=0.8", "Accept-Encoding": "gzip, deflate", "Accept-Language": "en-us,en;q=0.5"}}, {"format_id": "18", "url": "https://r7---sn-ipoxu-u2xd.googlevideo.com/videoplayback?expire=1610392472&ei=OE_8X7qfNdXKrQTnoJH4BQ&ip=220.129.26.102&id=o-AOpUcb4Ql8c4rW5aWMn9yh6ljxGELLQJtNV7-11qJgwJ&itag=18&source=youtube&requiressl=yes&mh=Dm&mm=31%2C29&mn=sn-ipoxu-u2xd%2Csn-un57en7e&ms=au%2Crdu&mv=m&mvi=7&pl=21&initcwndbps=1138750&vprv=1&mime=video%2Fmp4&ns=S3dEIA8pe0POBOxAGbh3sJoF&gir=yes&clen=12379662&ratebypass=yes&dur=210.047&lmt=1584847927860150&mt=1610370516&fvip=1&c=WEB&txp=6316222&n=NnGjLhoJICcNLE&sparams=expire%2Cei%2Cip%2Cid%2Citag%2Csource%2Crequiressl%2Cvprv%2Cmime%2Cns%2Cgir%2Cclen%2Cratebypass%2Cdur%2Clmt&sig=AOq0QJ8wRQIgDelaITQe7fX0acu9XpGs5vG-2i4M6i_Pa1pOuxYGNtsCIQDquNf_jfxIFTzKKxTY7yjWh6W_ibc6DlA9cWD6SvUSWg%3D%3D&lsparams=mh%2Cmm%2Cmn%2Cms%2Cmv%2Cmvi%2Cpl%2Cinitcwndbps&lsig=AG3C_xAwRgIhAOlPcj_mic3HTrPDyPeDXCsHqzOfFEEseHLKqTLtsr5UAiEAzbbjivGLHEpHWPm4jkGn38uL86Tdv7fyHgcewkOkBzk%3D", "player_url": null, "ext": "mp4", "width": 640, "height": 360, "acodec": "mp4a.40.2", "abr": 96, "vcodec": "avc1.42001E", "asr": 44100, "filesize": 12379662, "format_note": "360p", "fps": 24, "tbr": 471.603, "format": "18 - 640x360 (360p)", "protocol": "https", "http_headers": {"User-Agent": "Mozilla/5.0 (Windows NT 10.0; Win64; x64) AppleWebKit/537.36 (KHTML, like Gecko) Chrome/73.0.3683.38 Safari/537.36", "Accept-Charset": "ISO-8859-1,utf-8;q=0.7,*;q=0.7", "Accept": "text/html,application/xhtml+xml,application/xml;q=0.9,*/*;q=0.8", "Accept-Encoding": "gzip, deflate", "Accept-Language": "en-us,en;q=0.5"}}], "is_live": null, "start_time": null, "end_time": null, "series": null, "season_number": null, "episode_number": null, "track": null, "artist": null, "album": null, "release_date": null, "release_year": null, "extractor": "youtube", "webpage_url_basename": "watch", "extractor_key": "Youtube", "playlist": null, "playlist_index": null, "thumbnail": "https://i.ytimg.com/vi_webp/RL_cmmNVLfs/maxresdefault.webp", "display_id": "RL_cmmNVLfs", "requested_subtitles": null, "format_id": "251", "url": "https://r7---sn-ipoxu-u2xd.googlevideo.com/videoplayback?expire=1610392472&ei=OE_8X7qfNdXKrQTnoJH4BQ&ip=220.129.26.102&id=o-AOpUcb4Ql8c4rW5aWMn9yh6ljxGELLQJtNV7-11qJgwJ&itag=251&source=youtube&requiressl=yes&mh=Dm&mm=31%2C29&mn=sn-ipoxu-u2xd%2Csn-un57en7e&ms=au%2Crdu&mv=m&mvi=7&pl=21&initcwndbps=1138750&vprv=1&mime=audio%2Fwebm&ns=vdUUgJoRXtQspNED4R7_UCEF&gir=yes&clen=3927849&dur=210.021&lmt=1584847827686106&mt=1610370516&fvip=1&keepalive=yes&c=WEB&txp=6311222&n=1hlB9VRBQXiKRY&sparams=expire%2Cei%2Cip%2Cid%2Citag%2Csource%2Crequiressl%2Cvprv%2Cmime%2Cns%2Cgir%2Cclen%2Cdur%2Clmt&sig=AOq0QJ8wRgIhAJH5JJA075cVl1waO4K-vh60nYPdRiOOdIa9Ut1dWvNoAiEAmBAAe9mWYhQXtdteasW1dcF37ixow7gpMlq_0zD3Ubk%3D&lsparams=mh%2Cmm%2Cmn%2Cms%2Cmv%2Cmvi%2Cpl%2Cinitcwndbps&lsig=AG3C_xAwRgIhAOlPcj_mic3HTrPDyPeDXCsHqzOfFEEseHLKqTLtsr5UAiEAzbbjivGLHEpHWPm4jkGn38uL86Tdv7fyHgcewkOkBzk%3D&ratebypass=yes", "player_url": null, "ext": "webm", "format_note": "tiny", "acodec": "opus", "abr": 160, "asr": 48000, "filesize": 3927849, "fps": null, "height": null, "tbr": 161.193, "width": null, "vcodec": "none", "downloader_options": {"http_chunk_size": 10485760}, "format": "251 - audio only (tiny)", "protocol": "https", "http_headers": {"User-Agent": "Mozilla/5.0 (Windows NT 10.0; Win64; x64) AppleWebKit/537.36 (KHTML, like Gecko) Chrome/73.0.3683.38 Safari/537.36", "Accept-Charset": "ISO-8859-1,utf-8;q=0.7,*;q=0.7", "Accept": "text/html,application/xhtml+xml,application/xml;q=0.9,*/*;q=0.8", "Accept-Encoding": "gzip, deflate", "Accept-Language": "en-us,en;q=0.5"}}