{"id": "tfuul78deOs", "uploader": "Michael Ortega", "uploader_id": "MichaelsPianoSongs", "uploader_url": "http://www.youtube.com/user/MichaelsPianoSongs", "channel_id": "UCjyqGFuEZho7Wc7TT5MyFwg", "channel_url": "http://www.youtube.com/channel/UCjyqGFuEZho7Wc7TT5MyFwg", "upload_date": "20190310", "license": null, "creator": null, "title": "Michael Ortega - \u201cTe Amo\u201d (la Canci\u00f3n M\u00e1s Bonita Del Mundo)", "alt_title": null, "thumbnails": [{"url": "https://i.ytimg.com/vi/tfuul78deOs/hqdefault.jpg?sqp=-oaymwEYCKgBEF5IVfKriqkDCwgBFQAAiEIYAXAB&rs=AOn4CLCHKIazKLGR3-a1ItTU6_LZXTQDZQ", "width": 168, "height": 94, "resolution": "168x94", "id": "0"}, {"url": "https://i.ytimg.com/vi/tfuul78deOs/hqdefault.jpg?sqp=-oaymwEYCMQBEG5IVfKriqkDCwgBFQAAiEIYAXAB&rs=AOn4CLDS1o1dacEhYC3HkbP-bARVIKpoGg", "width": 196, "height": 110, "resolution": "196x110", "id": "1"}, {"url": "https://i.ytimg.com/vi/tfuul78deOs/hqdefault.jpg?sqp=-oaymwEZCPYBEIoBSFXyq4qpAwsIARUAAIhCGAFwAQ==&rs=AOn4CLDqRNyea64T0oX6QIp5fbjbcUpQ_w", "width": 246, "height": 138, "resolution": "246x138", "id": "2"}, {"url": "https://i.ytimg.com/vi/tfuul78deOs/hqdefault.jpg?sqp=-oaymwEZCNACELwBSFXyq4qpAwsIARUAAIhCGAFwAQ==&rs=AOn4CLAGyhe8JEm7z1Keb1Ae-OZm5g3ikw", "width": 336, "height": 188, "resolution": "336x188", "id": "3"}, {"url": "https://i.ytimg.com/vi_webp/tfuul78deOs/maxresdefault.webp", "width": 1920, "height": 1080, "resolution": "1920x1080", "id": "4"}], "description": "La cancion mas bonita del mundo. Emotional Piano by Michael Ortega. Esta es una melodia muy simple pero hermosa y triste. A very simple melody, yet beautiful and sad. \n\u266a Sheets(Partituras):  https://michaelortegapiano.com/product/582560\n\u266a SPOTIFY: http://bit.ly/TeAmoSpotify\n\u266a INSTAGRAM: https://www.instagram.com/michaelortegapiano/\n\nBuy here: bit.ly/TeAmoBuy   \nC\u00f3mprala aqu\u00ed: bit.ly/TeAmoBuy \n\n#SadPiano #MichaelOrtega #emotional piano\nCopyright \u00a9 Michael Ortega 2018\n\nYou must purchase a license (link \u2b06 above) to use this for your Music or Videos. Ask me about non-profit projects on my Instagram (link \u2b06). Exclusives are possible.\nOriginal Piano Music by Michael J. Ortega (MichaelOrtegaPiano)", "categories": ["Music"], "tags": ["te amo", "la cancion mas bonita del mundo", "michael ortega", "te amo la cancion mas bonita del mundo michael ortega", "emotional piano", "piano"], "subtitles": {}, "automatic_captions": {}, "duration": 292, "age_limit": 0, "annotations": null, "chapters": null, "webpage_url": "https://www.youtube.com/watch?v=tfuul78deOs", "view_count": 4001126, "like_count": 79571, "dislike_count": 1312, "average_rating": 4.9351163, "formats": [{"format_id": "249", "url": "https://r7---sn-ipoxu-u2x6.googlevideo.com/videoplayback?expire=1610392486&ei=Rk_8X-DxIovLrQTkyrmQDQ&ip=220.129.26.102&id=o-AFzqA3ctM2TJnUaTOX3-kb_pFKDGV1TKvhn240WxpNZy&itag=249&source=youtube&requiressl=yes&mh=0D&mm=31%2C29&mn=sn-ipoxu-u2x6%2Csn-un57en7e&ms=au%2Crdu&mv=m&mvi=7&pl=21&initcwndbps=1057500&vprv=1&mime=audio%2Fwebm&ns=E3jh6GNJRED8DKoUMBcf-JYF&gir=yes&clen=2218720&dur=292.441&lmt=1577817438011097&mt=1610370516&fvip=4&keepalive=yes&c=WEB&txp=5531432&n=enJUVSVupMiIUG&sparams=expire%2Cei%2Cip%2Cid%2Citag%2Csource%2Crequiressl%2Cvprv%2Cmime%2Cns%2Cgir%2Cclen%2Cdur%2Clmt&sig=AOq0QJ8wRAIgW5X4f5JpUEdAcaZkeplCozhStb4mNBkL9jFT4fwvSwYCIC42IrNnnpTeaYRpv6HEgUEWdZ5hkb5yD5cwcmXlsZS_&lsparams=mh%2Cmm%2Cmn%2Cms%2Cmv%2Cmvi%2Cpl%2Cinitcwndbps&lsig=AG3C_xAwRAIgQ6EGuyrMiYbG5fXRjLXTzEn0y7aI_RBt7uCHg0Fgs1cCIHl8kz-lEzT3tVJmlsmpHhaqGZl_dbBttC8zfZ3eG-BN&ratebypass=yes", "player_url": null, "ext": "webm", "format_note": "tiny", "acodec": "opus", "abr": 50, "asr": 48000, "filesize": 2218720, "fps": null, "height": null, "tbr": 66.231, "width": null, "vcodec": "none", "downloader_options": {"http_chunk_size": 10485760}, "format": "249 - audio only (tiny)", "protocol": "https", "http_headers": {"User-Agent": "Mozilla/5.0 (Windows NT 10.0; Win64; x64) AppleWebKit/537.36 (KHTML, like Gecko) Chrome/73.0.3683.38 Safari/537.36", "Accept-Charset": "ISO-8859-1,utf-8;q=0.7,*;q=0.7", "Accept": "text/html,application/xhtml+xml,application/xml;q=0.9,*/*;q=0.8", "Accept-Encoding": "gzip, deflate", "Accept-Language": "en-us,en;q=0.5"}}, {"format_id": "250", "url": "https://r7---sn-ipoxu-u2x6.googlevideo.com/videoplayback?expire=1610392486&ei=Rk_8X-DxIovLrQTkyrmQDQ&ip=220.129.26.102&id=o-AFzqA3ctM2TJnUaTOX3-kb_pFKDGV1TKvhn240WxpNZy&itag=250&source=youtube&requiressl=yes&mh=0D&mm=31%2C29&mn=sn-ipoxu-u2x6%2Csn-un57en7e&ms=au%2Crdu&mv=m&mvi=7&pl=21&initcwndbps=1057500&vprv=1&mime=audio%2Fwebm&ns=E3jh6GNJRED8DKoUMBcf-JYF&gir=yes&clen=2973436&dur=292.441&lmt=1577817436805322&mt=1610370516&fvip=4&keepalive=yes&c=WEB&txp=5531432&n=enJUVSVupMiIUG&sparams=expire%2Cei%2Cip%2Cid%2Citag%2Csource%2Crequiressl%2Cvprv%2Cmime%2Cns%2Cgir%2Cclen%2Cdur%2Clmt&sig=AOq0QJ8wRQIhAIUflj_RWO57-aaCYvnLLm6fbiDNErZ0Ctl9TjFMA7BuAiASf5SsavUTFhKI_BjXaktCtJA69aZ5h9xKDh_Vmiyesg%3D%3D&lsparams=mh%2Cmm%2Cmn%2Cms%2Cmv%2Cmvi%2Cpl%2Cinitcwndbps&lsig=AG3C_xAwRAIgQ6EGuyrMiYbG5fXRjLXTzEn0y7aI_RBt7uCHg0Fgs1cCIHl8kz-lEzT3tVJmlsmpHhaqGZl_dbBttC8zfZ3eG-BN&ratebypass=yes", "player_url": null, "ext": "webm", "format_note": "tiny", "acodec": "opus", "abr": 70, "asr": 48000, "filesize": 2973436, "fps": null, "height": null, "tbr": 87.734, "width": null, "vcodec": "none", "downloader_options": {"http_chunk_size": 10485760}, "format": "250 - audio only (tiny)", "protocol": "https", "http_headers": {"User-Agent": "Mozilla/5.0 (Windows NT 10.0; Win64; x64) AppleWebKit/537.36 (KHTML, like Gecko) Chrome/73.0.3683.38 Safari/537.36", "Accept-Charset": "ISO-8859-1,utf-8;q=0.7,*;q=0.7", "Accept": "text/html,application/xhtml+xml,application/xml;q=0.9,*/*;q=0.8", "Accept-Encoding": "gzip, deflate", "Accept-Language": "en-us,en;q=0.5"}}, {"format_id": "140", "url": "https://r7---sn-ipoxu-u2x6.googlevideo.com/videoplayback?expire=1610392486&ei=Rk_8X-DxIovLrQTkyrmQDQ&ip=220.129.26.102&id=o-AFzqA3ctM2TJnUaTOX3-kb_pFKDGV1TKvhn240WxpNZy&itag=140&source=youtube&requiressl=yes&mh=0D&mm=31%2C29&mn=sn-ipoxu-u2x6%2Csn-un57en7e&ms=au%2Crdu&mv=m&mvi=7&pl=21&initcwndbps=1057500&vprv=1&mime=audio%2Fmp4&ns=E3jh6GNJRED8DKoUMBcf-JYF&gir=yes&clen=4734184&dur=292.478&lmt=1577817441117275&mt=1610370516&fvip=4&keepalive=yes&c=WEB&txp=5531432&n=enJUVSVupMiIUG&sparams=expire%2Cei%2Cip%2Cid%2Citag%2Csource%2Crequiressl%2Cvprv%2Cmime%2Cns%2Cgir%2Cclen%2Cdur%2Clmt&sig=AOq0QJ8wRgIhAPW74FPMqmTxjC8e6aOt7SJlIxz2Qdx0qAjOsu19r29fAiEA22pa3Jp5lhzc5V23x5IKGCR0X1aeuHrHo4bG2ZaZO6o%3D&lsparams=mh%2Cmm%2Cmn%2Cms%2Cmv%2Cmvi%2Cpl%2Cinitcwndbps&lsig=AG3C_xAwRAIgQ6EGuyrMiYbG5fXRjLXTzEn0y7aI_RBt7uCHg0Fgs1cCIHl8kz-lEzT3tVJmlsmpHhaqGZl_dbBttC8zfZ3eG-BN&ratebypass=yes", "player_url": null, "ext": "m4a", "format_note": "tiny", "acodec": "mp4a.40.2", "abr": 128, "container": "m4a_dash", "asr": 44100, "filesize": 4734184, "fps": null, "height": null, "tbr": 130.57, "width": null, "vcodec": "none", "downloader_options": {"http_chunk_size": 10485760}, "format": "140 - audio only (tiny)", "protocol": "https", "http_headers": {"User-Agent": "Mozilla/5.0 (Windows NT 10.0; Win64; x64) AppleWebKit/537.36 (KHTML, like Gecko) Chrome/73.0.3683.38 Safari/537.36", "Accept-Charset": "ISO-8859-1,utf-8;q=0.7,*;q=0.7", "Accept": "text/html,application/xhtml+xml,application/xml;q=0.9,*/*;q=0.8", "Accept-Encoding": "gzip, deflate", "Accept-Language": "en-us,en;q=0.5"}}, {"format_id": "251", "url": "https://r7---sn-ipoxu-u2x6.googlevideo.com/videoplayback?expire=1610392486&ei=Rk_8X-DxIovLrQTkyrmQDQ&ip=220.129.26.102&id=o-AFzqA3ctM2TJnUaTOX3-kb_pFKDGV1TKvhn240WxpNZy&itag=251&source=youtube&requiressl=yes&mh=0D&mm=31%2C29&mn=sn-ipoxu-u2x6%2Csn-un57en7e&ms=au%2Crdu&mv=m&mvi=7&pl=21&initcwndbps=1057500&vprv=1&mime=audio%2Fwebm&ns=E3jh6GNJRED8DKoUMBcf-JYF&gir=yes&clen=5650772&dur=292.441&lmt=1577817442633307&mt=1610370516&fvip=4&keepalive=yes&c=WEB&txp=5531432&n=enJUVSVupMiIUG&sparams=expire%2Cei%2Cip%2Cid%2Citag%2Csource%2Crequiressl%2Cvprv%2Cmime%2Cns%2Cgir%2Cclen%2Cdur%2Clmt&sig=AOq0QJ8wRgIhANj_geeOEW7fWfU2RtETspus6slTqrW7AyZbr93sM7QTAiEApPOTZRTciJdpV_fbgB4eWwZXWXZ-5EwOisDQyg1jveM%3D&lsparams=mh%2Cmm%2Cmn%2Cms%2Cmv%2Cmvi%2Cpl%2Cinitcwndbps&lsig=AG3C_xAwRAIgQ6EGuyrMiYbG5fXRjLXTzEn0y7aI_RBt7uCHg0Fgs1cCIHl8kz-lEzT3tVJmlsmpHhaqGZl_dbBttC8zfZ3eG-BN&ratebypass=yes", "player_url": null, "ext": "webm", "format_note": "tiny", "acodec": "opus", "abr": 160, "asr": 48000, "filesize": 5650772, "fps": null, "height": null, "tbr": 164.317, "width": null, "vcodec": "none", "downloader_options": {"http_chunk_size": 10485760}, "format": "251 - audio only (tiny)", "protocol": "https", "http_headers": {"User-Agent": "Mozilla/5.0 (Windows NT 10.0; Win64; x64) AppleWebKit/537.36 (KHTML, like Gecko) Chrome/73.0.3683.38 Safari/537.36", "Accept-Charset": "ISO-8859-1,utf-8;q=0.7,*;q=0.7", "Accept": "text/html,application/xhtml+xml,application/xml;q=0.9,*/*;q=0.8", "Accept-Encoding": "gzip, deflate", "Accept-Language": "en-us,en;q=0.5"}}, {"format_id": "394", "url": "https://r7---sn-ipoxu-u2x6.googlevideo.com/videoplayback?expire=1610392486&ei=Rk_8X-DxIovLrQTkyrmQDQ&ip=220.129.26.102&id=o-AFzqA3ctM2TJnUaTOX3-kb_pFKDGV1TKvhn240WxpNZy&itag=394&aitags=133%2C134%2C135%2C136%2C137%2C160%2C242%2C243%2C244%2C247%2C248%2C278%2C394%2C395%2C396%2C397&source=youtube&requiressl=yes&mh=0D&mm=31%2C29&mn=sn-ipoxu-u2x6%2Csn-un57en7e&ms=au%2Crdu&mv=m&mvi=7&pl=21&initcwndbps=1057500&vprv=1&mime=video%2Fmp4&ns=E3jh6GNJRED8DKoUMBcf-JYF&gir=yes&clen=2572043&dur=292.425&lmt=1590461324403007&mt=1610370516&fvip=4&keepalive=yes&c=WEB&txp=5531432&n=enJUVSVupMiIUG&sparams=expire%2Cei%2Cip%2Cid%2Caitags%2Csource%2Crequiressl%2Cvprv%2Cmime%2Cns%2Cgir%2Cclen%2Cdur%2Clmt&sig=AOq0QJ8wRQIhAPjvoQQH9SknWfAc1Ytd0ywBe0XGmq48lr1yd-gHa65VAiBaMjR28kav11lchbHaJbxt0uaC0OCbSpdMF3vrIrxljA%3D%3D&lsparams=mh%2Cmm%2Cmn%2Cms%2Cmv%2Cmvi%2Cpl%2Cinitcwndbps&lsig=AG3C_xAwRAIgQ6EGuyrMiYbG5fXRjLXTzEn0y7aI_RBt7uCHg0Fgs1cCIHl8kz-lEzT3tVJmlsmpHhaqGZl_dbBttC8zfZ3eG-BN&ratebypass=yes", "player_url": null, "acodec": "none", "vcodec": "av01.0.00M.08", "asr": null, "filesize": 2572043, "format_note": "144p", "fps": 30, "height": 144, "tbr": 87.235, "width": 256, "ext": "mp4", "downloader_options": {"http_chunk_size": 10485760}, "format": "394 - 256x144 (144p)", "protocol": "https", "http_headers": {"User-Agent": "Mozilla/5.0 (Windows NT 10.0; Win64; x64) AppleWebKit/537.36 (KHTML, like Gecko) Chrome/73.0.3683.38 Safari/537.36", "Accept-Charset": "ISO-8859-1,utf-8;q=0.7,*;q=0.7", "Accept": "text/html,application/xhtml+xml,application/xml;q=0.9,*/*;q=0.8", "Accept-Encoding": "gzip, deflate", "Accept-Language": "en-us,en;q=0.5"}}, {"format_id": "278", "url": "https://r7---sn-ipoxu-u2x6.googlevideo.com/videoplayback?expire=1610392486&ei=Rk_8X-DxIovLrQTkyrmQDQ&ip=220.129.26.102&id=o-AFzqA3ctM2TJnUaTOX3-kb_pFKDGV1TKvhn240WxpNZy&itag=278&aitags=133%2C134%2C135%2C136%2C137%2C160%2C242%2C243%2C244%2C247%2C248%2C278%2C394%2C395%2C396%2C397&source=youtube&requiressl=yes&mh=0D&mm=31%2C29&mn=sn-ipoxu-u2x6%2Csn-un57en7e&ms=au%2Crdu&mv=m&mvi=7&pl=21&initcwndbps=1057500&vprv=1&mime=video%2Fwebm&ns=E3jh6GNJRED8DKoUMBcf-JYF&gir=yes&clen=3309488&dur=292.425&lmt=1577820153392220&mt=1610370516&fvip=4&keepalive=yes&c=WEB&txp=5535432&n=enJUVSVupMiIUG&sparams=expire%2Cei%2Cip%2Cid%2Caitags%2Csource%2Crequiressl%2Cvprv%2Cmime%2Cns%2Cgir%2Cclen%2Cdur%2Clmt&sig=AOq0QJ8wRgIhAL8PNVuKPH0h63BGExxYkNZCQIA1ppEqB8_jG_LpT7hnAiEAp27yONKtdAhIRWMjgBY9nq5T1Esn4GKBkgUC8FrRLRw%3D&lsparams=mh%2Cmm%2Cmn%2Cms%2Cmv%2Cmvi%2Cpl%2Cinitcwndbps&lsig=AG3C_xAwRAIgQ6EGuyrMiYbG5fXRjLXTzEn0y7aI_RBt7uCHg0Fgs1cCIHl8kz-lEzT3tVJmlsmpHhaqGZl_dbBttC8zfZ3eG-BN&ratebypass=yes", "player_url": null, "ext": "webm", "height": 144, "format_note": "144p", "container": "webm", "vcodec": "vp9", "asr": null, "filesize": 3309488, "fps": 30, "tbr": 97.068, "width": 256, "acodec": "none", "downloader_options": {"http_chunk_size": 10485760}, "format": "278 - 256x144 (144p)", "protocol": "https", "http_headers": {"User-Agent": "Mozilla/5.0 (Windows NT 10.0; Win64; x64) AppleWebKit/537.36 (KHTML, like Gecko) Chrome/73.0.3683.38 Safari/537.36", "Accept-Charset": "ISO-8859-1,utf-8;q=0.7,*;q=0.7", "Accept": "text/html,application/xhtml+xml,application/xml;q=0.9,*/*;q=0.8", "Accept-Encoding": "gzip, deflate", "Accept-Language": "en-us,en;q=0.5"}}, {"format_id": "160", "url": "https://r7---sn-ipoxu-u2x6.googlevideo.com/videoplayback?expire=1610392486&ei=Rk_8X-DxIovLrQTkyrmQDQ&ip=220.129.26.102&id=o-AFzqA3ctM2TJnUaTOX3-kb_pFKDGV1TKvhn240WxpNZy&itag=160&aitags=133%2C134%2C135%2C136%2C137%2C160%2C242%2C243%2C244%2C247%2C248%2C278%2C394%2C395%2C396%2C397&source=youtube&requiressl=yes&mh=0D&mm=31%2C29&mn=sn-ipoxu-u2x6%2Csn-un57en7e&ms=au%2Crdu&mv=m&mvi=7&pl=21&initcwndbps=1057500&vprv=1&mime=video%2Fmp4&ns=E3jh6GNJRED8DKoUMBcf-JYF&gir=yes&clen=2688698&dur=292.425&lmt=1577818261372593&mt=1610370516&fvip=4&keepalive=yes&c=WEB&txp=5535432&n=enJUVSVupMiIUG&sparams=expire%2Cei%2Cip%2Cid%2Caitags%2Csource%2Crequiressl%2Cvprv%2Cmime%2Cns%2Cgir%2Cclen%2Cdur%2Clmt&sig=AOq0QJ8wRQIgQlCQbDL4g-pkmweWfqrXXdxcu2pvEyyklygMSGwAY4gCIQDLXzDl9VYMV0c3ASno6TkpWLPzr-QfwVZpApsnQbYBWw%3D%3D&lsparams=mh%2Cmm%2Cmn%2Cms%2Cmv%2Cmvi%2Cpl%2Cinitcwndbps&lsig=AG3C_xAwRAIgQ6EGuyrMiYbG5fXRjLXTzEn0y7aI_RBt7uCHg0Fgs1cCIHl8kz-lEzT3tVJmlsmpHhaqGZl_dbBttC8zfZ3eG-BN&ratebypass=yes", "player_url": null, "ext": "mp4", "height": 144, "format_note": "144p", "vcodec": "avc1.4d400c", "asr": null, "filesize": 2688698, "fps": 30, "tbr": 109.256, "width": 256, "acodec": "none", "downloader_options": {"http_chunk_size": 10485760}, "format": "160 - 256x144 (144p)", "protocol": "https", "http_headers": {"User-Agent": "Mozilla/5.0 (Windows NT 10.0; Win64; x64) AppleWebKit/537.36 (KHTML, like Gecko) Chrome/73.0.3683.38 Safari/537.36", "Accept-Charset": "ISO-8859-1,utf-8;q=0.7,*;q=0.7", "Accept": "text/html,application/xhtml+xml,application/xml;q=0.9,*/*;q=0.8", "Accept-Encoding": "gzip, deflate", "Accept-Language": "en-us,en;q=0.5"}}, {"format_id": "395", "url": "https://r7---sn-ipoxu-u2x6.googlevideo.com/videoplayback?expire=1610392486&ei=Rk_8X-DxIovLrQTkyrmQDQ&ip=220.129.26.102&id=o-AFzqA3ctM2TJnUaTOX3-kb_pFKDGV1TKvhn240WxpNZy&itag=395&aitags=133%2C134%2C135%2C136%2C137%2C160%2C242%2C243%2C244%2C247%2C248%2C278%2C394%2C395%2C396%2C397&source=youtube&requiressl=yes&mh=0D&mm=31%2C29&mn=sn-ipoxu-u2x6%2Csn-un57en7e&ms=au%2Crdu&mv=m&mvi=7&pl=21&initcwndbps=1057500&vprv=1&mime=video%2Fmp4&ns=E3jh6GNJRED8DKoUMBcf-JYF&gir=yes&clen=5081848&dur=292.425&lmt=1590461421472977&mt=1610370516&fvip=4&keepalive=yes&c=WEB&txp=5531432&n=enJUVSVupMiIUG&sparams=expire%2Cei%2Cip%2Cid%2Caitags%2Csource%2Crequiressl%2Cvprv%2Cmime%2Cns%2Cgir%2Cclen%2Cdur%2Clmt&sig=AOq0QJ8wRAIgNqC08DkZrGGyNLehOV_hDrlWiMMtG_0U6FGEHPSnJccCIA6YDmQvNMolwXnazkZz9gYxRESCuQsQ6zgxTKreEQgA&lsparams=mh%2Cmm%2Cmn%2Cms%2Cmv%2Cmvi%2Cpl%2Cinitcwndbps&lsig=AG3C_xAwRAIgQ6EGuyrMiYbG5fXRjLXTzEn0y7aI_RBt7uCHg0Fgs1cCIHl8kz-lEzT3tVJmlsmpHhaqGZl_dbBttC8zfZ3eG-BN&ratebypass=yes", "player_url": null, "acodec": "none", "vcodec": "av01.0.00M.08", "asr": null, "filesize": 5081848, "format_note": "240p", "fps": 30, "height": 240, "tbr": 177.441, "width": 426, "ext": "mp4", "downloader_options": {"http_chunk_size": 10485760}, "format": "395 - 426x240 (240p)", "protocol": "https", "http_headers": {"User-Agent": "Mozilla/5.0 (Windows NT 10.0; Win64; x64) AppleWebKit/537.36 (KHTML, like Gecko) Chrome/73.0.3683.38 Safari/537.36", "Accept-Charset": "ISO-8859-1,utf-8;q=0.7,*;q=0.7", "Accept": "text/html,application/xhtml+xml,application/xml;q=0.9,*/*;q=0.8", "Accept-Encoding": "gzip, deflate", "Accept-Language": "en-us,en;q=0.5"}}, {"format_id": "133", "url": "https://r7---sn-ipoxu-u2x6.googlevideo.com/videoplayback?expire=1610392486&ei=Rk_8X-DxIovLrQTkyrmQDQ&ip=220.129.26.102&id=o-AFzqA3ctM2TJnUaTOX3-kb_pFKDGV1TKvhn240WxpNZy&itag=133&aitags=133%2C134%2C135%2C136%2C137%2C160%2C242%2C243%2C244%2C247%2C248%2C278%2C394%2C395%2C396%2C397&source=youtube&requiressl=yes&mh=0D&mm=31%2C29&mn=sn-ipoxu-u2x6%2Csn-un57en7e&ms=au%2Crdu&mv=m&mvi=7&pl=21&initcwndbps=1057500&vprv=1&mime=video%2Fmp4&ns=E3jh6GNJRED8DKoUMBcf-JYF&gir=yes&clen=4212067&dur=292.425&lmt=1577818261347896&mt=1610370516&fvip=4&keepalive=yes&c=WEB&txp=5535432&n=enJUVSVupMiIUG&sparams=expire%2Cei%2Cip%2Cid%2Caitags%2Csource%2Crequiressl%2Cvprv%2Cmime%2Cns%2Cgir%2Cclen%2Cdur%2Clmt&sig=AOq0QJ8wRgIhAJnry-D0tGkWtSj-YyEq0n4xyl0sXvF05qyQRFg9rPMrAiEAnnyG039Cvr_yIXjDz5DDZAgoZaZu1f0-tIp_eXqmOGg%3D&lsparams=mh%2Cmm%2Cmn%2Cms%2Cmv%2Cmvi%2Cpl%2Cinitcwndbps&lsig=AG3C_xAwRAIgQ6EGuyrMiYbG5fXRjLXTzEn0y7aI_RBt7uCHg0Fgs1cCIHl8kz-lEzT3tVJmlsmpHhaqGZl_dbBttC8zfZ3eG-BN&ratebypass=yes", "player_url": null, "ext": "mp4", "height": 240, "format_note": "240p", "vcodec": "avc1.4d4015", "asr": null, "filesize": 4212067, "fps": 30, "tbr": 204.069, "width": 426, "acodec": "none", "downloader_options": {"http_chunk_size": 10485760}, "format": "133 - 426x240 (240p)", "protocol": "https", "http_headers": {"User-Agent": "Mozilla/5.0 (Windows NT 10.0; Win64; x64) AppleWebKit/537.36 (KHTML, like Gecko) Chrome/73.0.3683.38 Safari/537.36", "Accept-Charset": "ISO-8859-1,utf-8;q=0.7,*;q=0.7", "Accept": "text/html,application/xhtml+xml,application/xml;q=0.9,*/*;q=0.8", "Accept-Encoding": "gzip, deflate", "Accept-Language": "en-us,en;q=0.5"}}, {"format_id": "242", "url": "https://r7---sn-ipoxu-u2x6.googlevideo.com/videoplayback?expire=1610392486&ei=Rk_8X-DxIovLrQTkyrmQDQ&ip=220.129.26.102&id=o-AFzqA3ctM2TJnUaTOX3-kb_pFKDGV1TKvhn240WxpNZy&itag=242&aitags=133%2C134%2C135%2C136%2C137%2C160%2C242%2C243%2C244%2C247%2C248%2C278%2C394%2C395%2C396%2C397&source=youtube&requiressl=yes&mh=0D&mm=31%2C29&mn=sn-ipoxu-u2x6%2Csn-un57en7e&ms=au%2Crdu&mv=m&mvi=7&pl=21&initcwndbps=1057500&vprv=1&mime=video%2Fwebm&ns=E3jh6GNJRED8DKoUMBcf-JYF&gir=yes&clen=5497701&dur=292.425&lmt=1577820153356288&mt=1610370516&fvip=4&keepalive=yes&c=WEB&txp=5535432&n=enJUVSVupMiIUG&sparams=expire%2Cei%2Cip%2Cid%2Caitags%2Csource%2Crequiressl%2Cvprv%2Cmime%2Cns%2Cgir%2Cclen%2Cdur%2Clmt&sig=AOq0QJ8wRQIhAMA3PmFE_CDMnSbgJxekdkM1Ol18QxfnK3kKVIp93LeLAiB3HBZ9Aqr8BzmkEmHLkJYh_lSk-tJ8zDULX2nwULcccA%3D%3D&lsparams=mh%2Cmm%2Cmn%2Cms%2Cmv%2Cmvi%2Cpl%2Cinitcwndbps&lsig=AG3C_xAwRAIgQ6EGuyrMiYbG5fXRjLXTzEn0y7aI_RBt7uCHg0Fgs1cCIHl8kz-lEzT3tVJmlsmpHhaqGZl_dbBttC8zfZ3eG-BN&ratebypass=yes", "player_url": null, "ext": "webm", "height": 240, "format_note": "240p", "vcodec": "vp9", "asr": null, "filesize": 5497701, "fps": 30, "tbr": 227.477, "width": 426, "acodec": "none", "downloader_options": {"http_chunk_size": 10485760}, "format": "242 - 426x240 (240p)", "protocol": "https", "http_headers": {"User-Agent": "Mozilla/5.0 (Windows NT 10.0; Win64; x64) AppleWebKit/537.36 (KHTML, like Gecko) Chrome/73.0.3683.38 Safari/537.36", "Accept-Charset": "ISO-8859-1,utf-8;q=0.7,*;q=0.7", "Accept": "text/html,application/xhtml+xml,application/xml;q=0.9,*/*;q=0.8", "Accept-Encoding": "gzip, deflate", "Accept-Language": "en-us,en;q=0.5"}}, {"format_id": "396", "url": "https://r7---sn-ipoxu-u2x6.googlevideo.com/videoplayback?expire=1610392486&ei=Rk_8X-DxIovLrQTkyrmQDQ&ip=220.129.26.102&id=o-AFzqA3ctM2TJnUaTOX3-kb_pFKDGV1TKvhn240WxpNZy&itag=396&aitags=133%2C134%2C135%2C136%2C137%2C160%2C242%2C243%2C244%2C247%2C248%2C278%2C394%2C395%2C396%2C397&source=youtube&requiressl=yes&mh=0D&mm=31%2C29&mn=sn-ipoxu-u2x6%2Csn-un57en7e&ms=au%2Crdu&mv=m&mvi=7&pl=21&initcwndbps=1057500&vprv=1&mime=video%2Fmp4&ns=E3jh6GNJRED8DKoUMBcf-JYF&gir=yes&clen=9828683&dur=292.425&lmt=1590461798924556&mt=1610370516&fvip=4&keepalive=yes&c=WEB&txp=5531432&n=enJUVSVupMiIUG&sparams=expire%2Cei%2Cip%2Cid%2Caitags%2Csource%2Crequiressl%2Cvprv%2Cmime%2Cns%2Cgir%2Cclen%2Cdur%2Clmt&sig=AOq0QJ8wRAIgDyI3YLGrPmkZzO09hk0aAgJ3q52Vj99fF5JudV1jlooCIDpfvhlVOac2B-25C679lHJ-rRW3nfEXc65xoJf-u31z&lsparams=mh%2Cmm%2Cmn%2Cms%2Cmv%2Cmvi%2Cpl%2Cinitcwndbps&lsig=AG3C_xAwRAIgQ6EGuyrMiYbG5fXRjLXTzEn0y7aI_RBt7uCHg0Fgs1cCIHl8kz-lEzT3tVJmlsmpHhaqGZl_dbBttC8zfZ3eG-BN&ratebypass=yes", "player_url": null, "acodec": "none", "vcodec": "av01.0.01M.08", "asr": null, "filesize": 9828683, "format_note": "360p", "fps": 30, "height": 360, "tbr": 373.897, "width": 640, "ext": "mp4", "downloader_options": {"http_chunk_size": 10485760}, "format": "396 - 640x360 (360p)", "protocol": "https", "http_headers": {"User-Agent": "Mozilla/5.0 (Windows NT 10.0; Win64; x64) AppleWebKit/537.36 (KHTML, like Gecko) Chrome/73.0.3683.38 Safari/537.36", "Accept-Charset": "ISO-8859-1,utf-8;q=0.7,*;q=0.7", "Accept": "text/html,application/xhtml+xml,application/xml;q=0.9,*/*;q=0.8", "Accept-Encoding": "gzip, deflate", "Accept-Language": "en-us,en;q=0.5"}}, {"format_id": "243", "url": "https://r7---sn-ipoxu-u2x6.googlevideo.com/videoplayback?expire=1610392486&ei=Rk_8X-DxIovLrQTkyrmQDQ&ip=220.129.26.102&id=o-AFzqA3ctM2TJnUaTOX3-kb_pFKDGV1TKvhn240WxpNZy&itag=243&aitags=133%2C134%2C135%2C136%2C137%2C160%2C242%2C243%2C244%2C247%2C248%2C278%2C394%2C395%2C396%2C397&source=youtube&requiressl=yes&mh=0D&mm=31%2C29&mn=sn-ipoxu-u2x6%2Csn-un57en7e&ms=au%2Crdu&mv=m&mvi=7&pl=21&initcwndbps=1057500&vprv=1&mime=video%2Fwebm&ns=E3jh6GNJRED8DKoUMBcf-JYF&gir=yes&clen=9843062&dur=292.425&lmt=1577820153385828&mt=1610370516&fvip=4&keepalive=yes&c=WEB&txp=5535432&n=enJUVSVupMiIUG&sparams=expire%2Cei%2Cip%2Cid%2Caitags%2Csource%2Crequiressl%2Cvprv%2Cmime%2Cns%2Cgir%2Cclen%2Cdur%2Clmt&sig=AOq0QJ8wRQIgQiMhCSEtDfHZD-gWPPaU-j6i7LBrHWzAa2ilPAYMeN0CIQD9BVFQsiBTnftswJtoXgDktgJ2J00_G6i9ln-J1deSZA%3D%3D&lsparams=mh%2Cmm%2Cmn%2Cms%2Cmv%2Cmvi%2Cpl%2Cinitcwndbps&lsig=AG3C_xAwRAIgQ6EGuyrMiYbG5fXRjLXTzEn0y7aI_RBt7uCHg0Fgs1cCIHl8kz-lEzT3tVJmlsmpHhaqGZl_dbBttC8zfZ3eG-BN&ratebypass=yes", "player_url": null, "ext": "webm", "height": 360, "format_note": "360p", "vcodec": "vp9", "asr": null, "filesize": 9843062, "fps": 30, "tbr": 407.312, "width": 640, "acodec": "none", "downloader_options": {"http_chunk_size": 10485760}, "format": "243 - 640x360 (360p)", "protocol": "https", "http_headers": {"User-Agent": "Mozilla/5.0 (Windows NT 10.0; Win64; x64) AppleWebKit/537.36 (KHTML, like Gecko) Chrome/73.0.3683.38 Safari/537.36", "Accept-Charset": "ISO-8859-1,utf-8;q=0.7,*;q=0.7", "Accept": "text/html,application/xhtml+xml,application/xml;q=0.9,*/*;q=0.8", "Accept-Encoding": "gzip, deflate", "Accept-Language": "en-us,en;q=0.5"}}, {"format_id": "134", "url": "https://r7---sn-ipoxu-u2x6.googlevideo.com/videoplayback?expire=1610392486&ei=Rk_8X-DxIovLrQTkyrmQDQ&ip=220.129.26.102&id=o-AFzqA3ctM2TJnUaTOX3-kb_pFKDGV1TKvhn240WxpNZy&itag=134&aitags=133%2C134%2C135%2C136%2C137%2C160%2C242%2C243%2C244%2C247%2C248%2C278%2C394%2C395%2C396%2C397&source=youtube&requiressl=yes&mh=0D&mm=31%2C29&mn=sn-ipoxu-u2x6%2Csn-un57en7e&ms=au%2Crdu&mv=m&mvi=7&pl=21&initcwndbps=1057500&vprv=1&mime=video%2Fmp4&ns=E3jh6GNJRED8DKoUMBcf-JYF&gir=yes&clen=7440193&dur=292.425&lmt=1577818261343989&mt=1610370516&fvip=4&keepalive=yes&c=WEB&txp=5535432&n=enJUVSVupMiIUG&sparams=expire%2Cei%2Cip%2Cid%2Caitags%2Csource%2Crequiressl%2Cvprv%2Cmime%2Cns%2Cgir%2Cclen%2Cdur%2Clmt&sig=AOq0QJ8wRQIgK6AjnBSEpjaSv8EZV6qyfkFOU8af1Vp0AVh_VeAsxbUCIQDMny0cmuMW_4xx2YUxXRAifS9IxIBAH2lDktHJPmBvtg%3D%3D&lsparams=mh%2Cmm%2Cmn%2Cms%2Cmv%2Cmvi%2Cpl%2Cinitcwndbps&lsig=AG3C_xAwRAIgQ6EGuyrMiYbG5fXRjLXTzEn0y7aI_RBt7uCHg0Fgs1cCIHl8kz-lEzT3tVJmlsmpHhaqGZl_dbBttC8zfZ3eG-BN&ratebypass=yes", "player_url": null, "ext": "mp4", "height": 360, "format_note": "360p", "vcodec": "avc1.4d401e", "asr": null, "filesize": 7440193, "fps": 30, "tbr": 483.927, "width": 640, "acodec": "none", "downloader_options": {"http_chunk_size": 10485760}, "format": "134 - 640x360 (360p)", "protocol": "https", "http_headers": {"User-Agent": "Mozilla/5.0 (Windows NT 10.0; Win64; x64) AppleWebKit/537.36 (KHTML, like Gecko) Chrome/73.0.3683.38 Safari/537.36", "Accept-Charset": "ISO-8859-1,utf-8;q=0.7,*;q=0.7", "Accept": "text/html,application/xhtml+xml,application/xml;q=0.9,*/*;q=0.8", "Accept-Encoding": "gzip, deflate", "Accept-Language": "en-us,en;q=0.5"}}, {"format_id": "397", "url": "https://r7---sn-ipoxu-u2x6.googlevideo.com/videoplayback?expire=1610392486&ei=Rk_8X-DxIovLrQTkyrmQDQ&ip=220.129.26.102&id=o-AFzqA3ctM2TJnUaTOX3-kb_pFKDGV1TKvhn240WxpNZy&itag=397&aitags=133%2C134%2C135%2C136%2C137%2C160%2C242%2C243%2C244%2C247%2C248%2C278%2C394%2C395%2C396%2C397&source=youtube&requiressl=yes&mh=0D&mm=31%2C29&mn=sn-ipoxu-u2x6%2Csn-un57en7e&ms=au%2Crdu&mv=m&mvi=7&pl=21&initcwndbps=1057500&vprv=1&mime=video%2Fmp4&ns=E3jh6GNJRED8DKoUMBcf-JYF&gir=yes&clen=17168189&dur=292.425&lmt=1590462175825259&mt=1610370516&fvip=4&keepalive=yes&c=WEB&txp=5531432&n=enJUVSVupMiIUG&sparams=expire%2Cei%2Cip%2Cid%2Caitags%2Csource%2Crequiressl%2Cvprv%2Cmime%2Cns%2Cgir%2Cclen%2Cdur%2Clmt&sig=AOq0QJ8wRgIhAMb8XcHtwUpTNq-druBuQyhbghqFiZ58AAi_8WrNPeofAiEAl23jQeVpXlh9o93bNh9oEG3pCcKDDywuvwqFL5iOpE0%3D&lsparams=mh%2Cmm%2Cmn%2Cms%2Cmv%2Cmvi%2Cpl%2Cinitcwndbps&lsig=AG3C_xAwRAIgQ6EGuyrMiYbG5fXRjLXTzEn0y7aI_RBt7uCHg0Fgs1cCIHl8kz-lEzT3tVJmlsmpHhaqGZl_dbBttC8zfZ3eG-BN&ratebypass=yes", "player_url": null, "acodec": "none", "vcodec": "av01.0.04M.08", "asr": null, "filesize": 17168189, "format_note": "480p", "fps": 30, "height": 480, "tbr": 671.556, "width": 854, "ext": "mp4", "downloader_options": {"http_chunk_size": 10485760}, "format": "397 - 854x480 (480p)", "protocol": "https", "http_headers": {"User-Agent": "Mozilla/5.0 (Windows NT 10.0; Win64; x64) AppleWebKit/537.36 (KHTML, like Gecko) Chrome/73.0.3683.38 Safari/537.36", "Accept-Charset": "ISO-8859-1,utf-8;q=0.7,*;q=0.7", "Accept": "text/html,application/xhtml+xml,application/xml;q=0.9,*/*;q=0.8", "Accept-Encoding": "gzip, deflate", "Accept-Language": "en-us,en;q=0.5"}}, {"format_id": "244", "url": "https://r7---sn-ipoxu-u2x6.googlevideo.com/videoplayback?expire=1610392486&ei=Rk_8X-DxIovLrQTkyrmQDQ&ip=220.129.26.102&id=o-AFzqA3ctM2TJnUaTOX3-kb_pFKDGV1TKvhn240WxpNZy&itag=244&aitags=133%2C134%2C135%2C136%2C137%2C160%2C242%2C243%2C244%2C247%2C248%2C278%2C394%2C395%2C396%2C397&source=youtube&requiressl=yes&mh=0D&mm=31%2C29&mn=sn-ipoxu-u2x6%2Csn-un57en7e&ms=au%2Crdu&mv=m&mvi=7&pl=21&initcwndbps=1057500&vprv=1&mime=video%2Fwebm&ns=E3jh6GNJRED8DKoUMBcf-JYF&gir=yes&clen=14957000&dur=292.425&lmt=1577820153356226&mt=1610370516&fvip=4&keepalive=yes&c=WEB&txp=5535432&n=enJUVSVupMiIUG&sparams=expire%2Cei%2Cip%2Cid%2Caitags%2Csource%2Crequiressl%2Cvprv%2Cmime%2Cns%2Cgir%2Cclen%2Cdur%2Clmt&sig=AOq0QJ8wQwIgKBwQl8tsro-1XW2uAQjDOEnXUZmZLLxq6-dBZGGEpQcCH2vLMHYll9Vu2YOUfx7CYuz3wibHO0QieSeyr68MCrU%3D&lsparams=mh%2Cmm%2Cmn%2Cms%2Cmv%2Cmvi%2Cpl%2Cinitcwndbps&lsig=AG3C_xAwRAIgQ6EGuyrMiYbG5fXRjLXTzEn0y7aI_RBt7uCHg0Fgs1cCIHl8kz-lEzT3tVJmlsmpHhaqGZl_dbBttC8zfZ3eG-BN&ratebypass=yes", "player_url": null, "ext": "webm", "height": 480, "format_note": "480p", "vcodec": "vp9", "asr": null, "filesize": 14957000, "fps": 30, "tbr": 751.914, "width": 854, "acodec": "none", "downloader_options": {"http_chunk_size": 10485760}, "format": "244 - 854x480 (480p)", "protocol": "https", "http_headers": {"User-Agent": "Mozilla/5.0 (Windows NT 10.0; Win64; x64) AppleWebKit/537.36 (KHTML, like Gecko) Chrome/73.0.3683.38 Safari/537.36", "Accept-Charset": "ISO-8859-1,utf-8;q=0.7,*;q=0.7", "Accept": "text/html,application/xhtml+xml,application/xml;q=0.9,*/*;q=0.8", "Accept-Encoding": "gzip, deflate", "Accept-Language": "en-us,en;q=0.5"}}, {"format_id": "135", "url": "https://r7---sn-ipoxu-u2x6.googlevideo.com/videoplayback?expire=1610392486&ei=Rk_8X-DxIovLrQTkyrmQDQ&ip=220.129.26.102&id=o-AFzqA3ctM2TJnUaTOX3-kb_pFKDGV1TKvhn240WxpNZy&itag=135&aitags=133%2C134%2C135%2C136%2C137%2C160%2C242%2C243%2C244%2C247%2C248%2C278%2C394%2C395%2C396%2C397&source=youtube&requiressl=yes&mh=0D&mm=31%2C29&mn=sn-ipoxu-u2x6%2Csn-un57en7e&ms=au%2Crdu&mv=m&mvi=7&pl=21&initcwndbps=1057500&vprv=1&mime=video%2Fmp4&ns=E3jh6GNJRED8DKoUMBcf-JYF&gir=yes&clen=11388205&dur=292.425&lmt=1577818261321635&mt=1610370516&fvip=4&keepalive=yes&c=WEB&txp=5535432&n=enJUVSVupMiIUG&sparams=expire%2Cei%2Cip%2Cid%2Caitags%2Csource%2Crequiressl%2Cvprv%2Cmime%2Cns%2Cgir%2Cclen%2Cdur%2Clmt&sig=AOq0QJ8wRQIgR8Uf_PWrHXXnb4zybJaeUO7TrcVl1_juqCfrQfAhbuUCIQC-pxYIAgHmp0kY1s7RtWRfEOb_dNs-eLptH2qiyotkqg%3D%3D&lsparams=mh%2Cmm%2Cmn%2Cms%2Cmv%2Cmvi%2Cpl%2Cinitcwndbps&lsig=AG3C_xAwRAIgQ6EGuyrMiYbG5fXRjLXTzEn0y7aI_RBt7uCHg0Fgs1cCIHl8kz-lEzT3tVJmlsmpHhaqGZl_dbBttC8zfZ3eG-BN&ratebypass=yes", "player_url": null, "ext": "mp4", "height": 480, "format_note": "480p", "vcodec": "avc1.4d401f", "asr": null, "filesize": 11388205, "fps": 30, "tbr": 844.66, "width": 854, "acodec": "none", "downloader_options": {"http_chunk_size": 10485760}, "format": "135 - 854x480 (480p)", "protocol": "https", "http_headers": {"User-Agent": "Mozilla/5.0 (Windows NT 10.0; Win64; x64) AppleWebKit/537.36 (KHTML, like Gecko) Chrome/73.0.3683.38 Safari/537.36", "Accept-Charset": "ISO-8859-1,utf-8;q=0.7,*;q=0.7", "Accept": "text/html,application/xhtml+xml,application/xml;q=0.9,*/*;q=0.8", "Accept-Encoding": "gzip, deflate", "Accept-Language": "en-us,en;q=0.5"}}, {"format_id": "247", "url": "https://r7---sn-ipoxu-u2x6.googlevideo.com/videoplayback?expire=1610392486&ei=Rk_8X-DxIovLrQTkyrmQDQ&ip=220.129.26.102&id=o-AFzqA3ctM2TJnUaTOX3-kb_pFKDGV1TKvhn240WxpNZy&itag=247&aitags=133%2C134%2C135%2C136%2C137%2C160%2C242%2C243%2C244%2C247%2C248%2C278%2C394%2C395%2C396%2C397&source=youtube&requiressl=yes&mh=0D&mm=31%2C29&mn=sn-ipoxu-u2x6%2Csn-un57en7e&ms=au%2Crdu&mv=m&mvi=7&pl=21&initcwndbps=1057500&vprv=1&mime=video%2Fwebm&ns=E3jh6GNJRED8DKoUMBcf-JYF&gir=yes&clen=26873020&dur=292.425&lmt=1577820153364999&mt=1610370516&fvip=4&keepalive=yes&c=WEB&txp=5535432&n=enJUVSVupMiIUG&sparams=expire%2Cei%2Cip%2Cid%2Caitags%2Csource%2Crequiressl%2Cvprv%2Cmime%2Cns%2Cgir%2Cclen%2Cdur%2Clmt&sig=AOq0QJ8wRAIgLVdaFryVEMFMBpF4SPVWLIPO3lMg4UH-KJXVVYaEKX0CIGtNFb-Sdd-InzlZ0_RXZGa2Zemqo1CPLpKZ3WwS6VFu&lsparams=mh%2Cmm%2Cmn%2Cms%2Cmv%2Cmvi%2Cpl%2Cinitcwndbps&lsig=AG3C_xAwRAIgQ6EGuyrMiYbG5fXRjLXTzEn0y7aI_RBt7uCHg0Fgs1cCIHl8kz-lEzT3tVJmlsmpHhaqGZl_dbBttC8zfZ3eG-BN&ratebypass=yes", "player_url": null, "ext": "webm", "height": 720, "format_note": "720p", "vcodec": "vp9", "asr": null, "filesize": 26873020, "fps": 30, "tbr": 1503.309, "width": 1280, "acodec": "none", "downloader_options": {"http_chunk_size": 10485760}, "format": "247 - 1280x720 (720p)", "protocol": "https", "http_headers": {"User-Agent": "Mozilla/5.0 (Windows NT 10.0; Win64; x64) AppleWebKit/537.36 (KHTML, like Gecko) Chrome/73.0.3683.38 Safari/537.36", "Accept-Charset": "ISO-8859-1,utf-8;q=0.7,*;q=0.7", "Accept": "text/html,application/xhtml+xml,application/xml;q=0.9,*/*;q=0.8", "Accept-Encoding": "gzip, deflate", "Accept-Language": "en-us,en;q=0.5"}}, {"format_id": "136", "url": "https://r7---sn-ipoxu-u2x6.googlevideo.com/videoplayback?expire=1610392486&ei=Rk_8X-DxIovLrQTkyrmQDQ&ip=220.129.26.102&id=o-AFzqA3ctM2TJnUaTOX3-kb_pFKDGV1TKvhn240WxpNZy&itag=136&aitags=133%2C134%2C135%2C136%2C137%2C160%2C242%2C243%2C244%2C247%2C248%2C278%2C394%2C395%2C396%2C397&source=youtube&requiressl=yes&mh=0D&mm=31%2C29&mn=sn-ipoxu-u2x6%2Csn-un57en7e&ms=au%2Crdu&mv=m&mvi=7&pl=21&initcwndbps=1057500&vprv=1&mime=video%2Fmp4&ns=E3jh6GNJRED8DKoUMBcf-JYF&gir=yes&clen=20674052&dur=292.425&lmt=1577818261321185&mt=1610370516&fvip=4&keepalive=yes&c=WEB&txp=5535432&n=enJUVSVupMiIUG&sparams=expire%2Cei%2Cip%2Cid%2Caitags%2Csource%2Crequiressl%2Cvprv%2Cmime%2Cns%2Cgir%2Cclen%2Cdur%2Clmt&sig=AOq0QJ8wRQIgSvKusXO8SmfIeJWX-m-tyA2a4xqM2qsS00AsIGYJIyUCIQD0mFWWDWiB-jyK3fneKhFSjBxXVAh-j5xzXXTGtEZfpA%3D%3D&lsparams=mh%2Cmm%2Cmn%2Cms%2Cmv%2Cmvi%2Cpl%2Cinitcwndbps&lsig=AG3C_xAwRAIgQ6EGuyrMiYbG5fXRjLXTzEn0y7aI_RBt7uCHg0Fgs1cCIHl8kz-lEzT3tVJmlsmpHhaqGZl_dbBttC8zfZ3eG-BN&ratebypass=yes", "player_url": null, "ext": "mp4", "height": 720, "format_note": "720p", "vcodec": "avc1.4d401f", "asr": null, "filesize": 20674052, "fps": 30, "tbr": 1719.229, "width": 1280, "acodec": "none", "downloader_options": {"http_chunk_size": 10485760}, "format": "136 - 1280x720 (720p)", "protocol": "https", "http_headers": {"User-Agent": "Mozilla/5.0 (Windows NT 10.0; Win64; x64) AppleWebKit/537.36 (KHTML, like Gecko) Chrome/73.0.3683.38 Safari/537.36", "Accept-Charset": "ISO-8859-1,utf-8;q=0.7,*;q=0.7", "Accept": "text/html,application/xhtml+xml,application/xml;q=0.9,*/*;q=0.8", "Accept-Encoding": "gzip, deflate", "Accept-Language": "en-us,en;q=0.5"}}, {"format_id": "248", "url": "https://r7---sn-ipoxu-u2x6.googlevideo.com/videoplayback?expire=1610392486&ei=Rk_8X-DxIovLrQTkyrmQDQ&ip=220.129.26.102&id=o-AFzqA3ctM2TJnUaTOX3-kb_pFKDGV1TKvhn240WxpNZy&itag=248&aitags=133%2C134%2C135%2C136%2C137%2C160%2C242%2C243%2C244%2C247%2C248%2C278%2C394%2C395%2C396%2C397&source=youtube&requiressl=yes&mh=0D&mm=31%2C29&mn=sn-ipoxu-u2x6%2Csn-un57en7e&ms=au%2Crdu&mv=m&mvi=7&pl=21&initcwndbps=1057500&vprv=1&mime=video%2Fwebm&ns=E3jh6GNJRED8DKoUMBcf-JYF&gir=yes&clen=78192052&dur=292.425&lmt=1577819616072595&mt=1610370516&fvip=4&keepalive=yes&c=WEB&txp=5535432&n=enJUVSVupMiIUG&sparams=expire%2Cei%2Cip%2Cid%2Caitags%2Csource%2Crequiressl%2Cvprv%2Cmime%2Cns%2Cgir%2Cclen%2Cdur%2Clmt&sig=AOq0QJ8wRAIgdhp6aAzAkrJGRtmvqM3tYVXMooLH4a7HMmYqX2cRzq0CIB4D8id0OAKIqahUi5enNkLgNZWYFyAuVoLHsXBQPely&lsparams=mh%2Cmm%2Cmn%2Cms%2Cmv%2Cmvi%2Cpl%2Cinitcwndbps&lsig=AG3C_xAwRAIgQ6EGuyrMiYbG5fXRjLXTzEn0y7aI_RBt7uCHg0Fgs1cCIHl8kz-lEzT3tVJmlsmpHhaqGZl_dbBttC8zfZ3eG-BN&ratebypass=yes", "player_url": null, "ext": "webm", "height": 1080, "format_note": "1080p", "vcodec": "vp9", "asr": null, "filesize": 78192052, "fps": 30, "tbr": 2660.056, "width": 1920, "acodec": "none", "downloader_options": {"http_chunk_size": 10485760}, "format": "248 - 1920x1080 (1080p)", "protocol": "https", "http_headers": {"User-Agent": "Mozilla/5.0 (Windows NT 10.0; Win64; x64) AppleWebKit/537.36 (KHTML, like Gecko) Chrome/73.0.3683.38 Safari/537.36", "Accept-Charset": "ISO-8859-1,utf-8;q=0.7,*;q=0.7", "Accept": "text/html,application/xhtml+xml,application/xml;q=0.9,*/*;q=0.8", "Accept-Encoding": "gzip, deflate", "Accept-Language": "en-us,en;q=0.5"}}, {"format_id": "137", "url": "https://r7---sn-ipoxu-u2x6.googlevideo.com/videoplayback?expire=1610392486&ei=Rk_8X-DxIovLrQTkyrmQDQ&ip=220.129.26.102&id=o-AFzqA3ctM2TJnUaTOX3-kb_pFKDGV1TKvhn240WxpNZy&itag=137&aitags=133%2C134%2C135%2C136%2C137%2C160%2C242%2C243%2C244%2C247%2C248%2C278%2C394%2C395%2C396%2C397&source=youtube&requiressl=yes&mh=0D&mm=31%2C29&mn=sn-ipoxu-u2x6%2Csn-un57en7e&ms=au%2Crdu&mv=m&mvi=7&pl=21&initcwndbps=1057500&vprv=1&mime=video%2Fmp4&ns=E3jh6GNJRED8DKoUMBcf-JYF&gir=yes&clen=73318060&dur=292.425&lmt=1577818231563123&mt=1610370516&fvip=4&keepalive=yes&c=WEB&txp=5535432&n=enJUVSVupMiIUG&sparams=expire%2Cei%2Cip%2Cid%2Caitags%2Csource%2Crequiressl%2Cvprv%2Cmime%2Cns%2Cgir%2Cclen%2Cdur%2Clmt&sig=AOq0QJ8wRgIhAO2H9y7O2brEmQ_d7Tk1xVAN8Zl8d7V50iAmKCraGx0aAiEA1-LaeIS9IjXSbTQoU-xCF4b8ddt-jThCnrmC36EgKYY%3D&lsparams=mh%2Cmm%2Cmn%2Cms%2Cmv%2Cmvi%2Cpl%2Cinitcwndbps&lsig=AG3C_xAwRAIgQ6EGuyrMiYbG5fXRjLXTzEn0y7aI_RBt7uCHg0Fgs1cCIHl8kz-lEzT3tVJmlsmpHhaqGZl_dbBttC8zfZ3eG-BN&ratebypass=yes", "player_url": null, "ext": "mp4", "height": 1080, "format_note": "1080p", "vcodec": "avc1.640028", "asr": null, "filesize": 73318060, "fps": 30, "tbr": 4333.015, "width": 1920, "acodec": "none", "downloader_options": {"http_chunk_size": 10485760}, "format": "137 - 1920x1080 (1080p)", "protocol": "https", "http_headers": {"User-Agent": "Mozilla/5.0 (Windows NT 10.0; Win64; x64) AppleWebKit/537.36 (KHTML, like Gecko) Chrome/73.0.3683.38 Safari/537.36", "Accept-Charset": "ISO-8859-1,utf-8;q=0.7,*;q=0.7", "Accept": "text/html,application/xhtml+xml,application/xml;q=0.9,*/*;q=0.8", "Accept-Encoding": "gzip, deflate", "Accept-Language": "en-us,en;q=0.5"}}, {"format_id": "18", "url": "https://r7---sn-ipoxu-u2x6.googlevideo.com/videoplayback?expire=1610392486&ei=Rk_8X-DxIovLrQTkyrmQDQ&ip=220.129.26.102&id=o-AFzqA3ctM2TJnUaTOX3-kb_pFKDGV1TKvhn240WxpNZy&itag=18&source=youtube&requiressl=yes&mh=0D&mm=31%2C29&mn=sn-ipoxu-u2x6%2Csn-un57en7e&ms=au%2Crdu&mv=m&mvi=7&pl=21&initcwndbps=1057500&vprv=1&mime=video%2Fmp4&ns=ILsnS11PdyFJkC1q_cjPXQIF&gir=yes&clen=21822765&ratebypass=yes&dur=292.478&lmt=1577816933407582&mt=1610370516&fvip=4&c=WEB&txp=5531432&n=0WRHLK6LvPWPl_&sparams=expire%2Cei%2Cip%2Cid%2Citag%2Csource%2Crequiressl%2Cvprv%2Cmime%2Cns%2Cgir%2Cclen%2Cratebypass%2Cdur%2Clmt&sig=AOq0QJ8wRgIhAPIJWGLqW34QtP0K3xCiyu6Y_mg8hbizbxreQdX8Raw6AiEAuo-vAiYMbs8rXIMmva3tJwlIJJ8fvEUPXlbLwtMQhWY%3D&lsparams=mh%2Cmm%2Cmn%2Cms%2Cmv%2Cmvi%2Cpl%2Cinitcwndbps&lsig=AG3C_xAwRAIgQ6EGuyrMiYbG5fXRjLXTzEn0y7aI_RBt7uCHg0Fgs1cCIHl8kz-lEzT3tVJmlsmpHhaqGZl_dbBttC8zfZ3eG-BN", "player_url": null, "ext": "mp4", "width": 640, "height": 360, "acodec": "mp4a.40.2", "abr": 96, "vcodec": "avc1.42001E", "asr": 44100, "filesize": 21822765, "format_note": "360p", "fps": 30, "tbr": 597.015, "format": "18 - 640x360 (360p)", "protocol": "https", "http_headers": {"User-Agent": "Mozilla/5.0 (Windows NT 10.0; Win64; x64) AppleWebKit/537.36 (KHTML, like Gecko) Chrome/73.0.3683.38 Safari/537.36", "Accept-Charset": "ISO-8859-1,utf-8;q=0.7,*;q=0.7", "Accept": "text/html,application/xhtml+xml,application/xml;q=0.9,*/*;q=0.8", "Accept-Encoding": "gzip, deflate", "Accept-Language": "en-us,en;q=0.5"}}], "is_live": null, "start_time": null, "end_time": null, "series": null, "season_number": null, "episode_number": null, "track": null, "artist": null, "album": null, "release_date": null, "release_year": null, "extractor": "youtube", "webpage_url_basename": "watch", "extractor_key": "Youtube", "playlist": null, "playlist_index": null, "thumbnail": "https://i.ytimg.com/vi_webp/tfuul78deOs/maxresdefault.webp", "display_id": "tfuul78deOs", "requested_subtitles": null, "format_id": "251", "url": "https://r7---sn-ipoxu-u2x6.googlevideo.com/videoplayback?expire=1610392486&ei=Rk_8X-DxIovLrQTkyrmQDQ&ip=220.129.26.102&id=o-AFzqA3ctM2TJnUaTOX3-kb_pFKDGV1TKvhn240WxpNZy&itag=251&source=youtube&requiressl=yes&mh=0D&mm=31%2C29&mn=sn-ipoxu-u2x6%2Csn-un57en7e&ms=au%2Crdu&mv=m&mvi=7&pl=21&initcwndbps=1057500&vprv=1&mime=audio%2Fwebm&ns=E3jh6GNJRED8DKoUMBcf-JYF&gir=yes&clen=5650772&dur=292.441&lmt=1577817442633307&mt=1610370516&fvip=4&keepalive=yes&c=WEB&txp=5531432&n=enJUVSVupMiIUG&sparams=expire%2Cei%2Cip%2Cid%2Citag%2Csource%2Crequiressl%2Cvprv%2Cmime%2Cns%2Cgir%2Cclen%2Cdur%2Clmt&sig=AOq0QJ8wRgIhANj_geeOEW7fWfU2RtETspus6slTqrW7AyZbr93sM7QTAiEApPOTZRTciJdpV_fbgB4eWwZXWXZ-5EwOisDQyg1jveM%3D&lsparams=mh%2Cmm%2Cmn%2Cms%2Cmv%2Cmvi%2Cpl%2Cinitcwndbps&lsig=AG3C_xAwRAIgQ6EGuyrMiYbG5fXRjLXTzEn0y7aI_RBt7uCHg0Fgs1cCIHl8kz-lEzT3tVJmlsmpHhaqGZl_dbBttC8zfZ3eG-BN&ratebypass=yes", "player_url": null, "ext": "webm", "format_note": "tiny", "acodec": "opus", "abr": 160, "asr": 48000, "filesize": 5650772, "fps": null, "height": null, "tbr": 164.317, "width": null, "vcodec": "none", "downloader_options": {"http_chunk_size": 10485760}, "format": "251 - audio only (tiny)", "protocol": "https", "http_headers": {"User-Agent": "Mozilla/5.0 (Windows NT 10.0; Win64; x64) AppleWebKit/537.36 (KHTML, like Gecko) Chrome/73.0.3683.38 Safari/537.36", "Accept-Charset": "ISO-8859-1,utf-8;q=0.7,*;q=0.7", "Accept": "text/html,application/xhtml+xml,application/xml;q=0.9,*/*;q=0.8", "Accept-Encoding": "gzip, deflate", "Accept-Language": "en-us,en;q=0.5"}}