{"id": "-13m8jlAJu8", "uploader": "Epidemic Relax", "uploader_id": "UCx7SnEbCAGzBtxqvBvSIAWA", "uploader_url": "http://www.youtube.com/channel/UCx7SnEbCAGzBtxqvBvSIAWA", "channel_id": "UCx7SnEbCAGzBtxqvBvSIAWA", "channel_url": "http://www.youtube.com/channel/UCx7SnEbCAGzBtxqvBvSIAWA", "upload_date": "20200717", "license": null, "creator": "Megan Wofford", "title": "Megan Wofford - An Elevation", "alt_title": "An Elevation", "thumbnails": [{"url": "https://i.ytimg.com/vi/-13m8jlAJu8/hqdefault.jpg?sqp=-oaymwEYCKgBEF5IVfKriqkDCwgBFQAAiEIYAXAB&rs=AOn4CLBnitiPE3BTWrjQDS35AlxzJDImQA", "width": 168, "height": 94, "resolution": "168x94", "id": "0"}, {"url": "https://i.ytimg.com/vi/-13m8jlAJu8/hqdefault.jpg?sqp=-oaymwEYCMQBEG5IVfKriqkDCwgBFQAAiEIYAXAB&rs=AOn4CLA-KlJEMkwdoMc-0T2I4fGRCEgINQ", "width": 196, "height": 110, "resolution": "196x110", "id": "1"}, {"url": "https://i.ytimg.com/vi/-13m8jlAJu8/hqdefault.jpg?sqp=-oaymwEZCPYBEIoBSFXyq4qpAwsIARUAAIhCGAFwAQ==&rs=AOn4CLCgVq9Wg8BJ9XSY1c4KTMS2pj-Rpw", "width": 246, "height": 138, "resolution": "246x138", "id": "2"}, {"url": "https://i.ytimg.com/vi/-13m8jlAJu8/hqdefault.jpg?sqp=-oaymwEZCNACELwBSFXyq4qpAwsIARUAAIhCGAFwAQ==&rs=AOn4CLBF-xXRgQ_j6oWULHashdjmlFefog", "width": 336, "height": 188, "resolution": "336x188", "id": "3"}, {"url": "https://i.ytimg.com/vi_webp/-13m8jlAJu8/maxresdefault.webp", "width": 1920, "height": 1080, "resolution": "1920x1080", "id": "4"}], "description": "Listen to our relaxing playlist: https://www.youtube.com/playlist?list=PL42LpDafHrkiDecHF1w46WUXsucok2gJc\nSubscribe for more relaxing music! \ud83c\udfb6\n\nListen to Epidemic Relax on Spotify: link.epidemicsound.com/Relax-Playlist\n\n\nBe a part of our community and discover new music: http://link.epidemicsound.com/RelaxNews\n\nSubscribe for more relaxing music! \ud83c\udfb6\n\nFollow Megan Wofford on Instagram: https://www.instagram.com/meganwoffordmusic/\n\n\ud83c\udfb6 Use this track in your videos: https://www.epidemicsound.com/creator-subscription/?utm_source=YT_ES&utm_medium=organic&_us=YT_ES&_usx=VideoDesc&utm_campaign=VideoDescEpidemicRelax\n\n\ud83c\udfb6 Download the track of the month: http://link.epidemicsound.com/relax-freetrack\n\n#epidemicrelax #ESmusic", "categories": ["Music"], "tags": ["Focus relax music music for studying music for relaxing sleep music sentimental music restless", "ambient", "calm", "pacific", "peaceful", "placid", "quiet", "serene", "tranquil", "calming", "comforting", "dreamy", "lulling", "pacifying", "quieting", "relaxing", "hypnotic", "antistress"], "subtitles": {}, "automatic_captions": {}, "duration": 174, "age_limit": 0, "annotations": null, "chapters": null, "webpage_url": "https://www.youtube.com/watch?v=-13m8jlAJu8", "view_count": 1456, "like_count": 68, "dislike_count": null, "average_rating": 5.0, "formats": [{"format_id": "249", "url": "https://r7---sn-ipoxu-u2x6.googlevideo.com/videoplayback?expire=1610368144&ei=MPD7X8-TK4vLrQTkyrmQDQ&ip=220.129.26.102&id=o-AC3O72Csj257N-AG0FVemixfsUkEDVF_zzWoemev_N87&itag=249&source=youtube&requiressl=yes&mh=g1&mm=31%2C29&mn=sn-ipoxu-u2x6%2Csn-un57en7l&ms=au%2Crdu&mv=m&mvi=7&pl=21&initcwndbps=737500&vprv=1&mime=audio%2Fwebm&ns=k1qYUOUNfP2QlibM4vfDdvIF&gir=yes&clen=1258710&dur=173.641&lmt=1605383644448729&mt=1610345794&fvip=1&keepalive=yes&c=WEB&txp=1311224&n=4MSK9PFTjjyaH6&sparams=expire%2Cei%2Cip%2Cid%2Citag%2Csource%2Crequiressl%2Cvprv%2Cmime%2Cns%2Cgir%2Cclen%2Cdur%2Clmt&lsparams=mh%2Cmm%2Cmn%2Cms%2Cmv%2Cmvi%2Cpl%2Cinitcwndbps&lsig=AG3C_xAwRQIhAKCYonz6oz4euZouvs-cV48bTHRjcB6kbc1m_7b1AWqCAiB2eQH9gDOdmaKj9pKE3GXgcJZX14sbL4Epy_9QmDEGgQ%3D%3D&sig=AOq0QJ8wRAIgUqvwiQ2dhSWw1Ysp43LrktQq9iz1bW3cRnbbUhKQy9sCIDN2AOfKCrmSqUPXIsdMBSbhruxW6_VKRs2PjU0JJpH8&ratebypass=yes", "player_url": "/s/player/9f996d3e/player_ias.vflset/en_US/base.js", "ext": "webm", "format_note": "tiny", "acodec": "opus", "abr": 50, "asr": 48000, "filesize": 1258710, "fps": null, "height": null, "tbr": 63.006, "width": null, "vcodec": "none", "downloader_options": {"http_chunk_size": 10485760}, "format": "249 - audio only (tiny)", "protocol": "https", "http_headers": {"User-Agent": "Mozilla/5.0 (Windows NT 10.0; Win64; x64) AppleWebKit/537.36 (KHTML, like Gecko) Chrome/71.0.3557.2 Safari/537.36", "Accept-Charset": "ISO-8859-1,utf-8;q=0.7,*;q=0.7", "Accept": "text/html,application/xhtml+xml,application/xml;q=0.9,*/*;q=0.8", "Accept-Encoding": "gzip, deflate", "Accept-Language": "en-us,en;q=0.5"}}, {"format_id": "250", "url": "https://r7---sn-ipoxu-u2x6.googlevideo.com/videoplayback?expire=1610368144&ei=MPD7X8-TK4vLrQTkyrmQDQ&ip=220.129.26.102&id=o-AC3O72Csj257N-AG0FVemixfsUkEDVF_zzWoemev_N87&itag=250&source=youtube&requiressl=yes&mh=g1&mm=31%2C29&mn=sn-ipoxu-u2x6%2Csn-un57en7l&ms=au%2Crdu&mv=m&mvi=7&pl=21&initcwndbps=737500&vprv=1&mime=audio%2Fwebm&ns=k1qYUOUNfP2QlibM4vfDdvIF&gir=yes&clen=1660955&dur=173.641&lmt=1605383779682694&mt=1610345794&fvip=1&keepalive=yes&c=WEB&txp=1311224&n=4MSK9PFTjjyaH6&sparams=expire%2Cei%2Cip%2Cid%2Citag%2Csource%2Crequiressl%2Cvprv%2Cmime%2Cns%2Cgir%2Cclen%2Cdur%2Clmt&lsparams=mh%2Cmm%2Cmn%2Cms%2Cmv%2Cmvi%2Cpl%2Cinitcwndbps&lsig=AG3C_xAwRAIgVoRjNeX1v9TTxH9pR_pcT8LvwWhk-bBY1-ao1AJMy60CIGTNHWaBS4QGdKkctxLArrn_ks7Wk29PvmXKjdPoWPAw&sig=AOq0QJ8wRgIhAIlDNgzJZK347U0Iire17gZR57PWUi96vJVe0Y_6l3UoAiEA-130NIOzy1ydpuG0iBPno8af91k6RA_ZiFGgovRfW3Y=&ratebypass=yes", "player_url": "/s/player/9f996d3e/player_ias.vflset/en_US/base.js", "ext": "webm", "format_note": "tiny", "acodec": "opus", "abr": 70, "asr": 48000, "filesize": 1660955, "fps": null, "height": null, "tbr": 82.305, "width": null, "vcodec": "none", "downloader_options": {"http_chunk_size": 10485760}, "format": "250 - audio only (tiny)", "protocol": "https", "http_headers": {"User-Agent": "Mozilla/5.0 (Windows NT 10.0; Win64; x64) AppleWebKit/537.36 (KHTML, like Gecko) Chrome/71.0.3557.2 Safari/537.36", "Accept-Charset": "ISO-8859-1,utf-8;q=0.7,*;q=0.7", "Accept": "text/html,application/xhtml+xml,application/xml;q=0.9,*/*;q=0.8", "Accept-Encoding": "gzip, deflate", "Accept-Language": "en-us,en;q=0.5"}}, {"format_id": "140", "url": "https://r7---sn-ipoxu-u2x6.googlevideo.com/videoplayback?expire=1610368144&ei=MPD7X8-TK4vLrQTkyrmQDQ&ip=220.129.26.102&id=o-AC3O72Csj257N-AG0FVemixfsUkEDVF_zzWoemev_N87&itag=140&source=youtube&requiressl=yes&mh=g1&mm=31%2C29&mn=sn-ipoxu-u2x6%2Csn-un57en7l&ms=au%2Crdu&mv=m&mvi=7&pl=21&initcwndbps=737500&vprv=1&mime=audio%2Fmp4&ns=k1qYUOUNfP2QlibM4vfDdvIF&gir=yes&clen=2811636&dur=173.685&lmt=1605383656545719&mt=1610345794&fvip=1&keepalive=yes&c=WEB&txp=1311224&n=4MSK9PFTjjyaH6&sparams=expire%2Cei%2Cip%2Cid%2Citag%2Csource%2Crequiressl%2Cvprv%2Cmime%2Cns%2Cgir%2Cclen%2Cdur%2Clmt&lsparams=mh%2Cmm%2Cmn%2Cms%2Cmv%2Cmvi%2Cpl%2Cinitcwndbps&lsig=AG3C_xAwRAIgaQdj3a-tplU6MYXvNRQTgoxqasRKpXnbDiHN-bdDyDoCIFDWIN-Vszvs81mpbPFdWyKC3cg5EL-gKsveH8KpOXwH&sig=AOq0QJ8wRQIgHF7mmm01cjReRrvzWvWqkifCIetHSzb35orIXjGGhXgCIQCLy9AZIOIZwMos5Yz18U-FqbizDsyzJBI4EMpe-7CY7w==&ratebypass=yes", "player_url": "/s/player/9f996d3e/player_ias.vflset/en_US/base.js", "ext": "m4a", "format_note": "tiny", "acodec": "mp4a.40.2", "abr": 128, "container": "m4a_dash", "asr": 44100, "filesize": 2811636, "fps": null, "height": null, "tbr": 130.426, "width": null, "vcodec": "none", "downloader_options": {"http_chunk_size": 10485760}, "format": "140 - audio only (tiny)", "protocol": "https", "http_headers": {"User-Agent": "Mozilla/5.0 (Windows NT 10.0; Win64; x64) AppleWebKit/537.36 (KHTML, like Gecko) Chrome/71.0.3557.2 Safari/537.36", "Accept-Charset": "ISO-8859-1,utf-8;q=0.7,*;q=0.7", "Accept": "text/html,application/xhtml+xml,application/xml;q=0.9,*/*;q=0.8", "Accept-Encoding": "gzip, deflate", "Accept-Language": "en-us,en;q=0.5"}}, {"format_id": "251", "url": "https://r7---sn-ipoxu-u2x6.googlevideo.com/videoplayback?expire=1610368144&ei=MPD7X8-TK4vLrQTkyrmQDQ&ip=220.129.26.102&id=o-AC3O72Csj257N-AG0FVemixfsUkEDVF_zzWoemev_N87&itag=251&source=youtube&requiressl=yes&mh=g1&mm=31%2C29&mn=sn-ipoxu-u2x6%2Csn-un57en7l&ms=au%2Crdu&mv=m&mvi=7&pl=21&initcwndbps=737500&vprv=1&mime=audio%2Fwebm&ns=k1qYUOUNfP2QlibM4vfDdvIF&gir=yes&clen=3218797&dur=173.641&lmt=1605383701963665&mt=1610345794&fvip=1&keepalive=yes&c=WEB&txp=1311224&n=4MSK9PFTjjyaH6&sparams=expire%2Cei%2Cip%2Cid%2Citag%2Csource%2Crequiressl%2Cvprv%2Cmime%2Cns%2Cgir%2Cclen%2Cdur%2Clmt&lsparams=mh%2Cmm%2Cmn%2Cms%2Cmv%2Cmvi%2Cpl%2Cinitcwndbps&lsig=AG3C_xAwRQIhANdh70p4vOtrG3g7ct22QJuRDVJKAXO3MFojZfC13_doAiBqh3z8XUlJ08PwxjR4XxV8wUSa4i6kGmL_ALJRNb2U1Q%3D%3D&sig=AOq0QJ8wRQIgE3ELs3ZMVa8BaSc2BjXYkb9CVwy37XaWBqk0OgoF0joCIQCE7KAWsRctpYstpHa1bt374ahiU0Zx-i35VdvXra8EqQ==&ratebypass=yes", "player_url": "/s/player/9f996d3e/player_ias.vflset/en_US/base.js", "ext": "webm", "format_note": "tiny", "acodec": "opus", "abr": 160, "asr": 48000, "filesize": 3218797, "fps": null, "height": null, "tbr": 156.929, "width": null, "vcodec": "none", "downloader_options": {"http_chunk_size": 10485760}, "format": "251 - audio only (tiny)", "protocol": "https", "http_headers": {"User-Agent": "Mozilla/5.0 (Windows NT 10.0; Win64; x64) AppleWebKit/537.36 (KHTML, like Gecko) Chrome/71.0.3557.2 Safari/537.36", "Accept-Charset": "ISO-8859-1,utf-8;q=0.7,*;q=0.7", "Accept": "text/html,application/xhtml+xml,application/xml;q=0.9,*/*;q=0.8", "Accept-Encoding": "gzip, deflate", "Accept-Language": "en-us,en;q=0.5"}}, {"format_id": "160", "url": "https://r7---sn-ipoxu-u2x6.googlevideo.com/videoplayback?expire=1610368144&ei=MPD7X8-TK4vLrQTkyrmQDQ&ip=220.129.26.102&id=o-AC3O72Csj257N-AG0FVemixfsUkEDVF_zzWoemev_N87&itag=160&aitags=133%2C134%2C135%2C136%2C137%2C160%2C242%2C243%2C244%2C247%2C248%2C271%2C278%2C313&source=youtube&requiressl=yes&mh=g1&mm=31%2C29&mn=sn-ipoxu-u2x6%2Csn-un57en7l&ms=au%2Crdu&mv=m&mvi=7&pl=21&initcwndbps=737500&vprv=1&mime=video%2Fmp4&ns=k1qYUOUNfP2QlibM4vfDdvIF&gir=yes&clen=188817&dur=173.624&lmt=1605384677262280&mt=1610345794&fvip=1&keepalive=yes&c=WEB&txp=1311224&n=4MSK9PFTjjyaH6&sparams=expire%2Cei%2Cip%2Cid%2Caitags%2Csource%2Crequiressl%2Cvprv%2Cmime%2Cns%2Cgir%2Cclen%2Cdur%2Clmt&lsparams=mh%2Cmm%2Cmn%2Cms%2Cmv%2Cmvi%2Cpl%2Cinitcwndbps&lsig=AG3C_xAwRQIhAJsZ4FJaPGCQnQkI3E9pj9WjRUrg2bzWY2yNdSHGPEktAiBHwUX9egI0ymzZtcs_P_Nu2vRdzGSqzBopdFeXuruOAg%3D%3D&sig=AOq0QJ8wRQIhALsgbCOClIEWp64GcCJldSwSBTfd6MK_u3WE7UFEW6GqAiAzIlpag7dvlDNmrCVe-P2Pt_qCjElHODK1MkJqHC_GaA==&ratebypass=yes", "player_url": "/s/player/9f996d3e/player_ias.vflset/en_US/base.js", "ext": "mp4", "height": 144, "format_note": "144p", "vcodec": "avc1.4d400c", "asr": null, "filesize": 188817, "fps": 24, "tbr": 25.476, "width": 256, "acodec": "none", "downloader_options": {"http_chunk_size": 10485760}, "format": "160 - 256x144 (144p)", "protocol": "https", "http_headers": {"User-Agent": "Mozilla/5.0 (Windows NT 10.0; Win64; x64) AppleWebKit/537.36 (KHTML, like Gecko) Chrome/71.0.3557.2 Safari/537.36", "Accept-Charset": "ISO-8859-1,utf-8;q=0.7,*;q=0.7", "Accept": "text/html,application/xhtml+xml,application/xml;q=0.9,*/*;q=0.8", "Accept-Encoding": "gzip, deflate", "Accept-Language": "en-us,en;q=0.5"}}, {"format_id": "242", "url": "https://r7---sn-ipoxu-u2x6.googlevideo.com/videoplayback?expire=1610368144&ei=MPD7X8-TK4vLrQTkyrmQDQ&ip=220.129.26.102&id=o-AC3O72Csj257N-AG0FVemixfsUkEDVF_zzWoemev_N87&itag=242&aitags=133%2C134%2C135%2C136%2C137%2C160%2C242%2C243%2C244%2C247%2C248%2C271%2C278%2C313&source=youtube&requiressl=yes&mh=g1&mm=31%2C29&mn=sn-ipoxu-u2x6%2Csn-un57en7l&ms=au%2Crdu&mv=m&mvi=7&pl=21&initcwndbps=737500&vprv=1&mime=video%2Fwebm&ns=k1qYUOUNfP2QlibM4vfDdvIF&gir=yes&clen=280868&dur=173.625&lmt=1605383658204204&mt=1610345794&fvip=1&keepalive=yes&c=WEB&txp=1316224&n=4MSK9PFTjjyaH6&sparams=expire%2Cei%2Cip%2Cid%2Caitags%2Csource%2Crequiressl%2Cvprv%2Cmime%2Cns%2Cgir%2Cclen%2Cdur%2Clmt&lsparams=mh%2Cmm%2Cmn%2Cms%2Cmv%2Cmvi%2Cpl%2Cinitcwndbps&lsig=AG3C_xAwRQIhAKj2JfU0VlCPRQbBANPBbyR-zbofl8pO8q5Gpb0buX_vAiBLpLa7LJRe8_Dz_xs3Ue1ozpI4yGLWElKFnK6aGgnBOA%3D%3D&sig=AOq0QJ8wRgIhANbaRFRUqbjBVzu6uDoa5D7dBMdToq5HUqCx5shSnAIdAiEAo_vNsbNqs-pJmty-1Mmx602maZExzNNQKKA0toVZFWw=&ratebypass=yes", "player_url": "/s/player/9f996d3e/player_ias.vflset/en_US/base.js", "ext": "webm", "height": 240, "format_note": "240p", "vcodec": "vp9", "asr": null, "filesize": 280868, "fps": 24, "tbr": 28.6, "width": 426, "acodec": "none", "downloader_options": {"http_chunk_size": 10485760}, "format": "242 - 426x240 (240p)", "protocol": "https", "http_headers": {"User-Agent": "Mozilla/5.0 (Windows NT 10.0; Win64; x64) AppleWebKit/537.36 (KHTML, like Gecko) Chrome/71.0.3557.2 Safari/537.36", "Accept-Charset": "ISO-8859-1,utf-8;q=0.7,*;q=0.7", "Accept": "text/html,application/xhtml+xml,application/xml;q=0.9,*/*;q=0.8", "Accept-Encoding": "gzip, deflate", "Accept-Language": "en-us,en;q=0.5"}}, {"format_id": "278", "url": "https://r7---sn-ipoxu-u2x6.googlevideo.com/videoplayback?expire=1610368144&ei=MPD7X8-TK4vLrQTkyrmQDQ&ip=220.129.26.102&id=o-AC3O72Csj257N-AG0FVemixfsUkEDVF_zzWoemev_N87&itag=278&aitags=133%2C134%2C135%2C136%2C137%2C160%2C242%2C243%2C244%2C247%2C248%2C271%2C278%2C313&source=youtube&requiressl=yes&mh=g1&mm=31%2C29&mn=sn-ipoxu-u2x6%2Csn-un57en7l&ms=au%2Crdu&mv=m&mvi=7&pl=21&initcwndbps=737500&vprv=1&mime=video%2Fwebm&ns=k1qYUOUNfP2QlibM4vfDdvIF&gir=yes&clen=252036&dur=173.625&lmt=1605383660461591&mt=1610345794&fvip=1&keepalive=yes&c=WEB&txp=1316224&n=4MSK9PFTjjyaH6&sparams=expire%2Cei%2Cip%2Cid%2Caitags%2Csource%2Crequiressl%2Cvprv%2Cmime%2Cns%2Cgir%2Cclen%2Cdur%2Clmt&lsparams=mh%2Cmm%2Cmn%2Cms%2Cmv%2Cmvi%2Cpl%2Cinitcwndbps&lsig=AG3C_xAwRQIgCnLxPregPmxb7L8SeD2VY3Elc5q7LqT6FuHQypM92Q8CIQDb9WsEujFtCjQGlLte7I3t9G_sYQB0wLR9YSlhNaTMrA%3D%3D&sig=AOq0QJ8wRQIhANqJ4CCf2fam_BjCwSrO69vkbYv2XWqmdxe3wktWnCJiAiBQsIdRHh8QgzDwEcAEaglYF74nDZR5t9quc1bAa2OuNw==&ratebypass=yes", "player_url": "/s/player/9f996d3e/player_ias.vflset/en_US/base.js", "ext": "webm", "height": 144, "format_note": "144p", "container": "webm", "vcodec": "vp9", "asr": null, "filesize": 252036, "fps": 24, "tbr": 36.612, "width": 256, "acodec": "none", "downloader_options": {"http_chunk_size": 10485760}, "format": "278 - 256x144 (144p)", "protocol": "https", "http_headers": {"User-Agent": "Mozilla/5.0 (Windows NT 10.0; Win64; x64) AppleWebKit/537.36 (KHTML, like Gecko) Chrome/71.0.3557.2 Safari/537.36", "Accept-Charset": "ISO-8859-1,utf-8;q=0.7,*;q=0.7", "Accept": "text/html,application/xhtml+xml,application/xml;q=0.9,*/*;q=0.8", "Accept-Encoding": "gzip, deflate", "Accept-Language": "en-us,en;q=0.5"}}, {"format_id": "133", "url": "https://r7---sn-ipoxu-u2x6.googlevideo.com/videoplayback?expire=1610368144&ei=MPD7X8-TK4vLrQTkyrmQDQ&ip=220.129.26.102&id=o-AC3O72Csj257N-AG0FVemixfsUkEDVF_zzWoemev_N87&itag=133&aitags=133%2C134%2C135%2C136%2C137%2C160%2C242%2C243%2C244%2C247%2C248%2C271%2C278%2C313&source=youtube&requiressl=yes&mh=g1&mm=31%2C29&mn=sn-ipoxu-u2x6%2Csn-un57en7l&ms=au%2Crdu&mv=m&mvi=7&pl=21&initcwndbps=737500&vprv=1&mime=video%2Fmp4&ns=k1qYUOUNfP2QlibM4vfDdvIF&gir=yes&clen=290653&dur=173.624&lmt=1605384668557348&mt=1610345794&fvip=1&keepalive=yes&c=WEB&txp=1311224&n=4MSK9PFTjjyaH6&sparams=expire%2Cei%2Cip%2Cid%2Caitags%2Csource%2Crequiressl%2Cvprv%2Cmime%2Cns%2Cgir%2Cclen%2Cdur%2Clmt&lsparams=mh%2Cmm%2Cmn%2Cms%2Cmv%2Cmvi%2Cpl%2Cinitcwndbps&lsig=AG3C_xAwRQIgbbfduZFjk3ZUYfLwcYSGz-1TY3JsL8koiYTUDt08aMUCIQCnLY3w7goCK-TA66pxJRac-l2zioZqTWBhlY5dWi0OrA%3D%3D&sig=AOq0QJ8wRgIhAJb-KDN7SVwBWp5BhrUxoejtdNuqEAG_zx6BjTb2syhUAiEAvZKer5NTZS0NDyJh3o6qQHBZkQX16eySQv2hEdRpI0E=&ratebypass=yes", "player_url": "/s/player/9f996d3e/player_ias.vflset/en_US/base.js", "ext": "mp4", "height": 240, "format_note": "240p", "vcodec": "avc1.4d4015", "asr": null, "filesize": 290653, "fps": 24, "tbr": 39.251, "width": 426, "acodec": "none", "downloader_options": {"http_chunk_size": 10485760}, "format": "133 - 426x240 (240p)", "protocol": "https", "http_headers": {"User-Agent": "Mozilla/5.0 (Windows NT 10.0; Win64; x64) AppleWebKit/537.36 (KHTML, like Gecko) Chrome/71.0.3557.2 Safari/537.36", "Accept-Charset": "ISO-8859-1,utf-8;q=0.7,*;q=0.7", "Accept": "text/html,application/xhtml+xml,application/xml;q=0.9,*/*;q=0.8", "Accept-Encoding": "gzip, deflate", "Accept-Language": "en-us,en;q=0.5"}}, {"format_id": "243", "url": "https://r7---sn-ipoxu-u2x6.googlevideo.com/videoplayback?expire=1610368144&ei=MPD7X8-TK4vLrQTkyrmQDQ&ip=220.129.26.102&id=o-AC3O72Csj257N-AG0FVemixfsUkEDVF_zzWoemev_N87&itag=243&aitags=133%2C134%2C135%2C136%2C137%2C160%2C242%2C243%2C244%2C247%2C248%2C271%2C278%2C313&source=youtube&requiressl=yes&mh=g1&mm=31%2C29&mn=sn-ipoxu-u2x6%2Csn-un57en7l&ms=au%2Crdu&mv=m&mvi=7&pl=21&initcwndbps=737500&vprv=1&mime=video%2Fwebm&ns=k1qYUOUNfP2QlibM4vfDdvIF&gir=yes&clen=399390&dur=173.625&lmt=1605383658103131&mt=1610345794&fvip=1&keepalive=yes&c=WEB&txp=1316224&n=4MSK9PFTjjyaH6&sparams=expire%2Cei%2Cip%2Cid%2Caitags%2Csource%2Crequiressl%2Cvprv%2Cmime%2Cns%2Cgir%2Cclen%2Cdur%2Clmt&lsparams=mh%2Cmm%2Cmn%2Cms%2Cmv%2Cmvi%2Cpl%2Cinitcwndbps&lsig=AG3C_xAwRQIgcXnpQ2596Pdatj5HXxQwNvolzASdB6W-Yq0x0WqvUccCIQDBNocB9r6ht9HwCDtb18QZtBLHeC-QfMARG7gvuP_BPQ%3D%3D&sig=AOq0QJ8wRAIgEvVUx7Zma7sdl0UteocTGpxlIEjOn16riRVNqw-f224CIG4TuR10gx_E8BLTjWey6sPLOWCLt7Vkc7T12ztmcCQM&ratebypass=yes", "player_url": "/s/player/9f996d3e/player_ias.vflset/en_US/base.js", "ext": "webm", "height": 360, "format_note": "360p", "vcodec": "vp9", "asr": null, "filesize": 399390, "fps": 24, "tbr": 39.857, "width": 640, "acodec": "none", "downloader_options": {"http_chunk_size": 10485760}, "format": "243 - 640x360 (360p)", "protocol": "https", "http_headers": {"User-Agent": "Mozilla/5.0 (Windows NT 10.0; Win64; x64) AppleWebKit/537.36 (KHTML, like Gecko) Chrome/71.0.3557.2 Safari/537.36", "Accept-Charset": "ISO-8859-1,utf-8;q=0.7,*;q=0.7", "Accept": "text/html,application/xhtml+xml,application/xml;q=0.9,*/*;q=0.8", "Accept-Encoding": "gzip, deflate", "Accept-Language": "en-us,en;q=0.5"}}, {"format_id": "244", "url": "https://r7---sn-ipoxu-u2x6.googlevideo.com/videoplayback?expire=1610368144&ei=MPD7X8-TK4vLrQTkyrmQDQ&ip=220.129.26.102&id=o-AC3O72Csj257N-AG0FVemixfsUkEDVF_zzWoemev_N87&itag=244&aitags=133%2C134%2C135%2C136%2C137%2C160%2C242%2C243%2C244%2C247%2C248%2C271%2C278%2C313&source=youtube&requiressl=yes&mh=g1&mm=31%2C29&mn=sn-ipoxu-u2x6%2Csn-un57en7l&ms=au%2Crdu&mv=m&mvi=7&pl=21&initcwndbps=737500&vprv=1&mime=video%2Fwebm&ns=k1qYUOUNfP2QlibM4vfDdvIF&gir=yes&clen=544113&dur=173.625&lmt=1605383659167861&mt=1610345794&fvip=1&keepalive=yes&c=WEB&txp=1316224&n=4MSK9PFTjjyaH6&sparams=expire%2Cei%2Cip%2Cid%2Caitags%2Csource%2Crequiressl%2Cvprv%2Cmime%2Cns%2Cgir%2Cclen%2Cdur%2Clmt&lsparams=mh%2Cmm%2Cmn%2Cms%2Cmv%2Cmvi%2Cpl%2Cinitcwndbps&lsig=AG3C_xAwRQIhAJtxzAFwQtPtbInQFvpO5GVyp_rveyC7noSlFBAOzOpfAiAPRMf_Q10Uy9IIEX9ySTg8q4l30yIo5wlA4t-96vsqKA%3D%3D&sig=AOq0QJ8wRQIhANzrJFzcKK8CMtA1Wf1Qc-939eZ8fkL4CDpwUMfud_WvAiBkQrDCuspqttiOXDvUYeghea2UAvvNaqXjcnd4xdTGCA==&ratebypass=yes", "player_url": "/s/player/9f996d3e/player_ias.vflset/en_US/base.js", "ext": "webm", "height": 480, "format_note": "480p", "vcodec": "vp9", "asr": null, "filesize": 544113, "fps": 24, "tbr": 52.428, "width": 854, "acodec": "none", "downloader_options": {"http_chunk_size": 10485760}, "format": "244 - 854x480 (480p)", "protocol": "https", "http_headers": {"User-Agent": "Mozilla/5.0 (Windows NT 10.0; Win64; x64) AppleWebKit/537.36 (KHTML, like Gecko) Chrome/71.0.3557.2 Safari/537.36", "Accept-Charset": "ISO-8859-1,utf-8;q=0.7,*;q=0.7", "Accept": "text/html,application/xhtml+xml,application/xml;q=0.9,*/*;q=0.8", "Accept-Encoding": "gzip, deflate", "Accept-Language": "en-us,en;q=0.5"}}, {"format_id": "134", "url": "https://r7---sn-ipoxu-u2x6.googlevideo.com/videoplayback?expire=1610368144&ei=MPD7X8-TK4vLrQTkyrmQDQ&ip=220.129.26.102&id=o-AC3O72Csj257N-AG0FVemixfsUkEDVF_zzWoemev_N87&itag=134&aitags=133%2C134%2C135%2C136%2C137%2C160%2C242%2C243%2C244%2C247%2C248%2C271%2C278%2C313&source=youtube&requiressl=yes&mh=g1&mm=31%2C29&mn=sn-ipoxu-u2x6%2Csn-un57en7l&ms=au%2Crdu&mv=m&mvi=7&pl=21&initcwndbps=737500&vprv=1&mime=video%2Fmp4&ns=k1qYUOUNfP2QlibM4vfDdvIF&gir=yes&clen=423489&dur=173.624&lmt=1605384745970704&mt=1610345794&fvip=1&keepalive=yes&c=WEB&txp=1311224&n=4MSK9PFTjjyaH6&sparams=expire%2Cei%2Cip%2Cid%2Caitags%2Csource%2Crequiressl%2Cvprv%2Cmime%2Cns%2Cgir%2Cclen%2Cdur%2Clmt&lsparams=mh%2Cmm%2Cmn%2Cms%2Cmv%2Cmvi%2Cpl%2Cinitcwndbps&lsig=AG3C_xAwRQIhAI0cUvAAZKMCzr-NUhdlAzOW3OOvuMQaAjHEut1zqEPhAiAklWBmte6gxYAyqHSvDPULLjZn2R2goR0ckS3VTcmBmg%3D%3D&sig=AOq0QJ8wRQIgevvA_jGUOPS1RYKVFY9NJPLs0P4zVL6Um5M7mPB36jcCIQD3XjKZvTDVfg3m_77RBNLnJ0CQ2fU2acPxL0uljipzvQ==&ratebypass=yes", "player_url": "/s/player/9f996d3e/player_ias.vflset/en_US/base.js", "ext": "mp4", "height": 360, "format_note": "360p", "vcodec": "avc1.4d401e", "asr": null, "filesize": 423489, "fps": 24, "tbr": 54.265, "width": 640, "acodec": "none", "downloader_options": {"http_chunk_size": 10485760}, "format": "134 - 640x360 (360p)", "protocol": "https", "http_headers": {"User-Agent": "Mozilla/5.0 (Windows NT 10.0; Win64; x64) AppleWebKit/537.36 (KHTML, like Gecko) Chrome/71.0.3557.2 Safari/537.36", "Accept-Charset": "ISO-8859-1,utf-8;q=0.7,*;q=0.7", "Accept": "text/html,application/xhtml+xml,application/xml;q=0.9,*/*;q=0.8", "Accept-Encoding": "gzip, deflate", "Accept-Language": "en-us,en;q=0.5"}}, {"format_id": "135", "url": "https://r7---sn-ipoxu-u2x6.googlevideo.com/videoplayback?expire=1610368144&ei=MPD7X8-TK4vLrQTkyrmQDQ&ip=220.129.26.102&id=o-AC3O72Csj257N-AG0FVemixfsUkEDVF_zzWoemev_N87&itag=135&aitags=133%2C134%2C135%2C136%2C137%2C160%2C242%2C243%2C244%2C247%2C248%2C271%2C278%2C313&source=youtube&requiressl=yes&mh=g1&mm=31%2C29&mn=sn-ipoxu-u2x6%2Csn-un57en7l&ms=au%2Crdu&mv=m&mvi=7&pl=21&initcwndbps=737500&vprv=1&mime=video%2Fmp4&ns=k1qYUOUNfP2QlibM4vfDdvIF&gir=yes&clen=746861&dur=173.624&lmt=1605384668691004&mt=1610345794&fvip=1&keepalive=yes&c=WEB&txp=1311224&n=4MSK9PFTjjyaH6&sparams=expire%2Cei%2Cip%2Cid%2Caitags%2Csource%2Crequiressl%2Cvprv%2Cmime%2Cns%2Cgir%2Cclen%2Cdur%2Clmt&lsparams=mh%2Cmm%2Cmn%2Cms%2Cmv%2Cmvi%2Cpl%2Cinitcwndbps&lsig=AG3C_xAwRgIhAIjhRb1FOgs52qSVIe1Q86FWv8GSaFbGV_BJMrWjfdeSAiEAm0b7FwqlmCppGqJ1Pew81DQK4runJvPTRlPyRTpOAQA%3D&sig=AOq0QJ8wRQIgWeBaE4J-iPFBByvdCWDkqxfbSdX5E3xRPfkN6yYoMK4CIQDx_hAsmVWGbBFfLguj4RSeFPaAUlUNq0NJzropCerX9g==&ratebypass=yes", "player_url": "/s/player/9f996d3e/player_ias.vflset/en_US/base.js", "ext": "mp4", "height": 480, "format_note": "480p", "vcodec": "avc1.4d401e", "asr": null, "filesize": 746861, "fps": 24, "tbr": 86.459, "width": 854, "acodec": "none", "downloader_options": {"http_chunk_size": 10485760}, "format": "135 - 854x480 (480p)", "protocol": "https", "http_headers": {"User-Agent": "Mozilla/5.0 (Windows NT 10.0; Win64; x64) AppleWebKit/537.36 (KHTML, like Gecko) Chrome/71.0.3557.2 Safari/537.36", "Accept-Charset": "ISO-8859-1,utf-8;q=0.7,*;q=0.7", "Accept": "text/html,application/xhtml+xml,application/xml;q=0.9,*/*;q=0.8", "Accept-Encoding": "gzip, deflate", "Accept-Language": "en-us,en;q=0.5"}}, {"format_id": "247", "url": "https://r7---sn-ipoxu-u2x6.googlevideo.com/videoplayback?expire=1610368144&ei=MPD7X8-TK4vLrQTkyrmQDQ&ip=220.129.26.102&id=o-AC3O72Csj257N-AG0FVemixfsUkEDVF_zzWoemev_N87&itag=247&aitags=133%2C134%2C135%2C136%2C137%2C160%2C242%2C243%2C244%2C247%2C248%2C271%2C278%2C313&source=youtube&requiressl=yes&mh=g1&mm=31%2C29&mn=sn-ipoxu-u2x6%2Csn-un57en7l&ms=au%2Crdu&mv=m&mvi=7&pl=21&initcwndbps=737500&vprv=1&mime=video%2Fwebm&ns=k1qYUOUNfP2QlibM4vfDdvIF&gir=yes&clen=926526&dur=173.625&lmt=1605383657874899&mt=1610345794&fvip=1&keepalive=yes&c=WEB&txp=1316224&n=4MSK9PFTjjyaH6&sparams=expire%2Cei%2Cip%2Cid%2Caitags%2Csource%2Crequiressl%2Cvprv%2Cmime%2Cns%2Cgir%2Cclen%2Cdur%2Clmt&lsparams=mh%2Cmm%2Cmn%2Cms%2Cmv%2Cmvi%2Cpl%2Cinitcwndbps&lsig=AG3C_xAwRgIhANj89ljekrDCBOFKLpY4tGs_vUIxfal7E1VQtA6nPWjzAiEAgQ4OZUnn0l2NYpGqaKw2hfGlBZ3h5wnxNXP09DyuH3Y%3D&sig=AOq0QJ8wRgIhAO_iJKHxUiIJjbkN3uRdby_8PIiUO5dp7TuVQM3z9zLXAiEA7rTnIQKaqpZT--1QDwMNDC45MDe2RAGEwXycE6rDPyc=&ratebypass=yes", "player_url": "/s/player/9f996d3e/player_ias.vflset/en_US/base.js", "ext": "webm", "height": 720, "format_note": "720p", "vcodec": "vp9", "asr": null, "filesize": 926526, "fps": 24, "tbr": 90.772, "width": 1280, "acodec": "none", "downloader_options": {"http_chunk_size": 10485760}, "format": "247 - 1280x720 (720p)", "protocol": "https", "http_headers": {"User-Agent": "Mozilla/5.0 (Windows NT 10.0; Win64; x64) AppleWebKit/537.36 (KHTML, like Gecko) Chrome/71.0.3557.2 Safari/537.36", "Accept-Charset": "ISO-8859-1,utf-8;q=0.7,*;q=0.7", "Accept": "text/html,application/xhtml+xml,application/xml;q=0.9,*/*;q=0.8", "Accept-Encoding": "gzip, deflate", "Accept-Language": "en-us,en;q=0.5"}}, {"format_id": "248", "url": "https://r7---sn-ipoxu-u2x6.googlevideo.com/videoplayback?expire=1610368144&ei=MPD7X8-TK4vLrQTkyrmQDQ&ip=220.129.26.102&id=o-AC3O72Csj257N-AG0FVemixfsUkEDVF_zzWoemev_N87&itag=248&aitags=133%2C134%2C135%2C136%2C137%2C160%2C242%2C243%2C244%2C247%2C248%2C271%2C278%2C313&source=youtube&requiressl=yes&mh=g1&mm=31%2C29&mn=sn-ipoxu-u2x6%2Csn-un57en7l&ms=au%2Crdu&mv=m&mvi=7&pl=21&initcwndbps=737500&vprv=1&mime=video%2Fwebm&ns=k1qYUOUNfP2QlibM4vfDdvIF&gir=yes&clen=1174681&dur=173.625&lmt=1605383670633362&mt=1610345794&fvip=1&keepalive=yes&c=WEB&txp=1316224&n=4MSK9PFTjjyaH6&sparams=expire%2Cei%2Cip%2Cid%2Caitags%2Csource%2Crequiressl%2Cvprv%2Cmime%2Cns%2Cgir%2Cclen%2Cdur%2Clmt&lsparams=mh%2Cmm%2Cmn%2Cms%2Cmv%2Cmvi%2Cpl%2Cinitcwndbps&lsig=AG3C_xAwRgIhAO16PJ_JZqBaxen6s0gvna4XondW16P3LJDKzqVME9e3AiEA1ijYSDjrDkQLmL8znHz0yIgSGLxuLnwftFbIyKCZ_hc%3D&sig=AOq0QJ8wRAIgeDSidm_ZIhOr0XeNGiiwni6ht8q7P-dBqlHuIf4EsrYCIEMTjqraURBLzfWwq5zOm2mdWMtHIa0e8GxhVN4iGPu_&ratebypass=yes", "player_url": "/s/player/9f996d3e/player_ias.vflset/en_US/base.js", "ext": "webm", "height": 1080, "format_note": "1080p", "vcodec": "vp9", "asr": null, "filesize": 1174681, "fps": 24, "tbr": 110.808, "width": 1920, "acodec": "none", "downloader_options": {"http_chunk_size": 10485760}, "format": "248 - 1920x1080 (1080p)", "protocol": "https", "http_headers": {"User-Agent": "Mozilla/5.0 (Windows NT 10.0; Win64; x64) AppleWebKit/537.36 (KHTML, like Gecko) Chrome/71.0.3557.2 Safari/537.36", "Accept-Charset": "ISO-8859-1,utf-8;q=0.7,*;q=0.7", "Accept": "text/html,application/xhtml+xml,application/xml;q=0.9,*/*;q=0.8", "Accept-Encoding": "gzip, deflate", "Accept-Language": "en-us,en;q=0.5"}}, {"format_id": "136", "url": "https://r7---sn-ipoxu-u2x6.googlevideo.com/videoplayback?expire=1610368144&ei=MPD7X8-TK4vLrQTkyrmQDQ&ip=220.129.26.102&id=o-AC3O72Csj257N-AG0FVemixfsUkEDVF_zzWoemev_N87&itag=136&aitags=133%2C134%2C135%2C136%2C137%2C160%2C242%2C243%2C244%2C247%2C248%2C271%2C278%2C313&source=youtube&requiressl=yes&mh=g1&mm=31%2C29&mn=sn-ipoxu-u2x6%2Csn-un57en7l&ms=au%2Crdu&mv=m&mvi=7&pl=21&initcwndbps=737500&vprv=1&mime=video%2Fmp4&ns=k1qYUOUNfP2QlibM4vfDdvIF&gir=yes&clen=1472339&dur=173.624&lmt=1605384672780478&mt=1610345794&fvip=1&keepalive=yes&c=WEB&txp=1311224&n=4MSK9PFTjjyaH6&sparams=expire%2Cei%2Cip%2Cid%2Caitags%2Csource%2Crequiressl%2Cvprv%2Cmime%2Cns%2Cgir%2Cclen%2Cdur%2Clmt&lsparams=mh%2Cmm%2Cmn%2Cms%2Cmv%2Cmvi%2Cpl%2Cinitcwndbps&lsig=AG3C_xAwRQIhAO-m-3N8b3mqWT_F_CXRPUy5Jnipnca9tx0Zmoe4XPETAiAAh-lgJ85XakdLWjFScMsXG1N8xzeKngTkIgJ_KDfieg%3D%3D&sig=AOq0QJ8wRQIgXpN4wbaPzgcc7Ry-cXxd4zsakKbkdGiQzLDMQ5_50GACIQCG4XpSchRtU5W-7RTbepRqdNcGJ1wHmu7eoOmL0ZY_hg==&ratebypass=yes", "player_url": "/s/player/9f996d3e/player_ias.vflset/en_US/base.js", "ext": "mp4", "height": 720, "format_note": "720p", "vcodec": "avc1.4d401f", "asr": null, "filesize": 1472339, "fps": 24, "tbr": 145.786, "width": 1280, "acodec": "none", "downloader_options": {"http_chunk_size": 10485760}, "format": "136 - 1280x720 (720p)", "protocol": "https", "http_headers": {"User-Agent": "Mozilla/5.0 (Windows NT 10.0; Win64; x64) AppleWebKit/537.36 (KHTML, like Gecko) Chrome/71.0.3557.2 Safari/537.36", "Accept-Charset": "ISO-8859-1,utf-8;q=0.7,*;q=0.7", "Accept": "text/html,application/xhtml+xml,application/xml;q=0.9,*/*;q=0.8", "Accept-Encoding": "gzip, deflate", "Accept-Language": "en-us,en;q=0.5"}}, {"format_id": "271", "url": "https://r7---sn-ipoxu-u2x6.googlevideo.com/videoplayback?expire=1610368144&ei=MPD7X8-TK4vLrQTkyrmQDQ&ip=220.129.26.102&id=o-AC3O72Csj257N-AG0FVemixfsUkEDVF_zzWoemev_N87&itag=271&aitags=133%2C134%2C135%2C136%2C137%2C160%2C242%2C243%2C244%2C247%2C248%2C271%2C278%2C313&source=youtube&requiressl=yes&mh=g1&mm=31%2C29&mn=sn-ipoxu-u2x6%2Csn-un57en7l&ms=au%2Crdu&mv=m&mvi=7&pl=21&initcwndbps=737500&vprv=1&mime=video%2Fwebm&ns=k1qYUOUNfP2QlibM4vfDdvIF&gir=yes&clen=2278830&dur=173.625&lmt=1605383653047265&mt=1610345794&fvip=1&keepalive=yes&c=WEB&txp=1316224&n=4MSK9PFTjjyaH6&sparams=expire%2Cei%2Cip%2Cid%2Caitags%2Csource%2Crequiressl%2Cvprv%2Cmime%2Cns%2Cgir%2Cclen%2Cdur%2Clmt&lsparams=mh%2Cmm%2Cmn%2Cms%2Cmv%2Cmvi%2Cpl%2Cinitcwndbps&lsig=AG3C_xAwQwIfG8_OurmkFKyvFHFlCw6q-BTDrWL7sMN_nb3EhTjJYgIgB4GTHRRjJlWRoZtF2Jq3HZZ26yElQLxZbk0rCgvhzy4%3D&sig=AOq0QJ8wRAIgFvhNvWGjZgvkioa_GkAZKWE4aq2wyoCC1hJvq6slMQECIFUcCznvuiaRbQ4W0id7FAN9x0JUB7FjCOU801V3FUOM&ratebypass=yes", "player_url": "/s/player/9f996d3e/player_ias.vflset/en_US/base.js", "ext": "webm", "height": 1440, "format_note": "1440p", "vcodec": "vp9", "asr": null, "filesize": 2278830, "fps": 24, "tbr": 250.856, "width": 2560, "acodec": "none", "downloader_options": {"http_chunk_size": 10485760}, "format": "271 - 2560x1440 (1440p)", "protocol": "https", "http_headers": {"User-Agent": "Mozilla/5.0 (Windows NT 10.0; Win64; x64) AppleWebKit/537.36 (KHTML, like Gecko) Chrome/71.0.3557.2 Safari/537.36", "Accept-Charset": "ISO-8859-1,utf-8;q=0.7,*;q=0.7", "Accept": "text/html,application/xhtml+xml,application/xml;q=0.9,*/*;q=0.8", "Accept-Encoding": "gzip, deflate", "Accept-Language": "en-us,en;q=0.5"}}, {"format_id": "137", "url": "https://r7---sn-ipoxu-u2x6.googlevideo.com/videoplayback?expire=1610368144&ei=MPD7X8-TK4vLrQTkyrmQDQ&ip=220.129.26.102&id=o-AC3O72Csj257N-AG0FVemixfsUkEDVF_zzWoemev_N87&itag=137&aitags=133%2C134%2C135%2C136%2C137%2C160%2C242%2C243%2C244%2C247%2C248%2C271%2C278%2C313&source=youtube&requiressl=yes&mh=g1&mm=31%2C29&mn=sn-ipoxu-u2x6%2Csn-un57en7l&ms=au%2Crdu&mv=m&mvi=7&pl=21&initcwndbps=737500&vprv=1&mime=video%2Fmp4&ns=k1qYUOUNfP2QlibM4vfDdvIF&gir=yes&clen=7474537&dur=173.624&lmt=1605384802070420&mt=1610345794&fvip=1&keepalive=yes&c=WEB&txp=1311224&n=4MSK9PFTjjyaH6&sparams=expire%2Cei%2Cip%2Cid%2Caitags%2Csource%2Crequiressl%2Cvprv%2Cmime%2Cns%2Cgir%2Cclen%2Cdur%2Clmt&lsparams=mh%2Cmm%2Cmn%2Cms%2Cmv%2Cmvi%2Cpl%2Cinitcwndbps&lsig=AG3C_xAwRAIgQ7KW8zxy4tA345nGeV0iPy7udvAfd-4rev3Tx5PY9n0CIAgQvpqSGzAxnmmcddoi94MyGAd4U0ZFsYEuA76fLH2Y&sig=AOq0QJ8wRgIhANLOZi5iWBGwfRIKUqMwfDPz3UC-eZaAMc6Gg5AoQWGpAiEA39CrF71M-0zJw608An1HFWdhgZntxJMQ1cPuuUT7qag=&ratebypass=yes", "player_url": "/s/player/9f996d3e/player_ias.vflset/en_US/base.js", "ext": "mp4", "height": 1080, "format_note": "1080p", "vcodec": "avc1.640028", "asr": null, "filesize": 7474537, "fps": 24, "tbr": 664.961, "width": 1920, "acodec": "none", "downloader_options": {"http_chunk_size": 10485760}, "format": "137 - 1920x1080 (1080p)", "protocol": "https", "http_headers": {"User-Agent": "Mozilla/5.0 (Windows NT 10.0; Win64; x64) AppleWebKit/537.36 (KHTML, like Gecko) Chrome/71.0.3557.2 Safari/537.36", "Accept-Charset": "ISO-8859-1,utf-8;q=0.7,*;q=0.7", "Accept": "text/html,application/xhtml+xml,application/xml;q=0.9,*/*;q=0.8", "Accept-Encoding": "gzip, deflate", "Accept-Language": "en-us,en;q=0.5"}}, {"format_id": "313", "url": "https://r7---sn-ipoxu-u2x6.googlevideo.com/videoplayback?expire=1610368144&ei=MPD7X8-TK4vLrQTkyrmQDQ&ip=220.129.26.102&id=o-AC3O72Csj257N-AG0FVemixfsUkEDVF_zzWoemev_N87&itag=313&aitags=133%2C134%2C135%2C136%2C137%2C160%2C242%2C243%2C244%2C247%2C248%2C271%2C278%2C313&source=youtube&requiressl=yes&mh=g1&mm=31%2C29&mn=sn-ipoxu-u2x6%2Csn-un57en7l&ms=au%2Crdu&mv=m&mvi=7&pl=21&initcwndbps=737500&vprv=1&mime=video%2Fwebm&ns=k1qYUOUNfP2QlibM4vfDdvIF&gir=yes&clen=7914653&dur=173.625&lmt=1605383723944271&mt=1610345794&fvip=1&keepalive=yes&c=WEB&txp=1316224&n=4MSK9PFTjjyaH6&sparams=expire%2Cei%2Cip%2Cid%2Caitags%2Csource%2Crequiressl%2Cvprv%2Cmime%2Cns%2Cgir%2Cclen%2Cdur%2Clmt&lsparams=mh%2Cmm%2Cmn%2Cms%2Cmv%2Cmvi%2Cpl%2Cinitcwndbps&lsig=AG3C_xAwRQIhAO2-VLTpS6LVJq7SDre5zHE25SObXT8C8Qem9U2-ikrTAiAquZW6AKEfeinj2esM_fSm1VZYU-A5ZBfsPxTmWhlQ4Q%3D%3D&sig=AOq0QJ8wRQIhAMSCDj2MBjEveogH2ceSUmbYr9HQAcIrwePT0GgBrQ6wAiBNnSeQuixcsg0uWaFC4UXRXBQc_Zbm84_RC6856aoqhg==&ratebypass=yes", "player_url": "/s/player/9f996d3e/player_ias.vflset/en_US/base.js", "ext": "webm", "height": 2160, "format_note": "2160p", "vcodec": "vp9", "asr": null, "filesize": 7914653, "fps": 24, "tbr": 689.345, "width": 3840, "acodec": "none", "downloader_options": {"http_chunk_size": 10485760}, "format": "313 - 3840x2160 (2160p)", "protocol": "https", "http_headers": {"User-Agent": "Mozilla/5.0 (Windows NT 10.0; Win64; x64) AppleWebKit/537.36 (KHTML, like Gecko) Chrome/71.0.3557.2 Safari/537.36", "Accept-Charset": "ISO-8859-1,utf-8;q=0.7,*;q=0.7", "Accept": "text/html,application/xhtml+xml,application/xml;q=0.9,*/*;q=0.8", "Accept-Encoding": "gzip, deflate", "Accept-Language": "en-us,en;q=0.5"}}, {"format_id": "18", "url": "https://r7---sn-ipoxu-u2x6.googlevideo.com/videoplayback?expire=1610368144&ei=MPD7X8-TK4vLrQTkyrmQDQ&ip=220.129.26.102&id=o-AC3O72Csj257N-AG0FVemixfsUkEDVF_zzWoemev_N87&itag=18&source=youtube&requiressl=yes&mh=g1&mm=31%2C29&mn=sn-ipoxu-u2x6%2Csn-un57en7l&ms=au%2Crdu&mv=m&mvi=7&pl=21&initcwndbps=737500&vprv=1&mime=video%2Fmp4&ns=vgHPems6ZXDkFuJIk5MwAG0F&gir=yes&clen=3545519&ratebypass=yes&dur=173.685&lmt=1605383801446649&mt=1610345794&fvip=1&c=WEB&txp=1311224&n=xEa_Be12M-rGOS&sparams=expire%2Cei%2Cip%2Cid%2Citag%2Csource%2Crequiressl%2Cvprv%2Cmime%2Cns%2Cgir%2Cclen%2Cratebypass%2Cdur%2Clmt&lsparams=mh%2Cmm%2Cmn%2Cms%2Cmv%2Cmvi%2Cpl%2Cinitcwndbps&lsig=AG3C_xAwRQIgPTh7I3OLioYQIbX9utgNipv2BugeXYCLfiR_klJ4S7QCIQCiqmJ8dSYOSWFzDNVEUsEWvJv2gDjQJGyPT2kCFwVwtw%3D%3D&sig=AOq0QJ8wRQIhAMS2Gs7QzCREpa0QVbiuKGqHPY1_hnvk-Dejjzj2bvkgAiBvrWeXiB_I0IkU-BF7BVZBMuLFLAZ94i3I4QYv1VlK7A==", "player_url": "/s/player/9f996d3e/player_ias.vflset/en_US/base.js", "ext": "mp4", "width": 640, "height": 360, "acodec": "mp4a.40.2", "abr": 96, "vcodec": "avc1.42001E", "asr": 44100, "filesize": 3545519, "format_note": "360p", "fps": 24, "tbr": 163.364, "format": "18 - 640x360 (360p)", "protocol": "https", "http_headers": {"User-Agent": "Mozilla/5.0 (Windows NT 10.0; Win64; x64) AppleWebKit/537.36 (KHTML, like Gecko) Chrome/71.0.3557.2 Safari/537.36", "Accept-Charset": "ISO-8859-1,utf-8;q=0.7,*;q=0.7", "Accept": "text/html,application/xhtml+xml,application/xml;q=0.9,*/*;q=0.8", "Accept-Encoding": "gzip, deflate", "Accept-Language": "en-us,en;q=0.5"}}, {"format_id": "22", "url": "https://r7---sn-ipoxu-u2x6.googlevideo.com/videoplayback?expire=1610368144&ei=MPD7X8-TK4vLrQTkyrmQDQ&ip=220.129.26.102&id=o-AC3O72Csj257N-AG0FVemixfsUkEDVF_zzWoemev_N87&itag=22&source=youtube&requiressl=yes&mh=g1&mm=31%2C29&mn=sn-ipoxu-u2x6%2Csn-un57en7l&ms=au%2Crdu&mv=m&mvi=7&pl=21&initcwndbps=737500&vprv=1&mime=video%2Fmp4&ns=vgHPems6ZXDkFuJIk5MwAG0F&ratebypass=yes&dur=173.685&lmt=1605383984385699&mt=1610345794&fvip=1&c=WEB&txp=1311224&n=xEa_Be12M-rGOS&sparams=expire%2Cei%2Cip%2Cid%2Citag%2Csource%2Crequiressl%2Cvprv%2Cmime%2Cns%2Cratebypass%2Cdur%2Clmt&lsparams=mh%2Cmm%2Cmn%2Cms%2Cmv%2Cmvi%2Cpl%2Cinitcwndbps&lsig=AG3C_xAwRQIgMzaP5oXjlmkDmvCaGWlZ0Imx1G-qfgAe1TgqsthsupoCIQCD0YO5tKZt9KH4rIBPHBI3EjxAisGkT7ybt4tXaKQ0gw%3D%3D&sig=AOq0QJ8wRQIhAIuh-eYn4H0TRhDNs7BqO5mpEO6n6dEzIwQgpBXJbJZgAiAD0W50phr8XHqZfWPEQ35AuVL55g92Wxxiwe0lJYvK-Q==", "player_url": "/s/player/9f996d3e/player_ias.vflset/en_US/base.js", "ext": "mp4", "width": 1280, "height": 720, "acodec": "mp4a.40.2", "abr": 192, "vcodec": "avc1.64001F", "asr": 44100, "filesize": null, "format_note": "720p", "fps": 24, "tbr": 387.828, "format": "22 - 1280x720 (720p)", "protocol": "https", "http_headers": {"User-Agent": "Mozilla/5.0 (Windows NT 10.0; Win64; x64) AppleWebKit/537.36 (KHTML, like Gecko) Chrome/71.0.3557.2 Safari/537.36", "Accept-Charset": "ISO-8859-1,utf-8;q=0.7,*;q=0.7", "Accept": "text/html,application/xhtml+xml,application/xml;q=0.9,*/*;q=0.8", "Accept-Encoding": "gzip, deflate", "Accept-Language": "en-us,en;q=0.5"}}], "is_live": null, "start_time": null, "end_time": null, "series": null, "season_number": null, "episode_number": null, "track": "An Elevation", "artist": "Megan Wofford", "album": null, "release_date": null, "release_year": null, "extractor": "youtube", "webpage_url_basename": "watch", "extractor_key": "Youtube", "playlist": null, "playlist_index": null, "thumbnail": "https://i.ytimg.com/vi_webp/-13m8jlAJu8/maxresdefault.webp", "display_id": "-13m8jlAJu8", "requested_subtitles": null, "format_id": "251", "url": "https://r7---sn-ipoxu-u2x6.googlevideo.com/videoplayback?expire=1610368144&ei=MPD7X8-TK4vLrQTkyrmQDQ&ip=220.129.26.102&id=o-AC3O72Csj257N-AG0FVemixfsUkEDVF_zzWoemev_N87&itag=251&source=youtube&requiressl=yes&mh=g1&mm=31%2C29&mn=sn-ipoxu-u2x6%2Csn-un57en7l&ms=au%2Crdu&mv=m&mvi=7&pl=21&initcwndbps=737500&vprv=1&mime=audio%2Fwebm&ns=k1qYUOUNfP2QlibM4vfDdvIF&gir=yes&clen=3218797&dur=173.641&lmt=1605383701963665&mt=1610345794&fvip=1&keepalive=yes&c=WEB&txp=1311224&n=4MSK9PFTjjyaH6&sparams=expire%2Cei%2Cip%2Cid%2Citag%2Csource%2Crequiressl%2Cvprv%2Cmime%2Cns%2Cgir%2Cclen%2Cdur%2Clmt&lsparams=mh%2Cmm%2Cmn%2Cms%2Cmv%2Cmvi%2Cpl%2Cinitcwndbps&lsig=AG3C_xAwRQIhANdh70p4vOtrG3g7ct22QJuRDVJKAXO3MFojZfC13_doAiBqh3z8XUlJ08PwxjR4XxV8wUSa4i6kGmL_ALJRNb2U1Q%3D%3D&sig=AOq0QJ8wRQIgE3ELs3ZMVa8BaSc2BjXYkb9CVwy37XaWBqk0OgoF0joCIQCE7KAWsRctpYstpHa1bt374ahiU0Zx-i35VdvXra8EqQ==&ratebypass=yes", "player_url": "/s/player/9f996d3e/player_ias.vflset/en_US/base.js", "ext": "webm", "format_note": "tiny", "acodec": "opus", "abr": 160, "asr": 48000, "filesize": 3218797, "fps": null, "height": null, "tbr": 156.929, "width": null, "vcodec": "none", "downloader_options": {"http_chunk_size": 10485760}, "format": "251 - audio only (tiny)", "protocol": "https", "http_headers": {"User-Agent": "Mozilla/5.0 (Windows NT 10.0; Win64; x64) AppleWebKit/537.36 (KHTML, like Gecko) Chrome/71.0.3557.2 Safari/537.36", "Accept-Charset": "ISO-8859-1,utf-8;q=0.7,*;q=0.7", "Accept": "text/html,application/xhtml+xml,application/xml;q=0.9,*/*;q=0.8", "Accept-Encoding": "gzip, deflate", "Accept-Language": "en-us,en;q=0.5"}}