{"id": "AjN_5CdVUdw", "uploader": "Various Artists - Topic", "uploader_id": "UCM_qbhXjj2RJHmjWTw88AsQ", "uploader_url": "http://www.youtube.com/channel/UCM_qbhXjj2RJHmjWTw88AsQ", "channel_id": "UCM_qbhXjj2RJHmjWTw88AsQ", "channel_url": "http://www.youtube.com/channel/UCM_qbhXjj2RJHmjWTw88AsQ", "upload_date": "20201216", "license": null, "creator": "C.J. Wilkins", "title": "Older", "alt_title": "Older", "thumbnails": [{"url": "https://i.ytimg.com/vi/AjN_5CdVUdw/hqdefault.jpg?sqp=-oaymwEYCKgBEF5IVfKriqkDCwgBFQAAiEIYAXAB&rs=AOn4CLDyCqBaSVFzgRK0vXT97qW5yYGxIA", "width": 168, "height": 94, "resolution": "168x94", "id": "0"}, {"url": "https://i.ytimg.com/vi/AjN_5CdVUdw/hqdefault.jpg?sqp=-oaymwEYCMQBEG5IVfKriqkDCwgBFQAAiEIYAXAB&rs=AOn4CLCwc6xRInwIcdjly91N0GSsE9CLaA", "width": 196, "height": 110, "resolution": "196x110", "id": "1"}, {"url": "https://i.ytimg.com/vi/AjN_5CdVUdw/hqdefault.jpg?sqp=-oaymwEZCPYBEIoBSFXyq4qpAwsIARUAAIhCGAFwAQ==&rs=AOn4CLDMMUBFQXaFKhaRrVptcatB3EYDtg", "width": 246, "height": 138, "resolution": "246x138", "id": "2"}, {"url": "https://i.ytimg.com/vi/AjN_5CdVUdw/hqdefault.jpg?sqp=-oaymwEZCNACELwBSFXyq4qpAwsIARUAAIhCGAFwAQ==&rs=AOn4CLB4sf9A-0ssaqpdlUmOfymliPXRMQ", "width": 336, "height": 188, "resolution": "336x188", "id": "3"}, {"url": "https://i.ytimg.com/vi_webp/AjN_5CdVUdw/maxresdefault.webp", "width": 1920, "height": 1080, "resolution": "1920x1080", "id": "4"}], "description": "Provided to YouTube by IIP-DDS\n\nOlder \u00b7 C.J. Wilkins\n\nOlder\n\n\u2117 @Copyright Queenstreet\n\nReleased on: 2020-10-30\n\nMusic  Publisher: QL Publishing\nComposer: C.J. Wilkins\n\nAuto-generated by YouTube.", "categories": ["Music"], "tags": ["C.J. Wilkins", "Older"], "subtitles": {}, "automatic_captions": {}, "duration": 166, "age_limit": 0, "annotations": null, "chapters": null, "webpage_url": "https://www.youtube.com/watch?v=AjN_5CdVUdw", "view_count": 17, "like_count": null, "dislike_count": null, "average_rating": null, "formats": [{"format_id": "249", "url": "https://r5---sn-5njj-u2xe.googlevideo.com/videoplayback?expire=1609159339&ei=S37pX66OG9Ots8IPk5u9kAc&ip=140.109.135.166&id=o-AHgjYTFvRy7P9J_OZ8J4_cy4ZbpEpyKo8r1Y_UAYjFEI&itag=249&source=youtube&requiressl=yes&mh=BL&mm=31%2C29&mn=sn-5njj-u2xe%2Csn-un57sn7z&ms=au%2Crdu&mv=m&mvi=5&pl=16&gcr=tw&initcwndbps=492500&vprv=1&mime=audio%2Fwebm&ns=qEd9Rm_KwA0pmVrHyOjsCI4F&gir=yes&clen=1138272&dur=165.921&lmt=1608118009719901&mt=1609137405&fvip=5&keepalive=yes&c=WEB&txp=2311222&n=qrS4kQG0bug3haoh&sparams=expire%2Cei%2Cip%2Cid%2Citag%2Csource%2Crequiressl%2Cgcr%2Cvprv%2Cmime%2Cns%2Cgir%2Cclen%2Cdur%2Clmt&lsparams=mh%2Cmm%2Cmn%2Cms%2Cmv%2Cmvi%2Cpl%2Cinitcwndbps&lsig=AG3C_xAwRQIga0TbV-vQ6e897PiYeK9OdEBJTONCbb9yFp0tElpZRB0CIQCwtv5O8-UiiTH_Fjvt1n8CDqLGwRF0VYt6nyzxOQsaBw%3D%3D&sig=AOq0QJ8wRQIhALfkXFvv6PmUB4suDzxeBYjNA-j00X6SQ9LLs1jzcIxBAiAz9HtMSujHaYZQc0-44X1iSmqXkcSNlZtlDuTI8b7bQg==&ratebypass=yes", "player_url": "/s/player/5dd3f3b2/player_ias.vflset/en_US/base.js", "ext": "webm", "format_note": "tiny", "acodec": "opus", "abr": 50, "asr": 48000, "filesize": 1138272, "fps": null, "height": null, "tbr": 58.108, "width": null, "vcodec": "none", "downloader_options": {"http_chunk_size": 10485760}, "format": "249 - audio only (tiny)", "protocol": "https", "http_headers": {"User-Agent": "Mozilla/5.0 (Windows NT 10.0; Win64; x64) AppleWebKit/537.36 (KHTML, like Gecko) Chrome/70.0.3538.61 Safari/537.36", "Accept-Charset": "ISO-8859-1,utf-8;q=0.7,*;q=0.7", "Accept": "text/html,application/xhtml+xml,application/xml;q=0.9,*/*;q=0.8", "Accept-Encoding": "gzip, deflate", "Accept-Language": "en-us,en;q=0.5"}}, {"format_id": "250", "url": "https://r5---sn-5njj-u2xe.googlevideo.com/videoplayback?expire=1609159339&ei=S37pX66OG9Ots8IPk5u9kAc&ip=140.109.135.166&id=o-AHgjYTFvRy7P9J_OZ8J4_cy4ZbpEpyKo8r1Y_UAYjFEI&itag=250&source=youtube&requiressl=yes&mh=BL&mm=31%2C29&mn=sn-5njj-u2xe%2Csn-un57sn7z&ms=au%2Crdu&mv=m&mvi=5&pl=16&gcr=tw&initcwndbps=492500&vprv=1&mime=audio%2Fwebm&ns=qEd9Rm_KwA0pmVrHyOjsCI4F&gir=yes&clen=1520800&dur=165.921&lmt=1608118009514381&mt=1609137405&fvip=5&keepalive=yes&c=WEB&txp=2311222&n=qrS4kQG0bug3haoh&sparams=expire%2Cei%2Cip%2Cid%2Citag%2Csource%2Crequiressl%2Cgcr%2Cvprv%2Cmime%2Cns%2Cgir%2Cclen%2Cdur%2Clmt&lsparams=mh%2Cmm%2Cmn%2Cms%2Cmv%2Cmvi%2Cpl%2Cinitcwndbps&lsig=AG3C_xAwRgIhAMXxdwkQzAn7MBPCFqYehwEOsvuPGBDRaua_rCN4c-RAAiEArmFuMbnLWMkYcKaKoS0V1SodznvKsXM5bE2gX2pd62I%3D&sig=AOq0QJ8wRQIgTBortzIgtCQLKV7EQ-_VzJ0GptLZBy7AJtj58XJHyEoCIQD84iyFRHmbPtnXAmSy_8M0Nera_NgdVm2Mek0evrdutw==&ratebypass=yes", "player_url": "/s/player/5dd3f3b2/player_ias.vflset/en_US/base.js", "ext": "webm", "format_note": "tiny", "acodec": "opus", "abr": 70, "asr": 48000, "filesize": 1520800, "fps": null, "height": null, "tbr": 77.18, "width": null, "vcodec": "none", "downloader_options": {"http_chunk_size": 10485760}, "format": "250 - audio only (tiny)", "protocol": "https", "http_headers": {"User-Agent": "Mozilla/5.0 (Windows NT 10.0; Win64; x64) AppleWebKit/537.36 (KHTML, like Gecko) Chrome/70.0.3538.61 Safari/537.36", "Accept-Charset": "ISO-8859-1,utf-8;q=0.7,*;q=0.7", "Accept": "text/html,application/xhtml+xml,application/xml;q=0.9,*/*;q=0.8", "Accept-Encoding": "gzip, deflate", "Accept-Language": "en-us,en;q=0.5"}}, {"format_id": "140", "url": "https://r5---sn-5njj-u2xe.googlevideo.com/videoplayback?expire=1609159339&ei=S37pX66OG9Ots8IPk5u9kAc&ip=140.109.135.166&id=o-AHgjYTFvRy7P9J_OZ8J4_cy4ZbpEpyKo8r1Y_UAYjFEI&itag=140&source=youtube&requiressl=yes&mh=BL&mm=31%2C29&mn=sn-5njj-u2xe%2Csn-un57sn7z&ms=au%2Crdu&mv=m&mvi=5&pl=16&gcr=tw&initcwndbps=492500&vprv=1&mime=audio%2Fmp4&ns=qEd9Rm_KwA0pmVrHyOjsCI4F&gir=yes&clen=2687841&dur=165.903&lmt=1608118019530578&mt=1609137405&fvip=5&keepalive=yes&c=WEB&txp=2311222&n=qrS4kQG0bug3haoh&sparams=expire%2Cei%2Cip%2Cid%2Citag%2Csource%2Crequiressl%2Cgcr%2Cvprv%2Cmime%2Cns%2Cgir%2Cclen%2Cdur%2Clmt&lsparams=mh%2Cmm%2Cmn%2Cms%2Cmv%2Cmvi%2Cpl%2Cinitcwndbps&lsig=AG3C_xAwRAIgRK9z6rcuWHdLYtoTKS7aQK2oHWmwp4pRob4jo_n9Q1YCIEBDKUUDKVFDLUpGpcU9QjSKwbavRGggshJrcjhfylTj&sig=AOq0QJ8wRAIgT9_-wmtvtmecS6u7YyR5BO0GNhQqxkfcUJAriYJ3FbUCICvICToZj-0SnfYXNPyuvH-rKPgBv1BelAcBAx6BC3hH&ratebypass=yes", "player_url": "/s/player/5dd3f3b2/player_ias.vflset/en_US/base.js", "ext": "m4a", "format_note": "tiny", "acodec": "mp4a.40.2", "abr": 128, "container": "m4a_dash", "asr": 44100, "filesize": 2687841, "fps": null, "height": null, "tbr": 130.985, "width": null, "vcodec": "none", "downloader_options": {"http_chunk_size": 10485760}, "format": "140 - audio only (tiny)", "protocol": "https", "http_headers": {"User-Agent": "Mozilla/5.0 (Windows NT 10.0; Win64; x64) AppleWebKit/537.36 (KHTML, like Gecko) Chrome/70.0.3538.61 Safari/537.36", "Accept-Charset": "ISO-8859-1,utf-8;q=0.7,*;q=0.7", "Accept": "text/html,application/xhtml+xml,application/xml;q=0.9,*/*;q=0.8", "Accept-Encoding": "gzip, deflate", "Accept-Language": "en-us,en;q=0.5"}}, {"format_id": "251", "url": "https://r5---sn-5njj-u2xe.googlevideo.com/videoplayback?expire=1609159339&ei=S37pX66OG9Ots8IPk5u9kAc&ip=140.109.135.166&id=o-AHgjYTFvRy7P9J_OZ8J4_cy4ZbpEpyKo8r1Y_UAYjFEI&itag=251&source=youtube&requiressl=yes&mh=BL&mm=31%2C29&mn=sn-5njj-u2xe%2Csn-un57sn7z&ms=au%2Crdu&mv=m&mvi=5&pl=16&gcr=tw&initcwndbps=492500&vprv=1&mime=audio%2Fwebm&ns=qEd9Rm_KwA0pmVrHyOjsCI4F&gir=yes&clen=2946672&dur=165.921&lmt=1608118010617616&mt=1609137405&fvip=5&keepalive=yes&c=WEB&txp=2311222&n=qrS4kQG0bug3haoh&sparams=expire%2Cei%2Cip%2Cid%2Citag%2Csource%2Crequiressl%2Cgcr%2Cvprv%2Cmime%2Cns%2Cgir%2Cclen%2Cdur%2Clmt&lsparams=mh%2Cmm%2Cmn%2Cms%2Cmv%2Cmvi%2Cpl%2Cinitcwndbps&lsig=AG3C_xAwRgIhAM_g5ISTxWYHKSjNodqwvN1RiLIvihNd1AwcJ8JBJ_mjAiEAymW2U5gwhKf6Q4P3MxQxoMD9F85kFKWuQ7-u7WPKeLI%3D&sig=AOq0QJ8wRQIhALFzYU2YcWNdCzBODGi7GXZqBjUDDG6LuYuVYaW2q3BcAiA13IIiSLf5WZQMcov20qoJXEJDFJPbUrgQzGqyre6cyw==&ratebypass=yes", "player_url": "/s/player/5dd3f3b2/player_ias.vflset/en_US/base.js", "ext": "webm", "format_note": "tiny", "acodec": "opus", "abr": 160, "asr": 48000, "filesize": 2946672, "fps": null, "height": null, "tbr": 146.746, "width": null, "vcodec": "none", "downloader_options": {"http_chunk_size": 10485760}, "format": "251 - audio only (tiny)", "protocol": "https", "http_headers": {"User-Agent": "Mozilla/5.0 (Windows NT 10.0; Win64; x64) AppleWebKit/537.36 (KHTML, like Gecko) Chrome/70.0.3538.61 Safari/537.36", "Accept-Charset": "ISO-8859-1,utf-8;q=0.7,*;q=0.7", "Accept": "text/html,application/xhtml+xml,application/xml;q=0.9,*/*;q=0.8", "Accept-Encoding": "gzip, deflate", "Accept-Language": "en-us,en;q=0.5"}}, {"format_id": "160", "url": "https://r5---sn-5njj-u2xe.googlevideo.com/videoplayback?expire=1609159339&ei=S37pX66OG9Ots8IPk5u9kAc&ip=140.109.135.166&id=o-AHgjYTFvRy7P9J_OZ8J4_cy4ZbpEpyKo8r1Y_UAYjFEI&itag=160&aitags=133%2C134%2C135%2C136%2C137%2C160%2C242%2C243%2C244%2C247%2C248%2C278&source=youtube&requiressl=yes&mh=BL&mm=31%2C29&mn=sn-5njj-u2xe%2Csn-un57sn7z&ms=au%2Crdu&mv=m&mvi=5&pl=16&gcr=tw&initcwndbps=492500&vprv=1&mime=video%2Fmp4&ns=qEd9Rm_KwA0pmVrHyOjsCI4F&gir=yes&clen=207431&dur=165.880&lmt=1608118016828453&mt=1609137405&fvip=5&keepalive=yes&c=WEB&txp=2316222&n=qrS4kQG0bug3haoh&sparams=expire%2Cei%2Cip%2Cid%2Caitags%2Csource%2Crequiressl%2Cgcr%2Cvprv%2Cmime%2Cns%2Cgir%2Cclen%2Cdur%2Clmt&lsparams=mh%2Cmm%2Cmn%2Cms%2Cmv%2Cmvi%2Cpl%2Cinitcwndbps&lsig=AG3C_xAwRQIhAMaqHWmtGq6EKlo4HhzKGfGHdl41MrUX1gPyUsSdfr-YAiBEMt-z9MWEMgXqA1nSzhOQEIGQz4SZhhfYuiUYbWtTVw%3D%3D&sig=AOq0QJ8wRAIgJr01n8Yxv1BFmwfK7r7QjVHrKhTB0sn85G5CuEktidwCIEy76NMkz9kV7Vlx01yFdttKOpyYCm4RH3JX4b57okkD&ratebypass=yes", "player_url": "/s/player/5dd3f3b2/player_ias.vflset/en_US/base.js", "ext": "mp4", "height": 144, "format_note": "144p", "vcodec": "avc1.4d400b", "asr": null, "filesize": 207431, "fps": 25, "tbr": 15.78, "width": 144, "acodec": "none", "downloader_options": {"http_chunk_size": 10485760}, "format": "160 - 144x144 (144p)", "protocol": "https", "http_headers": {"User-Agent": "Mozilla/5.0 (Windows NT 10.0; Win64; x64) AppleWebKit/537.36 (KHTML, like Gecko) Chrome/70.0.3538.61 Safari/537.36", "Accept-Charset": "ISO-8859-1,utf-8;q=0.7,*;q=0.7", "Accept": "text/html,application/xhtml+xml,application/xml;q=0.9,*/*;q=0.8", "Accept-Encoding": "gzip, deflate", "Accept-Language": "en-us,en;q=0.5"}}, {"format_id": "278", "url": "https://r5---sn-5njj-u2xe.googlevideo.com/videoplayback?expire=1609159339&ei=S37pX66OG9Ots8IPk5u9kAc&ip=140.109.135.166&id=o-AHgjYTFvRy7P9J_OZ8J4_cy4ZbpEpyKo8r1Y_UAYjFEI&itag=278&aitags=133%2C134%2C135%2C136%2C137%2C160%2C242%2C243%2C244%2C247%2C248%2C278&source=youtube&requiressl=yes&mh=BL&mm=31%2C29&mn=sn-5njj-u2xe%2Csn-un57sn7z&ms=au%2Crdu&mv=m&mvi=5&pl=16&gcr=tw&initcwndbps=492500&vprv=1&mime=video%2Fwebm&ns=qEd9Rm_KwA0pmVrHyOjsCI4F&gir=yes&clen=239529&dur=165.880&lmt=1608118020738207&mt=1609137405&fvip=5&keepalive=yes&c=WEB&txp=2316222&n=qrS4kQG0bug3haoh&sparams=expire%2Cei%2Cip%2Cid%2Caitags%2Csource%2Crequiressl%2Cgcr%2Cvprv%2Cmime%2Cns%2Cgir%2Cclen%2Cdur%2Clmt&lsparams=mh%2Cmm%2Cmn%2Cms%2Cmv%2Cmvi%2Cpl%2Cinitcwndbps&lsig=AG3C_xAwRQIgFH12FkXeumv9z2MRDNKydZrA4w6BYUQRuJV7-JtG4-UCIQD9uYJT223T-UO5169-ZaOCAZZgcwcxBPBb2-sXOOA2cw%3D%3D&sig=AOq0QJ8wRAIgUpiGx54qIgPRKx78y2sNq1dQUanQcOavkaDur-x9FHgCIBlQUU8_5nhzHZ5FIKTSyHDJP8SFsCNKvHQENENu4WRL&ratebypass=yes", "player_url": "/s/player/5dd3f3b2/player_ias.vflset/en_US/base.js", "ext": "webm", "height": 144, "format_note": "144p", "container": "webm", "vcodec": "vp9", "asr": null, "filesize": 239529, "fps": 25, "tbr": 18.313, "width": 144, "acodec": "none", "downloader_options": {"http_chunk_size": 10485760}, "format": "278 - 144x144 (144p)", "protocol": "https", "http_headers": {"User-Agent": "Mozilla/5.0 (Windows NT 10.0; Win64; x64) AppleWebKit/537.36 (KHTML, like Gecko) Chrome/70.0.3538.61 Safari/537.36", "Accept-Charset": "ISO-8859-1,utf-8;q=0.7,*;q=0.7", "Accept": "text/html,application/xhtml+xml,application/xml;q=0.9,*/*;q=0.8", "Accept-Encoding": "gzip, deflate", "Accept-Language": "en-us,en;q=0.5"}}, {"format_id": "242", "url": "https://r5---sn-5njj-u2xe.googlevideo.com/videoplayback?expire=1609159339&ei=S37pX66OG9Ots8IPk5u9kAc&ip=140.109.135.166&id=o-AHgjYTFvRy7P9J_OZ8J4_cy4ZbpEpyKo8r1Y_UAYjFEI&itag=242&aitags=133%2C134%2C135%2C136%2C137%2C160%2C242%2C243%2C244%2C247%2C248%2C278&source=youtube&requiressl=yes&mh=BL&mm=31%2C29&mn=sn-5njj-u2xe%2Csn-un57sn7z&ms=au%2Crdu&mv=m&mvi=5&pl=16&gcr=tw&initcwndbps=492500&vprv=1&mime=video%2Fwebm&ns=qEd9Rm_KwA0pmVrHyOjsCI4F&gir=yes&clen=282732&dur=165.880&lmt=1608118020743452&mt=1609137405&fvip=5&keepalive=yes&c=WEB&txp=2316222&n=qrS4kQG0bug3haoh&sparams=expire%2Cei%2Cip%2Cid%2Caitags%2Csource%2Crequiressl%2Cgcr%2Cvprv%2Cmime%2Cns%2Cgir%2Cclen%2Cdur%2Clmt&lsparams=mh%2Cmm%2Cmn%2Cms%2Cmv%2Cmvi%2Cpl%2Cinitcwndbps&lsig=AG3C_xAwRgIhAJFfBU-_up8q_2eoD_kzxZ7nqCjsVxQcOVRmDwTSznnNAiEAhZuePGfoNvbmnXefhxN3PjnkhAu9h76yM057pFxAz_c%3D&sig=AOq0QJ8wRQIgXENSCzpDRRMVjbpwmjnxS_NvQYv6dFYODKSNo-gGqS8CIQCWesrg0mtv6Ack4jB4dLi3s7fDAiihrleJFvJGCIU5ag==&ratebypass=yes", "player_url": "/s/player/5dd3f3b2/player_ias.vflset/en_US/base.js", "ext": "webm", "height": 240, "format_note": "240p", "vcodec": "vp9", "asr": null, "filesize": 282732, "fps": 25, "tbr": 21.082, "width": 240, "acodec": "none", "downloader_options": {"http_chunk_size": 10485760}, "format": "242 - 240x240 (240p)", "protocol": "https", "http_headers": {"User-Agent": "Mozilla/5.0 (Windows NT 10.0; Win64; x64) AppleWebKit/537.36 (KHTML, like Gecko) Chrome/70.0.3538.61 Safari/537.36", "Accept-Charset": "ISO-8859-1,utf-8;q=0.7,*;q=0.7", "Accept": "text/html,application/xhtml+xml,application/xml;q=0.9,*/*;q=0.8", "Accept-Encoding": "gzip, deflate", "Accept-Language": "en-us,en;q=0.5"}}, {"format_id": "133", "url": "https://r5---sn-5njj-u2xe.googlevideo.com/videoplayback?expire=1609159339&ei=S37pX66OG9Ots8IPk5u9kAc&ip=140.109.135.166&id=o-AHgjYTFvRy7P9J_OZ8J4_cy4ZbpEpyKo8r1Y_UAYjFEI&itag=133&aitags=133%2C134%2C135%2C136%2C137%2C160%2C242%2C243%2C244%2C247%2C248%2C278&source=youtube&requiressl=yes&mh=BL&mm=31%2C29&mn=sn-5njj-u2xe%2Csn-un57sn7z&ms=au%2Crdu&mv=m&mvi=5&pl=16&gcr=tw&initcwndbps=492500&vprv=1&mime=video%2Fmp4&ns=qEd9Rm_KwA0pmVrHyOjsCI4F&gir=yes&clen=328243&dur=165.880&lmt=1608118016827737&mt=1609137405&fvip=5&keepalive=yes&c=WEB&txp=2316222&n=qrS4kQG0bug3haoh&sparams=expire%2Cei%2Cip%2Cid%2Caitags%2Csource%2Crequiressl%2Cgcr%2Cvprv%2Cmime%2Cns%2Cgir%2Cclen%2Cdur%2Clmt&lsparams=mh%2Cmm%2Cmn%2Cms%2Cmv%2Cmvi%2Cpl%2Cinitcwndbps&lsig=AG3C_xAwRAIgCRwVpjcrUeu0o0gRjyb5j-HH0nCxGb5MQgngNt7gdlACIDAcFM25RAVhqBkXCWaSkYuKSKby2k_UKs8nTvIPUqAO&sig=AOq0QJ8wRAIgdZ6mBBu3c8ErsAyRu1BIUcVlWjOFKN4uTbUIYKSfgiACIGbINghVSEk3pCxSEI-vV1ZNp1TN79--J8EhblL83y50&ratebypass=yes", "player_url": "/s/player/5dd3f3b2/player_ias.vflset/en_US/base.js", "ext": "mp4", "height": 240, "format_note": "240p", "vcodec": "avc1.4d400c", "asr": null, "filesize": 328243, "fps": 25, "tbr": 28.0, "width": 240, "acodec": "none", "downloader_options": {"http_chunk_size": 10485760}, "format": "133 - 240x240 (240p)", "protocol": "https", "http_headers": {"User-Agent": "Mozilla/5.0 (Windows NT 10.0; Win64; x64) AppleWebKit/537.36 (KHTML, like Gecko) Chrome/70.0.3538.61 Safari/537.36", "Accept-Charset": "ISO-8859-1,utf-8;q=0.7,*;q=0.7", "Accept": "text/html,application/xhtml+xml,application/xml;q=0.9,*/*;q=0.8", "Accept-Encoding": "gzip, deflate", "Accept-Language": "en-us,en;q=0.5"}}, {"format_id": "243", "url": "https://r5---sn-5njj-u2xe.googlevideo.com/videoplayback?expire=1609159339&ei=S37pX66OG9Ots8IPk5u9kAc&ip=140.109.135.166&id=o-AHgjYTFvRy7P9J_OZ8J4_cy4ZbpEpyKo8r1Y_UAYjFEI&itag=243&aitags=133%2C134%2C135%2C136%2C137%2C160%2C242%2C243%2C244%2C247%2C248%2C278&source=youtube&requiressl=yes&mh=BL&mm=31%2C29&mn=sn-5njj-u2xe%2Csn-un57sn7z&ms=au%2Crdu&mv=m&mvi=5&pl=16&gcr=tw&initcwndbps=492500&vprv=1&mime=video%2Fwebm&ns=qEd9Rm_KwA0pmVrHyOjsCI4F&gir=yes&clen=381088&dur=165.880&lmt=1608118020739307&mt=1609137405&fvip=5&keepalive=yes&c=WEB&txp=2316222&n=qrS4kQG0bug3haoh&sparams=expire%2Cei%2Cip%2Cid%2Caitags%2Csource%2Crequiressl%2Cgcr%2Cvprv%2Cmime%2Cns%2Cgir%2Cclen%2Cdur%2Clmt&lsparams=mh%2Cmm%2Cmn%2Cms%2Cmv%2Cmvi%2Cpl%2Cinitcwndbps&lsig=AG3C_xAwRQIgK2tJR_b1FiNujqqSzwnw1xJU-MBVtu7ZEpVrWPn_x7ECIQCp7ypDQWmTP5SpnkNTrDGrfd6q5hPoVUNg1yzit_Nleg%3D%3D&sig=AOq0QJ8wRAIgDy9k6UyVonIz2yMLkpBf_wN988jg96RFjyDTSU8txk4CIAkIWNNI4hjYjFDhUkKs6OLfjAm0f09PNIp0zuyIttMW&ratebypass=yes", "player_url": "/s/player/5dd3f3b2/player_ias.vflset/en_US/base.js", "ext": "webm", "height": 360, "format_note": "360p", "vcodec": "vp9", "asr": null, "filesize": 381088, "fps": 25, "tbr": 31.058, "width": 360, "acodec": "none", "downloader_options": {"http_chunk_size": 10485760}, "format": "243 - 360x360 (360p)", "protocol": "https", "http_headers": {"User-Agent": "Mozilla/5.0 (Windows NT 10.0; Win64; x64) AppleWebKit/537.36 (KHTML, like Gecko) Chrome/70.0.3538.61 Safari/537.36", "Accept-Charset": "ISO-8859-1,utf-8;q=0.7,*;q=0.7", "Accept": "text/html,application/xhtml+xml,application/xml;q=0.9,*/*;q=0.8", "Accept-Encoding": "gzip, deflate", "Accept-Language": "en-us,en;q=0.5"}}, {"format_id": "244", "url": "https://r5---sn-5njj-u2xe.googlevideo.com/videoplayback?expire=1609159339&ei=S37pX66OG9Ots8IPk5u9kAc&ip=140.109.135.166&id=o-AHgjYTFvRy7P9J_OZ8J4_cy4ZbpEpyKo8r1Y_UAYjFEI&itag=244&aitags=133%2C134%2C135%2C136%2C137%2C160%2C242%2C243%2C244%2C247%2C248%2C278&source=youtube&requiressl=yes&mh=BL&mm=31%2C29&mn=sn-5njj-u2xe%2Csn-un57sn7z&ms=au%2Crdu&mv=m&mvi=5&pl=16&gcr=tw&initcwndbps=492500&vprv=1&mime=video%2Fwebm&ns=qEd9Rm_KwA0pmVrHyOjsCI4F&gir=yes&clen=468159&dur=165.880&lmt=1608118020737549&mt=1609137405&fvip=5&keepalive=yes&c=WEB&txp=2316222&n=qrS4kQG0bug3haoh&sparams=expire%2Cei%2Cip%2Cid%2Caitags%2Csource%2Crequiressl%2Cgcr%2Cvprv%2Cmime%2Cns%2Cgir%2Cclen%2Cdur%2Clmt&lsparams=mh%2Cmm%2Cmn%2Cms%2Cmv%2Cmvi%2Cpl%2Cinitcwndbps&lsig=AG3C_xAwRAIgP6ObZFqX1iR2So2TIF5XAmuD6PhVX_BjndV8Y5kF_qsCIE4fexKkk65rGslMEuFJftWwRcGqQ5O3lxZxW9lH98aV&sig=AOq0QJ8wRAIgAxlgHN7Iepj3qJZ0fEaJL9dKDRVnuiFT9uI2lLyJTc4CIA8oDXV4zOkqYGN2nNstU5sjkdtPT2p1JrXUJWvvnMzo&ratebypass=yes", "player_url": "/s/player/5dd3f3b2/player_ias.vflset/en_US/base.js", "ext": "webm", "height": 480, "format_note": "480p", "vcodec": "vp9", "asr": null, "filesize": 468159, "fps": 25, "tbr": 39.082, "width": 480, "acodec": "none", "downloader_options": {"http_chunk_size": 10485760}, "format": "244 - 480x480 (480p)", "protocol": "https", "http_headers": {"User-Agent": "Mozilla/5.0 (Windows NT 10.0; Win64; x64) AppleWebKit/537.36 (KHTML, like Gecko) Chrome/70.0.3538.61 Safari/537.36", "Accept-Charset": "ISO-8859-1,utf-8;q=0.7,*;q=0.7", "Accept": "text/html,application/xhtml+xml,application/xml;q=0.9,*/*;q=0.8", "Accept-Encoding": "gzip, deflate", "Accept-Language": "en-us,en;q=0.5"}}, {"format_id": "134", "url": "https://r5---sn-5njj-u2xe.googlevideo.com/videoplayback?expire=1609159339&ei=S37pX66OG9Ots8IPk5u9kAc&ip=140.109.135.166&id=o-AHgjYTFvRy7P9J_OZ8J4_cy4ZbpEpyKo8r1Y_UAYjFEI&itag=134&aitags=133%2C134%2C135%2C136%2C137%2C160%2C242%2C243%2C244%2C247%2C248%2C278&source=youtube&requiressl=yes&mh=BL&mm=31%2C29&mn=sn-5njj-u2xe%2Csn-un57sn7z&ms=au%2Crdu&mv=m&mvi=5&pl=16&gcr=tw&initcwndbps=492500&vprv=1&mime=video%2Fmp4&ns=qEd9Rm_KwA0pmVrHyOjsCI4F&gir=yes&clen=518333&dur=165.880&lmt=1608118016826725&mt=1609137405&fvip=5&keepalive=yes&c=WEB&txp=2316222&n=qrS4kQG0bug3haoh&sparams=expire%2Cei%2Cip%2Cid%2Caitags%2Csource%2Crequiressl%2Cgcr%2Cvprv%2Cmime%2Cns%2Cgir%2Cclen%2Cdur%2Clmt&lsparams=mh%2Cmm%2Cmn%2Cms%2Cmv%2Cmvi%2Cpl%2Cinitcwndbps&lsig=AG3C_xAwRgIhAMxqzWiFWhBC9GCEd-5L89I1bUc_5E6xBSRMqWc3B6CcAiEAtqwztNGwKshbWGRG3BsbJ9pBbzKedwYOQp35lIrPjzo%3D&sig=AOq0QJ8wRQIhAP4Kl8oguCZBIKwKlOwPK0itA3_HRPebNK9eChsm3CmYAiAckh3urEs8uAO0L6P0neqooM6nS92d0mCbLlyLZu-blg==&ratebypass=yes", "player_url": "/s/player/5dd3f3b2/player_ias.vflset/en_US/base.js", "ext": "mp4", "height": 360, "format_note": "360p", "vcodec": "avc1.4d4015", "asr": null, "filesize": 518333, "fps": 25, "tbr": 47.105, "width": 360, "acodec": "none", "downloader_options": {"http_chunk_size": 10485760}, "format": "134 - 360x360 (360p)", "protocol": "https", "http_headers": {"User-Agent": "Mozilla/5.0 (Windows NT 10.0; Win64; x64) AppleWebKit/537.36 (KHTML, like Gecko) Chrome/70.0.3538.61 Safari/537.36", "Accept-Charset": "ISO-8859-1,utf-8;q=0.7,*;q=0.7", "Accept": "text/html,application/xhtml+xml,application/xml;q=0.9,*/*;q=0.8", "Accept-Encoding": "gzip, deflate", "Accept-Language": "en-us,en;q=0.5"}}, {"format_id": "135", "url": "https://r5---sn-5njj-u2xe.googlevideo.com/videoplayback?expire=1609159339&ei=S37pX66OG9Ots8IPk5u9kAc&ip=140.109.135.166&id=o-AHgjYTFvRy7P9J_OZ8J4_cy4ZbpEpyKo8r1Y_UAYjFEI&itag=135&aitags=133%2C134%2C135%2C136%2C137%2C160%2C242%2C243%2C244%2C247%2C248%2C278&source=youtube&requiressl=yes&mh=BL&mm=31%2C29&mn=sn-5njj-u2xe%2Csn-un57sn7z&ms=au%2Crdu&mv=m&mvi=5&pl=16&gcr=tw&initcwndbps=492500&vprv=1&mime=video%2Fmp4&ns=qEd9Rm_KwA0pmVrHyOjsCI4F&gir=yes&clen=819423&dur=165.880&lmt=1608118016827680&mt=1609137405&fvip=5&keepalive=yes&c=WEB&txp=2316222&n=qrS4kQG0bug3haoh&sparams=expire%2Cei%2Cip%2Cid%2Caitags%2Csource%2Crequiressl%2Cgcr%2Cvprv%2Cmime%2Cns%2Cgir%2Cclen%2Cdur%2Clmt&lsparams=mh%2Cmm%2Cmn%2Cms%2Cmv%2Cmvi%2Cpl%2Cinitcwndbps&lsig=AG3C_xAwRAIgGM3zoQ9Np_GXeXCCut3g4JugA1iPGdoyVQ2Oe3BOEJYCIGGY2IU85yrL4ZclGzwINS1oCnAeFS7UYaIX-33bQxBC&sig=AOq0QJ8wRgIhAMGGY2ZgYwXR6IsJBHT9zRd8dnAK4mGFdNtZQ7bTevhWAiEAp0XC7gWNrxleG6llIDzGUafWwmKetHzhOY4iJWXAWOM=&ratebypass=yes", "player_url": "/s/player/5dd3f3b2/player_ias.vflset/en_US/base.js", "ext": "mp4", "height": 480, "format_note": "480p", "vcodec": "avc1.4d401e", "asr": null, "filesize": 819423, "fps": 25, "tbr": 76.482, "width": 480, "acodec": "none", "downloader_options": {"http_chunk_size": 10485760}, "format": "135 - 480x480 (480p)", "protocol": "https", "http_headers": {"User-Agent": "Mozilla/5.0 (Windows NT 10.0; Win64; x64) AppleWebKit/537.36 (KHTML, like Gecko) Chrome/70.0.3538.61 Safari/537.36", "Accept-Charset": "ISO-8859-1,utf-8;q=0.7,*;q=0.7", "Accept": "text/html,application/xhtml+xml,application/xml;q=0.9,*/*;q=0.8", "Accept-Encoding": "gzip, deflate", "Accept-Language": "en-us,en;q=0.5"}}, {"format_id": "247", "url": "https://r5---sn-5njj-u2xe.googlevideo.com/videoplayback?expire=1609159339&ei=S37pX66OG9Ots8IPk5u9kAc&ip=140.109.135.166&id=o-AHgjYTFvRy7P9J_OZ8J4_cy4ZbpEpyKo8r1Y_UAYjFEI&itag=247&aitags=133%2C134%2C135%2C136%2C137%2C160%2C242%2C243%2C244%2C247%2C248%2C278&source=youtube&requiressl=yes&mh=BL&mm=31%2C29&mn=sn-5njj-u2xe%2Csn-un57sn7z&ms=au%2Crdu&mv=m&mvi=5&pl=16&gcr=tw&initcwndbps=492500&vprv=1&mime=video%2Fwebm&ns=qEd9Rm_KwA0pmVrHyOjsCI4F&gir=yes&clen=868788&dur=165.880&lmt=1608118020740128&mt=1609137405&fvip=5&keepalive=yes&c=WEB&txp=2316222&n=qrS4kQG0bug3haoh&sparams=expire%2Cei%2Cip%2Cid%2Caitags%2Csource%2Crequiressl%2Cgcr%2Cvprv%2Cmime%2Cns%2Cgir%2Cclen%2Cdur%2Clmt&lsparams=mh%2Cmm%2Cmn%2Cms%2Cmv%2Cmvi%2Cpl%2Cinitcwndbps&lsig=AG3C_xAwRQIgDhsfG_cL14-ngthm-mVlo0X2kke9eYufS_JgYwmFG_gCIQDUYe-g6PEPxxob7fQuOAXtb_P2RqzcSB7SzMqeXIPlaA%3D%3D&sig=AOq0QJ8wRQIhALl91Mgza6gWGzrv70cOlbRTfik8DYLb9KyNd4LQCP9nAiAWqYUql4gmxLs_97bCxqiuelJWSZDW9baTCJpEGmZeeg==&ratebypass=yes", "player_url": "/s/player/5dd3f3b2/player_ias.vflset/en_US/base.js", "ext": "webm", "height": 720, "format_note": "720p", "vcodec": "vp9", "asr": null, "filesize": 868788, "fps": 25, "tbr": 81.572, "width": 720, "acodec": "none", "downloader_options": {"http_chunk_size": 10485760}, "format": "247 - 720x720 (720p)", "protocol": "https", "http_headers": {"User-Agent": "Mozilla/5.0 (Windows NT 10.0; Win64; x64) AppleWebKit/537.36 (KHTML, like Gecko) Chrome/70.0.3538.61 Safari/537.36", "Accept-Charset": "ISO-8859-1,utf-8;q=0.7,*;q=0.7", "Accept": "text/html,application/xhtml+xml,application/xml;q=0.9,*/*;q=0.8", "Accept-Encoding": "gzip, deflate", "Accept-Language": "en-us,en;q=0.5"}}, {"format_id": "248", "url": "https://r5---sn-5njj-u2xe.googlevideo.com/videoplayback?expire=1609159339&ei=S37pX66OG9Ots8IPk5u9kAc&ip=140.109.135.166&id=o-AHgjYTFvRy7P9J_OZ8J4_cy4ZbpEpyKo8r1Y_UAYjFEI&itag=248&aitags=133%2C134%2C135%2C136%2C137%2C160%2C242%2C243%2C244%2C247%2C248%2C278&source=youtube&requiressl=yes&mh=BL&mm=31%2C29&mn=sn-5njj-u2xe%2Csn-un57sn7z&ms=au%2Crdu&mv=m&mvi=5&pl=16&gcr=tw&initcwndbps=492500&vprv=1&mime=video%2Fwebm&ns=qEd9Rm_KwA0pmVrHyOjsCI4F&gir=yes&clen=1633419&dur=165.880&lmt=1608118020734738&mt=1609137405&fvip=5&keepalive=yes&c=WEB&txp=2316222&n=qrS4kQG0bug3haoh&sparams=expire%2Cei%2Cip%2Cid%2Caitags%2Csource%2Crequiressl%2Cgcr%2Cvprv%2Cmime%2Cns%2Cgir%2Cclen%2Cdur%2Clmt&lsparams=mh%2Cmm%2Cmn%2Cms%2Cmv%2Cmvi%2Cpl%2Cinitcwndbps&lsig=AG3C_xAwRgIhAKrI5I--JF3sk1zXslafX_tMIf6DwL8oArA_Lm5mHwEPAiEAi69XIzbmqd8r8jzmEJlYQDUtkQZR5-lrOSbvjnWTNoA%3D&sig=AOq0QJ8wRgIhALmeyp2l8V1YNUPTAo2zAKSQAgRJR9NzZk2by5z-NerFAiEAs61giCa74ePtAMYc-yY1S64I0gUfvuIvDsTKsdf2J9w=&ratebypass=yes", "player_url": "/s/player/5dd3f3b2/player_ias.vflset/en_US/base.js", "ext": "webm", "height": 1080, "format_note": "1080p", "vcodec": "vp9", "asr": null, "filesize": 1633419, "fps": 25, "tbr": 145.533, "width": 1080, "acodec": "none", "downloader_options": {"http_chunk_size": 10485760}, "format": "248 - 1080x1080 (1080p)", "protocol": "https", "http_headers": {"User-Agent": "Mozilla/5.0 (Windows NT 10.0; Win64; x64) AppleWebKit/537.36 (KHTML, like Gecko) Chrome/70.0.3538.61 Safari/537.36", "Accept-Charset": "ISO-8859-1,utf-8;q=0.7,*;q=0.7", "Accept": "text/html,application/xhtml+xml,application/xml;q=0.9,*/*;q=0.8", "Accept-Encoding": "gzip, deflate", "Accept-Language": "en-us,en;q=0.5"}}, {"format_id": "136", "url": "https://r5---sn-5njj-u2xe.googlevideo.com/videoplayback?expire=1609159339&ei=S37pX66OG9Ots8IPk5u9kAc&ip=140.109.135.166&id=o-AHgjYTFvRy7P9J_OZ8J4_cy4ZbpEpyKo8r1Y_UAYjFEI&itag=136&aitags=133%2C134%2C135%2C136%2C137%2C160%2C242%2C243%2C244%2C247%2C248%2C278&source=youtube&requiressl=yes&mh=BL&mm=31%2C29&mn=sn-5njj-u2xe%2Csn-un57sn7z&ms=au%2Crdu&mv=m&mvi=5&pl=16&gcr=tw&initcwndbps=492500&vprv=1&mime=video%2Fmp4&ns=qEd9Rm_KwA0pmVrHyOjsCI4F&gir=yes&clen=1507197&dur=165.880&lmt=1608118016827023&mt=1609137405&fvip=5&keepalive=yes&c=WEB&txp=2316222&n=qrS4kQG0bug3haoh&sparams=expire%2Cei%2Cip%2Cid%2Caitags%2Csource%2Crequiressl%2Cgcr%2Cvprv%2Cmime%2Cns%2Cgir%2Cclen%2Cdur%2Clmt&lsparams=mh%2Cmm%2Cmn%2Cms%2Cmv%2Cmvi%2Cpl%2Cinitcwndbps&lsig=AG3C_xAwRQIgXme6qK_FJ9KIan02k7MpYrEoTVJapOVgAUfu-TcQ3JECIQDBRfkbNCVtHowEfMS7WtdhPnw3AsOta1hBxsaL_NRMIA%3D%3D&sig=AOq0QJ8wRQIhAIccUFfs94l5KbU5WBYjV7Sz3xOvqUc4PexUMVHnoNyWAiAftDCN0qRjP5mkXkEJ-NCxAl-lAVpnuYLjTvavhXy4ZA==&ratebypass=yes", "player_url": "/s/player/5dd3f3b2/player_ias.vflset/en_US/base.js", "ext": "mp4", "height": 720, "format_note": "720p", "vcodec": "avc1.64001f", "asr": null, "filesize": 1507197, "fps": 25, "tbr": 168.078, "width": 720, "acodec": "none", "downloader_options": {"http_chunk_size": 10485760}, "format": "136 - 720x720 (720p)", "protocol": "https", "http_headers": {"User-Agent": "Mozilla/5.0 (Windows NT 10.0; Win64; x64) AppleWebKit/537.36 (KHTML, like Gecko) Chrome/70.0.3538.61 Safari/537.36", "Accept-Charset": "ISO-8859-1,utf-8;q=0.7,*;q=0.7", "Accept": "text/html,application/xhtml+xml,application/xml;q=0.9,*/*;q=0.8", "Accept-Encoding": "gzip, deflate", "Accept-Language": "en-us,en;q=0.5"}}, {"format_id": "137", "url": "https://r5---sn-5njj-u2xe.googlevideo.com/videoplayback?expire=1609159339&ei=S37pX66OG9Ots8IPk5u9kAc&ip=140.109.135.166&id=o-AHgjYTFvRy7P9J_OZ8J4_cy4ZbpEpyKo8r1Y_UAYjFEI&itag=137&aitags=133%2C134%2C135%2C136%2C137%2C160%2C242%2C243%2C244%2C247%2C248%2C278&source=youtube&requiressl=yes&mh=BL&mm=31%2C29&mn=sn-5njj-u2xe%2Csn-un57sn7z&ms=au%2Crdu&mv=m&mvi=5&pl=16&gcr=tw&initcwndbps=492500&vprv=1&mime=video%2Fmp4&ns=qEd9Rm_KwA0pmVrHyOjsCI4F&gir=yes&clen=3103758&dur=165.880&lmt=1608118016826985&mt=1609137405&fvip=5&keepalive=yes&c=WEB&txp=2316222&n=qrS4kQG0bug3haoh&sparams=expire%2Cei%2Cip%2Cid%2Caitags%2Csource%2Crequiressl%2Cgcr%2Cvprv%2Cmime%2Cns%2Cgir%2Cclen%2Cdur%2Clmt&lsparams=mh%2Cmm%2Cmn%2Cms%2Cmv%2Cmvi%2Cpl%2Cinitcwndbps&lsig=AG3C_xAwRgIhAN3o2h7d6kx29KK2BclF9AQ9jj0d0o3a5_5JX78bnt5xAiEAlo-0MHF4RKHzALyXHae7gOGn5qwTrWNFNYNPOMOvq20%3D&sig=AOq0QJ8wRQIgeOd8ZsYkavOJ9fu6gsSU3hm8COXCVMtQ1F6EtVu8woYCIQDfIsqC3XQ1OGCpRqiWSD_qsu7lPvvJInNnBzLWKMJqdg==&ratebypass=yes", "player_url": "/s/player/5dd3f3b2/player_ias.vflset/en_US/base.js", "ext": "mp4", "height": 1080, "format_note": "1080p", "vcodec": "avc1.640020", "asr": null, "filesize": 3103758, "fps": 25, "tbr": 352.47, "width": 1080, "acodec": "none", "downloader_options": {"http_chunk_size": 10485760}, "format": "137 - 1080x1080 (1080p)", "protocol": "https", "http_headers": {"User-Agent": "Mozilla/5.0 (Windows NT 10.0; Win64; x64) AppleWebKit/537.36 (KHTML, like Gecko) Chrome/70.0.3538.61 Safari/537.36", "Accept-Charset": "ISO-8859-1,utf-8;q=0.7,*;q=0.7", "Accept": "text/html,application/xhtml+xml,application/xml;q=0.9,*/*;q=0.8", "Accept-Encoding": "gzip, deflate", "Accept-Language": "en-us,en;q=0.5"}}, {"format_id": "18", "url": "https://r5---sn-5njj-u2xe.googlevideo.com/videoplayback?expire=1609159339&ei=S37pX66OG9Ots8IPk5u9kAc&ip=140.109.135.166&id=o-AHgjYTFvRy7P9J_OZ8J4_cy4ZbpEpyKo8r1Y_UAYjFEI&itag=18&source=youtube&requiressl=yes&mh=BL&mm=31%2C29&mn=sn-5njj-u2xe%2Csn-un57sn7z&ms=au%2Crdu&mv=m&mvi=5&pl=16&gcr=tw&initcwndbps=492500&vprv=1&mime=video%2Fmp4&ns=bJM0YLOUTiFrCugIGfOqKDkF&gir=yes&clen=2337898&ratebypass=yes&dur=165.953&lmt=1608118011425687&mt=1609137405&fvip=5&c=WEB&txp=2310222&n=mXkpwMj-oZVh24Z4&sparams=expire%2Cei%2Cip%2Cid%2Citag%2Csource%2Crequiressl%2Cgcr%2Cvprv%2Cmime%2Cns%2Cgir%2Cclen%2Cratebypass%2Cdur%2Clmt&lsparams=mh%2Cmm%2Cmn%2Cms%2Cmv%2Cmvi%2Cpl%2Cinitcwndbps&lsig=AG3C_xAwRAIgY3Sfd3SAdLn3sfTE9C6IkQhj6brjXX_EyjmTB-b3JjkCIHdsrXkY4aWwYkReTlkpO2n3Rmw9GJmk9f31Nxn5Uyqa&sig=AOq0QJ8wRQIgNwgtXEIc4OsYC9VtfzPbM4GgkmQ62NNg5zNPsbEMwPICIQCBfbzEZ6YTAUdL5uoTyANCW58fV-WwAaQ8I7Ulkh3zzA==", "player_url": "/s/player/5dd3f3b2/player_ias.vflset/en_US/base.js", "ext": "mp4", "width": 360, "height": 360, "acodec": "mp4a.40.2", "abr": 96, "vcodec": "avc1.42001E", "asr": 44100, "filesize": 2337898, "format_note": "360p", "fps": 25, "tbr": 112.751, "format": "18 - 360x360 (360p)", "protocol": "https", "http_headers": {"User-Agent": "Mozilla/5.0 (Windows NT 10.0; Win64; x64) AppleWebKit/537.36 (KHTML, like Gecko) Chrome/70.0.3538.61 Safari/537.36", "Accept-Charset": "ISO-8859-1,utf-8;q=0.7,*;q=0.7", "Accept": "text/html,application/xhtml+xml,application/xml;q=0.9,*/*;q=0.8", "Accept-Encoding": "gzip, deflate", "Accept-Language": "en-us,en;q=0.5"}}], "is_live": null, "start_time": null, "end_time": null, "series": null, "season_number": null, "episode_number": null, "track": "Older", "artist": "C.J. Wilkins", "album": "Older", "release_date": "20201030", "release_year": 2020, "extractor": "youtube", "webpage_url_basename": "watch", "extractor_key": "Youtube", "playlist": null, "playlist_index": null, "thumbnail": "https://i.ytimg.com/vi_webp/AjN_5CdVUdw/maxresdefault.webp", "display_id": "AjN_5CdVUdw", "requested_subtitles": null, "format_id": "251", "url": "https://r5---sn-5njj-u2xe.googlevideo.com/videoplayback?expire=1609159339&ei=S37pX66OG9Ots8IPk5u9kAc&ip=140.109.135.166&id=o-AHgjYTFvRy7P9J_OZ8J4_cy4ZbpEpyKo8r1Y_UAYjFEI&itag=251&source=youtube&requiressl=yes&mh=BL&mm=31%2C29&mn=sn-5njj-u2xe%2Csn-un57sn7z&ms=au%2Crdu&mv=m&mvi=5&pl=16&gcr=tw&initcwndbps=492500&vprv=1&mime=audio%2Fwebm&ns=qEd9Rm_KwA0pmVrHyOjsCI4F&gir=yes&clen=2946672&dur=165.921&lmt=1608118010617616&mt=1609137405&fvip=5&keepalive=yes&c=WEB&txp=2311222&n=qrS4kQG0bug3haoh&sparams=expire%2Cei%2Cip%2Cid%2Citag%2Csource%2Crequiressl%2Cgcr%2Cvprv%2Cmime%2Cns%2Cgir%2Cclen%2Cdur%2Clmt&lsparams=mh%2Cmm%2Cmn%2Cms%2Cmv%2Cmvi%2Cpl%2Cinitcwndbps&lsig=AG3C_xAwRgIhAM_g5ISTxWYHKSjNodqwvN1RiLIvihNd1AwcJ8JBJ_mjAiEAymW2U5gwhKf6Q4P3MxQxoMD9F85kFKWuQ7-u7WPKeLI%3D&sig=AOq0QJ8wRQIhALFzYU2YcWNdCzBODGi7GXZqBjUDDG6LuYuVYaW2q3BcAiA13IIiSLf5WZQMcov20qoJXEJDFJPbUrgQzGqyre6cyw==&ratebypass=yes", "player_url": "/s/player/5dd3f3b2/player_ias.vflset/en_US/base.js", "ext": "webm", "format_note": "tiny", "acodec": "opus", "abr": 160, "asr": 48000, "filesize": 2946672, "fps": null, "height": null, "tbr": 146.746, "width": null, "vcodec": "none", "downloader_options": {"http_chunk_size": 10485760}, "format": "251 - audio only (tiny)", "protocol": "https", "http_headers": {"User-Agent": "Mozilla/5.0 (Windows NT 10.0; Win64; x64) AppleWebKit/537.36 (KHTML, like Gecko) Chrome/70.0.3538.61 Safari/537.36", "Accept-Charset": "ISO-8859-1,utf-8;q=0.7,*;q=0.7", "Accept": "text/html,application/xhtml+xml,application/xml;q=0.9,*/*;q=0.8", "Accept-Encoding": "gzip, deflate", "Accept-Language": "en-us,en;q=0.5"}}