{"id": "fOYX0uH8mSQ", "uploader": "Calm Music", "uploader_id": "UCzIaRH2WE7tGj7X_fpGEFHw", "uploader_url": "http://www.youtube.com/channel/UCzIaRH2WE7tGj7X_fpGEFHw", "channel_id": "UCzIaRH2WE7tGj7X_fpGEFHw", "channel_url": "http://www.youtube.com/channel/UCzIaRH2WE7tGj7X_fpGEFHw", "upload_date": "20201209", "license": null, "creator": "Albert Puck", "title": "Albert Puck - mondaufgang (2020)", "alt_title": "mondaufgang", "thumbnails": [{"url": "https://i.ytimg.com/vi/fOYX0uH8mSQ/hqdefault.jpg?sqp=-oaymwEYCKgBEF5IVfKriqkDCwgBFQAAiEIYAXAB&rs=AOn4CLBLZckEjYE7YUmMWUzJ1sd77xV8qw", "width": 168, "height": 94, "resolution": "168x94", "id": "0"}, {"url": "https://i.ytimg.com/vi/fOYX0uH8mSQ/hqdefault.jpg?sqp=-oaymwEYCMQBEG5IVfKriqkDCwgBFQAAiEIYAXAB&rs=AOn4CLBmNgKMUWHGaYvQKZv_T2Iz00upyg", "width": 196, "height": 110, "resolution": "196x110", "id": "1"}, {"url": "https://i.ytimg.com/vi/fOYX0uH8mSQ/hqdefault.jpg?sqp=-oaymwEZCPYBEIoBSFXyq4qpAwsIARUAAIhCGAFwAQ==&rs=AOn4CLAv_Lj8f-BnVjksmjaJcWKgUkDSPw", "width": 246, "height": 138, "resolution": "246x138", "id": "2"}, {"url": "https://i.ytimg.com/vi/fOYX0uH8mSQ/hqdefault.jpg?sqp=-oaymwEZCNACELwBSFXyq4qpAwsIARUAAIhCGAFwAQ==&rs=AOn4CLBfvZMpN7imU8tv-9qRt2CsX0t5lQ", "width": 336, "height": 188, "resolution": "336x188", "id": "3"}, {"url": "https://i.ytimg.com/vi_webp/fOYX0uH8mSQ/maxresdefault.webp", "width": 1920, "height": 1080, "resolution": "1920x1080", "id": "4"}], "description": "Music to help you concentrate, study and relax by Calm Music.\n\nPlease leave your comments and suggestions and share your love by liking this video and subscribing to our channel.\n\nSUBSCRIBE \u2013 LOTS MORE NEW CONTENT COMING SOON\n\nCalm Music", "categories": ["People & Blogs"], "tags": ["calm", "piano music", "piano", "classical", "peaceful", "soothing", "spa", "classical piano", "albert puck", "mondaufgang", "sleep", "chill piano", "piano rain", "yoga", "meditation", "calming", "relaxation", "study", "relaxing", "focus", "mood", "concentrate", "concentration", "spa music", "vibe", "relax", "background", "studying"], "subtitles": {}, "automatic_captions": {}, "duration": 169, "age_limit": 0, "annotations": null, "chapters": null, "webpage_url": "https://www.youtube.com/watch?v=fOYX0uH8mSQ", "view_count": 9, "like_count": 2, "dislike_count": null, "average_rating": 5.0, "formats": [{"format_id": "249", "url": "https://r4---sn-ipoxu-u2xd.googlevideo.com/videoplayback?expire=1610368259&ei=o_D7X9i9FYWerQTU2oGADA&ip=220.129.26.102&id=o-AKNoaO82bNHzql-UH-RXvn7x2LhPoFdOQL893ytysnxw&itag=249&source=youtube&requiressl=yes&mh=U9&mm=31%2C29&mn=sn-ipoxu-u2xd%2Csn-un57sn7z&ms=au%2Crdu&mv=m&mvi=4&pl=21&initcwndbps=703750&vprv=1&mime=audio%2Fwebm&ns=sOnbd27uboEi1Znh9cLehtkF&gir=yes&clen=1191738&dur=169.161&lmt=1607526341911432&mt=1610346510&fvip=4&keepalive=yes&c=WEB&txp=6211222&n=447bavM9zCYZ6_&sparams=expire%2Cei%2Cip%2Cid%2Citag%2Csource%2Crequiressl%2Cvprv%2Cmime%2Cns%2Cgir%2Cclen%2Cdur%2Clmt&lsparams=mh%2Cmm%2Cmn%2Cms%2Cmv%2Cmvi%2Cpl%2Cinitcwndbps&lsig=AG3C_xAwRQIhAOqZV3kDNF1ymEoCfSv19lcEXcrkP-nkcsTAoIUTX5rEAiAtqlpyj78_aSd37fDcRI90eKKWXCTUsNqXL64YJ9hNWA%3D%3D&sig=AOq0QJ8wRgIhAKBafJAJc_r1Oxsin5zyxgLL5fkt3nW_8uRraE4U1z96AiEA48xAUB9txIJ6P2gJLT2I2-JF6Rmv8xGSCnqcSogeq9Q=&ratebypass=yes", "player_url": "/s/player/9f996d3e/player_ias.vflset/en_US/base.js", "ext": "webm", "format_note": "tiny", "acodec": "opus", "abr": 50, "asr": 48000, "filesize": 1191738, "fps": null, "height": null, "tbr": 60.556, "width": null, "vcodec": "none", "downloader_options": {"http_chunk_size": 10485760}, "format": "249 - audio only (tiny)", "protocol": "https", "http_headers": {"User-Agent": "Mozilla/5.0 (Windows NT 10.0; Win64; x64) AppleWebKit/537.36 (KHTML, like Gecko) Chrome/71.0.3557.2 Safari/537.36", "Accept-Charset": "ISO-8859-1,utf-8;q=0.7,*;q=0.7", "Accept": "text/html,application/xhtml+xml,application/xml;q=0.9,*/*;q=0.8", "Accept-Encoding": "gzip, deflate", "Accept-Language": "en-us,en;q=0.5"}}, {"format_id": "250", "url": "https://r4---sn-ipoxu-u2xd.googlevideo.com/videoplayback?expire=1610368259&ei=o_D7X9i9FYWerQTU2oGADA&ip=220.129.26.102&id=o-AKNoaO82bNHzql-UH-RXvn7x2LhPoFdOQL893ytysnxw&itag=250&source=youtube&requiressl=yes&mh=U9&mm=31%2C29&mn=sn-ipoxu-u2xd%2Csn-un57sn7z&ms=au%2Crdu&mv=m&mvi=4&pl=21&initcwndbps=703750&vprv=1&mime=audio%2Fwebm&ns=sOnbd27uboEi1Znh9cLehtkF&gir=yes&clen=1574845&dur=169.161&lmt=1607526342487220&mt=1610346510&fvip=4&keepalive=yes&c=WEB&txp=6211222&n=447bavM9zCYZ6_&sparams=expire%2Cei%2Cip%2Cid%2Citag%2Csource%2Crequiressl%2Cvprv%2Cmime%2Cns%2Cgir%2Cclen%2Cdur%2Clmt&lsparams=mh%2Cmm%2Cmn%2Cms%2Cmv%2Cmvi%2Cpl%2Cinitcwndbps&lsig=AG3C_xAwRQIgIdt-kyKZMOnSSI6s8OBbJsMV81aaATH1MXeCy5PTAJACIQCRAgCxZXt-XLjPrfBu3ZOOtrUY7zmnO3_BtOfaT36L2A%3D%3D&sig=AOq0QJ8wRAIgfwhXOfKjX32t9GPcL4K_ni_lQpQV86rX-xLyq6eiYRkCIEHdev-8VonGxIm9cBj9yOQh5_vxCuefnLfdu5sy3laj&ratebypass=yes", "player_url": "/s/player/9f996d3e/player_ias.vflset/en_US/base.js", "ext": "webm", "format_note": "tiny", "acodec": "opus", "abr": 70, "asr": 48000, "filesize": 1574845, "fps": null, "height": null, "tbr": 79.337, "width": null, "vcodec": "none", "downloader_options": {"http_chunk_size": 10485760}, "format": "250 - audio only (tiny)", "protocol": "https", "http_headers": {"User-Agent": "Mozilla/5.0 (Windows NT 10.0; Win64; x64) AppleWebKit/537.36 (KHTML, like Gecko) Chrome/71.0.3557.2 Safari/537.36", "Accept-Charset": "ISO-8859-1,utf-8;q=0.7,*;q=0.7", "Accept": "text/html,application/xhtml+xml,application/xml;q=0.9,*/*;q=0.8", "Accept-Encoding": "gzip, deflate", "Accept-Language": "en-us,en;q=0.5"}}, {"format_id": "140", "url": "https://r4---sn-ipoxu-u2xd.googlevideo.com/videoplayback?expire=1610368259&ei=o_D7X9i9FYWerQTU2oGADA&ip=220.129.26.102&id=o-AKNoaO82bNHzql-UH-RXvn7x2LhPoFdOQL893ytysnxw&itag=140&source=youtube&requiressl=yes&mh=U9&mm=31%2C29&mn=sn-ipoxu-u2xd%2Csn-un57sn7z&ms=au%2Crdu&mv=m&mvi=4&pl=21&initcwndbps=703750&vprv=1&mime=audio%2Fmp4&ns=sOnbd27uboEi1Znh9cLehtkF&gir=yes&clen=2739044&dur=169.203&lmt=1607526342597849&mt=1610346510&fvip=4&keepalive=yes&c=WEB&txp=6211222&n=447bavM9zCYZ6_&sparams=expire%2Cei%2Cip%2Cid%2Citag%2Csource%2Crequiressl%2Cvprv%2Cmime%2Cns%2Cgir%2Cclen%2Cdur%2Clmt&lsparams=mh%2Cmm%2Cmn%2Cms%2Cmv%2Cmvi%2Cpl%2Cinitcwndbps&lsig=AG3C_xAwRQIhAMtv9JhDeS37nfb720eLfz8-d64uR8JPbyF5dlQ3NupEAiBZYztwJrMCBs2OLGymAIwRwx9xHOx70478GhmK74vL5Q%3D%3D&sig=AOq0QJ8wRQIhAOgcpul4rLn0fPJbC6v5A3M5BoRaC1SLZyo21WVoSPM0AiBvVgcqkjGYrLSX9Q6rP8oh7cRylZS-rifLmCigedaWJg==&ratebypass=yes", "player_url": "/s/player/9f996d3e/player_ias.vflset/en_US/base.js", "ext": "m4a", "format_note": "tiny", "acodec": "mp4a.40.2", "abr": 128, "container": "m4a_dash", "asr": 44100, "filesize": 2739044, "fps": null, "height": null, "tbr": 130.463, "width": null, "vcodec": "none", "downloader_options": {"http_chunk_size": 10485760}, "format": "140 - audio only (tiny)", "protocol": "https", "http_headers": {"User-Agent": "Mozilla/5.0 (Windows NT 10.0; Win64; x64) AppleWebKit/537.36 (KHTML, like Gecko) Chrome/71.0.3557.2 Safari/537.36", "Accept-Charset": "ISO-8859-1,utf-8;q=0.7,*;q=0.7", "Accept": "text/html,application/xhtml+xml,application/xml;q=0.9,*/*;q=0.8", "Accept-Encoding": "gzip, deflate", "Accept-Language": "en-us,en;q=0.5"}}, {"format_id": "251", "url": "https://r4---sn-ipoxu-u2xd.googlevideo.com/videoplayback?expire=1610368259&ei=o_D7X9i9FYWerQTU2oGADA&ip=220.129.26.102&id=o-AKNoaO82bNHzql-UH-RXvn7x2LhPoFdOQL893ytysnxw&itag=251&source=youtube&requiressl=yes&mh=U9&mm=31%2C29&mn=sn-ipoxu-u2xd%2Csn-un57sn7z&ms=au%2Crdu&mv=m&mvi=4&pl=21&initcwndbps=703750&vprv=1&mime=audio%2Fwebm&ns=sOnbd27uboEi1Znh9cLehtkF&gir=yes&clen=3108363&dur=169.161&lmt=1607526343491062&mt=1610346510&fvip=4&keepalive=yes&c=WEB&txp=6211222&n=447bavM9zCYZ6_&sparams=expire%2Cei%2Cip%2Cid%2Citag%2Csource%2Crequiressl%2Cvprv%2Cmime%2Cns%2Cgir%2Cclen%2Cdur%2Clmt&lsparams=mh%2Cmm%2Cmn%2Cms%2Cmv%2Cmvi%2Cpl%2Cinitcwndbps&lsig=AG3C_xAwRQIgYXVcvsL5hZAjNTfEPV23QwQrUBTGfxrGnXQWRJ7mFUICIQDQOk7ebITQ7CkMak8VWqvp0S4t-gMeg4g8m9O4gO8tpQ%3D%3D&sig=AOq0QJ8wRAIgMjGrhrOtofgBATFT42lAprGEF8QuBOkYazHOmyvqscICIFdtjS0JpaXJjYaCiBZ2sz0-FPDw3BL45408oObu5Zgx&ratebypass=yes", "player_url": "/s/player/9f996d3e/player_ias.vflset/en_US/base.js", "ext": "webm", "format_note": "tiny", "acodec": "opus", "abr": 160, "asr": 48000, "filesize": 3108363, "fps": null, "height": null, "tbr": 154.531, "width": null, "vcodec": "none", "downloader_options": {"http_chunk_size": 10485760}, "format": "251 - audio only (tiny)", "protocol": "https", "http_headers": {"User-Agent": "Mozilla/5.0 (Windows NT 10.0; Win64; x64) AppleWebKit/537.36 (KHTML, like Gecko) Chrome/71.0.3557.2 Safari/537.36", "Accept-Charset": "ISO-8859-1,utf-8;q=0.7,*;q=0.7", "Accept": "text/html,application/xhtml+xml,application/xml;q=0.9,*/*;q=0.8", "Accept-Encoding": "gzip, deflate", "Accept-Language": "en-us,en;q=0.5"}}, {"format_id": "160", "url": "https://r4---sn-ipoxu-u2xd.googlevideo.com/videoplayback?expire=1610368259&ei=o_D7X9i9FYWerQTU2oGADA&ip=220.129.26.102&id=o-AKNoaO82bNHzql-UH-RXvn7x2LhPoFdOQL893ytysnxw&itag=160&aitags=133%2C134%2C135%2C136%2C137%2C160%2C242%2C243%2C244%2C247%2C248%2C271%2C278%2C313&source=youtube&requiressl=yes&mh=U9&mm=31%2C29&mn=sn-ipoxu-u2xd%2Csn-un57sn7z&ms=au%2Crdu&mv=m&mvi=4&pl=21&initcwndbps=703750&vprv=1&mime=video%2Fmp4&ns=sOnbd27uboEi1Znh9cLehtkF&gir=yes&clen=1130820&dur=169.135&lmt=1607526363448704&mt=1610346510&fvip=4&keepalive=yes&c=WEB&txp=6216222&n=447bavM9zCYZ6_&sparams=expire%2Cei%2Cip%2Cid%2Caitags%2Csource%2Crequiressl%2Cvprv%2Cmime%2Cns%2Cgir%2Cclen%2Cdur%2Clmt&lsparams=mh%2Cmm%2Cmn%2Cms%2Cmv%2Cmvi%2Cpl%2Cinitcwndbps&lsig=AG3C_xAwRAIgPk_rffoJN5P7nYRzq6k8W7sqPjHjyh_u2cZteLvdPlcCIB3PwN3f8hGthLlrfq1vCZg6s9bzv_tkncl-g_eycnbS&sig=AOq0QJ8wRQIhANGgnv_HEJr73zZ4m1BvfgAIHxK854gN5RMAYRytHOt1AiBrXm708Brs92BC_zUZ9Tiih0I6n--EKC91TK0HGir72Q==&ratebypass=yes", "player_url": "/s/player/9f996d3e/player_ias.vflset/en_US/base.js", "ext": "mp4", "height": 144, "format_note": "144p", "vcodec": "avc1.4d400c", "asr": null, "filesize": 1130820, "fps": 30, "tbr": 75.915, "width": 256, "acodec": "none", "downloader_options": {"http_chunk_size": 10485760}, "format": "160 - 256x144 (144p)", "protocol": "https", "http_headers": {"User-Agent": "Mozilla/5.0 (Windows NT 10.0; Win64; x64) AppleWebKit/537.36 (KHTML, like Gecko) Chrome/71.0.3557.2 Safari/537.36", "Accept-Charset": "ISO-8859-1,utf-8;q=0.7,*;q=0.7", "Accept": "text/html,application/xhtml+xml,application/xml;q=0.9,*/*;q=0.8", "Accept-Encoding": "gzip, deflate", "Accept-Language": "en-us,en;q=0.5"}}, {"format_id": "278", "url": "https://r4---sn-ipoxu-u2xd.googlevideo.com/videoplayback?expire=1610368259&ei=o_D7X9i9FYWerQTU2oGADA&ip=220.129.26.102&id=o-AKNoaO82bNHzql-UH-RXvn7x2LhPoFdOQL893ytysnxw&itag=278&aitags=133%2C134%2C135%2C136%2C137%2C160%2C242%2C243%2C244%2C247%2C248%2C271%2C278%2C313&source=youtube&requiressl=yes&mh=U9&mm=31%2C29&mn=sn-ipoxu-u2xd%2Csn-un57sn7z&ms=au%2Crdu&mv=m&mvi=4&pl=21&initcwndbps=703750&vprv=1&mime=video%2Fwebm&ns=sOnbd27uboEi1Znh9cLehtkF&gir=yes&clen=1663122&dur=169.136&lmt=1607526370313441&mt=1610346510&fvip=4&keepalive=yes&c=WEB&txp=6216222&n=447bavM9zCYZ6_&sparams=expire%2Cei%2Cip%2Cid%2Caitags%2Csource%2Crequiressl%2Cvprv%2Cmime%2Cns%2Cgir%2Cclen%2Cdur%2Clmt&lsparams=mh%2Cmm%2Cmn%2Cms%2Cmv%2Cmvi%2Cpl%2Cinitcwndbps&lsig=AG3C_xAwRgIhAJ0dwIND_Rv2Kij_oJpb_wQtntQ0kAWdpnbCxwG-20xBAiEA94npvmOu8Hjo40UqyXJN67X7wvnQCNmLjlizM7FCshs%3D&sig=AOq0QJ8wRAIgAupeRGxRSIwSn-LIk0dKCTezmQR9CoAokbLjWG3p3fQCIFeY3qjjA7DZ8ukEn2d_pfLRsIWcLEOSel_R9G2UGRIP&ratebypass=yes", "player_url": "/s/player/9f996d3e/player_ias.vflset/en_US/base.js", "ext": "webm", "height": 144, "format_note": "144p", "container": "webm", "vcodec": "vp9", "asr": null, "filesize": 1663122, "fps": 30, "tbr": 95.037, "width": 256, "acodec": "none", "downloader_options": {"http_chunk_size": 10485760}, "format": "278 - 256x144 (144p)", "protocol": "https", "http_headers": {"User-Agent": "Mozilla/5.0 (Windows NT 10.0; Win64; x64) AppleWebKit/537.36 (KHTML, like Gecko) Chrome/71.0.3557.2 Safari/537.36", "Accept-Charset": "ISO-8859-1,utf-8;q=0.7,*;q=0.7", "Accept": "text/html,application/xhtml+xml,application/xml;q=0.9,*/*;q=0.8", "Accept-Encoding": "gzip, deflate", "Accept-Language": "en-us,en;q=0.5"}}, {"format_id": "242", "url": "https://r4---sn-ipoxu-u2xd.googlevideo.com/videoplayback?expire=1610368259&ei=o_D7X9i9FYWerQTU2oGADA&ip=220.129.26.102&id=o-AKNoaO82bNHzql-UH-RXvn7x2LhPoFdOQL893ytysnxw&itag=242&aitags=133%2C134%2C135%2C136%2C137%2C160%2C242%2C243%2C244%2C247%2C248%2C271%2C278%2C313&source=youtube&requiressl=yes&mh=U9&mm=31%2C29&mn=sn-ipoxu-u2xd%2Csn-un57sn7z&ms=au%2Crdu&mv=m&mvi=4&pl=21&initcwndbps=703750&vprv=1&mime=video%2Fwebm&ns=sOnbd27uboEi1Znh9cLehtkF&gir=yes&clen=2511331&dur=169.136&lmt=1607526370299508&mt=1610346510&fvip=4&keepalive=yes&c=WEB&txp=6216222&n=447bavM9zCYZ6_&sparams=expire%2Cei%2Cip%2Cid%2Caitags%2Csource%2Crequiressl%2Cvprv%2Cmime%2Cns%2Cgir%2Cclen%2Cdur%2Clmt&lsparams=mh%2Cmm%2Cmn%2Cms%2Cmv%2Cmvi%2Cpl%2Cinitcwndbps&lsig=AG3C_xAwRgIhAN9VOTrvtlgWfdgD_SCMVP1zmv1ovEwMrUoDaNtWaq4-AiEAjhZ5z4hGZvVVsWoG3bjdpIxe8SB0w4TJx2bLr4qR4l0%3D&sig=AOq0QJ8wRgIhAM5sRLPuTB_-N7p7VnPfSDknDiLO7uqzm45dBSYJ9hFoAiEAhyZdsksfUJPOARCkAd5WaOINC3NP5oRSL_9boAek3uE=&ratebypass=yes", "player_url": "/s/player/9f996d3e/player_ias.vflset/en_US/base.js", "ext": "webm", "height": 240, "format_note": "240p", "vcodec": "vp9", "asr": null, "filesize": 2511331, "fps": 30, "tbr": 167.387, "width": 426, "acodec": "none", "downloader_options": {"http_chunk_size": 10485760}, "format": "242 - 426x240 (240p)", "protocol": "https", "http_headers": {"User-Agent": "Mozilla/5.0 (Windows NT 10.0; Win64; x64) AppleWebKit/537.36 (KHTML, like Gecko) Chrome/71.0.3557.2 Safari/537.36", "Accept-Charset": "ISO-8859-1,utf-8;q=0.7,*;q=0.7", "Accept": "text/html,application/xhtml+xml,application/xml;q=0.9,*/*;q=0.8", "Accept-Encoding": "gzip, deflate", "Accept-Language": "en-us,en;q=0.5"}}, {"format_id": "133", "url": "https://r4---sn-ipoxu-u2xd.googlevideo.com/videoplayback?expire=1610368259&ei=o_D7X9i9FYWerQTU2oGADA&ip=220.129.26.102&id=o-AKNoaO82bNHzql-UH-RXvn7x2LhPoFdOQL893ytysnxw&itag=133&aitags=133%2C134%2C135%2C136%2C137%2C160%2C242%2C243%2C244%2C247%2C248%2C271%2C278%2C313&source=youtube&requiressl=yes&mh=U9&mm=31%2C29&mn=sn-ipoxu-u2xd%2Csn-un57sn7z&ms=au%2Crdu&mv=m&mvi=4&pl=21&initcwndbps=703750&vprv=1&mime=video%2Fmp4&ns=sOnbd27uboEi1Znh9cLehtkF&gir=yes&clen=2944685&dur=169.135&lmt=1607526363453620&mt=1610346510&fvip=4&keepalive=yes&c=WEB&txp=6216222&n=447bavM9zCYZ6_&sparams=expire%2Cei%2Cip%2Cid%2Caitags%2Csource%2Crequiressl%2Cvprv%2Cmime%2Cns%2Cgir%2Cclen%2Cdur%2Clmt&lsparams=mh%2Cmm%2Cmn%2Cms%2Cmv%2Cmvi%2Cpl%2Cinitcwndbps&lsig=AG3C_xAwRQIgLLG-aWkisXpvUJ59oR6HYC9t1GjN-PL2kHiGzvLr75cCIQDNsRhHw7R6mC8ED3wfeU1E1nmkK2i3p-mFgSJOqnm0Rw%3D%3D&sig=AOq0QJ8wRAIgXEO8ZncZoIX9Wj3dxRKDxIiVNCEpPfbGhMdgmTbX1EkCIAEbinmd8s9CNkiWF2sFJcF_IahoiiZzD_FFzZvsEKVl&ratebypass=yes", "player_url": "/s/player/9f996d3e/player_ias.vflset/en_US/base.js", "ext": "mp4", "height": 240, "format_note": "240p", "vcodec": "avc1.4d4015", "asr": null, "filesize": 2944685, "fps": 30, "tbr": 192.136, "width": 426, "acodec": "none", "downloader_options": {"http_chunk_size": 10485760}, "format": "133 - 426x240 (240p)", "protocol": "https", "http_headers": {"User-Agent": "Mozilla/5.0 (Windows NT 10.0; Win64; x64) AppleWebKit/537.36 (KHTML, like Gecko) Chrome/71.0.3557.2 Safari/537.36", "Accept-Charset": "ISO-8859-1,utf-8;q=0.7,*;q=0.7", "Accept": "text/html,application/xhtml+xml,application/xml;q=0.9,*/*;q=0.8", "Accept-Encoding": "gzip, deflate", "Accept-Language": "en-us,en;q=0.5"}}, {"format_id": "243", "url": "https://r4---sn-ipoxu-u2xd.googlevideo.com/videoplayback?expire=1610368259&ei=o_D7X9i9FYWerQTU2oGADA&ip=220.129.26.102&id=o-AKNoaO82bNHzql-UH-RXvn7x2LhPoFdOQL893ytysnxw&itag=243&aitags=133%2C134%2C135%2C136%2C137%2C160%2C242%2C243%2C244%2C247%2C248%2C271%2C278%2C313&source=youtube&requiressl=yes&mh=U9&mm=31%2C29&mn=sn-ipoxu-u2xd%2Csn-un57sn7z&ms=au%2Crdu&mv=m&mvi=4&pl=21&initcwndbps=703750&vprv=1&mime=video%2Fwebm&ns=sOnbd27uboEi1Znh9cLehtkF&gir=yes&clen=5711182&dur=169.136&lmt=1607526370277030&mt=1610346510&fvip=4&keepalive=yes&c=WEB&txp=6216222&n=447bavM9zCYZ6_&sparams=expire%2Cei%2Cip%2Cid%2Caitags%2Csource%2Crequiressl%2Cvprv%2Cmime%2Cns%2Cgir%2Cclen%2Cdur%2Clmt&lsparams=mh%2Cmm%2Cmn%2Cms%2Cmv%2Cmvi%2Cpl%2Cinitcwndbps&lsig=AG3C_xAwRQIgDNdz5c7pIA9WlEx42jnInaciEVwP7ps4Qg5qP7__MMMCIQCS4TnX82apMcaAcWLYCRnmxmIpvJHrELHwxri0vbvA4g%3D%3D&sig=AOq0QJ8wRAIgLAJvlfIl6cJcQh_dtw1g3goymuoTGra-pAhejDrgJvECIDV2YsouCExANwY0r7oVS2vs5m6JvgJrJr_ea1KC7oC9&ratebypass=yes", "player_url": "/s/player/9f996d3e/player_ias.vflset/en_US/base.js", "ext": "webm", "height": 360, "format_note": "360p", "vcodec": "vp9", "asr": null, "filesize": 5711182, "fps": 30, "tbr": 381.13, "width": 640, "acodec": "none", "downloader_options": {"http_chunk_size": 10485760}, "format": "243 - 640x360 (360p)", "protocol": "https", "http_headers": {"User-Agent": "Mozilla/5.0 (Windows NT 10.0; Win64; x64) AppleWebKit/537.36 (KHTML, like Gecko) Chrome/71.0.3557.2 Safari/537.36", "Accept-Charset": "ISO-8859-1,utf-8;q=0.7,*;q=0.7", "Accept": "text/html,application/xhtml+xml,application/xml;q=0.9,*/*;q=0.8", "Accept-Encoding": "gzip, deflate", "Accept-Language": "en-us,en;q=0.5"}}, {"format_id": "134", "url": "https://r4---sn-ipoxu-u2xd.googlevideo.com/videoplayback?expire=1610368259&ei=o_D7X9i9FYWerQTU2oGADA&ip=220.129.26.102&id=o-AKNoaO82bNHzql-UH-RXvn7x2LhPoFdOQL893ytysnxw&itag=134&aitags=133%2C134%2C135%2C136%2C137%2C160%2C242%2C243%2C244%2C247%2C248%2C271%2C278%2C313&source=youtube&requiressl=yes&mh=U9&mm=31%2C29&mn=sn-ipoxu-u2xd%2Csn-un57sn7z&ms=au%2Crdu&mv=m&mvi=4&pl=21&initcwndbps=703750&vprv=1&mime=video%2Fmp4&ns=sOnbd27uboEi1Znh9cLehtkF&gir=yes&clen=6564557&dur=169.135&lmt=1607526363454992&mt=1610346510&fvip=4&keepalive=yes&c=WEB&txp=6216222&n=447bavM9zCYZ6_&sparams=expire%2Cei%2Cip%2Cid%2Caitags%2Csource%2Crequiressl%2Cvprv%2Cmime%2Cns%2Cgir%2Cclen%2Cdur%2Clmt&lsparams=mh%2Cmm%2Cmn%2Cms%2Cmv%2Cmvi%2Cpl%2Cinitcwndbps&lsig=AG3C_xAwRQIgEKeiAJ4R3Iifd69cSsrkC0BXVqUS4H-U1pkKXKitfrwCIQDYRAthp8-wX8tQ-uRgLH70QZWZqIx49UFY-pi-N8iXhA%3D%3D&sig=AOq0QJ8wRAIgDCjXZUbnZ6HF62rvcG-Y_ZAHb1U7IWtTKORwCJ-HUdoCIFesGfDnW2DOoYFnN7B6x5vs_kqbBTh7PgzXxmVg3U1J&ratebypass=yes", "player_url": "/s/player/9f996d3e/player_ias.vflset/en_US/base.js", "ext": "mp4", "height": 360, "format_note": "360p", "vcodec": "avc1.4d401e", "asr": null, "filesize": 6564557, "fps": 30, "tbr": 417.768, "width": 640, "acodec": "none", "downloader_options": {"http_chunk_size": 10485760}, "format": "134 - 640x360 (360p)", "protocol": "https", "http_headers": {"User-Agent": "Mozilla/5.0 (Windows NT 10.0; Win64; x64) AppleWebKit/537.36 (KHTML, like Gecko) Chrome/71.0.3557.2 Safari/537.36", "Accept-Charset": "ISO-8859-1,utf-8;q=0.7,*;q=0.7", "Accept": "text/html,application/xhtml+xml,application/xml;q=0.9,*/*;q=0.8", "Accept-Encoding": "gzip, deflate", "Accept-Language": "en-us,en;q=0.5"}}, {"format_id": "244", "url": "https://r4---sn-ipoxu-u2xd.googlevideo.com/videoplayback?expire=1610368259&ei=o_D7X9i9FYWerQTU2oGADA&ip=220.129.26.102&id=o-AKNoaO82bNHzql-UH-RXvn7x2LhPoFdOQL893ytysnxw&itag=244&aitags=133%2C134%2C135%2C136%2C137%2C160%2C242%2C243%2C244%2C247%2C248%2C271%2C278%2C313&source=youtube&requiressl=yes&mh=U9&mm=31%2C29&mn=sn-ipoxu-u2xd%2Csn-un57sn7z&ms=au%2Crdu&mv=m&mvi=4&pl=21&initcwndbps=703750&vprv=1&mime=video%2Fwebm&ns=sOnbd27uboEi1Znh9cLehtkF&gir=yes&clen=12434866&dur=169.136&lmt=1607526370274448&mt=1610346510&fvip=4&keepalive=yes&c=WEB&txp=6216222&n=447bavM9zCYZ6_&sparams=expire%2Cei%2Cip%2Cid%2Caitags%2Csource%2Crequiressl%2Cvprv%2Cmime%2Cns%2Cgir%2Cclen%2Cdur%2Clmt&lsparams=mh%2Cmm%2Cmn%2Cms%2Cmv%2Cmvi%2Cpl%2Cinitcwndbps&lsig=AG3C_xAwRQIhAPStEXr-ShSEZ03m6u76b8DXvvCcR5cADA7uEBy8qQs1AiAS-yXxcdrzZunSe4ZA_ZcsVs-1wL9kdsRrA2aFTtl9Dg%3D%3D&sig=AOq0QJ8wRgIhANCID0KGjZUxSVlXIo7jVL2_eWNVPgCwEWWM8HtVaDbUAiEAqfaslguNhYflZGLCdtBv4OaAQLZJ180TnOpwMP2bFPM=&ratebypass=yes", "player_url": "/s/player/9f996d3e/player_ias.vflset/en_US/base.js", "ext": "webm", "height": 480, "format_note": "480p", "vcodec": "vp9", "asr": null, "filesize": 12434866, "fps": 30, "tbr": 796.197, "width": 854, "acodec": "none", "downloader_options": {"http_chunk_size": 10485760}, "format": "244 - 854x480 (480p)", "protocol": "https", "http_headers": {"User-Agent": "Mozilla/5.0 (Windows NT 10.0; Win64; x64) AppleWebKit/537.36 (KHTML, like Gecko) Chrome/71.0.3557.2 Safari/537.36", "Accept-Charset": "ISO-8859-1,utf-8;q=0.7,*;q=0.7", "Accept": "text/html,application/xhtml+xml,application/xml;q=0.9,*/*;q=0.8", "Accept-Encoding": "gzip, deflate", "Accept-Language": "en-us,en;q=0.5"}}, {"format_id": "135", "url": "https://r4---sn-ipoxu-u2xd.googlevideo.com/videoplayback?expire=1610368259&ei=o_D7X9i9FYWerQTU2oGADA&ip=220.129.26.102&id=o-AKNoaO82bNHzql-UH-RXvn7x2LhPoFdOQL893ytysnxw&itag=135&aitags=133%2C134%2C135%2C136%2C137%2C160%2C242%2C243%2C244%2C247%2C248%2C271%2C278%2C313&source=youtube&requiressl=yes&mh=U9&mm=31%2C29&mn=sn-ipoxu-u2xd%2Csn-un57sn7z&ms=au%2Crdu&mv=m&mvi=4&pl=21&initcwndbps=703750&vprv=1&mime=video%2Fmp4&ns=sOnbd27uboEi1Znh9cLehtkF&gir=yes&clen=13950098&dur=169.135&lmt=1607526363443105&mt=1610346510&fvip=4&keepalive=yes&c=WEB&txp=6216222&n=447bavM9zCYZ6_&sparams=expire%2Cei%2Cip%2Cid%2Caitags%2Csource%2Crequiressl%2Cvprv%2Cmime%2Cns%2Cgir%2Cclen%2Cdur%2Clmt&lsparams=mh%2Cmm%2Cmn%2Cms%2Cmv%2Cmvi%2Cpl%2Cinitcwndbps&lsig=AG3C_xAwRgIhAKFhCO_t-xnVSnZIFsy65NQUTSp7cEkWePFFigyb7WtiAiEAriuM6dL7JkQLI2uRV66laOlZ0hIN_cOi_Q4rRcGTQfU%3D&sig=AOq0QJ8wRQIgSadjhJG0gPZqbc3iFlG0njPnYrDHOx7ymvm2RHblUEQCIQCP7xtTaPWtjjOFgrKuPeXgXo_W6oEBMSUQAQixvzVtSw==&ratebypass=yes", "player_url": "/s/player/9f996d3e/player_ias.vflset/en_US/base.js", "ext": "mp4", "height": 480, "format_note": "480p", "vcodec": "avc1.4d401f", "asr": null, "filesize": 13950098, "fps": 30, "tbr": 881.666, "width": 854, "acodec": "none", "downloader_options": {"http_chunk_size": 10485760}, "format": "135 - 854x480 (480p)", "protocol": "https", "http_headers": {"User-Agent": "Mozilla/5.0 (Windows NT 10.0; Win64; x64) AppleWebKit/537.36 (KHTML, like Gecko) Chrome/71.0.3557.2 Safari/537.36", "Accept-Charset": "ISO-8859-1,utf-8;q=0.7,*;q=0.7", "Accept": "text/html,application/xhtml+xml,application/xml;q=0.9,*/*;q=0.8", "Accept-Encoding": "gzip, deflate", "Accept-Language": "en-us,en;q=0.5"}}, {"format_id": "247", "url": "https://r4---sn-ipoxu-u2xd.googlevideo.com/videoplayback?expire=1610368259&ei=o_D7X9i9FYWerQTU2oGADA&ip=220.129.26.102&id=o-AKNoaO82bNHzql-UH-RXvn7x2LhPoFdOQL893ytysnxw&itag=247&aitags=133%2C134%2C135%2C136%2C137%2C160%2C242%2C243%2C244%2C247%2C248%2C271%2C278%2C313&source=youtube&requiressl=yes&mh=U9&mm=31%2C29&mn=sn-ipoxu-u2xd%2Csn-un57sn7z&ms=au%2Crdu&mv=m&mvi=4&pl=21&initcwndbps=703750&vprv=1&mime=video%2Fwebm&ns=sOnbd27uboEi1Znh9cLehtkF&gir=yes&clen=32573649&dur=169.136&lmt=1607526370648414&mt=1610346510&fvip=4&keepalive=yes&c=WEB&txp=6216222&n=447bavM9zCYZ6_&sparams=expire%2Cei%2Cip%2Cid%2Caitags%2Csource%2Crequiressl%2Cvprv%2Cmime%2Cns%2Cgir%2Cclen%2Cdur%2Clmt&lsparams=mh%2Cmm%2Cmn%2Cms%2Cmv%2Cmvi%2Cpl%2Cinitcwndbps&lsig=AG3C_xAwRQIhAOanNz1lTgrgMNoKbwkX7Nuz3sJVnmsQuRJREn4st_PRAiBHit1GUa_i7U91eCMELtvZiMWiej_tZpMrwUXI3vbIog%3D%3D&sig=AOq0QJ8wRAIgVoSsFOqc5PCkOIYSToAmALkeR6GOq9R5sPbKr7fEj_sCIHnfI0Xbkqdso7abc-5ecqmBzWdVbfzmuJdcQJOdYKkZ&ratebypass=yes", "player_url": "/s/player/9f996d3e/player_ias.vflset/en_US/base.js", "ext": "webm", "height": 720, "format_note": "720p", "vcodec": "vp9", "asr": null, "filesize": 32573649, "fps": 30, "tbr": 1768.226, "width": 1280, "acodec": "none", "downloader_options": {"http_chunk_size": 10485760}, "format": "247 - 1280x720 (720p)", "protocol": "https", "http_headers": {"User-Agent": "Mozilla/5.0 (Windows NT 10.0; Win64; x64) AppleWebKit/537.36 (KHTML, like Gecko) Chrome/71.0.3557.2 Safari/537.36", "Accept-Charset": "ISO-8859-1,utf-8;q=0.7,*;q=0.7", "Accept": "text/html,application/xhtml+xml,application/xml;q=0.9,*/*;q=0.8", "Accept-Encoding": "gzip, deflate", "Accept-Language": "en-us,en;q=0.5"}}, {"format_id": "136", "url": "https://r4---sn-ipoxu-u2xd.googlevideo.com/videoplayback?expire=1610368259&ei=o_D7X9i9FYWerQTU2oGADA&ip=220.129.26.102&id=o-AKNoaO82bNHzql-UH-RXvn7x2LhPoFdOQL893ytysnxw&itag=136&aitags=133%2C134%2C135%2C136%2C137%2C160%2C242%2C243%2C244%2C247%2C248%2C271%2C278%2C313&source=youtube&requiressl=yes&mh=U9&mm=31%2C29&mn=sn-ipoxu-u2xd%2Csn-un57sn7z&ms=au%2Crdu&mv=m&mvi=4&pl=21&initcwndbps=703750&vprv=1&mime=video%2Fmp4&ns=sOnbd27uboEi1Znh9cLehtkF&gir=yes&clen=34852484&dur=169.135&lmt=1607526363441609&mt=1610346510&fvip=4&keepalive=yes&c=WEB&txp=6216222&n=447bavM9zCYZ6_&sparams=expire%2Cei%2Cip%2Cid%2Caitags%2Csource%2Crequiressl%2Cvprv%2Cmime%2Cns%2Cgir%2Cclen%2Cdur%2Clmt&lsparams=mh%2Cmm%2Cmn%2Cms%2Cmv%2Cmvi%2Cpl%2Cinitcwndbps&lsig=AG3C_xAwRQIgG8adCYezyVZ4SV-DnnGnZmASY3ZBtXWMirmEZgPgQV8CIQD9jssLgNsEh-IcWvgfix26KOdZ3AdSKqKs-ynJFGobSw%3D%3D&sig=AOq0QJ8wRQIhALGAB9l8HAXk1t8NetRJRaHDNpxnbTY31ssOcmracF64AiBW8xkt4PeeZLPcRkRLjRmIir0Ihb0QpwhSDG_XQ5mznQ==&ratebypass=yes", "player_url": "/s/player/9f996d3e/player_ias.vflset/en_US/base.js", "ext": "mp4", "height": 720, "format_note": "720p", "vcodec": "avc1.64001f", "asr": null, "filesize": 34852484, "fps": 30, "tbr": 2251.034, "width": 1280, "acodec": "none", "downloader_options": {"http_chunk_size": 10485760}, "format": "136 - 1280x720 (720p)", "protocol": "https", "http_headers": {"User-Agent": "Mozilla/5.0 (Windows NT 10.0; Win64; x64) AppleWebKit/537.36 (KHTML, like Gecko) Chrome/71.0.3557.2 Safari/537.36", "Accept-Charset": "ISO-8859-1,utf-8;q=0.7,*;q=0.7", "Accept": "text/html,application/xhtml+xml,application/xml;q=0.9,*/*;q=0.8", "Accept-Encoding": "gzip, deflate", "Accept-Language": "en-us,en;q=0.5"}}, {"format_id": "248", "url": "https://r4---sn-ipoxu-u2xd.googlevideo.com/videoplayback?expire=1610368259&ei=o_D7X9i9FYWerQTU2oGADA&ip=220.129.26.102&id=o-AKNoaO82bNHzql-UH-RXvn7x2LhPoFdOQL893ytysnxw&itag=248&aitags=133%2C134%2C135%2C136%2C137%2C160%2C242%2C243%2C244%2C247%2C248%2C271%2C278%2C313&source=youtube&requiressl=yes&mh=U9&mm=31%2C29&mn=sn-ipoxu-u2xd%2Csn-un57sn7z&ms=au%2Crdu&mv=m&mvi=4&pl=21&initcwndbps=703750&vprv=1&mime=video%2Fwebm&ns=sOnbd27uboEi1Znh9cLehtkF&gir=yes&clen=58283885&dur=169.136&lmt=1607526370313022&mt=1610346510&fvip=4&keepalive=yes&c=WEB&txp=6216222&n=447bavM9zCYZ6_&sparams=expire%2Cei%2Cip%2Cid%2Caitags%2Csource%2Crequiressl%2Cvprv%2Cmime%2Cns%2Cgir%2Cclen%2Cdur%2Clmt&lsparams=mh%2Cmm%2Cmn%2Cms%2Cmv%2Cmvi%2Cpl%2Cinitcwndbps&lsig=AG3C_xAwRgIhAP8cxN4VkT7KyPg9LeVh_XuRaVkxPE2cdMuGHUnl0uaWAiEA9FHbfpji1KC5TDc0P9XVPY_6tbvgX9rUSVxrqn6TVO4%3D&sig=AOq0QJ8wRgIhAPyB-aXh37peh7CvdamEh39wS4iY96CiILSBWzckOd77AiEA-pZRriasRKzpEfcCPupNAClcKF-2-UH-Empo62G03cw=&ratebypass=yes", "player_url": "/s/player/9f996d3e/player_ias.vflset/en_US/base.js", "ext": "webm", "height": 1080, "format_note": "1080p", "vcodec": "vp9", "asr": null, "filesize": 58283885, "fps": 30, "tbr": 2932.44, "width": 1920, "acodec": "none", "downloader_options": {"http_chunk_size": 10485760}, "format": "248 - 1920x1080 (1080p)", "protocol": "https", "http_headers": {"User-Agent": "Mozilla/5.0 (Windows NT 10.0; Win64; x64) AppleWebKit/537.36 (KHTML, like Gecko) Chrome/71.0.3557.2 Safari/537.36", "Accept-Charset": "ISO-8859-1,utf-8;q=0.7,*;q=0.7", "Accept": "text/html,application/xhtml+xml,application/xml;q=0.9,*/*;q=0.8", "Accept-Encoding": "gzip, deflate", "Accept-Language": "en-us,en;q=0.5"}}, {"format_id": "137", "url": "https://r4---sn-ipoxu-u2xd.googlevideo.com/videoplayback?expire=1610368259&ei=o_D7X9i9FYWerQTU2oGADA&ip=220.129.26.102&id=o-AKNoaO82bNHzql-UH-RXvn7x2LhPoFdOQL893ytysnxw&itag=137&aitags=133%2C134%2C135%2C136%2C137%2C160%2C242%2C243%2C244%2C247%2C248%2C271%2C278%2C313&source=youtube&requiressl=yes&mh=U9&mm=31%2C29&mn=sn-ipoxu-u2xd%2Csn-un57sn7z&ms=au%2Crdu&mv=m&mvi=4&pl=21&initcwndbps=703750&vprv=1&mime=video%2Fmp4&ns=sOnbd27uboEi1Znh9cLehtkF&gir=yes&clen=86721564&dur=169.135&lmt=1607526363454883&mt=1610346510&fvip=4&keepalive=yes&c=WEB&txp=6216222&n=447bavM9zCYZ6_&sparams=expire%2Cei%2Cip%2Cid%2Caitags%2Csource%2Crequiressl%2Cvprv%2Cmime%2Cns%2Cgir%2Cclen%2Cdur%2Clmt&lsparams=mh%2Cmm%2Cmn%2Cms%2Cmv%2Cmvi%2Cpl%2Cinitcwndbps&lsig=AG3C_xAwRQIhAO724dHMJddRF5xAtql-2FGMQx2KJ7-e5-d3BqRQC2dtAiAMhc2qeRcGXtk1dXSwd7pbbh7DS_5NjWNVyXBxg5H-SA%3D%3D&sig=AOq0QJ8wRAIgW2uTbm05D2NLfCA-sWFCfJxwZ2udsynFG2ZcY9YdQJACIFmPwq1k9QDsPQES6iEaLKplDF2HfiNahPNsi5WD-Pll&ratebypass=yes", "player_url": "/s/player/9f996d3e/player_ias.vflset/en_US/base.js", "ext": "mp4", "height": 1080, "format_note": "1080p", "vcodec": "avc1.640028", "asr": null, "filesize": 86721564, "fps": 30, "tbr": 4769.621, "width": 1920, "acodec": "none", "downloader_options": {"http_chunk_size": 10485760}, "format": "137 - 1920x1080 (1080p)", "protocol": "https", "http_headers": {"User-Agent": "Mozilla/5.0 (Windows NT 10.0; Win64; x64) AppleWebKit/537.36 (KHTML, like Gecko) Chrome/71.0.3557.2 Safari/537.36", "Accept-Charset": "ISO-8859-1,utf-8;q=0.7,*;q=0.7", "Accept": "text/html,application/xhtml+xml,application/xml;q=0.9,*/*;q=0.8", "Accept-Encoding": "gzip, deflate", "Accept-Language": "en-us,en;q=0.5"}}, {"format_id": "271", "url": "https://r4---sn-ipoxu-u2xd.googlevideo.com/videoplayback?expire=1610368259&ei=o_D7X9i9FYWerQTU2oGADA&ip=220.129.26.102&id=o-AKNoaO82bNHzql-UH-RXvn7x2LhPoFdOQL893ytysnxw&itag=271&aitags=133%2C134%2C135%2C136%2C137%2C160%2C242%2C243%2C244%2C247%2C248%2C271%2C278%2C313&source=youtube&requiressl=yes&mh=U9&mm=31%2C29&mn=sn-ipoxu-u2xd%2Csn-un57sn7z&ms=au%2Crdu&mv=m&mvi=4&pl=21&initcwndbps=703750&vprv=1&mime=video%2Fwebm&ns=sOnbd27uboEi1Znh9cLehtkF&gir=yes&clen=192573545&dur=169.136&lmt=1607526370294316&mt=1610346510&fvip=4&keepalive=yes&c=WEB&txp=6216222&n=447bavM9zCYZ6_&sparams=expire%2Cei%2Cip%2Cid%2Caitags%2Csource%2Crequiressl%2Cvprv%2Cmime%2Cns%2Cgir%2Cclen%2Cdur%2Clmt&lsparams=mh%2Cmm%2Cmn%2Cms%2Cmv%2Cmvi%2Cpl%2Cinitcwndbps&lsig=AG3C_xAwRQIhANN4PFX-90-7r5r2B6YFStg2wovdgqHm9qmGImyBq2zsAiBpfClVQPo5OybmV99nFE13XDBp8nz-39GkRuRTahL7xQ%3D%3D&sig=AOq0QJ8wRQIhAPzRpxoWlKV07MbCqxHCsf4sD0Fytbq4toP1jtnyu0orAiBiF3bbJZ_iGntkCT2JLfzhfkk-Sd5jxbf_3Mh4aHwhUg==&ratebypass=yes", "player_url": "/s/player/9f996d3e/player_ias.vflset/en_US/base.js", "ext": "webm", "height": 1440, "format_note": "1440p", "vcodec": "vp9", "asr": null, "filesize": 192573545, "fps": 30, "tbr": 9493.352, "width": 2560, "acodec": "none", "downloader_options": {"http_chunk_size": 10485760}, "format": "271 - 2560x1440 (1440p)", "protocol": "https", "http_headers": {"User-Agent": "Mozilla/5.0 (Windows NT 10.0; Win64; x64) AppleWebKit/537.36 (KHTML, like Gecko) Chrome/71.0.3557.2 Safari/537.36", "Accept-Charset": "ISO-8859-1,utf-8;q=0.7,*;q=0.7", "Accept": "text/html,application/xhtml+xml,application/xml;q=0.9,*/*;q=0.8", "Accept-Encoding": "gzip, deflate", "Accept-Language": "en-us,en;q=0.5"}}, {"format_id": "313", "url": "https://r4---sn-ipoxu-u2xd.googlevideo.com/videoplayback?expire=1610368259&ei=o_D7X9i9FYWerQTU2oGADA&ip=220.129.26.102&id=o-AKNoaO82bNHzql-UH-RXvn7x2LhPoFdOQL893ytysnxw&itag=313&aitags=133%2C134%2C135%2C136%2C137%2C160%2C242%2C243%2C244%2C247%2C248%2C271%2C278%2C313&source=youtube&requiressl=yes&mh=U9&mm=31%2C29&mn=sn-ipoxu-u2xd%2Csn-un57sn7z&ms=au%2Crdu&mv=m&mvi=4&pl=21&initcwndbps=703750&vprv=1&mime=video%2Fwebm&ns=sOnbd27uboEi1Znh9cLehtkF&gir=yes&clen=369271029&dur=169.136&lmt=1607526370272481&mt=1610346510&fvip=4&keepalive=yes&c=WEB&txp=6216222&n=447bavM9zCYZ6_&sparams=expire%2Cei%2Cip%2Cid%2Caitags%2Csource%2Crequiressl%2Cvprv%2Cmime%2Cns%2Cgir%2Cclen%2Cdur%2Clmt&lsparams=mh%2Cmm%2Cmn%2Cms%2Cmv%2Cmvi%2Cpl%2Cinitcwndbps&lsig=AG3C_xAwRQIgCtj3B7CfmBjKW9a2lPtf_oukG6FoH2CWikQG59J5C88CIQCEEB871gQUJ_nt3JqvGTnu9MSeEwvjqnPeUrnLg_elkA%3D%3D&sig=AOq0QJ8wRQIgJmI4JxzvtN7DABk_rTRhCBlEsQdUb92QFqc_xNO12SwCIQC6lBN08NMnPNL6APT6jYd726tVOM3Y_8uSQSibdH0Dyg==&ratebypass=yes", "player_url": "/s/player/9f996d3e/player_ias.vflset/en_US/base.js", "ext": "webm", "height": 2160, "format_note": "2160p", "vcodec": "vp9", "asr": null, "filesize": 369271029, "fps": 30, "tbr": 18219.43, "width": 3840, "acodec": "none", "downloader_options": {"http_chunk_size": 10485760}, "format": "313 - 3840x2160 (2160p)", "protocol": "https", "http_headers": {"User-Agent": "Mozilla/5.0 (Windows NT 10.0; Win64; x64) AppleWebKit/537.36 (KHTML, like Gecko) Chrome/71.0.3557.2 Safari/537.36", "Accept-Charset": "ISO-8859-1,utf-8;q=0.7,*;q=0.7", "Accept": "text/html,application/xhtml+xml,application/xml;q=0.9,*/*;q=0.8", "Accept-Encoding": "gzip, deflate", "Accept-Language": "en-us,en;q=0.5"}}, {"format_id": "18", "url": "https://r4---sn-ipoxu-u2xd.googlevideo.com/videoplayback?expire=1610368259&ei=o_D7X9i9FYWerQTU2oGADA&ip=220.129.26.102&id=o-AKNoaO82bNHzql-UH-RXvn7x2LhPoFdOQL893ytysnxw&itag=18&source=youtube&requiressl=yes&mh=U9&mm=31%2C29&mn=sn-ipoxu-u2xd%2Csn-un57sn7z&ms=au%2Crdu&mv=m&mvi=4&pl=21&initcwndbps=703750&vprv=1&mime=video%2Fmp4&ns=nCTNkEC4IDB0mmDkBvLQGJsF&gir=yes&clen=8001657&ratebypass=yes&dur=169.203&lmt=1607502571108818&mt=1610346510&fvip=4&c=WEB&txp=6210222&n=2cWygKwERZq2R5&sparams=expire%2Cei%2Cip%2Cid%2Citag%2Csource%2Crequiressl%2Cvprv%2Cmime%2Cns%2Cgir%2Cclen%2Cratebypass%2Cdur%2Clmt&lsparams=mh%2Cmm%2Cmn%2Cms%2Cmv%2Cmvi%2Cpl%2Cinitcwndbps&lsig=AG3C_xAwRQIhAIYB0EWkxE3B2xe92CvrwJTeEm2gIAGwgibi6bDkU3tUAiBq5OnBX4VCiW5Qk4bBNiWyH_PYR0UDuoTVwaCnTu_YVw%3D%3D&sig=AOq0QJ8wRQIgBC7PXgRV2tdkfa328DGI0jxjq51bYz1PWP_8XqwmvrECIQD3D3bP8UtBv6j5s4VuJwepYA2hPJ6uLCNs1-eHybvsTw==", "player_url": "/s/player/9f996d3e/player_ias.vflset/en_US/base.js", "ext": "mp4", "width": 640, "height": 360, "acodec": "mp4a.40.2", "abr": 96, "vcodec": "avc1.42001E", "asr": 44100, "filesize": 8001657, "format_note": "360p", "fps": 30, "tbr": 378.474, "format": "18 - 640x360 (360p)", "protocol": "https", "http_headers": {"User-Agent": "Mozilla/5.0 (Windows NT 10.0; Win64; x64) AppleWebKit/537.36 (KHTML, like Gecko) Chrome/71.0.3557.2 Safari/537.36", "Accept-Charset": "ISO-8859-1,utf-8;q=0.7,*;q=0.7", "Accept": "text/html,application/xhtml+xml,application/xml;q=0.9,*/*;q=0.8", "Accept-Encoding": "gzip, deflate", "Accept-Language": "en-us,en;q=0.5"}}, {"format_id": "22", "url": "https://r4---sn-ipoxu-u2xd.googlevideo.com/videoplayback?expire=1610368259&ei=o_D7X9i9FYWerQTU2oGADA&ip=220.129.26.102&id=o-AKNoaO82bNHzql-UH-RXvn7x2LhPoFdOQL893ytysnxw&itag=22&source=youtube&requiressl=yes&mh=U9&mm=31%2C29&mn=sn-ipoxu-u2xd%2Csn-un57sn7z&ms=au%2Crdu&mv=m&mvi=4&pl=21&initcwndbps=703750&vprv=1&mime=video%2Fmp4&ns=nCTNkEC4IDB0mmDkBvLQGJsF&ratebypass=yes&dur=169.203&lmt=1607526376333892&mt=1610346510&fvip=4&c=WEB&txp=6216222&n=2cWygKwERZq2R5&sparams=expire%2Cei%2Cip%2Cid%2Citag%2Csource%2Crequiressl%2Cvprv%2Cmime%2Cns%2Cratebypass%2Cdur%2Clmt&lsparams=mh%2Cmm%2Cmn%2Cms%2Cmv%2Cmvi%2Cpl%2Cinitcwndbps&lsig=AG3C_xAwRAIgJ_vhIPMnwHOhMTltSA9uIzy8pLyQt4P0sGHukT7ljAECIHfweKio9px8bfbXtf0eJpVlVSD5VcJMBJdPjn_Q8Nec&sig=AOq0QJ8wRQIhAOrGO0zqN576tDxlcpG26My1DMjIbsmMc4ZHupxVZOv6AiAR_S-_hPLl-LKVcsGtNrlLdB8jXYuTNRGtjqLw3bxE-w==", "player_url": "/s/player/9f996d3e/player_ias.vflset/en_US/base.js", "ext": "mp4", "width": 1280, "height": 720, "acodec": "mp4a.40.2", "abr": 192, "vcodec": "avc1.64001F", "asr": 44100, "filesize": null, "format_note": "720p", "fps": 30, "tbr": 1776.808, "format": "22 - 1280x720 (720p)", "protocol": "https", "http_headers": {"User-Agent": "Mozilla/5.0 (Windows NT 10.0; Win64; x64) AppleWebKit/537.36 (KHTML, like Gecko) Chrome/71.0.3557.2 Safari/537.36", "Accept-Charset": "ISO-8859-1,utf-8;q=0.7,*;q=0.7", "Accept": "text/html,application/xhtml+xml,application/xml;q=0.9,*/*;q=0.8", "Accept-Encoding": "gzip, deflate", "Accept-Language": "en-us,en;q=0.5"}}], "is_live": null, "start_time": null, "end_time": null, "series": null, "season_number": null, "episode_number": null, "track": "mondaufgang", "artist": "Albert Puck", "album": "silhouette", "release_date": null, "release_year": null, "extractor": "youtube", "webpage_url_basename": "watch", "extractor_key": "Youtube", "playlist": null, "playlist_index": null, "thumbnail": "https://i.ytimg.com/vi_webp/fOYX0uH8mSQ/maxresdefault.webp", "display_id": "fOYX0uH8mSQ", "requested_subtitles": null, "format_id": "251", "url": "https://r4---sn-ipoxu-u2xd.googlevideo.com/videoplayback?expire=1610368259&ei=o_D7X9i9FYWerQTU2oGADA&ip=220.129.26.102&id=o-AKNoaO82bNHzql-UH-RXvn7x2LhPoFdOQL893ytysnxw&itag=251&source=youtube&requiressl=yes&mh=U9&mm=31%2C29&mn=sn-ipoxu-u2xd%2Csn-un57sn7z&ms=au%2Crdu&mv=m&mvi=4&pl=21&initcwndbps=703750&vprv=1&mime=audio%2Fwebm&ns=sOnbd27uboEi1Znh9cLehtkF&gir=yes&clen=3108363&dur=169.161&lmt=1607526343491062&mt=1610346510&fvip=4&keepalive=yes&c=WEB&txp=6211222&n=447bavM9zCYZ6_&sparams=expire%2Cei%2Cip%2Cid%2Citag%2Csource%2Crequiressl%2Cvprv%2Cmime%2Cns%2Cgir%2Cclen%2Cdur%2Clmt&lsparams=mh%2Cmm%2Cmn%2Cms%2Cmv%2Cmvi%2Cpl%2Cinitcwndbps&lsig=AG3C_xAwRQIgYXVcvsL5hZAjNTfEPV23QwQrUBTGfxrGnXQWRJ7mFUICIQDQOk7ebITQ7CkMak8VWqvp0S4t-gMeg4g8m9O4gO8tpQ%3D%3D&sig=AOq0QJ8wRAIgMjGrhrOtofgBATFT42lAprGEF8QuBOkYazHOmyvqscICIFdtjS0JpaXJjYaCiBZ2sz0-FPDw3BL45408oObu5Zgx&ratebypass=yes", "player_url": "/s/player/9f996d3e/player_ias.vflset/en_US/base.js", "ext": "webm", "format_note": "tiny", "acodec": "opus", "abr": 160, "asr": 48000, "filesize": 3108363, "fps": null, "height": null, "tbr": 154.531, "width": null, "vcodec": "none", "downloader_options": {"http_chunk_size": 10485760}, "format": "251 - audio only (tiny)", "protocol": "https", "http_headers": {"User-Agent": "Mozilla/5.0 (Windows NT 10.0; Win64; x64) AppleWebKit/537.36 (KHTML, like Gecko) Chrome/71.0.3557.2 Safari/537.36", "Accept-Charset": "ISO-8859-1,utf-8;q=0.7,*;q=0.7", "Accept": "text/html,application/xhtml+xml,application/xml;q=0.9,*/*;q=0.8", "Accept-Encoding": "gzip, deflate", "Accept-Language": "en-us,en;q=0.5"}}