{"id": "iXiSFSGws-c", "uploader": "KAINBEATS - Topic", "uploader_id": "UCTC2H5TTtKCRs5rG_spJDAw", "uploader_url": "http://www.youtube.com/channel/UCTC2H5TTtKCRs5rG_spJDAw", "channel_id": "UCTC2H5TTtKCRs5rG_spJDAw", "channel_url": "http://www.youtube.com/channel/UCTC2H5TTtKCRs5rG_spJDAw", "upload_date": "20200929", "license": null, "creator": "Kainbeats", "title": "Rest Well, Love", "alt_title": "Rest Well, Love", "thumbnails": [{"url": "https://i.ytimg.com/vi/iXiSFSGws-c/hqdefault.jpg?sqp=-oaymwEYCKgBEF5IVfKriqkDCwgBFQAAiEIYAXAB&rs=AOn4CLA-rChBFE4PNH7ZqQbWHgnK7bL_9Q", "width": 168, "height": 94, "resolution": "168x94", "id": "0"}, {"url": "https://i.ytimg.com/vi/iXiSFSGws-c/hqdefault.jpg?sqp=-oaymwEYCMQBEG5IVfKriqkDCwgBFQAAiEIYAXAB&rs=AOn4CLB3e_7XP3LoESnpLPioI1r4MCIzMg", "width": 196, "height": 110, "resolution": "196x110", "id": "1"}, {"url": "https://i.ytimg.com/vi/iXiSFSGws-c/hqdefault.jpg?sqp=-oaymwEZCPYBEIoBSFXyq4qpAwsIARUAAIhCGAFwAQ==&rs=AOn4CLBuQAkO2hDRT0j1rbvCJC673UNwMg", "width": 246, "height": 138, "resolution": "246x138", "id": "2"}, {"url": "https://i.ytimg.com/vi/iXiSFSGws-c/hqdefault.jpg?sqp=-oaymwEZCNACELwBSFXyq4qpAwsIARUAAIhCGAFwAQ==&rs=AOn4CLBovHi4NYc40wQ4MKvSfpRgtD9bJg", "width": 336, "height": 188, "resolution": "336x188", "id": "3"}, {"url": "https://i.ytimg.com/vi_webp/iXiSFSGws-c/maxresdefault.webp", "width": 1920, "height": 1080, "resolution": "1920x1080", "id": "4"}], "description": "Provided to YouTube by TuneCore\n\nRest Well, Love \u00b7 Kainbeats\n\nGlass Room\n\n\u2117 2020 Dream Relaxation\n\nReleased on: 2020-09-30\n\nAuto-generated by YouTube.", "categories": ["Music"], "tags": ["Kainbeats Glass Room Rest Well", "Love"], "subtitles": {}, "automatic_captions": {}, "duration": 148, "age_limit": 0, "annotations": null, "chapters": null, "webpage_url": "https://www.youtube.com/watch?v=iXiSFSGws-c", "view_count": 132, "like_count": 6, "dislike_count": null, "average_rating": 5.0, "formats": [{"format_id": "249", "url": "https://r1---sn-5njj-u2xl.googlevideo.com/videoplayback?expire=1608123797&ei=NbHZX47HGY6Is8IP98SGuAU&ip=140.109.135.166&id=o-AHd36Kv3dU-7rWWpXwkGmDqVSu3YAaoyzdU7Ak0o6fgj&itag=249&source=youtube&requiressl=yes&mh=Hy&mm=31%2C29&mn=sn-5njj-u2xl%2Csn-un57en7s&ms=au%2Crdu&mv=m&mvi=1&pl=16&gcr=tw&initcwndbps=508750&vprv=1&mime=audio%2Fwebm&ns=ULUyTTWhPbkSyepksri9JGAF&gir=yes&clen=1052880&dur=147.861&lmt=1600330045777666&mt=1608101795&fvip=1&keepalive=yes&c=WEB&txp=2311224&n=Fv9Zkte86k9X-q2IA&sparams=expire%2Cei%2Cip%2Cid%2Citag%2Csource%2Crequiressl%2Cgcr%2Cvprv%2Cmime%2Cns%2Cgir%2Cclen%2Cdur%2Clmt&lsparams=mh%2Cmm%2Cmn%2Cms%2Cmv%2Cmvi%2Cpl%2Cinitcwndbps&lsig=AG3C_xAwRQIgFRCYipuTZvYDwrYVU5m0W5OdcaGk-EITEUMnNriS8aYCIQCkPVoS9c034e8FiHv_pDqsuQqu5fq0Xm8wmbxS3-vRdg%3D%3D&sig=AOq0QJ8wRQIhAIJvF3yesqp4WPPdeKcIXEyHnc-lvMEJTjFTCcMmrgZAAiBC5pm0yIH21ON-q-NawKBeAaXSdnirJNlgbZtIAEZbdA==&ratebypass=yes", "player_url": "/s/player/62f90c99/player_ias.vflset/en_US/base.js", "ext": "webm", "format_note": "tiny", "acodec": "opus", "abr": 50, "asr": 48000, "filesize": 1052880, "fps": null, "height": null, "tbr": 60.87, "width": null, "vcodec": "none", "downloader_options": {"http_chunk_size": 10485760}, "format": "249 - audio only (tiny)", "protocol": "https", "http_headers": {"User-Agent": "Mozilla/5.0 (Windows NT 10.0; Win64; x64) AppleWebKit/537.36 (KHTML, like Gecko) Chrome/70.0.3538.112 Safari/537.36", "Accept-Charset": "ISO-8859-1,utf-8;q=0.7,*;q=0.7", "Accept": "text/html,application/xhtml+xml,application/xml;q=0.9,*/*;q=0.8", "Accept-Encoding": "gzip, deflate", "Accept-Language": "en-us,en;q=0.5"}}, {"format_id": "250", "url": "https://r1---sn-5njj-u2xl.googlevideo.com/videoplayback?expire=1608123797&ei=NbHZX47HGY6Is8IP98SGuAU&ip=140.109.135.166&id=o-AHd36Kv3dU-7rWWpXwkGmDqVSu3YAaoyzdU7Ak0o6fgj&itag=250&source=youtube&requiressl=yes&mh=Hy&mm=31%2C29&mn=sn-5njj-u2xl%2Csn-un57en7s&ms=au%2Crdu&mv=m&mvi=1&pl=16&gcr=tw&initcwndbps=508750&vprv=1&mime=audio%2Fwebm&ns=ULUyTTWhPbkSyepksri9JGAF&gir=yes&clen=1375212&dur=147.861&lmt=1600330045779019&mt=1608101795&fvip=1&keepalive=yes&c=WEB&txp=2311224&n=Fv9Zkte86k9X-q2IA&sparams=expire%2Cei%2Cip%2Cid%2Citag%2Csource%2Crequiressl%2Cgcr%2Cvprv%2Cmime%2Cns%2Cgir%2Cclen%2Cdur%2Clmt&lsparams=mh%2Cmm%2Cmn%2Cms%2Cmv%2Cmvi%2Cpl%2Cinitcwndbps&lsig=AG3C_xAwRAIgeZHuk0n4G8ltvBG6PdflvxUoKiBA2NSXtr0adF59vFcCID2Cr3jsz87K8JDrOpRLdmWmWoqa4BKyesKtKawmmBfW&sig=AOq0QJ8wRQIgHEZOEVMHQR12a-_FXIY8RNEBj_UaycSxNTCmYHECWGACIQDFTK5XTCaPzJtjN6NF3DWs-N59fA-qqLvyxVM9j2SpMA==&ratebypass=yes", "player_url": "/s/player/62f90c99/player_ias.vflset/en_US/base.js", "ext": "webm", "format_note": "tiny", "acodec": "opus", "abr": 70, "asr": 48000, "filesize": 1375212, "fps": null, "height": null, "tbr": 78.774, "width": null, "vcodec": "none", "downloader_options": {"http_chunk_size": 10485760}, "format": "250 - audio only (tiny)", "protocol": "https", "http_headers": {"User-Agent": "Mozilla/5.0 (Windows NT 10.0; Win64; x64) AppleWebKit/537.36 (KHTML, like Gecko) Chrome/70.0.3538.112 Safari/537.36", "Accept-Charset": "ISO-8859-1,utf-8;q=0.7,*;q=0.7", "Accept": "text/html,application/xhtml+xml,application/xml;q=0.9,*/*;q=0.8", "Accept-Encoding": "gzip, deflate", "Accept-Language": "en-us,en;q=0.5"}}, {"format_id": "140", "url": "https://r1---sn-5njj-u2xl.googlevideo.com/videoplayback?expire=1608123797&ei=NbHZX47HGY6Is8IP98SGuAU&ip=140.109.135.166&id=o-AHd36Kv3dU-7rWWpXwkGmDqVSu3YAaoyzdU7Ak0o6fgj&itag=140&source=youtube&requiressl=yes&mh=Hy&mm=31%2C29&mn=sn-5njj-u2xl%2Csn-un57en7s&ms=au%2Crdu&mv=m&mvi=1&pl=16&gcr=tw&initcwndbps=508750&vprv=1&mime=audio%2Fmp4&ns=ULUyTTWhPbkSyepksri9JGAF&gir=yes&clen=2395784&dur=147.839&lmt=1600329364280778&mt=1608101795&fvip=1&keepalive=yes&c=WEB&txp=2311222&n=Fv9Zkte86k9X-q2IA&sparams=expire%2Cei%2Cip%2Cid%2Citag%2Csource%2Crequiressl%2Cgcr%2Cvprv%2Cmime%2Cns%2Cgir%2Cclen%2Cdur%2Clmt&lsparams=mh%2Cmm%2Cmn%2Cms%2Cmv%2Cmvi%2Cpl%2Cinitcwndbps&lsig=AG3C_xAwRAIgEZ6BAUr5vB8VV7CpG223fjCrvi6oQ9MCUXT9ccsE7gACIBgY6iJ4qsXfD16mx0BiYSR3H66U7Ku0B9Sgt3n9hcd9&sig=AOq0QJ8wRQIhAP2DJuIqLV7QUytIHx6eyk-YE1hM6E--RfiWTqjHhQJfAiBKePqOxXOHYTH3qbhFmnheUjlQmZPOM8VTBY4nYijZKw==&ratebypass=yes", "player_url": "/s/player/62f90c99/player_ias.vflset/en_US/base.js", "ext": "m4a", "format_note": "tiny", "acodec": "mp4a.40.2", "abr": 128, "container": "m4a_dash", "asr": 44100, "filesize": 2395784, "fps": null, "height": null, "tbr": 131.026, "width": null, "vcodec": "none", "downloader_options": {"http_chunk_size": 10485760}, "format": "140 - audio only (tiny)", "protocol": "https", "http_headers": {"User-Agent": "Mozilla/5.0 (Windows NT 10.0; Win64; x64) AppleWebKit/537.36 (KHTML, like Gecko) Chrome/70.0.3538.112 Safari/537.36", "Accept-Charset": "ISO-8859-1,utf-8;q=0.7,*;q=0.7", "Accept": "text/html,application/xhtml+xml,application/xml;q=0.9,*/*;q=0.8", "Accept-Encoding": "gzip, deflate", "Accept-Language": "en-us,en;q=0.5"}}, {"format_id": "251", "url": "https://r1---sn-5njj-u2xl.googlevideo.com/videoplayback?expire=1608123797&ei=NbHZX47HGY6Is8IP98SGuAU&ip=140.109.135.166&id=o-AHd36Kv3dU-7rWWpXwkGmDqVSu3YAaoyzdU7Ak0o6fgj&itag=251&source=youtube&requiressl=yes&mh=Hy&mm=31%2C29&mn=sn-5njj-u2xl%2Csn-un57en7s&ms=au%2Crdu&mv=m&mvi=1&pl=16&gcr=tw&initcwndbps=508750&vprv=1&mime=audio%2Fwebm&ns=ULUyTTWhPbkSyepksri9JGAF&gir=yes&clen=2727381&dur=147.861&lmt=1600330046021203&mt=1608101795&fvip=1&keepalive=yes&c=WEB&txp=2311224&n=Fv9Zkte86k9X-q2IA&sparams=expire%2Cei%2Cip%2Cid%2Citag%2Csource%2Crequiressl%2Cgcr%2Cvprv%2Cmime%2Cns%2Cgir%2Cclen%2Cdur%2Clmt&lsparams=mh%2Cmm%2Cmn%2Cms%2Cmv%2Cmvi%2Cpl%2Cinitcwndbps&lsig=AG3C_xAwRQIge-ARzmY8bFSUwpcX_z6PEkR4IvHBdQChJwM0v0F5LfwCIQCdtm_1P_7l0inYt8D_sEn9rnPAMVlKGhapnT3geh9lfg%3D%3D&sig=AOq0QJ8wRQIgJ1E4Dy9jqgkvls5FbZdooJwcyNNPhDaFm970nSmXEoUCIQCVoU6e0TuEgmooT1cF6SKZtUF50gpXXgaVV8WkyQyuag==&ratebypass=yes", "player_url": "/s/player/62f90c99/player_ias.vflset/en_US/base.js", "ext": "webm", "format_note": "tiny", "acodec": "opus", "abr": 160, "asr": 48000, "filesize": 2727381, "fps": null, "height": null, "tbr": 152.339, "width": null, "vcodec": "none", "downloader_options": {"http_chunk_size": 10485760}, "format": "251 - audio only (tiny)", "protocol": "https", "http_headers": {"User-Agent": "Mozilla/5.0 (Windows NT 10.0; Win64; x64) AppleWebKit/537.36 (KHTML, like Gecko) Chrome/70.0.3538.112 Safari/537.36", "Accept-Charset": "ISO-8859-1,utf-8;q=0.7,*;q=0.7", "Accept": "text/html,application/xhtml+xml,application/xml;q=0.9,*/*;q=0.8", "Accept-Encoding": "gzip, deflate", "Accept-Language": "en-us,en;q=0.5"}}, {"format_id": "278", "url": "https://r1---sn-5njj-u2xl.googlevideo.com/videoplayback?expire=1608123797&ei=NbHZX47HGY6Is8IP98SGuAU&ip=140.109.135.166&id=o-AHd36Kv3dU-7rWWpXwkGmDqVSu3YAaoyzdU7Ak0o6fgj&itag=278&aitags=133%2C134%2C135%2C136%2C137%2C160%2C242%2C243%2C244%2C247%2C248%2C278&source=youtube&requiressl=yes&mh=Hy&mm=31%2C29&mn=sn-5njj-u2xl%2Csn-un57en7s&ms=au%2Crdu&mv=m&mvi=1&pl=16&gcr=tw&initcwndbps=508750&vprv=1&mime=video%2Fwebm&ns=ULUyTTWhPbkSyepksri9JGAF&gir=yes&clen=433827&dur=147.800&lmt=1600330732840442&mt=1608101795&fvip=1&keepalive=yes&c=WEB&txp=2311224&n=Fv9Zkte86k9X-q2IA&sparams=expire%2Cei%2Cip%2Cid%2Caitags%2Csource%2Crequiressl%2Cgcr%2Cvprv%2Cmime%2Cns%2Cgir%2Cclen%2Cdur%2Clmt&lsparams=mh%2Cmm%2Cmn%2Cms%2Cmv%2Cmvi%2Cpl%2Cinitcwndbps&lsig=AG3C_xAwRQIgZcZ9f9kDzkL264-vF8LYrTlw1EW4BzOm1phO85AoaKkCIQCL-8VhQnOvERtUVlO6F8FpU6AqUh-7-E04YSe_0S2qZQ%3D%3D&sig=AOq0QJ8wRQIgNJU7KlzaE2n1fB_BfASAlXWOg5az8MB4SF9R7_8fp8MCIQC-RRev2Fzf85ZRJFRr9ElCYv7cMHOcJGeallRWrrWGkA==&ratebypass=yes", "player_url": "/s/player/62f90c99/player_ias.vflset/en_US/base.js", "ext": "webm", "height": 144, "format_note": "144p", "container": "webm", "vcodec": "vp9", "asr": null, "filesize": 433827, "fps": 25, "tbr": 26.264, "width": 144, "acodec": "none", "downloader_options": {"http_chunk_size": 10485760}, "format": "278 - 144x144 (144p)", "protocol": "https", "http_headers": {"User-Agent": "Mozilla/5.0 (Windows NT 10.0; Win64; x64) AppleWebKit/537.36 (KHTML, like Gecko) Chrome/70.0.3538.112 Safari/537.36", "Accept-Charset": "ISO-8859-1,utf-8;q=0.7,*;q=0.7", "Accept": "text/html,application/xhtml+xml,application/xml;q=0.9,*/*;q=0.8", "Accept-Encoding": "gzip, deflate", "Accept-Language": "en-us,en;q=0.5"}}, {"format_id": "160", "url": "https://r1---sn-5njj-u2xl.googlevideo.com/videoplayback?expire=1608123797&ei=NbHZX47HGY6Is8IP98SGuAU&ip=140.109.135.166&id=o-AHd36Kv3dU-7rWWpXwkGmDqVSu3YAaoyzdU7Ak0o6fgj&itag=160&aitags=133%2C134%2C135%2C136%2C137%2C160%2C242%2C243%2C244%2C247%2C248%2C278&source=youtube&requiressl=yes&mh=Hy&mm=31%2C29&mn=sn-5njj-u2xl%2Csn-un57en7s&ms=au%2Crdu&mv=m&mvi=1&pl=16&gcr=tw&initcwndbps=508750&vprv=1&mime=video%2Fmp4&ns=ULUyTTWhPbkSyepksri9JGAF&gir=yes&clen=566569&dur=147.800&lmt=1600329694241849&mt=1608101795&fvip=1&keepalive=yes&c=WEB&txp=2311222&n=Fv9Zkte86k9X-q2IA&sparams=expire%2Cei%2Cip%2Cid%2Caitags%2Csource%2Crequiressl%2Cgcr%2Cvprv%2Cmime%2Cns%2Cgir%2Cclen%2Cdur%2Clmt&lsparams=mh%2Cmm%2Cmn%2Cms%2Cmv%2Cmvi%2Cpl%2Cinitcwndbps&lsig=AG3C_xAwRAIgQM60Avm5CFYWGzqAXYhpgy5JwDhR09OZu875hwuzXeICIGg-mqpoLU6n-tDlCGiK0GPiHu1AWzW12C0fEBSmN6wc&sig=AOq0QJ8wRgIhAKyM6FvxQLPb0875SGOEHtLZgsZWYsg_mBqWJok36KufAiEA0dhL-79TFNxKESmQFqHXpL-NYfcL01-dLPOv7VoC9qY=&ratebypass=yes", "player_url": "/s/player/62f90c99/player_ias.vflset/en_US/base.js", "ext": "mp4", "height": 144, "format_note": "144p", "vcodec": "avc1.4d400b", "asr": null, "filesize": 566569, "fps": 25, "tbr": 35.12, "width": 144, "acodec": "none", "downloader_options": {"http_chunk_size": 10485760}, "format": "160 - 144x144 (144p)", "protocol": "https", "http_headers": {"User-Agent": "Mozilla/5.0 (Windows NT 10.0; Win64; x64) AppleWebKit/537.36 (KHTML, like Gecko) Chrome/70.0.3538.112 Safari/537.36", "Accept-Charset": "ISO-8859-1,utf-8;q=0.7,*;q=0.7", "Accept": "text/html,application/xhtml+xml,application/xml;q=0.9,*/*;q=0.8", "Accept-Encoding": "gzip, deflate", "Accept-Language": "en-us,en;q=0.5"}}, {"format_id": "134", "url": "https://r1---sn-5njj-u2xl.googlevideo.com/videoplayback?expire=1608123797&ei=NbHZX47HGY6Is8IP98SGuAU&ip=140.109.135.166&id=o-AHd36Kv3dU-7rWWpXwkGmDqVSu3YAaoyzdU7Ak0o6fgj&itag=134&aitags=133%2C134%2C135%2C136%2C137%2C160%2C242%2C243%2C244%2C247%2C248%2C278&source=youtube&requiressl=yes&mh=Hy&mm=31%2C29&mn=sn-5njj-u2xl%2Csn-un57en7s&ms=au%2Crdu&mv=m&mvi=1&pl=16&gcr=tw&initcwndbps=508750&vprv=1&mime=video%2Fmp4&ns=ULUyTTWhPbkSyepksri9JGAF&gir=yes&clen=696694&dur=147.800&lmt=1600329694242467&mt=1608101795&fvip=1&keepalive=yes&c=WEB&txp=2311222&n=Fv9Zkte86k9X-q2IA&sparams=expire%2Cei%2Cip%2Cid%2Caitags%2Csource%2Crequiressl%2Cgcr%2Cvprv%2Cmime%2Cns%2Cgir%2Cclen%2Cdur%2Clmt&lsparams=mh%2Cmm%2Cmn%2Cms%2Cmv%2Cmvi%2Cpl%2Cinitcwndbps&lsig=AG3C_xAwRAIgA8wOrnD8P20UAk_jSu9x_kV8Km5QJk3WAxttD4R0gbsCIGlgThogzVBCQh_asJ4bZBYqpbKD4hPlRDHe9OPSZvan&sig=AOq0QJ8wRQIhAJuLWYN-WHm4WK-4YUVKpgXqwPLR3803wEBCQzm_zqnrAiAhA772VO1mtUA8pLg9Uc-0LwvUPPIdf_ni6DSOEEcGiQ==&ratebypass=yes", "player_url": "/s/player/62f90c99/player_ias.vflset/en_US/base.js", "ext": "mp4", "height": 360, "format_note": "360p", "vcodec": "avc1.4d4015", "asr": null, "filesize": 696694, "fps": 25, "tbr": 42.254, "width": 360, "acodec": "none", "downloader_options": {"http_chunk_size": 10485760}, "format": "134 - 360x360 (360p)", "protocol": "https", "http_headers": {"User-Agent": "Mozilla/5.0 (Windows NT 10.0; Win64; x64) AppleWebKit/537.36 (KHTML, like Gecko) Chrome/70.0.3538.112 Safari/537.36", "Accept-Charset": "ISO-8859-1,utf-8;q=0.7,*;q=0.7", "Accept": "text/html,application/xhtml+xml,application/xml;q=0.9,*/*;q=0.8", "Accept-Encoding": "gzip, deflate", "Accept-Language": "en-us,en;q=0.5"}}, {"format_id": "242", "url": "https://r1---sn-5njj-u2xl.googlevideo.com/videoplayback?expire=1608123797&ei=NbHZX47HGY6Is8IP98SGuAU&ip=140.109.135.166&id=o-AHd36Kv3dU-7rWWpXwkGmDqVSu3YAaoyzdU7Ak0o6fgj&itag=242&aitags=133%2C134%2C135%2C136%2C137%2C160%2C242%2C243%2C244%2C247%2C248%2C278&source=youtube&requiressl=yes&mh=Hy&mm=31%2C29&mn=sn-5njj-u2xl%2Csn-un57en7s&ms=au%2Crdu&mv=m&mvi=1&pl=16&gcr=tw&initcwndbps=508750&vprv=1&mime=video%2Fwebm&ns=ULUyTTWhPbkSyepksri9JGAF&gir=yes&clen=872278&dur=147.800&lmt=1600330732774151&mt=1608101795&fvip=1&keepalive=yes&c=WEB&txp=2311224&n=Fv9Zkte86k9X-q2IA&sparams=expire%2Cei%2Cip%2Cid%2Caitags%2Csource%2Crequiressl%2Cgcr%2Cvprv%2Cmime%2Cns%2Cgir%2Cclen%2Cdur%2Clmt&lsparams=mh%2Cmm%2Cmn%2Cms%2Cmv%2Cmvi%2Cpl%2Cinitcwndbps&lsig=AG3C_xAwRgIhAKsjGNCtXUnLHF5G5cVKCZzI4bWfWEtbIT-66ghfAJqfAiEAt1kDgOZftgj6PeUqjs3ChDb8PXm9CW8DMRUkPyNYHYs%3D&sig=AOq0QJ8wRQIhAK-uUxGoTrHzydiWLmxKlVA3ltH8LBGhdD_STRgPaDCZAiAeGD6SOUCi0AvG-6tStMUKUqTrcRQaz-4GPKecr10mwQ==&ratebypass=yes", "player_url": "/s/player/62f90c99/player_ias.vflset/en_US/base.js", "ext": "webm", "height": 240, "format_note": "240p", "vcodec": "vp9", "asr": null, "filesize": 872278, "fps": 25, "tbr": 53.535, "width": 240, "acodec": "none", "downloader_options": {"http_chunk_size": 10485760}, "format": "242 - 240x240 (240p)", "protocol": "https", "http_headers": {"User-Agent": "Mozilla/5.0 (Windows NT 10.0; Win64; x64) AppleWebKit/537.36 (KHTML, like Gecko) Chrome/70.0.3538.112 Safari/537.36", "Accept-Charset": "ISO-8859-1,utf-8;q=0.7,*;q=0.7", "Accept": "text/html,application/xhtml+xml,application/xml;q=0.9,*/*;q=0.8", "Accept-Encoding": "gzip, deflate", "Accept-Language": "en-us,en;q=0.5"}}, {"format_id": "135", "url": "https://r1---sn-5njj-u2xl.googlevideo.com/videoplayback?expire=1608123797&ei=NbHZX47HGY6Is8IP98SGuAU&ip=140.109.135.166&id=o-AHd36Kv3dU-7rWWpXwkGmDqVSu3YAaoyzdU7Ak0o6fgj&itag=135&aitags=133%2C134%2C135%2C136%2C137%2C160%2C242%2C243%2C244%2C247%2C248%2C278&source=youtube&requiressl=yes&mh=Hy&mm=31%2C29&mn=sn-5njj-u2xl%2Csn-un57en7s&ms=au%2Crdu&mv=m&mvi=1&pl=16&gcr=tw&initcwndbps=508750&vprv=1&mime=video%2Fmp4&ns=ULUyTTWhPbkSyepksri9JGAF&gir=yes&clen=1267298&dur=147.800&lmt=1600329694276183&mt=1608101795&fvip=1&keepalive=yes&c=WEB&txp=2311222&n=Fv9Zkte86k9X-q2IA&sparams=expire%2Cei%2Cip%2Cid%2Caitags%2Csource%2Crequiressl%2Cgcr%2Cvprv%2Cmime%2Cns%2Cgir%2Cclen%2Cdur%2Clmt&lsparams=mh%2Cmm%2Cmn%2Cms%2Cmv%2Cmvi%2Cpl%2Cinitcwndbps&lsig=AG3C_xAwRQIhAObB99MAMpoLuiBTcGNXFpyo8eXGPejJpnFLVaeeWaKPAiAlEJSlCF5zE-_NDwhHsKTeLlZodNfumUAe9n17rq3M0A%3D%3D&sig=AOq0QJ8wRAIgK7Qa9HcJXyGat5jQyxOSLxbunFyi1NUfca70AaiYiGUCIAQo0f3FvmB0sXHXqm-kBNUHhOHztdL86BmRD_R9Axn1&ratebypass=yes", "player_url": "/s/player/62f90c99/player_ias.vflset/en_US/base.js", "ext": "mp4", "height": 480, "format_note": "480p", "vcodec": "avc1.4d401e", "asr": null, "filesize": 1267298, "fps": 25, "tbr": 77.861, "width": 480, "acodec": "none", "downloader_options": {"http_chunk_size": 10485760}, "format": "135 - 480x480 (480p)", "protocol": "https", "http_headers": {"User-Agent": "Mozilla/5.0 (Windows NT 10.0; Win64; x64) AppleWebKit/537.36 (KHTML, like Gecko) Chrome/70.0.3538.112 Safari/537.36", "Accept-Charset": "ISO-8859-1,utf-8;q=0.7,*;q=0.7", "Accept": "text/html,application/xhtml+xml,application/xml;q=0.9,*/*;q=0.8", "Accept-Encoding": "gzip, deflate", "Accept-Language": "en-us,en;q=0.5"}}, {"format_id": "133", "url": "https://r1---sn-5njj-u2xl.googlevideo.com/videoplayback?expire=1608123797&ei=NbHZX47HGY6Is8IP98SGuAU&ip=140.109.135.166&id=o-AHd36Kv3dU-7rWWpXwkGmDqVSu3YAaoyzdU7Ak0o6fgj&itag=133&aitags=133%2C134%2C135%2C136%2C137%2C160%2C242%2C243%2C244%2C247%2C248%2C278&source=youtube&requiressl=yes&mh=Hy&mm=31%2C29&mn=sn-5njj-u2xl%2Csn-un57en7s&ms=au%2Crdu&mv=m&mvi=1&pl=16&gcr=tw&initcwndbps=508750&vprv=1&mime=video%2Fmp4&ns=ULUyTTWhPbkSyepksri9JGAF&gir=yes&clen=1313190&dur=147.800&lmt=1600329694241048&mt=1608101795&fvip=1&keepalive=yes&c=WEB&txp=2311222&n=Fv9Zkte86k9X-q2IA&sparams=expire%2Cei%2Cip%2Cid%2Caitags%2Csource%2Crequiressl%2Cgcr%2Cvprv%2Cmime%2Cns%2Cgir%2Cclen%2Cdur%2Clmt&lsparams=mh%2Cmm%2Cmn%2Cms%2Cmv%2Cmvi%2Cpl%2Cinitcwndbps&lsig=AG3C_xAwRQIhAMFPAePtEJ0lvNGoW4atLfNsfMEZ56Z8b6IBq-xsqfeuAiB5vXI-n9GGq0iERNvh0rtGzBzbZ6f5C5EGPLVsGdPwhw%3D%3D&sig=AOq0QJ8wRgIhAKsZMmZoJ0PawKs69RKO77Hy0F1hrQBONPtVafOVaiQFAiEAulaqAiip_-nK3gZUFob-scbiVSaEuyGg047tfZTUKN8=&ratebypass=yes", "player_url": "/s/player/62f90c99/player_ias.vflset/en_US/base.js", "ext": "mp4", "height": 240, "format_note": "240p", "vcodec": "avc1.4d400c", "asr": null, "filesize": 1313190, "fps": 25, "tbr": 82.557, "width": 240, "acodec": "none", "downloader_options": {"http_chunk_size": 10485760}, "format": "133 - 240x240 (240p)", "protocol": "https", "http_headers": {"User-Agent": "Mozilla/5.0 (Windows NT 10.0; Win64; x64) AppleWebKit/537.36 (KHTML, like Gecko) Chrome/70.0.3538.112 Safari/537.36", "Accept-Charset": "ISO-8859-1,utf-8;q=0.7,*;q=0.7", "Accept": "text/html,application/xhtml+xml,application/xml;q=0.9,*/*;q=0.8", "Accept-Encoding": "gzip, deflate", "Accept-Language": "en-us,en;q=0.5"}}, {"format_id": "243", "url": "https://r1---sn-5njj-u2xl.googlevideo.com/videoplayback?expire=1608123797&ei=NbHZX47HGY6Is8IP98SGuAU&ip=140.109.135.166&id=o-AHd36Kv3dU-7rWWpXwkGmDqVSu3YAaoyzdU7Ak0o6fgj&itag=243&aitags=133%2C134%2C135%2C136%2C137%2C160%2C242%2C243%2C244%2C247%2C248%2C278&source=youtube&requiressl=yes&mh=Hy&mm=31%2C29&mn=sn-5njj-u2xl%2Csn-un57en7s&ms=au%2Crdu&mv=m&mvi=1&pl=16&gcr=tw&initcwndbps=508750&vprv=1&mime=video%2Fwebm&ns=ULUyTTWhPbkSyepksri9JGAF&gir=yes&clen=1509308&dur=147.800&lmt=1600330733510372&mt=1608101795&fvip=1&keepalive=yes&c=WEB&txp=2311224&n=Fv9Zkte86k9X-q2IA&sparams=expire%2Cei%2Cip%2Cid%2Caitags%2Csource%2Crequiressl%2Cgcr%2Cvprv%2Cmime%2Cns%2Cgir%2Cclen%2Cdur%2Clmt&lsparams=mh%2Cmm%2Cmn%2Cms%2Cmv%2Cmvi%2Cpl%2Cinitcwndbps&lsig=AG3C_xAwRQIgPzHowmiAM2tmM-Bh3lqo05ntFkpHihE5UlRvt9ienugCIQCNN7N_nE-8L-97Cpx25mT_oqfdDfQyqhEOMOvRgwubHA%3D%3D&sig=AOq0QJ8wRgIhAMwyEfo2LCTbV6u-eeQIyavcHUOve3NMX39oW37Qj-0GAiEAjQvbZJDZRtlI33LjuYOo6SFW_HuIfPR0qrvOeiqYHt8=&ratebypass=yes", "player_url": "/s/player/62f90c99/player_ias.vflset/en_US/base.js", "ext": "webm", "height": 360, "format_note": "360p", "vcodec": "vp9", "asr": null, "filesize": 1509308, "fps": 25, "tbr": 93.097, "width": 360, "acodec": "none", "downloader_options": {"http_chunk_size": 10485760}, "format": "243 - 360x360 (360p)", "protocol": "https", "http_headers": {"User-Agent": "Mozilla/5.0 (Windows NT 10.0; Win64; x64) AppleWebKit/537.36 (KHTML, like Gecko) Chrome/70.0.3538.112 Safari/537.36", "Accept-Charset": "ISO-8859-1,utf-8;q=0.7,*;q=0.7", "Accept": "text/html,application/xhtml+xml,application/xml;q=0.9,*/*;q=0.8", "Accept-Encoding": "gzip, deflate", "Accept-Language": "en-us,en;q=0.5"}}, {"format_id": "136", "url": "https://r1---sn-5njj-u2xl.googlevideo.com/videoplayback?expire=1608123797&ei=NbHZX47HGY6Is8IP98SGuAU&ip=140.109.135.166&id=o-AHd36Kv3dU-7rWWpXwkGmDqVSu3YAaoyzdU7Ak0o6fgj&itag=136&aitags=133%2C134%2C135%2C136%2C137%2C160%2C242%2C243%2C244%2C247%2C248%2C278&source=youtube&requiressl=yes&mh=Hy&mm=31%2C29&mn=sn-5njj-u2xl%2Csn-un57en7s&ms=au%2Crdu&mv=m&mvi=1&pl=16&gcr=tw&initcwndbps=508750&vprv=1&mime=video%2Fmp4&ns=ULUyTTWhPbkSyepksri9JGAF&gir=yes&clen=2677514&dur=147.800&lmt=1600329694246425&mt=1608101795&fvip=1&keepalive=yes&c=WEB&txp=2311222&n=Fv9Zkte86k9X-q2IA&sparams=expire%2Cei%2Cip%2Cid%2Caitags%2Csource%2Crequiressl%2Cgcr%2Cvprv%2Cmime%2Cns%2Cgir%2Cclen%2Cdur%2Clmt&lsparams=mh%2Cmm%2Cmn%2Cms%2Cmv%2Cmvi%2Cpl%2Cinitcwndbps&lsig=AG3C_xAwRQIhAPPtASpECi2wgjYwmL7ChgdkbAsCbsrTFjIlmXcjf2PPAiA4CMaIC31DCkayTSgJkS5jL_8a4vMFQss2lJ0Yh2UwCw%3D%3D&sig=AOq0QJ8wRAIgfsnOjRC2JdRhZeqr07wceIROwcPxK8r4Km1NGPZH3uUCIDlpdseGg8VA-Ei2VUZjofVN_-TgZvD80EoSPYYFowxL&ratebypass=yes", "player_url": "/s/player/62f90c99/player_ias.vflset/en_US/base.js", "ext": "mp4", "height": 720, "format_note": "720p", "vcodec": "avc1.4d401f", "asr": null, "filesize": 2677514, "fps": 25, "tbr": 164.241, "width": 720, "acodec": "none", "downloader_options": {"http_chunk_size": 10485760}, "format": "136 - 720x720 (720p)", "protocol": "https", "http_headers": {"User-Agent": "Mozilla/5.0 (Windows NT 10.0; Win64; x64) AppleWebKit/537.36 (KHTML, like Gecko) Chrome/70.0.3538.112 Safari/537.36", "Accept-Charset": "ISO-8859-1,utf-8;q=0.7,*;q=0.7", "Accept": "text/html,application/xhtml+xml,application/xml;q=0.9,*/*;q=0.8", "Accept-Encoding": "gzip, deflate", "Accept-Language": "en-us,en;q=0.5"}}, {"format_id": "244", "url": "https://r1---sn-5njj-u2xl.googlevideo.com/videoplayback?expire=1608123797&ei=NbHZX47HGY6Is8IP98SGuAU&ip=140.109.135.166&id=o-AHd36Kv3dU-7rWWpXwkGmDqVSu3YAaoyzdU7Ak0o6fgj&itag=244&aitags=133%2C134%2C135%2C136%2C137%2C160%2C242%2C243%2C244%2C247%2C248%2C278&source=youtube&requiressl=yes&mh=Hy&mm=31%2C29&mn=sn-5njj-u2xl%2Csn-un57en7s&ms=au%2Crdu&mv=m&mvi=1&pl=16&gcr=tw&initcwndbps=508750&vprv=1&mime=video%2Fwebm&ns=ULUyTTWhPbkSyepksri9JGAF&gir=yes&clen=2700221&dur=147.800&lmt=1600330732835537&mt=1608101795&fvip=1&keepalive=yes&c=WEB&txp=2311224&n=Fv9Zkte86k9X-q2IA&sparams=expire%2Cei%2Cip%2Cid%2Caitags%2Csource%2Crequiressl%2Cgcr%2Cvprv%2Cmime%2Cns%2Cgir%2Cclen%2Cdur%2Clmt&lsparams=mh%2Cmm%2Cmn%2Cms%2Cmv%2Cmvi%2Cpl%2Cinitcwndbps&lsig=AG3C_xAwRAIgQGNJnlEgx9o1Bdb9T7NcdxaRiP0RaNfDJdz_w2wUYEwCIBQCSlU7nvfxKUE4yQvS7oDnyfuwtWm7Sp3C_g2VzGA7&sig=AOq0QJ8wRQIgG82lBkJPih9mxHJH0IfShBsePvKH-Guy0U3N1UXKMPUCIQCzmSwChQX8h9hFbyU-vF9f4WhRNDjtMvY-cWARuITdeg==&ratebypass=yes", "player_url": "/s/player/62f90c99/player_ias.vflset/en_US/base.js", "ext": "webm", "height": 480, "format_note": "480p", "vcodec": "vp9", "asr": null, "filesize": 2700221, "fps": 25, "tbr": 167.068, "width": 480, "acodec": "none", "downloader_options": {"http_chunk_size": 10485760}, "format": "244 - 480x480 (480p)", "protocol": "https", "http_headers": {"User-Agent": "Mozilla/5.0 (Windows NT 10.0; Win64; x64) AppleWebKit/537.36 (KHTML, like Gecko) Chrome/70.0.3538.112 Safari/537.36", "Accept-Charset": "ISO-8859-1,utf-8;q=0.7,*;q=0.7", "Accept": "text/html,application/xhtml+xml,application/xml;q=0.9,*/*;q=0.8", "Accept-Encoding": "gzip, deflate", "Accept-Language": "en-us,en;q=0.5"}}, {"format_id": "137", "url": "https://r1---sn-5njj-u2xl.googlevideo.com/videoplayback?expire=1608123797&ei=NbHZX47HGY6Is8IP98SGuAU&ip=140.109.135.166&id=o-AHd36Kv3dU-7rWWpXwkGmDqVSu3YAaoyzdU7Ak0o6fgj&itag=137&aitags=133%2C134%2C135%2C136%2C137%2C160%2C242%2C243%2C244%2C247%2C248%2C278&source=youtube&requiressl=yes&mh=Hy&mm=31%2C29&mn=sn-5njj-u2xl%2Csn-un57en7s&ms=au%2Crdu&mv=m&mvi=1&pl=16&gcr=tw&initcwndbps=508750&vprv=1&mime=video%2Fmp4&ns=ULUyTTWhPbkSyepksri9JGAF&gir=yes&clen=5517120&dur=147.800&lmt=1600329694236060&mt=1608101795&fvip=1&keepalive=yes&c=WEB&txp=2311222&n=Fv9Zkte86k9X-q2IA&sparams=expire%2Cei%2Cip%2Cid%2Caitags%2Csource%2Crequiressl%2Cgcr%2Cvprv%2Cmime%2Cns%2Cgir%2Cclen%2Cdur%2Clmt&lsparams=mh%2Cmm%2Cmn%2Cms%2Cmv%2Cmvi%2Cpl%2Cinitcwndbps&lsig=AG3C_xAwRQIhALYvK2S9ZHZNR6qgGIcof3ZmZfpEILQCerWy74MBwHL_AiAd-pA9-knZeUOBW6iudJQ0GuA2d83pJsHjnMnmyYhfCA%3D%3D&sig=AOq0QJ8wRQIgdxPgZekN8eD_WdVQxyU0UrtUg3T8nIR1IJsMxVJ-bbsCIQD-y__nWr9pj7L-ru1qBGcAal1R1tPRK2IEGP4-MzFlUg==&ratebypass=yes", "player_url": "/s/player/62f90c99/player_ias.vflset/en_US/base.js", "ext": "mp4", "height": 1080, "format_note": "1080p", "vcodec": "avc1.640020", "asr": null, "filesize": 5517120, "fps": 25, "tbr": 336.983, "width": 1080, "acodec": "none", "downloader_options": {"http_chunk_size": 10485760}, "format": "137 - 1080x1080 (1080p)", "protocol": "https", "http_headers": {"User-Agent": "Mozilla/5.0 (Windows NT 10.0; Win64; x64) AppleWebKit/537.36 (KHTML, like Gecko) Chrome/70.0.3538.112 Safari/537.36", "Accept-Charset": "ISO-8859-1,utf-8;q=0.7,*;q=0.7", "Accept": "text/html,application/xhtml+xml,application/xml;q=0.9,*/*;q=0.8", "Accept-Encoding": "gzip, deflate", "Accept-Language": "en-us,en;q=0.5"}}, {"format_id": "247", "url": "https://r1---sn-5njj-u2xl.googlevideo.com/videoplayback?expire=1608123797&ei=NbHZX47HGY6Is8IP98SGuAU&ip=140.109.135.166&id=o-AHd36Kv3dU-7rWWpXwkGmDqVSu3YAaoyzdU7Ak0o6fgj&itag=247&aitags=133%2C134%2C135%2C136%2C137%2C160%2C242%2C243%2C244%2C247%2C248%2C278&source=youtube&requiressl=yes&mh=Hy&mm=31%2C29&mn=sn-5njj-u2xl%2Csn-un57en7s&ms=au%2Crdu&mv=m&mvi=1&pl=16&gcr=tw&initcwndbps=508750&vprv=1&mime=video%2Fwebm&ns=ULUyTTWhPbkSyepksri9JGAF&gir=yes&clen=6249953&dur=147.800&lmt=1600330733923215&mt=1608101795&fvip=1&keepalive=yes&c=WEB&txp=2311224&n=Fv9Zkte86k9X-q2IA&sparams=expire%2Cei%2Cip%2Cid%2Caitags%2Csource%2Crequiressl%2Cgcr%2Cvprv%2Cmime%2Cns%2Cgir%2Cclen%2Cdur%2Clmt&lsparams=mh%2Cmm%2Cmn%2Cms%2Cmv%2Cmvi%2Cpl%2Cinitcwndbps&lsig=AG3C_xAwRQIgDKaL39u-vUKUJjuk_6GVrnPo2lZWE6pjJtg1rvG0at0CIQDQwGCApIjPjr9MQGpXIhhLLlZZ2NRePqFeOVsuQyLjgQ%3D%3D&sig=AOq0QJ8wRQIgDXEpRtD7eYy5te27HlCUxhrqF-lgdtLpggoXRhn5qoMCIQDAEx-KLMbNHbO3SGl5pjVVRkRi-gzifSSsWaXeXOR31g==&ratebypass=yes", "player_url": "/s/player/62f90c99/player_ias.vflset/en_US/base.js", "ext": "webm", "height": 720, "format_note": "720p", "vcodec": "vp9", "asr": null, "filesize": 6249953, "fps": 25, "tbr": 387.396, "width": 720, "acodec": "none", "downloader_options": {"http_chunk_size": 10485760}, "format": "247 - 720x720 (720p)", "protocol": "https", "http_headers": {"User-Agent": "Mozilla/5.0 (Windows NT 10.0; Win64; x64) AppleWebKit/537.36 (KHTML, like Gecko) Chrome/70.0.3538.112 Safari/537.36", "Accept-Charset": "ISO-8859-1,utf-8;q=0.7,*;q=0.7", "Accept": "text/html,application/xhtml+xml,application/xml;q=0.9,*/*;q=0.8", "Accept-Encoding": "gzip, deflate", "Accept-Language": "en-us,en;q=0.5"}}, {"format_id": "248", "url": "https://r1---sn-5njj-u2xl.googlevideo.com/videoplayback?expire=1608123797&ei=NbHZX47HGY6Is8IP98SGuAU&ip=140.109.135.166&id=o-AHd36Kv3dU-7rWWpXwkGmDqVSu3YAaoyzdU7Ak0o6fgj&itag=248&aitags=133%2C134%2C135%2C136%2C137%2C160%2C242%2C243%2C244%2C247%2C248%2C278&source=youtube&requiressl=yes&mh=Hy&mm=31%2C29&mn=sn-5njj-u2xl%2Csn-un57en7s&ms=au%2Crdu&mv=m&mvi=1&pl=16&gcr=tw&initcwndbps=508750&vprv=1&mime=video%2Fwebm&ns=ULUyTTWhPbkSyepksri9JGAF&gir=yes&clen=10520244&dur=147.800&lmt=1600330732974684&mt=1608101795&fvip=1&keepalive=yes&c=WEB&txp=2311224&n=Fv9Zkte86k9X-q2IA&sparams=expire%2Cei%2Cip%2Cid%2Caitags%2Csource%2Crequiressl%2Cgcr%2Cvprv%2Cmime%2Cns%2Cgir%2Cclen%2Cdur%2Clmt&lsparams=mh%2Cmm%2Cmn%2Cms%2Cmv%2Cmvi%2Cpl%2Cinitcwndbps&lsig=AG3C_xAwRQIhAMQywM-1j0-x1BQ08zQVIp9QRY8EpglNCEmAphWgzQRoAiB2m59hMg43PTHSswTpT_dKEFkz2M8FlTTD7uR0zI1HiQ%3D%3D&sig=AOq0QJ8wRgIhAIMZddFdU-BVEN9PrIQjRuARj5SUwU4nn-7ZnlkD00jhAiEA8POyt4eUX7mth3yO7SGtCReTvadQfFtGh9CES6vIFNg=&ratebypass=yes", "player_url": "/s/player/62f90c99/player_ias.vflset/en_US/base.js", "ext": "webm", "height": 1080, "format_note": "1080p", "vcodec": "vp9", "asr": null, "filesize": 10520244, "fps": 25, "tbr": 626.715, "width": 1080, "acodec": "none", "downloader_options": {"http_chunk_size": 10485760}, "format": "248 - 1080x1080 (1080p)", "protocol": "https", "http_headers": {"User-Agent": "Mozilla/5.0 (Windows NT 10.0; Win64; x64) AppleWebKit/537.36 (KHTML, like Gecko) Chrome/70.0.3538.112 Safari/537.36", "Accept-Charset": "ISO-8859-1,utf-8;q=0.7,*;q=0.7", "Accept": "text/html,application/xhtml+xml,application/xml;q=0.9,*/*;q=0.8", "Accept-Encoding": "gzip, deflate", "Accept-Language": "en-us,en;q=0.5"}}, {"format_id": "18", "url": "https://r1---sn-5njj-u2xl.googlevideo.com/videoplayback?expire=1608123797&ei=NbHZX47HGY6Is8IP98SGuAU&ip=140.109.135.166&id=o-AHd36Kv3dU-7rWWpXwkGmDqVSu3YAaoyzdU7Ak0o6fgj&itag=18&source=youtube&requiressl=yes&mh=Hy&mm=31%2C29&mn=sn-5njj-u2xl%2Csn-un57en7s&ms=au%2Crdu&mv=m&mvi=1&pl=16&gcr=tw&initcwndbps=508750&vprv=1&mime=video%2Fmp4&ns=9WAxC1PGn0rHqYCPnnv2z8cF&gir=yes&clen=2738208&ratebypass=yes&dur=147.887&lmt=1600329415305748&mt=1608101795&fvip=1&c=WEB&txp=2310222&n=pr7s58q6qa_kQ0L0J&sparams=expire%2Cei%2Cip%2Cid%2Citag%2Csource%2Crequiressl%2Cgcr%2Cvprv%2Cmime%2Cns%2Cgir%2Cclen%2Cratebypass%2Cdur%2Clmt&lsparams=mh%2Cmm%2Cmn%2Cms%2Cmv%2Cmvi%2Cpl%2Cinitcwndbps&lsig=AG3C_xAwRQIgE6Pf-SbxiVNna06rUKiSO-_5UixLq9f94461wEMB7ScCIQDriNh6yRSYinJmziEeeDY3bpYBsSmxJDCKaUE7T-8FFw%3D%3D&sig=AOq0QJ8wRgIhAN1OKQVtI9xytyBkmazrSOy_jzEqxxOKUoPVWrzioagrAiEAudjibuaHYZcUsIJvLUILkEk0aPIQCNxjQtyknb7bqLI=", "player_url": "/s/player/62f90c99/player_ias.vflset/en_US/base.js", "ext": "mp4", "width": 360, "height": 360, "acodec": "mp4a.40.2", "abr": 96, "vcodec": "avc1.42001E", "asr": 44100, "filesize": 2738208, "format_note": "360p", "fps": 25, "tbr": 148.211, "format": "18 - 360x360 (360p)", "protocol": "https", "http_headers": {"User-Agent": "Mozilla/5.0 (Windows NT 10.0; Win64; x64) AppleWebKit/537.36 (KHTML, like Gecko) Chrome/70.0.3538.112 Safari/537.36", "Accept-Charset": "ISO-8859-1,utf-8;q=0.7,*;q=0.7", "Accept": "text/html,application/xhtml+xml,application/xml;q=0.9,*/*;q=0.8", "Accept-Encoding": "gzip, deflate", "Accept-Language": "en-us,en;q=0.5"}}], "is_live": null, "start_time": null, "end_time": null, "series": null, "season_number": null, "episode_number": null, "track": "Rest Well, Love", "artist": "Kainbeats", "album": "Glass Room", "release_date": "20200930", "release_year": 2020, "extractor": "youtube", "webpage_url_basename": "watch", "extractor_key": "Youtube", "playlist": null, "playlist_index": null, "thumbnail": "https://i.ytimg.com/vi_webp/iXiSFSGws-c/maxresdefault.webp", "display_id": "iXiSFSGws-c", "requested_subtitles": null, "format_id": "251", "url": "https://r1---sn-5njj-u2xl.googlevideo.com/videoplayback?expire=1608123797&ei=NbHZX47HGY6Is8IP98SGuAU&ip=140.109.135.166&id=o-AHd36Kv3dU-7rWWpXwkGmDqVSu3YAaoyzdU7Ak0o6fgj&itag=251&source=youtube&requiressl=yes&mh=Hy&mm=31%2C29&mn=sn-5njj-u2xl%2Csn-un57en7s&ms=au%2Crdu&mv=m&mvi=1&pl=16&gcr=tw&initcwndbps=508750&vprv=1&mime=audio%2Fwebm&ns=ULUyTTWhPbkSyepksri9JGAF&gir=yes&clen=2727381&dur=147.861&lmt=1600330046021203&mt=1608101795&fvip=1&keepalive=yes&c=WEB&txp=2311224&n=Fv9Zkte86k9X-q2IA&sparams=expire%2Cei%2Cip%2Cid%2Citag%2Csource%2Crequiressl%2Cgcr%2Cvprv%2Cmime%2Cns%2Cgir%2Cclen%2Cdur%2Clmt&lsparams=mh%2Cmm%2Cmn%2Cms%2Cmv%2Cmvi%2Cpl%2Cinitcwndbps&lsig=AG3C_xAwRQIge-ARzmY8bFSUwpcX_z6PEkR4IvHBdQChJwM0v0F5LfwCIQCdtm_1P_7l0inYt8D_sEn9rnPAMVlKGhapnT3geh9lfg%3D%3D&sig=AOq0QJ8wRQIgJ1E4Dy9jqgkvls5FbZdooJwcyNNPhDaFm970nSmXEoUCIQCVoU6e0TuEgmooT1cF6SKZtUF50gpXXgaVV8WkyQyuag==&ratebypass=yes", "player_url": "/s/player/62f90c99/player_ias.vflset/en_US/base.js", "ext": "webm", "format_note": "tiny", "acodec": "opus", "abr": 160, "asr": 48000, "filesize": 2727381, "fps": null, "height": null, "tbr": 152.339, "width": null, "vcodec": "none", "downloader_options": {"http_chunk_size": 10485760}, "format": "251 - audio only (tiny)", "protocol": "https", "http_headers": {"User-Agent": "Mozilla/5.0 (Windows NT 10.0; Win64; x64) AppleWebKit/537.36 (KHTML, like Gecko) Chrome/70.0.3538.112 Safari/537.36", "Accept-Charset": "ISO-8859-1,utf-8;q=0.7,*;q=0.7", "Accept": "text/html,application/xhtml+xml,application/xml;q=0.9,*/*;q=0.8", "Accept-Encoding": "gzip, deflate", "Accept-Language": "en-us,en;q=0.5"}}