{"id": "jSWItJI-Gmk", "uploader": "Luis \u00c1lvarez - Topic", "uploader_id": "UCPbrvxgP6fR4c04ScB61cjA", "uploader_url": "http://www.youtube.com/channel/UCPbrvxgP6fR4c04ScB61cjA", "channel_id": "UCPbrvxgP6fR4c04ScB61cjA", "channel_url": "http://www.youtube.com/channel/UCPbrvxgP6fR4c04ScB61cjA", "upload_date": "20200827", "license": null, "creator": "Luis \u00c1lvarez", "title": "Cloud Postcards", "alt_title": "Cloud Postcards", "thumbnails": [{"url": "https://i.ytimg.com/vi/jSWItJI-Gmk/hqdefault.jpg?sqp=-oaymwEYCKgBEF5IVfKriqkDCwgBFQAAiEIYAXAB&rs=AOn4CLBgT-xJNU8x3DVY1uqsD4uhQUWi6g", "width": 168, "height": 94, "resolution": "168x94", "id": "0"}, {"url": "https://i.ytimg.com/vi/jSWItJI-Gmk/hqdefault.jpg?sqp=-oaymwEYCMQBEG5IVfKriqkDCwgBFQAAiEIYAXAB&rs=AOn4CLDZzlteFr380QCulM4M5zmxF4RY3A", "width": 196, "height": 110, "resolution": "196x110", "id": "1"}, {"url": "https://i.ytimg.com/vi/jSWItJI-Gmk/hqdefault.jpg?sqp=-oaymwEZCPYBEIoBSFXyq4qpAwsIARUAAIhCGAFwAQ==&rs=AOn4CLCBHrBq-AguvtoGKcFS_trB9x6KsA", "width": 246, "height": 138, "resolution": "246x138", "id": "2"}, {"url": "https://i.ytimg.com/vi/jSWItJI-Gmk/hqdefault.jpg?sqp=-oaymwEZCNACELwBSFXyq4qpAwsIARUAAIhCGAFwAQ==&rs=AOn4CLA3_ApoQ7QmPqDJiHGKfIBGuwp13g", "width": 336, "height": 188, "resolution": "336x188", "id": "3"}, {"url": "https://i.ytimg.com/vi_webp/jSWItJI-Gmk/maxresdefault.webp", "width": 1920, "height": 1080, "resolution": "1920x1080", "id": "4"}], "description": "Provided to YouTube by Stem Disintermedia Inc.\n\nCloud Postcards \u00b7 Luis \u00c1lvarez\n\nRecollections Vol. 5\n\n\u2117 2020 Sonder House\n\nReleased on: 2020-08-28\n\nAuto-generated by YouTube.", "categories": ["Music"], "tags": ["Luis \u00c1lvarez", "Recollections Vol. 5", "Cloud Postcards"], "subtitles": {}, "automatic_captions": {}, "duration": 161, "age_limit": 0, "annotations": null, "chapters": null, "webpage_url": "https://www.youtube.com/watch?v=jSWItJI-Gmk", "view_count": 133, "like_count": 7, "dislike_count": null, "average_rating": 5.0, "formats": [{"format_id": "249", "url": "https://r3---sn-5njj-u2xe.googlevideo.com/videoplayback?expire=1609941110&ei=Fmz1X6H3K82hlQTj-oKADw&ip=140.109.134.180&id=o-AGgOpdzNNb-JCJfi3DzB6B-uU6C5JGo0hB0R6HRtGynF&itag=249&source=youtube&requiressl=yes&mh=6p&mm=31%2C29&mn=sn-5njj-u2xe%2Csn-un57en7l&ms=au%2Crdu&mv=m&mvi=3&pl=16&gcr=tw&initcwndbps=450000&vprv=1&mime=audio%2Fwebm&ns=5vTUqRsSD26JR_16yc5P5jkF&gir=yes&clen=1143932&dur=160.801&lmt=1597442385400889&mt=1609919342&fvip=3&keepalive=yes&c=WEB&txp=2311222&n=PwBLTfNP2HuyaxQI&sparams=expire%2Cei%2Cip%2Cid%2Citag%2Csource%2Crequiressl%2Cgcr%2Cvprv%2Cmime%2Cns%2Cgir%2Cclen%2Cdur%2Clmt&lsparams=mh%2Cmm%2Cmn%2Cms%2Cmv%2Cmvi%2Cpl%2Cinitcwndbps&lsig=AG3C_xAwRAIgPVcJxuvo-q68HdNctrf-DI1GBZX_x9iNabZpe8TtQTcCIGuyeJSf0iVbZV8kQvx86ig2-Kl7QMB3MEo6TLSGLKYz&sig=AOq0QJ8wRgIhAMK6pjoEuCBZ8VP1aAPFPMljb0i5WVgBP107xPsIHAe0AiEA2LYpjDMI3Dg0ZZMF29jSCeyDSPDek7jSvXni_sKC9RI=&ratebypass=yes", "player_url": "/s/player/5dd3f3b2/player_ias.vflset/en_US/base.js", "ext": "webm", "format_note": "tiny", "acodec": "opus", "abr": 50, "asr": 48000, "filesize": 1143932, "fps": null, "height": null, "tbr": 60.973, "width": null, "vcodec": "none", "downloader_options": {"http_chunk_size": 10485760}, "format": "249 - audio only (tiny)", "protocol": "https", "http_headers": {"User-Agent": "Mozilla/5.0 (Windows NT 10.0; Win64; x64) AppleWebKit/537.36 (KHTML, like Gecko) Chrome/72.0.3602.1 Safari/537.36", "Accept-Charset": "ISO-8859-1,utf-8;q=0.7,*;q=0.7", "Accept": "text/html,application/xhtml+xml,application/xml;q=0.9,*/*;q=0.8", "Accept-Encoding": "gzip, deflate", "Accept-Language": "en-us,en;q=0.5"}}, {"format_id": "250", "url": "https://r3---sn-5njj-u2xe.googlevideo.com/videoplayback?expire=1609941110&ei=Fmz1X6H3K82hlQTj-oKADw&ip=140.109.134.180&id=o-AGgOpdzNNb-JCJfi3DzB6B-uU6C5JGo0hB0R6HRtGynF&itag=250&source=youtube&requiressl=yes&mh=6p&mm=31%2C29&mn=sn-5njj-u2xe%2Csn-un57en7l&ms=au%2Crdu&mv=m&mvi=3&pl=16&gcr=tw&initcwndbps=450000&vprv=1&mime=audio%2Fwebm&ns=5vTUqRsSD26JR_16yc5P5jkF&gir=yes&clen=1521295&dur=160.801&lmt=1597442384591229&mt=1609919342&fvip=3&keepalive=yes&c=WEB&txp=2311222&n=PwBLTfNP2HuyaxQI&sparams=expire%2Cei%2Cip%2Cid%2Citag%2Csource%2Crequiressl%2Cgcr%2Cvprv%2Cmime%2Cns%2Cgir%2Cclen%2Cdur%2Clmt&lsparams=mh%2Cmm%2Cmn%2Cms%2Cmv%2Cmvi%2Cpl%2Cinitcwndbps&lsig=AG3C_xAwRgIhAKkga-w-tGBRl-IiARBazValiPPG34F4t01uG5rjYCWuAiEAiVaEq_jjlYpORFvMSX8bWH_AnkcdLQUDj9ZCDO8clNI%3D&sig=AOq0QJ8wRQIhAOaEsOVSkIgC5U86Nxt9YmIRS55573OX6S3eFU0D7tqIAiBVHjwDs6IYFwFpMknLw3yXzhB3aDuDqym8lEazni1g8Q==&ratebypass=yes", "player_url": "/s/player/5dd3f3b2/player_ias.vflset/en_US/base.js", "ext": "webm", "format_note": "tiny", "acodec": "opus", "abr": 70, "asr": 48000, "filesize": 1521295, "fps": null, "height": null, "tbr": 80.334, "width": null, "vcodec": "none", "downloader_options": {"http_chunk_size": 10485760}, "format": "250 - audio only (tiny)", "protocol": "https", "http_headers": {"User-Agent": "Mozilla/5.0 (Windows NT 10.0; Win64; x64) AppleWebKit/537.36 (KHTML, like Gecko) Chrome/72.0.3602.1 Safari/537.36", "Accept-Charset": "ISO-8859-1,utf-8;q=0.7,*;q=0.7", "Accept": "text/html,application/xhtml+xml,application/xml;q=0.9,*/*;q=0.8", "Accept-Encoding": "gzip, deflate", "Accept-Language": "en-us,en;q=0.5"}}, {"format_id": "140", "url": "https://r3---sn-5njj-u2xe.googlevideo.com/videoplayback?expire=1609941110&ei=Fmz1X6H3K82hlQTj-oKADw&ip=140.109.134.180&id=o-AGgOpdzNNb-JCJfi3DzB6B-uU6C5JGo0hB0R6HRtGynF&itag=140&source=youtube&requiressl=yes&mh=6p&mm=31%2C29&mn=sn-5njj-u2xe%2Csn-un57en7l&ms=au%2Crdu&mv=m&mvi=3&pl=16&gcr=tw&initcwndbps=450000&vprv=1&mime=audio%2Fmp4&ns=5vTUqRsSD26JR_16yc5P5jkF&gir=yes&clen=2604193&dur=160.790&lmt=1597442394310459&mt=1609919342&fvip=3&keepalive=yes&c=WEB&txp=2311222&n=PwBLTfNP2HuyaxQI&sparams=expire%2Cei%2Cip%2Cid%2Citag%2Csource%2Crequiressl%2Cgcr%2Cvprv%2Cmime%2Cns%2Cgir%2Cclen%2Cdur%2Clmt&lsparams=mh%2Cmm%2Cmn%2Cms%2Cmv%2Cmvi%2Cpl%2Cinitcwndbps&lsig=AG3C_xAwRQIhANB13F90ag9l7oG_Y7VaIFKljzCpJzUbePi7TpgQyIqXAiA9JgeCM_OZ-RUbJOc3J-V7-IIMFT_LAm3eQdWmKEfnLA%3D%3D&sig=AOq0QJ8wRgIhAM3VdyPllHKT_w8qJL68OY1Lqj7C3QgcMbanH5QNJULCAiEAzUtt3GTedhsvHtIr-xbq-dtXgosWR-Jk9Hib-LeGISk=&ratebypass=yes", "player_url": "/s/player/5dd3f3b2/player_ias.vflset/en_US/base.js", "ext": "m4a", "format_note": "tiny", "acodec": "mp4a.40.2", "abr": 128, "container": "m4a_dash", "asr": 44100, "filesize": 2604193, "fps": null, "height": null, "tbr": 131.97, "width": null, "vcodec": "none", "downloader_options": {"http_chunk_size": 10485760}, "format": "140 - audio only (tiny)", "protocol": "https", "http_headers": {"User-Agent": "Mozilla/5.0 (Windows NT 10.0; Win64; x64) AppleWebKit/537.36 (KHTML, like Gecko) Chrome/72.0.3602.1 Safari/537.36", "Accept-Charset": "ISO-8859-1,utf-8;q=0.7,*;q=0.7", "Accept": "text/html,application/xhtml+xml,application/xml;q=0.9,*/*;q=0.8", "Accept-Encoding": "gzip, deflate", "Accept-Language": "en-us,en;q=0.5"}}, {"format_id": "251", "url": "https://r3---sn-5njj-u2xe.googlevideo.com/videoplayback?expire=1609941110&ei=Fmz1X6H3K82hlQTj-oKADw&ip=140.109.134.180&id=o-AGgOpdzNNb-JCJfi3DzB6B-uU6C5JGo0hB0R6HRtGynF&itag=251&source=youtube&requiressl=yes&mh=6p&mm=31%2C29&mn=sn-5njj-u2xe%2Csn-un57en7l&ms=au%2Crdu&mv=m&mvi=3&pl=16&gcr=tw&initcwndbps=450000&vprv=1&mime=audio%2Fwebm&ns=5vTUqRsSD26JR_16yc5P5jkF&gir=yes&clen=2928896&dur=160.801&lmt=1597442385799086&mt=1609919342&fvip=3&keepalive=yes&c=WEB&txp=2311222&n=PwBLTfNP2HuyaxQI&sparams=expire%2Cei%2Cip%2Cid%2Citag%2Csource%2Crequiressl%2Cgcr%2Cvprv%2Cmime%2Cns%2Cgir%2Cclen%2Cdur%2Clmt&lsparams=mh%2Cmm%2Cmn%2Cms%2Cmv%2Cmvi%2Cpl%2Cinitcwndbps&lsig=AG3C_xAwRQIhAIhVcozZU_D5AHkKBsJ_gnxfHhLlJWCKq8xQAe8pIM23AiBTd0ry1TEGCM2CseM5snxHiF4xnYlN54c6V8XwIveJeg%3D%3D&sig=AOq0QJ8wRgIhALbRNEj1a8F7tu2CnryY7qfC2Jj_IrlheChoso5XIK-ZAiEA6f8eyV_YoP_tRBruPSs-vAaX_8uxpN3GN5BUkC6IAMs=&ratebypass=yes", "player_url": "/s/player/5dd3f3b2/player_ias.vflset/en_US/base.js", "ext": "webm", "format_note": "tiny", "acodec": "opus", "abr": 160, "asr": 48000, "filesize": 2928896, "fps": null, "height": null, "tbr": 151.382, "width": null, "vcodec": "none", "downloader_options": {"http_chunk_size": 10485760}, "format": "251 - audio only (tiny)", "protocol": "https", "http_headers": {"User-Agent": "Mozilla/5.0 (Windows NT 10.0; Win64; x64) AppleWebKit/537.36 (KHTML, like Gecko) Chrome/72.0.3602.1 Safari/537.36", "Accept-Charset": "ISO-8859-1,utf-8;q=0.7,*;q=0.7", "Accept": "text/html,application/xhtml+xml,application/xml;q=0.9,*/*;q=0.8", "Accept-Encoding": "gzip, deflate", "Accept-Language": "en-us,en;q=0.5"}}, {"format_id": "160", "url": "https://r3---sn-5njj-u2xe.googlevideo.com/videoplayback?expire=1609941110&ei=Fmz1X6H3K82hlQTj-oKADw&ip=140.109.134.180&id=o-AGgOpdzNNb-JCJfi3DzB6B-uU6C5JGo0hB0R6HRtGynF&itag=160&aitags=133%2C134%2C135%2C136%2C137%2C160%2C242%2C243%2C244%2C247%2C248%2C278&source=youtube&requiressl=yes&mh=6p&mm=31%2C29&mn=sn-5njj-u2xe%2Csn-un57en7l&ms=au%2Crdu&mv=m&mvi=3&pl=16&gcr=tw&initcwndbps=450000&vprv=1&mime=video%2Fmp4&ns=5vTUqRsSD26JR_16yc5P5jkF&gir=yes&clen=251177&dur=160.760&lmt=1597442392831498&mt=1609919342&fvip=3&keepalive=yes&c=WEB&txp=2316222&n=PwBLTfNP2HuyaxQI&sparams=expire%2Cei%2Cip%2Cid%2Caitags%2Csource%2Crequiressl%2Cgcr%2Cvprv%2Cmime%2Cns%2Cgir%2Cclen%2Cdur%2Clmt&lsparams=mh%2Cmm%2Cmn%2Cms%2Cmv%2Cmvi%2Cpl%2Cinitcwndbps&lsig=AG3C_xAwRQIhAKbv0aoxxfWLXw7GZqlfOon3847il9tQnXBvb9TkYBJCAiBfcBIlAZFg00ODp7Z5jQKSG2sG9g6ApeJPpZbVLiHyOQ%3D%3D&sig=AOq0QJ8wRQIhAM4jION6SVaFOhhMBDas_n9_F4VyvG3e1xRyOONjt1MaAiAmyJFOwhjLxqi8P8_q7wKYSIzhBHo6ccfPqj8GTNHxPA==&ratebypass=yes", "player_url": "/s/player/5dd3f3b2/player_ias.vflset/en_US/base.js", "ext": "mp4", "height": 144, "format_note": "144p", "vcodec": "avc1.4d400b", "asr": null, "filesize": 251177, "fps": 25, "tbr": 22.396, "width": 144, "acodec": "none", "downloader_options": {"http_chunk_size": 10485760}, "format": "160 - 144x144 (144p)", "protocol": "https", "http_headers": {"User-Agent": "Mozilla/5.0 (Windows NT 10.0; Win64; x64) AppleWebKit/537.36 (KHTML, like Gecko) Chrome/72.0.3602.1 Safari/537.36", "Accept-Charset": "ISO-8859-1,utf-8;q=0.7,*;q=0.7", "Accept": "text/html,application/xhtml+xml,application/xml;q=0.9,*/*;q=0.8", "Accept-Encoding": "gzip, deflate", "Accept-Language": "en-us,en;q=0.5"}}, {"format_id": "278", "url": "https://r3---sn-5njj-u2xe.googlevideo.com/videoplayback?expire=1609941110&ei=Fmz1X6H3K82hlQTj-oKADw&ip=140.109.134.180&id=o-AGgOpdzNNb-JCJfi3DzB6B-uU6C5JGo0hB0R6HRtGynF&itag=278&aitags=133%2C134%2C135%2C136%2C137%2C160%2C242%2C243%2C244%2C247%2C248%2C278&source=youtube&requiressl=yes&mh=6p&mm=31%2C29&mn=sn-5njj-u2xe%2Csn-un57en7l&ms=au%2Crdu&mv=m&mvi=3&pl=16&gcr=tw&initcwndbps=450000&vprv=1&mime=video%2Fwebm&ns=5vTUqRsSD26JR_16yc5P5jkF&gir=yes&clen=292549&dur=160.760&lmt=1597442404840195&mt=1609919342&fvip=3&keepalive=yes&c=WEB&txp=2316222&n=PwBLTfNP2HuyaxQI&sparams=expire%2Cei%2Cip%2Cid%2Caitags%2Csource%2Crequiressl%2Cgcr%2Cvprv%2Cmime%2Cns%2Cgir%2Cclen%2Cdur%2Clmt&lsparams=mh%2Cmm%2Cmn%2Cms%2Cmv%2Cmvi%2Cpl%2Cinitcwndbps&lsig=AG3C_xAwRAIgAJm9LAoBGlVua884RAJn1napnt3A00zC1tKN1F038GECIH849-8NaC9it1iuWatP5ybYJ2uiX9gKbnDLwIrdD1f3&sig=AOq0QJ8wRgIhAO7ZPV6QuZFy0RthC-SDurohIEv0dUL9aoaLcJkF18tnAiEA7hUbCGtZ96W0qfEdMDqyEgkqNj7_AUH81PuIWBoWTQM=&ratebypass=yes", "player_url": "/s/player/5dd3f3b2/player_ias.vflset/en_US/base.js", "ext": "webm", "height": 144, "format_note": "144p", "container": "webm", "vcodec": "vp9", "asr": null, "filesize": 292549, "fps": 25, "tbr": 24.129, "width": 144, "acodec": "none", "downloader_options": {"http_chunk_size": 10485760}, "format": "278 - 144x144 (144p)", "protocol": "https", "http_headers": {"User-Agent": "Mozilla/5.0 (Windows NT 10.0; Win64; x64) AppleWebKit/537.36 (KHTML, like Gecko) Chrome/72.0.3602.1 Safari/537.36", "Accept-Charset": "ISO-8859-1,utf-8;q=0.7,*;q=0.7", "Accept": "text/html,application/xhtml+xml,application/xml;q=0.9,*/*;q=0.8", "Accept-Encoding": "gzip, deflate", "Accept-Language": "en-us,en;q=0.5"}}, {"format_id": "242", "url": "https://r3---sn-5njj-u2xe.googlevideo.com/videoplayback?expire=1609941110&ei=Fmz1X6H3K82hlQTj-oKADw&ip=140.109.134.180&id=o-AGgOpdzNNb-JCJfi3DzB6B-uU6C5JGo0hB0R6HRtGynF&itag=242&aitags=133%2C134%2C135%2C136%2C137%2C160%2C242%2C243%2C244%2C247%2C248%2C278&source=youtube&requiressl=yes&mh=6p&mm=31%2C29&mn=sn-5njj-u2xe%2Csn-un57en7l&ms=au%2Crdu&mv=m&mvi=3&pl=16&gcr=tw&initcwndbps=450000&vprv=1&mime=video%2Fwebm&ns=5vTUqRsSD26JR_16yc5P5jkF&gir=yes&clen=429039&dur=160.760&lmt=1597442404836995&mt=1609919342&fvip=3&keepalive=yes&c=WEB&txp=2316222&n=PwBLTfNP2HuyaxQI&sparams=expire%2Cei%2Cip%2Cid%2Caitags%2Csource%2Crequiressl%2Cgcr%2Cvprv%2Cmime%2Cns%2Cgir%2Cclen%2Cdur%2Clmt&lsparams=mh%2Cmm%2Cmn%2Cms%2Cmv%2Cmvi%2Cpl%2Cinitcwndbps&lsig=AG3C_xAwRQIhAPMKw6izigP6MnYFL4kq5cplo8QiSCryeHUPOrNtwKOdAiAjMmsstH66ne-B0rbCk_AFxFUup0M6_BOp8gS6tB5HdQ%3D%3D&sig=AOq0QJ8wRQIgYUrjDbeazYE_2dFQoMhP6YzhYv7KQtJjiMRDF1n0O68CIQD3n4OdRrSkf0VBVcab_4-Dbhfd3TUDDWdGigixUoDXiw==&ratebypass=yes", "player_url": "/s/player/5dd3f3b2/player_ias.vflset/en_US/base.js", "ext": "webm", "height": 240, "format_note": "240p", "vcodec": "vp9", "asr": null, "filesize": 429039, "fps": 25, "tbr": 40.639, "width": 240, "acodec": "none", "downloader_options": {"http_chunk_size": 10485760}, "format": "242 - 240x240 (240p)", "protocol": "https", "http_headers": {"User-Agent": "Mozilla/5.0 (Windows NT 10.0; Win64; x64) AppleWebKit/537.36 (KHTML, like Gecko) Chrome/72.0.3602.1 Safari/537.36", "Accept-Charset": "ISO-8859-1,utf-8;q=0.7,*;q=0.7", "Accept": "text/html,application/xhtml+xml,application/xml;q=0.9,*/*;q=0.8", "Accept-Encoding": "gzip, deflate", "Accept-Language": "en-us,en;q=0.5"}}, {"format_id": "133", "url": "https://r3---sn-5njj-u2xe.googlevideo.com/videoplayback?expire=1609941110&ei=Fmz1X6H3K82hlQTj-oKADw&ip=140.109.134.180&id=o-AGgOpdzNNb-JCJfi3DzB6B-uU6C5JGo0hB0R6HRtGynF&itag=133&aitags=133%2C134%2C135%2C136%2C137%2C160%2C242%2C243%2C244%2C247%2C248%2C278&source=youtube&requiressl=yes&mh=6p&mm=31%2C29&mn=sn-5njj-u2xe%2Csn-un57en7l&ms=au%2Crdu&mv=m&mvi=3&pl=16&gcr=tw&initcwndbps=450000&vprv=1&mime=video%2Fmp4&ns=5vTUqRsSD26JR_16yc5P5jkF&gir=yes&clen=453820&dur=160.760&lmt=1597442392833229&mt=1609919342&fvip=3&keepalive=yes&c=WEB&txp=2316222&n=PwBLTfNP2HuyaxQI&sparams=expire%2Cei%2Cip%2Cid%2Caitags%2Csource%2Crequiressl%2Cgcr%2Cvprv%2Cmime%2Cns%2Cgir%2Cclen%2Cdur%2Clmt&lsparams=mh%2Cmm%2Cmn%2Cms%2Cmv%2Cmvi%2Cpl%2Cinitcwndbps&lsig=AG3C_xAwRgIhAJKKc_j6tWnyooiyyBhsJRhCZljrTgtQOJ7ItnWT4LxxAiEAmuoBTRqCdWgpLzhReDTgsawkdG5QUhEQDZlvsApGagY%3D&sig=AOq0QJ8wRQIhAJySZRwhumd_GC7j5l3ImiM8kUCC9A3OtJzvYO3CJO5MAiA-jsDD8gAK6bvVHal8o7UAFrUPE-YKAn2sAiY3bCEbbw==&ratebypass=yes", "player_url": "/s/player/5dd3f3b2/player_ias.vflset/en_US/base.js", "ext": "mp4", "height": 240, "format_note": "240p", "vcodec": "avc1.4d400c", "asr": null, "filesize": 453820, "fps": 25, "tbr": 42.317, "width": 240, "acodec": "none", "downloader_options": {"http_chunk_size": 10485760}, "format": "133 - 240x240 (240p)", "protocol": "https", "http_headers": {"User-Agent": "Mozilla/5.0 (Windows NT 10.0; Win64; x64) AppleWebKit/537.36 (KHTML, like Gecko) Chrome/72.0.3602.1 Safari/537.36", "Accept-Charset": "ISO-8859-1,utf-8;q=0.7,*;q=0.7", "Accept": "text/html,application/xhtml+xml,application/xml;q=0.9,*/*;q=0.8", "Accept-Encoding": "gzip, deflate", "Accept-Language": "en-us,en;q=0.5"}}, {"format_id": "243", "url": "https://r3---sn-5njj-u2xe.googlevideo.com/videoplayback?expire=1609941110&ei=Fmz1X6H3K82hlQTj-oKADw&ip=140.109.134.180&id=o-AGgOpdzNNb-JCJfi3DzB6B-uU6C5JGo0hB0R6HRtGynF&itag=243&aitags=133%2C134%2C135%2C136%2C137%2C160%2C242%2C243%2C244%2C247%2C248%2C278&source=youtube&requiressl=yes&mh=6p&mm=31%2C29&mn=sn-5njj-u2xe%2Csn-un57en7l&ms=au%2Crdu&mv=m&mvi=3&pl=16&gcr=tw&initcwndbps=450000&vprv=1&mime=video%2Fwebm&ns=5vTUqRsSD26JR_16yc5P5jkF&gir=yes&clen=676638&dur=160.760&lmt=1597442404837976&mt=1609919342&fvip=3&keepalive=yes&c=WEB&txp=2316222&n=PwBLTfNP2HuyaxQI&sparams=expire%2Cei%2Cip%2Cid%2Caitags%2Csource%2Crequiressl%2Cgcr%2Cvprv%2Cmime%2Cns%2Cgir%2Cclen%2Cdur%2Clmt&lsparams=mh%2Cmm%2Cmn%2Cms%2Cmv%2Cmvi%2Cpl%2Cinitcwndbps&lsig=AG3C_xAwRAIgKi80oWw8j5AORRJAye-0aCjJ7IjGmtD31pvOu5nvZQ0CIBhTxZjRKWDdeybI7Gn_wNfTBnmyorVZg8QY_hKUBF19&sig=AOq0QJ8wRAIgY0EsiZhumQzXnp2qHcB4AZUG566f1miql_VRQf1g2mQCIDFFArWsPkShZ68zxkhCF0WLIYoUysafWSnKOPzPv0iW&ratebypass=yes", "player_url": "/s/player/5dd3f3b2/player_ias.vflset/en_US/base.js", "ext": "webm", "height": 360, "format_note": "360p", "vcodec": "vp9", "asr": null, "filesize": 676638, "fps": 25, "tbr": 67.501, "width": 360, "acodec": "none", "downloader_options": {"http_chunk_size": 10485760}, "format": "243 - 360x360 (360p)", "protocol": "https", "http_headers": {"User-Agent": "Mozilla/5.0 (Windows NT 10.0; Win64; x64) AppleWebKit/537.36 (KHTML, like Gecko) Chrome/72.0.3602.1 Safari/537.36", "Accept-Charset": "ISO-8859-1,utf-8;q=0.7,*;q=0.7", "Accept": "text/html,application/xhtml+xml,application/xml;q=0.9,*/*;q=0.8", "Accept-Encoding": "gzip, deflate", "Accept-Language": "en-us,en;q=0.5"}}, {"format_id": "134", "url": "https://r3---sn-5njj-u2xe.googlevideo.com/videoplayback?expire=1609941110&ei=Fmz1X6H3K82hlQTj-oKADw&ip=140.109.134.180&id=o-AGgOpdzNNb-JCJfi3DzB6B-uU6C5JGo0hB0R6HRtGynF&itag=134&aitags=133%2C134%2C135%2C136%2C137%2C160%2C242%2C243%2C244%2C247%2C248%2C278&source=youtube&requiressl=yes&mh=6p&mm=31%2C29&mn=sn-5njj-u2xe%2Csn-un57en7l&ms=au%2Crdu&mv=m&mvi=3&pl=16&gcr=tw&initcwndbps=450000&vprv=1&mime=video%2Fmp4&ns=5vTUqRsSD26JR_16yc5P5jkF&gir=yes&clen=831858&dur=160.760&lmt=1597442392818166&mt=1609919342&fvip=3&keepalive=yes&c=WEB&txp=2316222&n=PwBLTfNP2HuyaxQI&sparams=expire%2Cei%2Cip%2Cid%2Caitags%2Csource%2Crequiressl%2Cgcr%2Cvprv%2Cmime%2Cns%2Cgir%2Cclen%2Cdur%2Clmt&lsparams=mh%2Cmm%2Cmn%2Cms%2Cmv%2Cmvi%2Cpl%2Cinitcwndbps&lsig=AG3C_xAwRQIhAK1xB3c_9ILcK-Y7qDei6tLs3hdr5Qlqt_C2ZNtMgMMpAiBYeygl93u9mSJJcHeO-dDqWPVvOdzMdn1kvuGymn7e8w%3D%3D&sig=AOq0QJ8wRgIhAJXbFHps8lNZ-uWD88zyRoDcmW1iYHTdKM49bWKzsEhoAiEA_xo8S0og9VC3YcUDJDLFF87-9HM9zhunqgA0qwN4xBg=&ratebypass=yes", "player_url": "/s/player/5dd3f3b2/player_ias.vflset/en_US/base.js", "ext": "mp4", "height": 360, "format_note": "360p", "vcodec": "avc1.4d4015", "asr": null, "filesize": 831858, "fps": 25, "tbr": 81.305, "width": 360, "acodec": "none", "downloader_options": {"http_chunk_size": 10485760}, "format": "134 - 360x360 (360p)", "protocol": "https", "http_headers": {"User-Agent": "Mozilla/5.0 (Windows NT 10.0; Win64; x64) AppleWebKit/537.36 (KHTML, like Gecko) Chrome/72.0.3602.1 Safari/537.36", "Accept-Charset": "ISO-8859-1,utf-8;q=0.7,*;q=0.7", "Accept": "text/html,application/xhtml+xml,application/xml;q=0.9,*/*;q=0.8", "Accept-Encoding": "gzip, deflate", "Accept-Language": "en-us,en;q=0.5"}}, {"format_id": "244", "url": "https://r3---sn-5njj-u2xe.googlevideo.com/videoplayback?expire=1609941110&ei=Fmz1X6H3K82hlQTj-oKADw&ip=140.109.134.180&id=o-AGgOpdzNNb-JCJfi3DzB6B-uU6C5JGo0hB0R6HRtGynF&itag=244&aitags=133%2C134%2C135%2C136%2C137%2C160%2C242%2C243%2C244%2C247%2C248%2C278&source=youtube&requiressl=yes&mh=6p&mm=31%2C29&mn=sn-5njj-u2xe%2Csn-un57en7l&ms=au%2Crdu&mv=m&mvi=3&pl=16&gcr=tw&initcwndbps=450000&vprv=1&mime=video%2Fwebm&ns=5vTUqRsSD26JR_16yc5P5jkF&gir=yes&clen=1019832&dur=160.760&lmt=1597442404837333&mt=1609919342&fvip=3&keepalive=yes&c=WEB&txp=2316222&n=PwBLTfNP2HuyaxQI&sparams=expire%2Cei%2Cip%2Cid%2Caitags%2Csource%2Crequiressl%2Cgcr%2Cvprv%2Cmime%2Cns%2Cgir%2Cclen%2Cdur%2Clmt&lsparams=mh%2Cmm%2Cmn%2Cms%2Cmv%2Cmvi%2Cpl%2Cinitcwndbps&lsig=AG3C_xAwRQIgGHOQyQBdabmQwMkPjE_w_qaSMYSprTCiNkCYy3vE2vMCIQC_YoZ7iUQlwUqgL9kTn6ZbZMPansaUYaYZTnqdC1fREQ%3D%3D&sig=AOq0QJ8wRQIgdwj8Ze70fEcxdLojeQg5Fm1mVvr2Uf-BIOP3qbyw9yMCIQCtVVZHsL9clEmGrApBnw1YpUAyZXRadlfetswNeSaPFA==&ratebypass=yes", "player_url": "/s/player/5dd3f3b2/player_ias.vflset/en_US/base.js", "ext": "webm", "height": 480, "format_note": "480p", "vcodec": "vp9", "asr": null, "filesize": 1019832, "fps": 25, "tbr": 105.4, "width": 480, "acodec": "none", "downloader_options": {"http_chunk_size": 10485760}, "format": "244 - 480x480 (480p)", "protocol": "https", "http_headers": {"User-Agent": "Mozilla/5.0 (Windows NT 10.0; Win64; x64) AppleWebKit/537.36 (KHTML, like Gecko) Chrome/72.0.3602.1 Safari/537.36", "Accept-Charset": "ISO-8859-1,utf-8;q=0.7,*;q=0.7", "Accept": "text/html,application/xhtml+xml,application/xml;q=0.9,*/*;q=0.8", "Accept-Encoding": "gzip, deflate", "Accept-Language": "en-us,en;q=0.5"}}, {"format_id": "135", "url": "https://r3---sn-5njj-u2xe.googlevideo.com/videoplayback?expire=1609941110&ei=Fmz1X6H3K82hlQTj-oKADw&ip=140.109.134.180&id=o-AGgOpdzNNb-JCJfi3DzB6B-uU6C5JGo0hB0R6HRtGynF&itag=135&aitags=133%2C134%2C135%2C136%2C137%2C160%2C242%2C243%2C244%2C247%2C248%2C278&source=youtube&requiressl=yes&mh=6p&mm=31%2C29&mn=sn-5njj-u2xe%2Csn-un57en7l&ms=au%2Crdu&mv=m&mvi=3&pl=16&gcr=tw&initcwndbps=450000&vprv=1&mime=video%2Fmp4&ns=5vTUqRsSD26JR_16yc5P5jkF&gir=yes&clen=1435603&dur=160.760&lmt=1597442392818345&mt=1609919342&fvip=3&keepalive=yes&c=WEB&txp=2316222&n=PwBLTfNP2HuyaxQI&sparams=expire%2Cei%2Cip%2Cid%2Caitags%2Csource%2Crequiressl%2Cgcr%2Cvprv%2Cmime%2Cns%2Cgir%2Cclen%2Cdur%2Clmt&lsparams=mh%2Cmm%2Cmn%2Cms%2Cmv%2Cmvi%2Cpl%2Cinitcwndbps&lsig=AG3C_xAwRQIgWPsXroAi_HM0Fjpnkn8e76vfYfYYYvTqVWr0PAQd4qECIQDeX8aOdNKJI8NMfliAopp2-MmlyeOuisYMCWaYcj9fOA%3D%3D&sig=AOq0QJ8wRAIge0JXMDXnouRqmkfagGQn-ioU2T-L3bE2-8NWpnX3Gw8CICGVsapYoaFPw5BIaovISCKuyFiPSUM9YkW2jUGM6Ok2&ratebypass=yes", "player_url": "/s/player/5dd3f3b2/player_ias.vflset/en_US/base.js", "ext": "mp4", "height": 480, "format_note": "480p", "vcodec": "avc1.4d401e", "asr": null, "filesize": 1435603, "fps": 25, "tbr": 155.788, "width": 480, "acodec": "none", "downloader_options": {"http_chunk_size": 10485760}, "format": "135 - 480x480 (480p)", "protocol": "https", "http_headers": {"User-Agent": "Mozilla/5.0 (Windows NT 10.0; Win64; x64) AppleWebKit/537.36 (KHTML, like Gecko) Chrome/72.0.3602.1 Safari/537.36", "Accept-Charset": "ISO-8859-1,utf-8;q=0.7,*;q=0.7", "Accept": "text/html,application/xhtml+xml,application/xml;q=0.9,*/*;q=0.8", "Accept-Encoding": "gzip, deflate", "Accept-Language": "en-us,en;q=0.5"}}, {"format_id": "247", "url": "https://r3---sn-5njj-u2xe.googlevideo.com/videoplayback?expire=1609941110&ei=Fmz1X6H3K82hlQTj-oKADw&ip=140.109.134.180&id=o-AGgOpdzNNb-JCJfi3DzB6B-uU6C5JGo0hB0R6HRtGynF&itag=247&aitags=133%2C134%2C135%2C136%2C137%2C160%2C242%2C243%2C244%2C247%2C248%2C278&source=youtube&requiressl=yes&mh=6p&mm=31%2C29&mn=sn-5njj-u2xe%2Csn-un57en7l&ms=au%2Crdu&mv=m&mvi=3&pl=16&gcr=tw&initcwndbps=450000&vprv=1&mime=video%2Fwebm&ns=5vTUqRsSD26JR_16yc5P5jkF&gir=yes&clen=2079288&dur=160.760&lmt=1597442404834803&mt=1609919342&fvip=3&keepalive=yes&c=WEB&txp=2316222&n=PwBLTfNP2HuyaxQI&sparams=expire%2Cei%2Cip%2Cid%2Caitags%2Csource%2Crequiressl%2Cgcr%2Cvprv%2Cmime%2Cns%2Cgir%2Cclen%2Cdur%2Clmt&lsparams=mh%2Cmm%2Cmn%2Cms%2Cmv%2Cmvi%2Cpl%2Cinitcwndbps&lsig=AG3C_xAwRQIgaZwVx_QA3Blbv0kE_1oe21ma505igbTAkw8aLzfKx4oCIQDWRnS-FlR5TrX__Y1gkXSCw8mzUYCE8ilGe_O-dETTJw%3D%3D&sig=AOq0QJ8wRgIhANqF4unWMlqlTi7iSMTWICNQmcHBHvTEcaRjSqEL1A6-AiEApgcj1-ACENCHE6E4ucGJAQMaGLdvEwATXBzgWoO0C_Q=&ratebypass=yes", "player_url": "/s/player/5dd3f3b2/player_ias.vflset/en_US/base.js", "ext": "webm", "height": 720, "format_note": "720p", "vcodec": "vp9", "asr": null, "filesize": 2079288, "fps": 25, "tbr": 236.321, "width": 720, "acodec": "none", "downloader_options": {"http_chunk_size": 10485760}, "format": "247 - 720x720 (720p)", "protocol": "https", "http_headers": {"User-Agent": "Mozilla/5.0 (Windows NT 10.0; Win64; x64) AppleWebKit/537.36 (KHTML, like Gecko) Chrome/72.0.3602.1 Safari/537.36", "Accept-Charset": "ISO-8859-1,utf-8;q=0.7,*;q=0.7", "Accept": "text/html,application/xhtml+xml,application/xml;q=0.9,*/*;q=0.8", "Accept-Encoding": "gzip, deflate", "Accept-Language": "en-us,en;q=0.5"}}, {"format_id": "136", "url": "https://r3---sn-5njj-u2xe.googlevideo.com/videoplayback?expire=1609941110&ei=Fmz1X6H3K82hlQTj-oKADw&ip=140.109.134.180&id=o-AGgOpdzNNb-JCJfi3DzB6B-uU6C5JGo0hB0R6HRtGynF&itag=136&aitags=133%2C134%2C135%2C136%2C137%2C160%2C242%2C243%2C244%2C247%2C248%2C278&source=youtube&requiressl=yes&mh=6p&mm=31%2C29&mn=sn-5njj-u2xe%2Csn-un57en7l&ms=au%2Crdu&mv=m&mvi=3&pl=16&gcr=tw&initcwndbps=450000&vprv=1&mime=video%2Fmp4&ns=5vTUqRsSD26JR_16yc5P5jkF&gir=yes&clen=3266805&dur=160.760&lmt=1597442392930632&mt=1609919342&fvip=3&keepalive=yes&c=WEB&txp=2316222&n=PwBLTfNP2HuyaxQI&sparams=expire%2Cei%2Cip%2Cid%2Caitags%2Csource%2Crequiressl%2Cgcr%2Cvprv%2Cmime%2Cns%2Cgir%2Cclen%2Cdur%2Clmt&lsparams=mh%2Cmm%2Cmn%2Cms%2Cmv%2Cmvi%2Cpl%2Cinitcwndbps&lsig=AG3C_xAwRgIhAP1-KOYSeRD_ckDgXLPS4mgfKs4I2fwn5byrmzYCRLi3AiEA_NtTwB2PaEL_rmU6IR_BhR5tQ03roc5Qif1PYpwORM0%3D&sig=AOq0QJ8wRAIgVo7-OWaWpg3xKm90EzuXOd80kkERmuzY1Ie20FG_tocCIEy-pe1dHRZ1wvprWkG9lC6AsoZGc8zkFJ2V4Kwwrh4G&ratebypass=yes", "player_url": "/s/player/5dd3f3b2/player_ias.vflset/en_US/base.js", "ext": "mp4", "height": 720, "format_note": "720p", "vcodec": "avc1.64001f", "asr": null, "filesize": 3266805, "fps": 25, "tbr": 359.294, "width": 720, "acodec": "none", "downloader_options": {"http_chunk_size": 10485760}, "format": "136 - 720x720 (720p)", "protocol": "https", "http_headers": {"User-Agent": "Mozilla/5.0 (Windows NT 10.0; Win64; x64) AppleWebKit/537.36 (KHTML, like Gecko) Chrome/72.0.3602.1 Safari/537.36", "Accept-Charset": "ISO-8859-1,utf-8;q=0.7,*;q=0.7", "Accept": "text/html,application/xhtml+xml,application/xml;q=0.9,*/*;q=0.8", "Accept-Encoding": "gzip, deflate", "Accept-Language": "en-us,en;q=0.5"}}, {"format_id": "248", "url": "https://r3---sn-5njj-u2xe.googlevideo.com/videoplayback?expire=1609941110&ei=Fmz1X6H3K82hlQTj-oKADw&ip=140.109.134.180&id=o-AGgOpdzNNb-JCJfi3DzB6B-uU6C5JGo0hB0R6HRtGynF&itag=248&aitags=133%2C134%2C135%2C136%2C137%2C160%2C242%2C243%2C244%2C247%2C248%2C278&source=youtube&requiressl=yes&mh=6p&mm=31%2C29&mn=sn-5njj-u2xe%2Csn-un57en7l&ms=au%2Crdu&mv=m&mvi=3&pl=16&gcr=tw&initcwndbps=450000&vprv=1&mime=video%2Fwebm&ns=5vTUqRsSD26JR_16yc5P5jkF&gir=yes&clen=6555526&dur=160.760&lmt=1597442404839656&mt=1609919342&fvip=3&keepalive=yes&c=WEB&txp=2316222&n=PwBLTfNP2HuyaxQI&sparams=expire%2Cei%2Cip%2Cid%2Caitags%2Csource%2Crequiressl%2Cgcr%2Cvprv%2Cmime%2Cns%2Cgir%2Cclen%2Cdur%2Clmt&lsparams=mh%2Cmm%2Cmn%2Cms%2Cmv%2Cmvi%2Cpl%2Cinitcwndbps&lsig=AG3C_xAwRQIhAMk9Lb5o9wZfzhGkZue_2_ET142Xah_I7frxsI9B7qKOAiB2Nb_dWMqjqHUNoG-esbgEKZHsZsuBPk7fK2hVwTytpw%3D%3D&sig=AOq0QJ8wRAIgZSSdkX2OuwAft8z4J8vhp1NcIb9UCb4mtKcuXdk3FkECICH4pEF8KPYtx6pNDXhDvPcRyx1NaMFJm13QAkp0oA8Y&ratebypass=yes", "player_url": "/s/player/5dd3f3b2/player_ias.vflset/en_US/base.js", "ext": "webm", "height": 1080, "format_note": "1080p", "vcodec": "vp9", "asr": null, "filesize": 6555526, "fps": 25, "tbr": 724.019, "width": 1080, "acodec": "none", "downloader_options": {"http_chunk_size": 10485760}, "format": "248 - 1080x1080 (1080p)", "protocol": "https", "http_headers": {"User-Agent": "Mozilla/5.0 (Windows NT 10.0; Win64; x64) AppleWebKit/537.36 (KHTML, like Gecko) Chrome/72.0.3602.1 Safari/537.36", "Accept-Charset": "ISO-8859-1,utf-8;q=0.7,*;q=0.7", "Accept": "text/html,application/xhtml+xml,application/xml;q=0.9,*/*;q=0.8", "Accept-Encoding": "gzip, deflate", "Accept-Language": "en-us,en;q=0.5"}}, {"format_id": "137", "url": "https://r3---sn-5njj-u2xe.googlevideo.com/videoplayback?expire=1609941110&ei=Fmz1X6H3K82hlQTj-oKADw&ip=140.109.134.180&id=o-AGgOpdzNNb-JCJfi3DzB6B-uU6C5JGo0hB0R6HRtGynF&itag=137&aitags=133%2C134%2C135%2C136%2C137%2C160%2C242%2C243%2C244%2C247%2C248%2C278&source=youtube&requiressl=yes&mh=6p&mm=31%2C29&mn=sn-5njj-u2xe%2Csn-un57en7l&ms=au%2Crdu&mv=m&mvi=3&pl=16&gcr=tw&initcwndbps=450000&vprv=1&mime=video%2Fmp4&ns=5vTUqRsSD26JR_16yc5P5jkF&gir=yes&clen=8068355&dur=160.760&lmt=1597442392817793&mt=1609919342&fvip=3&keepalive=yes&c=WEB&txp=2316222&n=PwBLTfNP2HuyaxQI&sparams=expire%2Cei%2Cip%2Cid%2Caitags%2Csource%2Crequiressl%2Cgcr%2Cvprv%2Cmime%2Cns%2Cgir%2Cclen%2Cdur%2Clmt&lsparams=mh%2Cmm%2Cmn%2Cms%2Cmv%2Cmvi%2Cpl%2Cinitcwndbps&lsig=AG3C_xAwRQIhAM4v05QpsCzpAqJesP4-afhC2kWLRkkbnrGjbHD3IR7nAiAy5i6iwyrtcY37MFwjTqpVzaQJGNxKWG5yH_aBRuLrbQ%3D%3D&sig=AOq0QJ8wRAIgEi0-3zCh4PWR06dOl5NddRYx9EzCL94aHR2C95CzmmMCIElGFFobOrquWXMixjsCzzq7RFGmMG7SGXWPwqLl4cfv&ratebypass=yes", "player_url": "/s/player/5dd3f3b2/player_ias.vflset/en_US/base.js", "ext": "mp4", "height": 1080, "format_note": "1080p", "vcodec": "avc1.640020", "asr": null, "filesize": 8068355, "fps": 25, "tbr": 884.921, "width": 1080, "acodec": "none", "downloader_options": {"http_chunk_size": 10485760}, "format": "137 - 1080x1080 (1080p)", "protocol": "https", "http_headers": {"User-Agent": "Mozilla/5.0 (Windows NT 10.0; Win64; x64) AppleWebKit/537.36 (KHTML, like Gecko) Chrome/72.0.3602.1 Safari/537.36", "Accept-Charset": "ISO-8859-1,utf-8;q=0.7,*;q=0.7", "Accept": "text/html,application/xhtml+xml,application/xml;q=0.9,*/*;q=0.8", "Accept-Encoding": "gzip, deflate", "Accept-Language": "en-us,en;q=0.5"}}, {"format_id": "18", "url": "https://r3---sn-5njj-u2xe.googlevideo.com/videoplayback?expire=1609941110&ei=Fmz1X6H3K82hlQTj-oKADw&ip=140.109.134.180&id=o-AGgOpdzNNb-JCJfi3DzB6B-uU6C5JGo0hB0R6HRtGynF&itag=18&source=youtube&requiressl=yes&mh=6p&mm=31%2C29&mn=sn-5njj-u2xe%2Csn-un57en7l&ms=au%2Crdu&mv=m&mvi=3&pl=16&gcr=tw&initcwndbps=450000&vprv=1&mime=video%2Fmp4&ns=rc45qTjbHfX5_LrHZlG-iYMF&gir=yes&clen=2940670&ratebypass=yes&dur=160.844&lmt=1597442385801362&mt=1609919342&fvip=3&c=WEB&txp=2316222&n=cec00LtYcsMf7tN7&sparams=expire%2Cei%2Cip%2Cid%2Citag%2Csource%2Crequiressl%2Cgcr%2Cvprv%2Cmime%2Cns%2Cgir%2Cclen%2Cratebypass%2Cdur%2Clmt&lsparams=mh%2Cmm%2Cmn%2Cms%2Cmv%2Cmvi%2Cpl%2Cinitcwndbps&lsig=AG3C_xAwRQIgJoc1rl93ezb61l9l5NwjOVIVXeh4qn0ZahfbMYT55ywCIQDrT0qbcFeP3lGkZclNr6uqxOArnZe5yFNYEvef8jrSDQ%3D%3D&sig=AOq0QJ8wRQIhAPjUDKTAwjKYTDXxemgdNnBbqNjChmK_45qE4EGlOLnWAiA4Q4LqQKDBm1_8w-T2gr_YgnmrcVXelvcVRDuTU8Z1vQ==", "player_url": "/s/player/5dd3f3b2/player_ias.vflset/en_US/base.js", "ext": "mp4", "width": 360, "height": 360, "acodec": "mp4a.40.2", "abr": 96, "vcodec": "avc1.42001E", "asr": 44100, "filesize": 2940670, "format_note": "360p", "fps": 25, "tbr": 146.338, "format": "18 - 360x360 (360p)", "protocol": "https", "http_headers": {"User-Agent": "Mozilla/5.0 (Windows NT 10.0; Win64; x64) AppleWebKit/537.36 (KHTML, like Gecko) Chrome/72.0.3602.1 Safari/537.36", "Accept-Charset": "ISO-8859-1,utf-8;q=0.7,*;q=0.7", "Accept": "text/html,application/xhtml+xml,application/xml;q=0.9,*/*;q=0.8", "Accept-Encoding": "gzip, deflate", "Accept-Language": "en-us,en;q=0.5"}}], "is_live": null, "start_time": null, "end_time": null, "series": null, "season_number": null, "episode_number": null, "track": "Cloud Postcards", "artist": "Luis \u00c1lvarez", "album": "Recollections Vol. 5", "release_date": "20200828", "release_year": 2020, "extractor": "youtube", "webpage_url_basename": "watch", "extractor_key": "Youtube", "playlist": null, "playlist_index": null, "thumbnail": "https://i.ytimg.com/vi_webp/jSWItJI-Gmk/maxresdefault.webp", "display_id": "jSWItJI-Gmk", "requested_subtitles": null, "format_id": "251", "url": "https://r3---sn-5njj-u2xe.googlevideo.com/videoplayback?expire=1609941110&ei=Fmz1X6H3K82hlQTj-oKADw&ip=140.109.134.180&id=o-AGgOpdzNNb-JCJfi3DzB6B-uU6C5JGo0hB0R6HRtGynF&itag=251&source=youtube&requiressl=yes&mh=6p&mm=31%2C29&mn=sn-5njj-u2xe%2Csn-un57en7l&ms=au%2Crdu&mv=m&mvi=3&pl=16&gcr=tw&initcwndbps=450000&vprv=1&mime=audio%2Fwebm&ns=5vTUqRsSD26JR_16yc5P5jkF&gir=yes&clen=2928896&dur=160.801&lmt=1597442385799086&mt=1609919342&fvip=3&keepalive=yes&c=WEB&txp=2311222&n=PwBLTfNP2HuyaxQI&sparams=expire%2Cei%2Cip%2Cid%2Citag%2Csource%2Crequiressl%2Cgcr%2Cvprv%2Cmime%2Cns%2Cgir%2Cclen%2Cdur%2Clmt&lsparams=mh%2Cmm%2Cmn%2Cms%2Cmv%2Cmvi%2Cpl%2Cinitcwndbps&lsig=AG3C_xAwRQIhAIhVcozZU_D5AHkKBsJ_gnxfHhLlJWCKq8xQAe8pIM23AiBTd0ry1TEGCM2CseM5snxHiF4xnYlN54c6V8XwIveJeg%3D%3D&sig=AOq0QJ8wRgIhALbRNEj1a8F7tu2CnryY7qfC2Jj_IrlheChoso5XIK-ZAiEA6f8eyV_YoP_tRBruPSs-vAaX_8uxpN3GN5BUkC6IAMs=&ratebypass=yes", "player_url": "/s/player/5dd3f3b2/player_ias.vflset/en_US/base.js", "ext": "webm", "format_note": "tiny", "acodec": "opus", "abr": 160, "asr": 48000, "filesize": 2928896, "fps": null, "height": null, "tbr": 151.382, "width": null, "vcodec": "none", "downloader_options": {"http_chunk_size": 10485760}, "format": "251 - audio only (tiny)", "protocol": "https", "http_headers": {"User-Agent": "Mozilla/5.0 (Windows NT 10.0; Win64; x64) AppleWebKit/537.36 (KHTML, like Gecko) Chrome/72.0.3602.1 Safari/537.36", "Accept-Charset": "ISO-8859-1,utf-8;q=0.7,*;q=0.7", "Accept": "text/html,application/xhtml+xml,application/xml;q=0.9,*/*;q=0.8", "Accept-Encoding": "gzip, deflate", "Accept-Language": "en-us,en;q=0.5"}}