{"id": "k6aLLVX1D7Y", "uploader": "Mauro Cangemi - Topic", "uploader_id": "UCoZc9lJmBnZPlmLP9_-nVcQ", "uploader_url": "http://www.youtube.com/channel/UCoZc9lJmBnZPlmLP9_-nVcQ", "channel_id": "UCoZc9lJmBnZPlmLP9_-nVcQ", "channel_url": "http://www.youtube.com/channel/UCoZc9lJmBnZPlmLP9_-nVcQ", "upload_date": "20200422", "license": null, "creator": "Mauro Cangemi", "title": "Continuo", "alt_title": "Continuo", "thumbnails": [{"url": "https://i.ytimg.com/vi/k6aLLVX1D7Y/hqdefault.jpg?sqp=-oaymwEYCKgBEF5IVfKriqkDCwgBFQAAiEIYAXAB&rs=AOn4CLAgr-Mv7ZvjtT_fAHXlNhDZLJ7FMA", "width": 168, "height": 94, "resolution": "168x94", "id": "0"}, {"url": "https://i.ytimg.com/vi/k6aLLVX1D7Y/hqdefault.jpg?sqp=-oaymwEYCMQBEG5IVfKriqkDCwgBFQAAiEIYAXAB&rs=AOn4CLAHdNODLY-7UsCa3l_yj8-hPag3Rw", "width": 196, "height": 110, "resolution": "196x110", "id": "1"}, {"url": "https://i.ytimg.com/vi/k6aLLVX1D7Y/hqdefault.jpg?sqp=-oaymwEZCPYBEIoBSFXyq4qpAwsIARUAAIhCGAFwAQ==&rs=AOn4CLB9r9SkUGaCUP2lSQDb7-SS1WpLYQ", "width": 246, "height": 138, "resolution": "246x138", "id": "2"}, {"url": "https://i.ytimg.com/vi/k6aLLVX1D7Y/hqdefault.jpg?sqp=-oaymwEZCNACELwBSFXyq4qpAwsIARUAAIhCGAFwAQ==&rs=AOn4CLCBwh9K1aYTnguuI6RPm1TIPtaZIg", "width": 336, "height": 188, "resolution": "336x188", "id": "3"}, {"url": "https://i.ytimg.com/vi_webp/k6aLLVX1D7Y/maxresdefault.webp", "width": 1920, "height": 1080, "resolution": "1920x1080", "id": "4"}], "description": "Provided to YouTube by IIP-DDS\n\nContinuo \u00b7 Mauro Cangemi\n\nContinuo\n\n\u2117 Mauro Cangemi\n\nReleased on: 2020-04-23\n\nArtist: Mauro Cangemi\n\nAuto-generated by YouTube.", "categories": ["Music"], "tags": ["Mauro Cangemi", "Continuo"], "subtitles": {}, "automatic_captions": {}, "duration": 134, "age_limit": 0, "annotations": null, "chapters": null, "webpage_url": "https://www.youtube.com/watch?v=k6aLLVX1D7Y", "view_count": 2951, "like_count": 108, "dislike_count": 2, "average_rating": 4.9633026, "formats": [{"format_id": "249", "url": "https://r5---sn-5njj-u2xe.googlevideo.com/videoplayback?expire=1609941091&ei=A2z1X6PKMYmvlQSTx6qoBQ&ip=140.109.134.180&id=o-AHtqpcwr_hN9_NlaLrXplHANQWkROPcEvNNqGTjgUSss&itag=249&source=youtube&requiressl=yes&mh=rB&mm=31%2C29&mn=sn-5njj-u2xe%2Csn-un57sn76&ms=au%2Crdu&mv=m&mvi=5&pl=16&gcr=tw&initcwndbps=350000&vprv=1&mime=audio%2Fwebm&ns=aHxMR4KmWGcMDCycj2Sly8MF&gir=yes&clen=988059&dur=134.241&lmt=1587046109655229&mt=1609919103&fvip=5&keepalive=yes&c=WEB&txp=2311222&n=XnHoFrCu8Z6Lkdzq&sparams=expire%2Cei%2Cip%2Cid%2Citag%2Csource%2Crequiressl%2Cgcr%2Cvprv%2Cmime%2Cns%2Cgir%2Cclen%2Cdur%2Clmt&lsparams=mh%2Cmm%2Cmn%2Cms%2Cmv%2Cmvi%2Cpl%2Cinitcwndbps&lsig=AG3C_xAwRQIgGhBbDL4KJ2BTs_hhPriEKRhHrpBV3cjm9Tm31yAp-rsCIQDnjHVpgSbQwWkZyBWVU1vJTVJB5T0RcQzKULolZN-bRA%3D%3D&sig=AOq0QJ8wRQIgJ8clws2KUrxjDDof6fO7bsPW3RcXAAFxYcEoohPIcqgCIQDBOZjJIgJH3jxlOujLcgbtMuNVp22-gAd2CNiuVPQedA==&ratebypass=yes", "player_url": "/s/player/5dd3f3b2/player_ias.vflset/en_US/base.js", "ext": "webm", "format_note": "tiny", "acodec": "opus", "abr": 50, "asr": 48000, "filesize": 988059, "fps": null, "height": null, "tbr": 63.474, "width": null, "vcodec": "none", "downloader_options": {"http_chunk_size": 10485760}, "format": "249 - audio only (tiny)", "protocol": "https", "http_headers": {"User-Agent": "Mozilla/5.0 (Windows NT 10.0; Win64; x64) AppleWebKit/537.36 (KHTML, like Gecko) Chrome/72.0.3602.1 Safari/537.36", "Accept-Charset": "ISO-8859-1,utf-8;q=0.7,*;q=0.7", "Accept": "text/html,application/xhtml+xml,application/xml;q=0.9,*/*;q=0.8", "Accept-Encoding": "gzip, deflate", "Accept-Language": "en-us,en;q=0.5"}}, {"format_id": "250", "url": "https://r5---sn-5njj-u2xe.googlevideo.com/videoplayback?expire=1609941091&ei=A2z1X6PKMYmvlQSTx6qoBQ&ip=140.109.134.180&id=o-AHtqpcwr_hN9_NlaLrXplHANQWkROPcEvNNqGTjgUSss&itag=250&source=youtube&requiressl=yes&mh=rB&mm=31%2C29&mn=sn-5njj-u2xe%2Csn-un57sn76&ms=au%2Crdu&mv=m&mvi=5&pl=16&gcr=tw&initcwndbps=350000&vprv=1&mime=audio%2Fwebm&ns=aHxMR4KmWGcMDCycj2Sly8MF&gir=yes&clen=1317248&dur=134.241&lmt=1587046110232510&mt=1609919103&fvip=5&keepalive=yes&c=WEB&txp=2311222&n=XnHoFrCu8Z6Lkdzq&sparams=expire%2Cei%2Cip%2Cid%2Citag%2Csource%2Crequiressl%2Cgcr%2Cvprv%2Cmime%2Cns%2Cgir%2Cclen%2Cdur%2Clmt&lsparams=mh%2Cmm%2Cmn%2Cms%2Cmv%2Cmvi%2Cpl%2Cinitcwndbps&lsig=AG3C_xAwRgIhAMrIoxXoxzKJEFAdzAM1tKq1UlXhGMrcGYdE59mdgQBeAiEA307vlhLxhr2bpXsHo194cbO7UvSeYq97rTCi7ZgMHIA%3D&sig=AOq0QJ8wRgIhAM0Nx887cmpQP6LV9rAnfEwxTyLYHRL0QkuD1CyBdmA9AiEAyc_KnEsTK0MyIaYq1D_mh0lm_R6E6ZnhFjKfexvbvU8=&ratebypass=yes", "player_url": "/s/player/5dd3f3b2/player_ias.vflset/en_US/base.js", "ext": "webm", "format_note": "tiny", "acodec": "opus", "abr": 70, "asr": 48000, "filesize": 1317248, "fps": null, "height": null, "tbr": 84.896, "width": null, "vcodec": "none", "downloader_options": {"http_chunk_size": 10485760}, "format": "250 - audio only (tiny)", "protocol": "https", "http_headers": {"User-Agent": "Mozilla/5.0 (Windows NT 10.0; Win64; x64) AppleWebKit/537.36 (KHTML, like Gecko) Chrome/72.0.3602.1 Safari/537.36", "Accept-Charset": "ISO-8859-1,utf-8;q=0.7,*;q=0.7", "Accept": "text/html,application/xhtml+xml,application/xml;q=0.9,*/*;q=0.8", "Accept-Encoding": "gzip, deflate", "Accept-Language": "en-us,en;q=0.5"}}, {"format_id": "140", "url": "https://r5---sn-5njj-u2xe.googlevideo.com/videoplayback?expire=1609941091&ei=A2z1X6PKMYmvlQSTx6qoBQ&ip=140.109.134.180&id=o-AHtqpcwr_hN9_NlaLrXplHANQWkROPcEvNNqGTjgUSss&itag=140&source=youtube&requiressl=yes&mh=rB&mm=31%2C29&mn=sn-5njj-u2xe%2Csn-un57sn76&ms=au%2Crdu&mv=m&mvi=5&pl=16&gcr=tw&initcwndbps=350000&vprv=1&mime=audio%2Fmp4&ns=aHxMR4KmWGcMDCycj2Sly8MF&gir=yes&clen=2174559&dur=134.216&lmt=1587046120665431&mt=1609919103&fvip=5&keepalive=yes&c=WEB&txp=2311222&n=XnHoFrCu8Z6Lkdzq&sparams=expire%2Cei%2Cip%2Cid%2Citag%2Csource%2Crequiressl%2Cgcr%2Cvprv%2Cmime%2Cns%2Cgir%2Cclen%2Cdur%2Clmt&lsparams=mh%2Cmm%2Cmn%2Cms%2Cmv%2Cmvi%2Cpl%2Cinitcwndbps&lsig=AG3C_xAwRgIhAJvdI8VPxeWSP6vjwVjzwA0veiZKvUXslMat8UiU2LcFAiEAmSuOQNMu1hkRHeQYtLQn7whYxJovqK423AIasbczG2A%3D&sig=AOq0QJ8wRQIgfuaeriQv3H6kK8z74hrhaQJBXLLYyRpnWe7DnPcYmB8CIQD1mPNY3pIXyvTGw8vZw9UzQszJyeaU9pg8rKNmWCqIfA==&ratebypass=yes", "player_url": "/s/player/5dd3f3b2/player_ias.vflset/en_US/base.js", "ext": "m4a", "format_note": "tiny", "acodec": "mp4a.40.2", "abr": 128, "container": "m4a_dash", "asr": 44100, "filesize": 2174559, "fps": null, "height": null, "tbr": 130.935, "width": null, "vcodec": "none", "downloader_options": {"http_chunk_size": 10485760}, "format": "140 - audio only (tiny)", "protocol": "https", "http_headers": {"User-Agent": "Mozilla/5.0 (Windows NT 10.0; Win64; x64) AppleWebKit/537.36 (KHTML, like Gecko) Chrome/72.0.3602.1 Safari/537.36", "Accept-Charset": "ISO-8859-1,utf-8;q=0.7,*;q=0.7", "Accept": "text/html,application/xhtml+xml,application/xml;q=0.9,*/*;q=0.8", "Accept-Encoding": "gzip, deflate", "Accept-Language": "en-us,en;q=0.5"}}, {"format_id": "251", "url": "https://r5---sn-5njj-u2xe.googlevideo.com/videoplayback?expire=1609941091&ei=A2z1X6PKMYmvlQSTx6qoBQ&ip=140.109.134.180&id=o-AHtqpcwr_hN9_NlaLrXplHANQWkROPcEvNNqGTjgUSss&itag=251&source=youtube&requiressl=yes&mh=rB&mm=31%2C29&mn=sn-5njj-u2xe%2Csn-un57sn76&ms=au%2Crdu&mv=m&mvi=5&pl=16&gcr=tw&initcwndbps=350000&vprv=1&mime=audio%2Fwebm&ns=aHxMR4KmWGcMDCycj2Sly8MF&gir=yes&clen=2550659&dur=134.241&lmt=1587046109033617&mt=1609919103&fvip=5&keepalive=yes&c=WEB&txp=2311222&n=XnHoFrCu8Z6Lkdzq&sparams=expire%2Cei%2Cip%2Cid%2Citag%2Csource%2Crequiressl%2Cgcr%2Cvprv%2Cmime%2Cns%2Cgir%2Cclen%2Cdur%2Clmt&lsparams=mh%2Cmm%2Cmn%2Cms%2Cmv%2Cmvi%2Cpl%2Cinitcwndbps&lsig=AG3C_xAwRAIgeMt0XQDa4TMrJtP1jld8ulflR7RccW1T1AaSgr9p4ckCIFsUYel8Ai52sslgDOWXpDzuXk9-3ZbJGY-3BXqcqzLF&sig=AOq0QJ8wRQIhAN6thGAMCdSNlZCgMLaDxCZSC7MxkME3HhtEzXWCx57CAiAJk_UUHxAe2217d5I_QqV_0oB6SN9vpuHKeEoXZwh31Q==&ratebypass=yes", "player_url": "/s/player/5dd3f3b2/player_ias.vflset/en_US/base.js", "ext": "webm", "format_note": "tiny", "acodec": "opus", "abr": 160, "asr": 48000, "filesize": 2550659, "fps": null, "height": null, "tbr": 160.082, "width": null, "vcodec": "none", "downloader_options": {"http_chunk_size": 10485760}, "format": "251 - audio only (tiny)", "protocol": "https", "http_headers": {"User-Agent": "Mozilla/5.0 (Windows NT 10.0; Win64; x64) AppleWebKit/537.36 (KHTML, like Gecko) Chrome/72.0.3602.1 Safari/537.36", "Accept-Charset": "ISO-8859-1,utf-8;q=0.7,*;q=0.7", "Accept": "text/html,application/xhtml+xml,application/xml;q=0.9,*/*;q=0.8", "Accept-Encoding": "gzip, deflate", "Accept-Language": "en-us,en;q=0.5"}}, {"format_id": "160", "url": "https://r5---sn-5njj-u2xe.googlevideo.com/videoplayback?expire=1609941091&ei=A2z1X6PKMYmvlQSTx6qoBQ&ip=140.109.134.180&id=o-AHtqpcwr_hN9_NlaLrXplHANQWkROPcEvNNqGTjgUSss&itag=160&aitags=133%2C134%2C135%2C136%2C137%2C160%2C242%2C243%2C244%2C247%2C248%2C278&source=youtube&requiressl=yes&mh=rB&mm=31%2C29&mn=sn-5njj-u2xe%2Csn-un57sn76&ms=au%2Crdu&mv=m&mvi=5&pl=16&gcr=tw&initcwndbps=350000&vprv=1&mime=video%2Fmp4&ns=aHxMR4KmWGcMDCycj2Sly8MF&gir=yes&clen=233176&dur=134.200&lmt=1587046115848568&mt=1609919103&fvip=5&keepalive=yes&c=WEB&txp=2316222&n=XnHoFrCu8Z6Lkdzq&sparams=expire%2Cei%2Cip%2Cid%2Caitags%2Csource%2Crequiressl%2Cgcr%2Cvprv%2Cmime%2Cns%2Cgir%2Cclen%2Cdur%2Clmt&lsparams=mh%2Cmm%2Cmn%2Cms%2Cmv%2Cmvi%2Cpl%2Cinitcwndbps&lsig=AG3C_xAwRQIgZEKJb-LEri8KMGtrxfu5z3r_3cJr1D9sjKIjd2SwWzYCIQDTKPTQPcFfHUFoTse7aPPFrrLgs_7zs8nMrR2NdOR3jA%3D%3D&sig=AOq0QJ8wRAIgB_To6Vl_cJbd8NjT_KAY16KvuZ0VxkSedbJj_pnW_v8CIC-O82kJQo_P5ySIOYKTsKiGZTmSM9WPNLVCHFXCmSqK&ratebypass=yes", "player_url": "/s/player/5dd3f3b2/player_ias.vflset/en_US/base.js", "ext": "mp4", "height": 144, "format_note": "144p", "vcodec": "avc1.4d400b", "asr": null, "filesize": 233176, "fps": 25, "tbr": 27.77, "width": 144, "acodec": "none", "downloader_options": {"http_chunk_size": 10485760}, "format": "160 - 144x144 (144p)", "protocol": "https", "http_headers": {"User-Agent": "Mozilla/5.0 (Windows NT 10.0; Win64; x64) AppleWebKit/537.36 (KHTML, like Gecko) Chrome/72.0.3602.1 Safari/537.36", "Accept-Charset": "ISO-8859-1,utf-8;q=0.7,*;q=0.7", "Accept": "text/html,application/xhtml+xml,application/xml;q=0.9,*/*;q=0.8", "Accept-Encoding": "gzip, deflate", "Accept-Language": "en-us,en;q=0.5"}}, {"format_id": "278", "url": "https://r5---sn-5njj-u2xe.googlevideo.com/videoplayback?expire=1609941091&ei=A2z1X6PKMYmvlQSTx6qoBQ&ip=140.109.134.180&id=o-AHtqpcwr_hN9_NlaLrXplHANQWkROPcEvNNqGTjgUSss&itag=278&aitags=133%2C134%2C135%2C136%2C137%2C160%2C242%2C243%2C244%2C247%2C248%2C278&source=youtube&requiressl=yes&mh=rB&mm=31%2C29&mn=sn-5njj-u2xe%2Csn-un57sn76&ms=au%2Crdu&mv=m&mvi=5&pl=16&gcr=tw&initcwndbps=350000&vprv=1&mime=video%2Fwebm&ns=aHxMR4KmWGcMDCycj2Sly8MF&gir=yes&clen=267183&dur=134.200&lmt=1587046122191352&mt=1609919103&fvip=5&keepalive=yes&c=WEB&txp=2316222&n=XnHoFrCu8Z6Lkdzq&sparams=expire%2Cei%2Cip%2Cid%2Caitags%2Csource%2Crequiressl%2Cgcr%2Cvprv%2Cmime%2Cns%2Cgir%2Cclen%2Cdur%2Clmt&lsparams=mh%2Cmm%2Cmn%2Cms%2Cmv%2Cmvi%2Cpl%2Cinitcwndbps&lsig=AG3C_xAwRAIgWS6iyECssSpjYdu_2nd1E2S08wn38pEd-R8tBAnHPZsCIGNtx4q1iN8iLKKyjyak4222LssxYGkNOis5SepqNsbI&sig=AOq0QJ8wRAIgFebnMLgVtfTIu0suXU2GJ-vCipSZEXgNUQ457jlrjtcCIHuumuo67It1HW4izgukBPzNZ2fftL758Fswe_kYyGnx&ratebypass=yes", "player_url": "/s/player/5dd3f3b2/player_ias.vflset/en_US/base.js", "ext": "webm", "height": 144, "format_note": "144p", "container": "webm", "vcodec": "vp9", "asr": null, "filesize": 267183, "fps": 25, "tbr": 36.666, "width": 144, "acodec": "none", "downloader_options": {"http_chunk_size": 10485760}, "format": "278 - 144x144 (144p)", "protocol": "https", "http_headers": {"User-Agent": "Mozilla/5.0 (Windows NT 10.0; Win64; x64) AppleWebKit/537.36 (KHTML, like Gecko) Chrome/72.0.3602.1 Safari/537.36", "Accept-Charset": "ISO-8859-1,utf-8;q=0.7,*;q=0.7", "Accept": "text/html,application/xhtml+xml,application/xml;q=0.9,*/*;q=0.8", "Accept-Encoding": "gzip, deflate", "Accept-Language": "en-us,en;q=0.5"}}, {"format_id": "242", "url": "https://r5---sn-5njj-u2xe.googlevideo.com/videoplayback?expire=1609941091&ei=A2z1X6PKMYmvlQSTx6qoBQ&ip=140.109.134.180&id=o-AHtqpcwr_hN9_NlaLrXplHANQWkROPcEvNNqGTjgUSss&itag=242&aitags=133%2C134%2C135%2C136%2C137%2C160%2C242%2C243%2C244%2C247%2C248%2C278&source=youtube&requiressl=yes&mh=rB&mm=31%2C29&mn=sn-5njj-u2xe%2Csn-un57sn76&ms=au%2Crdu&mv=m&mvi=5&pl=16&gcr=tw&initcwndbps=350000&vprv=1&mime=video%2Fwebm&ns=aHxMR4KmWGcMDCycj2Sly8MF&gir=yes&clen=375734&dur=134.200&lmt=1587046122190496&mt=1609919103&fvip=5&keepalive=yes&c=WEB&txp=2316222&n=XnHoFrCu8Z6Lkdzq&sparams=expire%2Cei%2Cip%2Cid%2Caitags%2Csource%2Crequiressl%2Cgcr%2Cvprv%2Cmime%2Cns%2Cgir%2Cclen%2Cdur%2Clmt&lsparams=mh%2Cmm%2Cmn%2Cms%2Cmv%2Cmvi%2Cpl%2Cinitcwndbps&lsig=AG3C_xAwRgIhAKpK7hvqHqPFCJEOeKjDZRlc_QykAvLdDDyP3rFXyeTFAiEAkfCvB-SQ4NZbtHcj6clNXEqmTJbv_3TvLPl8Jc8Z71c%3D&sig=AOq0QJ8wRQIgV2CdScu0Tjsb6h2TDPtaTps9NamHR9iIPppvF02EOt8CIQCF3GpCE09Luj_9JobNw5FaBnzdhRl4vGQii1EC4hACwg==&ratebypass=yes", "player_url": "/s/player/5dd3f3b2/player_ias.vflset/en_US/base.js", "ext": "webm", "height": 240, "format_note": "240p", "vcodec": "vp9", "asr": null, "filesize": 375734, "fps": 25, "tbr": 64.97, "width": 240, "acodec": "none", "downloader_options": {"http_chunk_size": 10485760}, "format": "242 - 240x240 (240p)", "protocol": "https", "http_headers": {"User-Agent": "Mozilla/5.0 (Windows NT 10.0; Win64; x64) AppleWebKit/537.36 (KHTML, like Gecko) Chrome/72.0.3602.1 Safari/537.36", "Accept-Charset": "ISO-8859-1,utf-8;q=0.7,*;q=0.7", "Accept": "text/html,application/xhtml+xml,application/xml;q=0.9,*/*;q=0.8", "Accept-Encoding": "gzip, deflate", "Accept-Language": "en-us,en;q=0.5"}}, {"format_id": "133", "url": "https://r5---sn-5njj-u2xe.googlevideo.com/videoplayback?expire=1609941091&ei=A2z1X6PKMYmvlQSTx6qoBQ&ip=140.109.134.180&id=o-AHtqpcwr_hN9_NlaLrXplHANQWkROPcEvNNqGTjgUSss&itag=133&aitags=133%2C134%2C135%2C136%2C137%2C160%2C242%2C243%2C244%2C247%2C248%2C278&source=youtube&requiressl=yes&mh=rB&mm=31%2C29&mn=sn-5njj-u2xe%2Csn-un57sn76&ms=au%2Crdu&mv=m&mvi=5&pl=16&gcr=tw&initcwndbps=350000&vprv=1&mime=video%2Fmp4&ns=aHxMR4KmWGcMDCycj2Sly8MF&gir=yes&clen=396364&dur=134.200&lmt=1587046115849129&mt=1609919103&fvip=5&keepalive=yes&c=WEB&txp=2316222&n=XnHoFrCu8Z6Lkdzq&sparams=expire%2Cei%2Cip%2Cid%2Caitags%2Csource%2Crequiressl%2Cgcr%2Cvprv%2Cmime%2Cns%2Cgir%2Cclen%2Cdur%2Clmt&lsparams=mh%2Cmm%2Cmn%2Cms%2Cmv%2Cmvi%2Cpl%2Cinitcwndbps&lsig=AG3C_xAwRAIgLbIEpRUNeEDsr3RW0a0kkLN-AH9tjrsQxFHR03kqaCwCIEb8_4M3B30-iH750XxW_2lLbY0e2BY8bL1OdvEVwwBu&sig=AOq0QJ8wRQIgR9njP5IfvgDl1NEqARJv4sqiZyADY-WLDWE0wJ-xZzcCIQDUeDJCcTzrGmbJZ20TjqnxrjdbxLzrz1lTI_o6rvPbrA==&ratebypass=yes", "player_url": "/s/player/5dd3f3b2/player_ias.vflset/en_US/base.js", "ext": "mp4", "height": 240, "format_note": "240p", "vcodec": "avc1.4d400c", "asr": null, "filesize": 396364, "fps": 25, "tbr": 68.496, "width": 240, "acodec": "none", "downloader_options": {"http_chunk_size": 10485760}, "format": "133 - 240x240 (240p)", "protocol": "https", "http_headers": {"User-Agent": "Mozilla/5.0 (Windows NT 10.0; Win64; x64) AppleWebKit/537.36 (KHTML, like Gecko) Chrome/72.0.3602.1 Safari/537.36", "Accept-Charset": "ISO-8859-1,utf-8;q=0.7,*;q=0.7", "Accept": "text/html,application/xhtml+xml,application/xml;q=0.9,*/*;q=0.8", "Accept-Encoding": "gzip, deflate", "Accept-Language": "en-us,en;q=0.5"}}, {"format_id": "243", "url": "https://r5---sn-5njj-u2xe.googlevideo.com/videoplayback?expire=1609941091&ei=A2z1X6PKMYmvlQSTx6qoBQ&ip=140.109.134.180&id=o-AHtqpcwr_hN9_NlaLrXplHANQWkROPcEvNNqGTjgUSss&itag=243&aitags=133%2C134%2C135%2C136%2C137%2C160%2C242%2C243%2C244%2C247%2C248%2C278&source=youtube&requiressl=yes&mh=rB&mm=31%2C29&mn=sn-5njj-u2xe%2Csn-un57sn76&ms=au%2Crdu&mv=m&mvi=5&pl=16&gcr=tw&initcwndbps=350000&vprv=1&mime=video%2Fwebm&ns=aHxMR4KmWGcMDCycj2Sly8MF&gir=yes&clen=524136&dur=134.200&lmt=1587046122194309&mt=1609919103&fvip=5&keepalive=yes&c=WEB&txp=2316222&n=XnHoFrCu8Z6Lkdzq&sparams=expire%2Cei%2Cip%2Cid%2Caitags%2Csource%2Crequiressl%2Cgcr%2Cvprv%2Cmime%2Cns%2Cgir%2Cclen%2Cdur%2Clmt&lsparams=mh%2Cmm%2Cmn%2Cms%2Cmv%2Cmvi%2Cpl%2Cinitcwndbps&lsig=AG3C_xAwRQIhAMlStpL7g3_Rw82Aukf6Eg9vClS9J8Wf6np7n9FwXOiHAiBgsznWyYARDaVbebqA3WZ8_CCmZ2n0hkj2XrREijqwsw%3D%3D&sig=AOq0QJ8wRQIgZEHoic68TYsJR2jyvHhhZuCDP0STWB6ENxO3LwcJOfACIQDqzx6ere7lxQZvdIVcpiwYTTtesrzwYnPUFr6TKVPe8A==&ratebypass=yes", "player_url": "/s/player/5dd3f3b2/player_ias.vflset/en_US/base.js", "ext": "webm", "height": 360, "format_note": "360p", "vcodec": "vp9", "asr": null, "filesize": 524136, "fps": 25, "tbr": 96.874, "width": 360, "acodec": "none", "downloader_options": {"http_chunk_size": 10485760}, "format": "243 - 360x360 (360p)", "protocol": "https", "http_headers": {"User-Agent": "Mozilla/5.0 (Windows NT 10.0; Win64; x64) AppleWebKit/537.36 (KHTML, like Gecko) Chrome/72.0.3602.1 Safari/537.36", "Accept-Charset": "ISO-8859-1,utf-8;q=0.7,*;q=0.7", "Accept": "text/html,application/xhtml+xml,application/xml;q=0.9,*/*;q=0.8", "Accept-Encoding": "gzip, deflate", "Accept-Language": "en-us,en;q=0.5"}}, {"format_id": "134", "url": "https://r5---sn-5njj-u2xe.googlevideo.com/videoplayback?expire=1609941091&ei=A2z1X6PKMYmvlQSTx6qoBQ&ip=140.109.134.180&id=o-AHtqpcwr_hN9_NlaLrXplHANQWkROPcEvNNqGTjgUSss&itag=134&aitags=133%2C134%2C135%2C136%2C137%2C160%2C242%2C243%2C244%2C247%2C248%2C278&source=youtube&requiressl=yes&mh=rB&mm=31%2C29&mn=sn-5njj-u2xe%2Csn-un57sn76&ms=au%2Crdu&mv=m&mvi=5&pl=16&gcr=tw&initcwndbps=350000&vprv=1&mime=video%2Fmp4&ns=aHxMR4KmWGcMDCycj2Sly8MF&gir=yes&clen=636384&dur=134.200&lmt=1587046115912297&mt=1609919103&fvip=5&keepalive=yes&c=WEB&txp=2316222&n=XnHoFrCu8Z6Lkdzq&sparams=expire%2Cei%2Cip%2Cid%2Caitags%2Csource%2Crequiressl%2Cgcr%2Cvprv%2Cmime%2Cns%2Cgir%2Cclen%2Cdur%2Clmt&lsparams=mh%2Cmm%2Cmn%2Cms%2Cmv%2Cmvi%2Cpl%2Cinitcwndbps&lsig=AG3C_xAwRQIgWpWqCFpkmvdvYvJY-vhl9BR_YHzrRebePcqFwmqWOiICIQDa_cmbhs3_1Vv7ixsACGuN6L2kdqPmvrq8wRIAOuaudw%3D%3D&sig=AOq0QJ8wRAIgdi39BNhluNZVsRhNTleSOyRN_gvOtEsozfQ6SgGTJ5gCIHE8nJEdZnGBaqaaqJX2Buoiyp9grybyBPOQfqUlsrRb&ratebypass=yes", "player_url": "/s/player/5dd3f3b2/player_ias.vflset/en_US/base.js", "ext": "mp4", "height": 360, "format_note": "360p", "vcodec": "avc1.4d4015", "asr": null, "filesize": 636384, "fps": 25, "tbr": 123.088, "width": 360, "acodec": "none", "downloader_options": {"http_chunk_size": 10485760}, "format": "134 - 360x360 (360p)", "protocol": "https", "http_headers": {"User-Agent": "Mozilla/5.0 (Windows NT 10.0; Win64; x64) AppleWebKit/537.36 (KHTML, like Gecko) Chrome/72.0.3602.1 Safari/537.36", "Accept-Charset": "ISO-8859-1,utf-8;q=0.7,*;q=0.7", "Accept": "text/html,application/xhtml+xml,application/xml;q=0.9,*/*;q=0.8", "Accept-Encoding": "gzip, deflate", "Accept-Language": "en-us,en;q=0.5"}}, {"format_id": "244", "url": "https://r5---sn-5njj-u2xe.googlevideo.com/videoplayback?expire=1609941091&ei=A2z1X6PKMYmvlQSTx6qoBQ&ip=140.109.134.180&id=o-AHtqpcwr_hN9_NlaLrXplHANQWkROPcEvNNqGTjgUSss&itag=244&aitags=133%2C134%2C135%2C136%2C137%2C160%2C242%2C243%2C244%2C247%2C248%2C278&source=youtube&requiressl=yes&mh=rB&mm=31%2C29&mn=sn-5njj-u2xe%2Csn-un57sn76&ms=au%2Crdu&mv=m&mvi=5&pl=16&gcr=tw&initcwndbps=350000&vprv=1&mime=video%2Fwebm&ns=aHxMR4KmWGcMDCycj2Sly8MF&gir=yes&clen=692101&dur=134.200&lmt=1587046122190902&mt=1609919103&fvip=5&keepalive=yes&c=WEB&txp=2316222&n=XnHoFrCu8Z6Lkdzq&sparams=expire%2Cei%2Cip%2Cid%2Caitags%2Csource%2Crequiressl%2Cgcr%2Cvprv%2Cmime%2Cns%2Cgir%2Cclen%2Cdur%2Clmt&lsparams=mh%2Cmm%2Cmn%2Cms%2Cmv%2Cmvi%2Cpl%2Cinitcwndbps&lsig=AG3C_xAwRgIhAK2N3aLoMzFHX_4y6Smy-JWws9PHExJcD3wKdwkm8n9cAiEAxiBGrdbtwpTUVLSZPWLxRpKM-ohlOTMkm9jZBnfEdZM%3D&sig=AOq0QJ8wRQIhAMgNEXSAnfkQkntbMpHCZqTzkrf5bkwS4fpZqNPVH0wkAiAKNWqjQHSQ3YGlrDWdqcRcecucX0MhsWlDdRv14nGXSQ==&ratebypass=yes", "player_url": "/s/player/5dd3f3b2/player_ias.vflset/en_US/base.js", "ext": "webm", "height": 480, "format_note": "480p", "vcodec": "vp9", "asr": null, "filesize": 692101, "fps": 25, "tbr": 135.607, "width": 480, "acodec": "none", "downloader_options": {"http_chunk_size": 10485760}, "format": "244 - 480x480 (480p)", "protocol": "https", "http_headers": {"User-Agent": "Mozilla/5.0 (Windows NT 10.0; Win64; x64) AppleWebKit/537.36 (KHTML, like Gecko) Chrome/72.0.3602.1 Safari/537.36", "Accept-Charset": "ISO-8859-1,utf-8;q=0.7,*;q=0.7", "Accept": "text/html,application/xhtml+xml,application/xml;q=0.9,*/*;q=0.8", "Accept-Encoding": "gzip, deflate", "Accept-Language": "en-us,en;q=0.5"}}, {"format_id": "135", "url": "https://r5---sn-5njj-u2xe.googlevideo.com/videoplayback?expire=1609941091&ei=A2z1X6PKMYmvlQSTx6qoBQ&ip=140.109.134.180&id=o-AHtqpcwr_hN9_NlaLrXplHANQWkROPcEvNNqGTjgUSss&itag=135&aitags=133%2C134%2C135%2C136%2C137%2C160%2C242%2C243%2C244%2C247%2C248%2C278&source=youtube&requiressl=yes&mh=rB&mm=31%2C29&mn=sn-5njj-u2xe%2Csn-un57sn76&ms=au%2Crdu&mv=m&mvi=5&pl=16&gcr=tw&initcwndbps=350000&vprv=1&mime=video%2Fmp4&ns=aHxMR4KmWGcMDCycj2Sly8MF&gir=yes&clen=1064834&dur=134.200&lmt=1587046115850730&mt=1609919103&fvip=5&keepalive=yes&c=WEB&txp=2316222&n=XnHoFrCu8Z6Lkdzq&sparams=expire%2Cei%2Cip%2Cid%2Caitags%2Csource%2Crequiressl%2Cgcr%2Cvprv%2Cmime%2Cns%2Cgir%2Cclen%2Cdur%2Clmt&lsparams=mh%2Cmm%2Cmn%2Cms%2Cmv%2Cmvi%2Cpl%2Cinitcwndbps&lsig=AG3C_xAwRgIhAPVRh6K05EumsFK6v9_i7n8-plK0F5RLs8dLzPcB9wj8AiEAw2nCKrc5IrMS0Hf6hxrfqm9u11NR3Tuh3utLB-RlZ0U%3D&sig=AOq0QJ8wRQIhAKNLYx9glOH97_8c7gzsyKx33Z443Rm0-xo_gjCg4e0-AiBhluzUAuMPBhSr0I7xN3T-oSkoTtnXdESFfHcfhBA1-w==&ratebypass=yes", "player_url": "/s/player/5dd3f3b2/player_ias.vflset/en_US/base.js", "ext": "mp4", "height": 480, "format_note": "480p", "vcodec": "avc1.4d401e", "asr": null, "filesize": 1064834, "fps": 25, "tbr": 212.829, "width": 480, "acodec": "none", "downloader_options": {"http_chunk_size": 10485760}, "format": "135 - 480x480 (480p)", "protocol": "https", "http_headers": {"User-Agent": "Mozilla/5.0 (Windows NT 10.0; Win64; x64) AppleWebKit/537.36 (KHTML, like Gecko) Chrome/72.0.3602.1 Safari/537.36", "Accept-Charset": "ISO-8859-1,utf-8;q=0.7,*;q=0.7", "Accept": "text/html,application/xhtml+xml,application/xml;q=0.9,*/*;q=0.8", "Accept-Encoding": "gzip, deflate", "Accept-Language": "en-us,en;q=0.5"}}, {"format_id": "247", "url": "https://r5---sn-5njj-u2xe.googlevideo.com/videoplayback?expire=1609941091&ei=A2z1X6PKMYmvlQSTx6qoBQ&ip=140.109.134.180&id=o-AHtqpcwr_hN9_NlaLrXplHANQWkROPcEvNNqGTjgUSss&itag=247&aitags=133%2C134%2C135%2C136%2C137%2C160%2C242%2C243%2C244%2C247%2C248%2C278&source=youtube&requiressl=yes&mh=rB&mm=31%2C29&mn=sn-5njj-u2xe%2Csn-un57sn76&ms=au%2Crdu&mv=m&mvi=5&pl=16&gcr=tw&initcwndbps=350000&vprv=1&mime=video%2Fwebm&ns=aHxMR4KmWGcMDCycj2Sly8MF&gir=yes&clen=1195390&dur=134.200&lmt=1587046122190192&mt=1609919103&fvip=5&keepalive=yes&c=WEB&txp=2316222&n=XnHoFrCu8Z6Lkdzq&sparams=expire%2Cei%2Cip%2Cid%2Caitags%2Csource%2Crequiressl%2Cgcr%2Cvprv%2Cmime%2Cns%2Cgir%2Cclen%2Cdur%2Clmt&lsparams=mh%2Cmm%2Cmn%2Cms%2Cmv%2Cmvi%2Cpl%2Cinitcwndbps&lsig=AG3C_xAwRQIgaESaN5ReLd24-Vutn_OQFjUeCLRTK08wow4Hd180cu4CIQCsVRJOYJXg7_9eqFpA0kWydGPJCueP2phg9Vr7Hjg3Nw%3D%3D&sig=AOq0QJ8wRQIgFfiJunn8EaM4UQ5SwnAX93zZEC3Ph2SnnHF7xR-gdM0CIQDHNhZbgGbPNxT_e04NWm7V1YCTZorkZTKDBtfiWKUZLg==&ratebypass=yes", "player_url": "/s/player/5dd3f3b2/player_ias.vflset/en_US/base.js", "ext": "webm", "height": 720, "format_note": "720p", "vcodec": "vp9", "asr": null, "filesize": 1195390, "fps": 25, "tbr": 230.222, "width": 720, "acodec": "none", "downloader_options": {"http_chunk_size": 10485760}, "format": "247 - 720x720 (720p)", "protocol": "https", "http_headers": {"User-Agent": "Mozilla/5.0 (Windows NT 10.0; Win64; x64) AppleWebKit/537.36 (KHTML, like Gecko) Chrome/72.0.3602.1 Safari/537.36", "Accept-Charset": "ISO-8859-1,utf-8;q=0.7,*;q=0.7", "Accept": "text/html,application/xhtml+xml,application/xml;q=0.9,*/*;q=0.8", "Accept-Encoding": "gzip, deflate", "Accept-Language": "en-us,en;q=0.5"}}, {"format_id": "248", "url": "https://r5---sn-5njj-u2xe.googlevideo.com/videoplayback?expire=1609941091&ei=A2z1X6PKMYmvlQSTx6qoBQ&ip=140.109.134.180&id=o-AHtqpcwr_hN9_NlaLrXplHANQWkROPcEvNNqGTjgUSss&itag=248&aitags=133%2C134%2C135%2C136%2C137%2C160%2C242%2C243%2C244%2C247%2C248%2C278&source=youtube&requiressl=yes&mh=rB&mm=31%2C29&mn=sn-5njj-u2xe%2Csn-un57sn76&ms=au%2Crdu&mv=m&mvi=5&pl=16&gcr=tw&initcwndbps=350000&vprv=1&mime=video%2Fwebm&ns=aHxMR4KmWGcMDCycj2Sly8MF&gir=yes&clen=2414041&dur=134.200&lmt=1587046122190952&mt=1609919103&fvip=5&keepalive=yes&c=WEB&txp=2316222&n=XnHoFrCu8Z6Lkdzq&sparams=expire%2Cei%2Cip%2Cid%2Caitags%2Csource%2Crequiressl%2Cgcr%2Cvprv%2Cmime%2Cns%2Cgir%2Cclen%2Cdur%2Clmt&lsparams=mh%2Cmm%2Cmn%2Cms%2Cmv%2Cmvi%2Cpl%2Cinitcwndbps&lsig=AG3C_xAwRQIhAPihDsYBIA8fY8LNbfiCnewHFEb9LsBxqYrCrwUb9MG_AiBDV8iH8jfmV_qxC9vEGcZq0ln37IyVTlTV25ku5pM6VQ%3D%3D&sig=AOq0QJ8wRQIgNAm2JrxWGGwmWilRCV7WsiEMiEuwd9JUPpMGCMyR5w8CIQC7kgGoW9UvhmWPIr5iG5mK2CEHJxTkg_ybptpW1pDtNw==&ratebypass=yes", "player_url": "/s/player/5dd3f3b2/player_ias.vflset/en_US/base.js", "ext": "webm", "height": 1080, "format_note": "1080p", "vcodec": "vp9", "asr": null, "filesize": 2414041, "fps": 25, "tbr": 366.585, "width": 1080, "acodec": "none", "downloader_options": {"http_chunk_size": 10485760}, "format": "248 - 1080x1080 (1080p)", "protocol": "https", "http_headers": {"User-Agent": "Mozilla/5.0 (Windows NT 10.0; Win64; x64) AppleWebKit/537.36 (KHTML, like Gecko) Chrome/72.0.3602.1 Safari/537.36", "Accept-Charset": "ISO-8859-1,utf-8;q=0.7,*;q=0.7", "Accept": "text/html,application/xhtml+xml,application/xml;q=0.9,*/*;q=0.8", "Accept-Encoding": "gzip, deflate", "Accept-Language": "en-us,en;q=0.5"}}, {"format_id": "136", "url": "https://r5---sn-5njj-u2xe.googlevideo.com/videoplayback?expire=1609941091&ei=A2z1X6PKMYmvlQSTx6qoBQ&ip=140.109.134.180&id=o-AHtqpcwr_hN9_NlaLrXplHANQWkROPcEvNNqGTjgUSss&itag=136&aitags=133%2C134%2C135%2C136%2C137%2C160%2C242%2C243%2C244%2C247%2C248%2C278&source=youtube&requiressl=yes&mh=rB&mm=31%2C29&mn=sn-5njj-u2xe%2Csn-un57sn76&ms=au%2Crdu&mv=m&mvi=5&pl=16&gcr=tw&initcwndbps=350000&vprv=1&mime=video%2Fmp4&ns=aHxMR4KmWGcMDCycj2Sly8MF&gir=yes&clen=2017319&dur=134.200&lmt=1587046115842294&mt=1609919103&fvip=5&keepalive=yes&c=WEB&txp=2316222&n=XnHoFrCu8Z6Lkdzq&sparams=expire%2Cei%2Cip%2Cid%2Caitags%2Csource%2Crequiressl%2Cgcr%2Cvprv%2Cmime%2Cns%2Cgir%2Cclen%2Cdur%2Clmt&lsparams=mh%2Cmm%2Cmn%2Cms%2Cmv%2Cmvi%2Cpl%2Cinitcwndbps&lsig=AG3C_xAwRQIhAJyxSIc9T88bCpgvToL-Je_TwJer2btp4P9IIHOB8uB5AiBh21UKmcP-LvtufMYaI4v6Il-fwQcxQROe3Jbfd8SeWA%3D%3D&sig=AOq0QJ8wRQIhAIUtvNWNkomuuKTuC1w69T3rhZhCQ8I4mHlq0krN4oNUAiBw-zylx78Sed5DzhgTj4_xHlLWDEs8E5m8WnHD0RFJxQ==&ratebypass=yes", "player_url": "/s/player/5dd3f3b2/player_ias.vflset/en_US/base.js", "ext": "mp4", "height": 720, "format_note": "720p", "vcodec": "avc1.4d401f", "asr": null, "filesize": 2017319, "fps": 25, "tbr": 449.533, "width": 720, "acodec": "none", "downloader_options": {"http_chunk_size": 10485760}, "format": "136 - 720x720 (720p)", "protocol": "https", "http_headers": {"User-Agent": "Mozilla/5.0 (Windows NT 10.0; Win64; x64) AppleWebKit/537.36 (KHTML, like Gecko) Chrome/72.0.3602.1 Safari/537.36", "Accept-Charset": "ISO-8859-1,utf-8;q=0.7,*;q=0.7", "Accept": "text/html,application/xhtml+xml,application/xml;q=0.9,*/*;q=0.8", "Accept-Encoding": "gzip, deflate", "Accept-Language": "en-us,en;q=0.5"}}, {"format_id": "137", "url": "https://r5---sn-5njj-u2xe.googlevideo.com/videoplayback?expire=1609941091&ei=A2z1X6PKMYmvlQSTx6qoBQ&ip=140.109.134.180&id=o-AHtqpcwr_hN9_NlaLrXplHANQWkROPcEvNNqGTjgUSss&itag=137&aitags=133%2C134%2C135%2C136%2C137%2C160%2C242%2C243%2C244%2C247%2C248%2C278&source=youtube&requiressl=yes&mh=rB&mm=31%2C29&mn=sn-5njj-u2xe%2Csn-un57sn76&ms=au%2Crdu&mv=m&mvi=5&pl=16&gcr=tw&initcwndbps=350000&vprv=1&mime=video%2Fmp4&ns=aHxMR4KmWGcMDCycj2Sly8MF&gir=yes&clen=3810639&dur=134.200&lmt=1587046115839826&mt=1609919103&fvip=5&keepalive=yes&c=WEB&txp=2316222&n=XnHoFrCu8Z6Lkdzq&sparams=expire%2Cei%2Cip%2Cid%2Caitags%2Csource%2Crequiressl%2Cgcr%2Cvprv%2Cmime%2Cns%2Cgir%2Cclen%2Cdur%2Clmt&lsparams=mh%2Cmm%2Cmn%2Cms%2Cmv%2Cmvi%2Cpl%2Cinitcwndbps&lsig=AG3C_xAwRAIgLJst2hWNKKxPEs9-mnuDdFt1-NN_KV3ClFVs7rADTQgCIF0m7_fAinZAu-7sEO-u30QXzaYnhECTyVEa4axLUB73&sig=AOq0QJ8wRQIgIsjVCx565N7C9N3x6gaVmDOrO6dSX7HDhmVncg9WefoCIQCkJijJzRnkIbawTOP9rbGNA4r0g_ULqrCivYipUHRjDg==&ratebypass=yes", "player_url": "/s/player/5dd3f3b2/player_ias.vflset/en_US/base.js", "ext": "mp4", "height": 1080, "format_note": "1080p", "vcodec": "avc1.640020", "asr": null, "filesize": 3810639, "fps": 25, "tbr": 810.859, "width": 1080, "acodec": "none", "downloader_options": {"http_chunk_size": 10485760}, "format": "137 - 1080x1080 (1080p)", "protocol": "https", "http_headers": {"User-Agent": "Mozilla/5.0 (Windows NT 10.0; Win64; x64) AppleWebKit/537.36 (KHTML, like Gecko) Chrome/72.0.3602.1 Safari/537.36", "Accept-Charset": "ISO-8859-1,utf-8;q=0.7,*;q=0.7", "Accept": "text/html,application/xhtml+xml,application/xml;q=0.9,*/*;q=0.8", "Accept-Encoding": "gzip, deflate", "Accept-Language": "en-us,en;q=0.5"}}, {"format_id": "18", "url": "https://r5---sn-5njj-u2xe.googlevideo.com/videoplayback?expire=1609941091&ei=A2z1X6PKMYmvlQSTx6qoBQ&ip=140.109.134.180&id=o-AHtqpcwr_hN9_NlaLrXplHANQWkROPcEvNNqGTjgUSss&itag=18&source=youtube&requiressl=yes&mh=rB&mm=31%2C29&mn=sn-5njj-u2xe%2Csn-un57sn76&ms=au%2Crdu&mv=m&mvi=5&pl=16&gcr=tw&initcwndbps=350000&vprv=1&mime=video%2Fmp4&ns=8kKRjhAqPW3p4gQdZa-SSmYF&gir=yes&clen=2384931&ratebypass=yes&dur=134.257&lmt=1587046108143785&mt=1609919103&fvip=5&c=WEB&txp=2316222&n=kt66U_kY-O8sZnlH&sparams=expire%2Cei%2Cip%2Cid%2Citag%2Csource%2Crequiressl%2Cgcr%2Cvprv%2Cmime%2Cns%2Cgir%2Cclen%2Cratebypass%2Cdur%2Clmt&lsparams=mh%2Cmm%2Cmn%2Cms%2Cmv%2Cmvi%2Cpl%2Cinitcwndbps&lsig=AG3C_xAwRQIgJPJas3vrwS_nWaZAkrLUa-6dCgCiG1MnGTaXfYf6cioCIQDomyfrtJ1bM0AJzInBlQGAkMcHX63-fQGeXwLs-xV3ng%3D%3D&sig=AOq0QJ8wRQIgLkUJosycgiZX6f7fyqfBhYFRB5dzXajUsUSpYMLy5bECIQCgud2FEFSmM7ksNY1ouh1goxs8H-gxF68jI4icf-zkDw==", "player_url": "/s/player/5dd3f3b2/player_ias.vflset/en_US/base.js", "ext": "mp4", "width": 360, "height": 360, "acodec": "mp4a.40.2", "abr": 96, "vcodec": "avc1.42001E", "asr": 44100, "filesize": 2384931, "format_note": "360p", "fps": 25, "tbr": 142.171, "format": "18 - 360x360 (360p)", "protocol": "https", "http_headers": {"User-Agent": "Mozilla/5.0 (Windows NT 10.0; Win64; x64) AppleWebKit/537.36 (KHTML, like Gecko) Chrome/72.0.3602.1 Safari/537.36", "Accept-Charset": "ISO-8859-1,utf-8;q=0.7,*;q=0.7", "Accept": "text/html,application/xhtml+xml,application/xml;q=0.9,*/*;q=0.8", "Accept-Encoding": "gzip, deflate", "Accept-Language": "en-us,en;q=0.5"}}], "is_live": null, "start_time": null, "end_time": null, "series": null, "season_number": null, "episode_number": null, "track": "Continuo", "artist": "Mauro Cangemi", "album": "Continuo", "release_date": "20200423", "release_year": 2020, "extractor": "youtube", "webpage_url_basename": "watch", "extractor_key": "Youtube", "playlist": null, "playlist_index": null, "thumbnail": "https://i.ytimg.com/vi_webp/k6aLLVX1D7Y/maxresdefault.webp", "display_id": "k6aLLVX1D7Y", "requested_subtitles": null, "format_id": "251", "url": "https://r5---sn-5njj-u2xe.googlevideo.com/videoplayback?expire=1609941091&ei=A2z1X6PKMYmvlQSTx6qoBQ&ip=140.109.134.180&id=o-AHtqpcwr_hN9_NlaLrXplHANQWkROPcEvNNqGTjgUSss&itag=251&source=youtube&requiressl=yes&mh=rB&mm=31%2C29&mn=sn-5njj-u2xe%2Csn-un57sn76&ms=au%2Crdu&mv=m&mvi=5&pl=16&gcr=tw&initcwndbps=350000&vprv=1&mime=audio%2Fwebm&ns=aHxMR4KmWGcMDCycj2Sly8MF&gir=yes&clen=2550659&dur=134.241&lmt=1587046109033617&mt=1609919103&fvip=5&keepalive=yes&c=WEB&txp=2311222&n=XnHoFrCu8Z6Lkdzq&sparams=expire%2Cei%2Cip%2Cid%2Citag%2Csource%2Crequiressl%2Cgcr%2Cvprv%2Cmime%2Cns%2Cgir%2Cclen%2Cdur%2Clmt&lsparams=mh%2Cmm%2Cmn%2Cms%2Cmv%2Cmvi%2Cpl%2Cinitcwndbps&lsig=AG3C_xAwRAIgeMt0XQDa4TMrJtP1jld8ulflR7RccW1T1AaSgr9p4ckCIFsUYel8Ai52sslgDOWXpDzuXk9-3ZbJGY-3BXqcqzLF&sig=AOq0QJ8wRQIhAN6thGAMCdSNlZCgMLaDxCZSC7MxkME3HhtEzXWCx57CAiAJk_UUHxAe2217d5I_QqV_0oB6SN9vpuHKeEoXZwh31Q==&ratebypass=yes", "player_url": "/s/player/5dd3f3b2/player_ias.vflset/en_US/base.js", "ext": "webm", "format_note": "tiny", "acodec": "opus", "abr": 160, "asr": 48000, "filesize": 2550659, "fps": null, "height": null, "tbr": 160.082, "width": null, "vcodec": "none", "downloader_options": {"http_chunk_size": 10485760}, "format": "251 - audio only (tiny)", "protocol": "https", "http_headers": {"User-Agent": "Mozilla/5.0 (Windows NT 10.0; Win64; x64) AppleWebKit/537.36 (KHTML, like Gecko) Chrome/72.0.3602.1 Safari/537.36", "Accept-Charset": "ISO-8859-1,utf-8;q=0.7,*;q=0.7", "Accept": "text/html,application/xhtml+xml,application/xml;q=0.9,*/*;q=0.8", "Accept-Encoding": "gzip, deflate", "Accept-Language": "en-us,en;q=0.5"}}