{"id": "ltNK_MY1HkM", "uploader": "Oscar Pascasio - Topic", "uploader_id": "UCr6SbZh-X2UF_ImiYJ8woKQ", "uploader_url": "http://www.youtube.com/channel/UCr6SbZh-X2UF_ImiYJ8woKQ", "channel_id": "UCr6SbZh-X2UF_ImiYJ8woKQ", "channel_url": "http://www.youtube.com/channel/UCr6SbZh-X2UF_ImiYJ8woKQ", "upload_date": "20201119", "license": null, "creator": "Oscar Pascasio", "title": "Dreaming of You", "alt_title": "Dreaming of You", "thumbnails": [{"url": "https://i.ytimg.com/vi/ltNK_MY1HkM/hqdefault.jpg?sqp=-oaymwEYCKgBEF5IVfKriqkDCwgBFQAAiEIYAXAB&rs=AOn4CLB1xkcbiDsrEiuwA50zhYu6DmBEkw", "width": 168, "height": 94, "resolution": "168x94", "id": "0"}, {"url": "https://i.ytimg.com/vi/ltNK_MY1HkM/hqdefault.jpg?sqp=-oaymwEYCMQBEG5IVfKriqkDCwgBFQAAiEIYAXAB&rs=AOn4CLAKOYAuOTD3DRVdWT5BVb7K3h61-w", "width": 196, "height": 110, "resolution": "196x110", "id": "1"}, {"url": "https://i.ytimg.com/vi/ltNK_MY1HkM/hqdefault.jpg?sqp=-oaymwEZCPYBEIoBSFXyq4qpAwsIARUAAIhCGAFwAQ==&rs=AOn4CLDo95-G4Flk0hzpKDAo_Gn962G2zg", "width": 246, "height": 138, "resolution": "246x138", "id": "2"}, {"url": "https://i.ytimg.com/vi/ltNK_MY1HkM/hqdefault.jpg?sqp=-oaymwEZCNACELwBSFXyq4qpAwsIARUAAIhCGAFwAQ==&rs=AOn4CLA5JJ05evl9IlkQujEjdbrgfJW19Q", "width": 336, "height": 188, "resolution": "336x188", "id": "3"}, {"url": "https://i.ytimg.com/vi_webp/ltNK_MY1HkM/maxresdefault.webp", "width": 1920, "height": 1080, "resolution": "1920x1080", "id": "4"}], "description": "Provided to YouTube by TuneCore\n\nDreaming of You \u00b7 Oscar Pascasio\n\nDreaming of You\n\n\u2117 2020 Dream Relaxation\n\nReleased on: 2020-11-20\n\nAuto-generated by YouTube.", "categories": ["Music"], "tags": ["Oscar Pascasio", "Dreaming of You"], "subtitles": {}, "automatic_captions": {}, "duration": 128, "age_limit": 0, "annotations": null, "chapters": null, "webpage_url": "https://www.youtube.com/watch?v=ltNK_MY1HkM", "view_count": 391, "like_count": 30, "dislike_count": null, "average_rating": 5.0, "formats": [{"format_id": "249", "url": "https://r3---sn-5njj-u2xe.googlevideo.com/videoplayback?expire=1608123795&ei=M7HZX92lLsrYgAPVm4fICw&ip=140.109.135.166&id=o-APEwSBiFFveE0ZISwxBG6WlaGrDB-FVT8BX-QacZNb22&itag=249&source=youtube&requiressl=yes&mh=n-&mm=31%2C29&mn=sn-5njj-u2xe%2Csn-un57sn76&ms=au%2Crdu&mv=m&mvi=3&pl=16&gcr=tw&initcwndbps=385000&vprv=1&mime=audio%2Fwebm&ns=XnJzVcfbzNEjABx1ozfhpIUF&gir=yes&clen=898975&dur=127.661&lmt=1602050314285111&mt=1608101795&fvip=3&keepalive=yes&beids=9466588&c=WEB&txp=2311224&n=c1q2ToBXS2MB3RdL7&sparams=expire%2Cei%2Cip%2Cid%2Citag%2Csource%2Crequiressl%2Cgcr%2Cvprv%2Cmime%2Cns%2Cgir%2Cclen%2Cdur%2Clmt&lsparams=mh%2Cmm%2Cmn%2Cms%2Cmv%2Cmvi%2Cpl%2Cinitcwndbps&lsig=AG3C_xAwRgIhAIELJbMAEfv6GoaQ1KvGYCtWsZ3fjZvTz8zekcC5PToFAiEAp5IdSuZa4MszrPZPH-5ZBwv4iO4ZHPdbAiaiy3P3Oco%3D&sig=AOq0QJ8wRgIhAKGmg0TX_tevUzmwYGIcCi4X41VR_CtXPzFOVENLFCfuAiEAu9dY8IvzefxX02xLwUr_A5mShR987lHXtk73GnD_2wU=&ratebypass=yes", "player_url": "/s/player/62f90c99/player_ias.vflset/en_US/base.js", "ext": "webm", "format_note": "tiny", "acodec": "opus", "abr": 50, "asr": 48000, "filesize": 898975, "fps": null, "height": null, "tbr": 60.075, "width": null, "vcodec": "none", "downloader_options": {"http_chunk_size": 10485760}, "format": "249 - audio only (tiny)", "protocol": "https", "http_headers": {"User-Agent": "Mozilla/5.0 (Windows NT 10.0; Win64; x64) AppleWebKit/537.36 (KHTML, like Gecko) Chrome/70.0.3538.112 Safari/537.36", "Accept-Charset": "ISO-8859-1,utf-8;q=0.7,*;q=0.7", "Accept": "text/html,application/xhtml+xml,application/xml;q=0.9,*/*;q=0.8", "Accept-Encoding": "gzip, deflate", "Accept-Language": "en-us,en;q=0.5"}}, {"format_id": "250", "url": "https://r3---sn-5njj-u2xe.googlevideo.com/videoplayback?expire=1608123795&ei=M7HZX92lLsrYgAPVm4fICw&ip=140.109.135.166&id=o-APEwSBiFFveE0ZISwxBG6WlaGrDB-FVT8BX-QacZNb22&itag=250&source=youtube&requiressl=yes&mh=n-&mm=31%2C29&mn=sn-5njj-u2xe%2Csn-un57sn76&ms=au%2Crdu&mv=m&mvi=3&pl=16&gcr=tw&initcwndbps=385000&vprv=1&mime=audio%2Fwebm&ns=XnJzVcfbzNEjABx1ozfhpIUF&gir=yes&clen=1190357&dur=127.661&lmt=1602050326008557&mt=1608101795&fvip=3&keepalive=yes&beids=9466588&c=WEB&txp=2311224&n=c1q2ToBXS2MB3RdL7&sparams=expire%2Cei%2Cip%2Cid%2Citag%2Csource%2Crequiressl%2Cgcr%2Cvprv%2Cmime%2Cns%2Cgir%2Cclen%2Cdur%2Clmt&lsparams=mh%2Cmm%2Cmn%2Cms%2Cmv%2Cmvi%2Cpl%2Cinitcwndbps&lsig=AG3C_xAwRAIgV8blhsZhva0C3eoRL2OkM1meYgHb5kLN0u4vrv_5Yr4CIDyQkzaWKiO1wpV1RQVT53IbACW9EWfq7wNsk0qdh6OK&sig=AOq0QJ8wRgIhAKm-hR0emY5gcKrstApWVrUdkXnvAKWsWUNgw3xAtmhRAiEAyi_8hTa__w8-iz65U88jRuvepXWz7kIYRSiRUkE9vbs=&ratebypass=yes", "player_url": "/s/player/62f90c99/player_ias.vflset/en_US/base.js", "ext": "webm", "format_note": "tiny", "acodec": "opus", "abr": 70, "asr": 48000, "filesize": 1190357, "fps": null, "height": null, "tbr": 79.319, "width": null, "vcodec": "none", "downloader_options": {"http_chunk_size": 10485760}, "format": "250 - audio only (tiny)", "protocol": "https", "http_headers": {"User-Agent": "Mozilla/5.0 (Windows NT 10.0; Win64; x64) AppleWebKit/537.36 (KHTML, like Gecko) Chrome/70.0.3538.112 Safari/537.36", "Accept-Charset": "ISO-8859-1,utf-8;q=0.7,*;q=0.7", "Accept": "text/html,application/xhtml+xml,application/xml;q=0.9,*/*;q=0.8", "Accept-Encoding": "gzip, deflate", "Accept-Language": "en-us,en;q=0.5"}}, {"format_id": "140", "url": "https://r3---sn-5njj-u2xe.googlevideo.com/videoplayback?expire=1608123795&ei=M7HZX92lLsrYgAPVm4fICw&ip=140.109.135.166&id=o-APEwSBiFFveE0ZISwxBG6WlaGrDB-FVT8BX-QacZNb22&itag=140&source=youtube&requiressl=yes&mh=n-&mm=31%2C29&mn=sn-5njj-u2xe%2Csn-un57sn76&ms=au%2Crdu&mv=m&mvi=3&pl=16&gcr=tw&initcwndbps=385000&vprv=1&mime=audio%2Fmp4&ns=XnJzVcfbzNEjABx1ozfhpIUF&gir=yes&clen=2068843&dur=127.642&lmt=1602048754110218&mt=1608101795&fvip=3&keepalive=yes&beids=9466588&c=WEB&txp=2311222&n=c1q2ToBXS2MB3RdL7&sparams=expire%2Cei%2Cip%2Cid%2Citag%2Csource%2Crequiressl%2Cgcr%2Cvprv%2Cmime%2Cns%2Cgir%2Cclen%2Cdur%2Clmt&lsparams=mh%2Cmm%2Cmn%2Cms%2Cmv%2Cmvi%2Cpl%2Cinitcwndbps&lsig=AG3C_xAwRQIhAL9fAC2VJGUCGad9QT7nsMSlqy6gzljcGmgktdE-zfcpAiBvPpcolA18bi18y24H2dJtkYvDdMl-y9gQWm_iYlDbrw%3D%3D&sig=AOq0QJ8wRQIhAMOx8uDxg3lzPusYJiZt_h8ts8W34Wc7NwWMjcoZnHDPAiB7gqZtPkD9jGdfxTlF8myORI7nR4CcxCoEAogVJ58zig==&ratebypass=yes", "player_url": "/s/player/62f90c99/player_ias.vflset/en_US/base.js", "ext": "m4a", "format_note": "tiny", "acodec": "mp4a.40.2", "abr": 128, "container": "m4a_dash", "asr": 44100, "filesize": 2068843, "fps": null, "height": null, "tbr": 130.988, "width": null, "vcodec": "none", "downloader_options": {"http_chunk_size": 10485760}, "format": "140 - audio only (tiny)", "protocol": "https", "http_headers": {"User-Agent": "Mozilla/5.0 (Windows NT 10.0; Win64; x64) AppleWebKit/537.36 (KHTML, like Gecko) Chrome/70.0.3538.112 Safari/537.36", "Accept-Charset": "ISO-8859-1,utf-8;q=0.7,*;q=0.7", "Accept": "text/html,application/xhtml+xml,application/xml;q=0.9,*/*;q=0.8", "Accept-Encoding": "gzip, deflate", "Accept-Language": "en-us,en;q=0.5"}}, {"format_id": "251", "url": "https://r3---sn-5njj-u2xe.googlevideo.com/videoplayback?expire=1608123795&ei=M7HZX92lLsrYgAPVm4fICw&ip=140.109.135.166&id=o-APEwSBiFFveE0ZISwxBG6WlaGrDB-FVT8BX-QacZNb22&itag=251&source=youtube&requiressl=yes&mh=n-&mm=31%2C29&mn=sn-5njj-u2xe%2Csn-un57sn76&ms=au%2Crdu&mv=m&mvi=3&pl=16&gcr=tw&initcwndbps=385000&vprv=1&mime=audio%2Fwebm&ns=XnJzVcfbzNEjABx1ozfhpIUF&gir=yes&clen=2308242&dur=127.661&lmt=1602050314264014&mt=1608101795&fvip=3&keepalive=yes&beids=9466588&c=WEB&txp=2311224&n=c1q2ToBXS2MB3RdL7&sparams=expire%2Cei%2Cip%2Cid%2Citag%2Csource%2Crequiressl%2Cgcr%2Cvprv%2Cmime%2Cns%2Cgir%2Cclen%2Cdur%2Clmt&lsparams=mh%2Cmm%2Cmn%2Cms%2Cmv%2Cmvi%2Cpl%2Cinitcwndbps&lsig=AG3C_xAwRQIgD034lZAnHFzJ8s6jc3StTAz-0IZl3_Dn4nmQT-55bkECIQCPqr9CTD3Acbzd_NDg8V3ontAnIGWvZu4qAoPfERHg6g%3D%3D&sig=AOq0QJ8wRAIgPzu5x4uvwqFoD46eFTIn7QjIPgRfucg4klnCXVSuk7ACIEp-T3EfB_R-enSJSb9qCpLzDglvs2M9POAi8pJSORDp&ratebypass=yes", "player_url": "/s/player/62f90c99/player_ias.vflset/en_US/base.js", "ext": "webm", "format_note": "tiny", "acodec": "opus", "abr": 160, "asr": 48000, "filesize": 2308242, "fps": null, "height": null, "tbr": 150.795, "width": null, "vcodec": "none", "downloader_options": {"http_chunk_size": 10485760}, "format": "251 - audio only (tiny)", "protocol": "https", "http_headers": {"User-Agent": "Mozilla/5.0 (Windows NT 10.0; Win64; x64) AppleWebKit/537.36 (KHTML, like Gecko) Chrome/70.0.3538.112 Safari/537.36", "Accept-Charset": "ISO-8859-1,utf-8;q=0.7,*;q=0.7", "Accept": "text/html,application/xhtml+xml,application/xml;q=0.9,*/*;q=0.8", "Accept-Encoding": "gzip, deflate", "Accept-Language": "en-us,en;q=0.5"}}, {"format_id": "278", "url": "https://r3---sn-5njj-u2xe.googlevideo.com/videoplayback?expire=1608123795&ei=M7HZX92lLsrYgAPVm4fICw&ip=140.109.135.166&id=o-APEwSBiFFveE0ZISwxBG6WlaGrDB-FVT8BX-QacZNb22&itag=278&aitags=133%2C134%2C135%2C136%2C137%2C160%2C242%2C243%2C244%2C247%2C248%2C278&source=youtube&requiressl=yes&mh=n-&mm=31%2C29&mn=sn-5njj-u2xe%2Csn-un57sn76&ms=au%2Crdu&mv=m&mvi=3&pl=16&gcr=tw&initcwndbps=385000&vprv=1&mime=video%2Fwebm&ns=XnJzVcfbzNEjABx1ozfhpIUF&gir=yes&clen=226536&dur=127.640&lmt=1602050589385336&mt=1608101795&fvip=3&keepalive=yes&beids=9466588&c=WEB&txp=2311224&n=c1q2ToBXS2MB3RdL7&sparams=expire%2Cei%2Cip%2Cid%2Caitags%2Csource%2Crequiressl%2Cgcr%2Cvprv%2Cmime%2Cns%2Cgir%2Cclen%2Cdur%2Clmt&lsparams=mh%2Cmm%2Cmn%2Cms%2Cmv%2Cmvi%2Cpl%2Cinitcwndbps&lsig=AG3C_xAwRQIgXgTUR-ittAf71SrY_xvo1KLMVXtIoU1yhQF4MvoqnE4CIQDGYiatdYXjznewiXsUKidrAEBz1cvr7V82dyto6KYQUw%3D%3D&sig=AOq0QJ8wRQIhANNZHg0iBGnu6_1Cf4tkmheb5q6HZaXS1bU95wWp6okGAiBp-Y50YNUAaE93SE4qYmYcwGk0FSY48TJ0ya5aqghrRQ==&ratebypass=yes", "player_url": "/s/player/62f90c99/player_ias.vflset/en_US/base.js", "ext": "webm", "height": 144, "format_note": "144p", "container": "webm", "vcodec": "vp9", "asr": null, "filesize": 226536, "fps": 25, "tbr": 15.14, "width": 144, "acodec": "none", "downloader_options": {"http_chunk_size": 10485760}, "format": "278 - 144x144 (144p)", "protocol": "https", "http_headers": {"User-Agent": "Mozilla/5.0 (Windows NT 10.0; Win64; x64) AppleWebKit/537.36 (KHTML, like Gecko) Chrome/70.0.3538.112 Safari/537.36", "Accept-Charset": "ISO-8859-1,utf-8;q=0.7,*;q=0.7", "Accept": "text/html,application/xhtml+xml,application/xml;q=0.9,*/*;q=0.8", "Accept-Encoding": "gzip, deflate", "Accept-Language": "en-us,en;q=0.5"}}, {"format_id": "134", "url": "https://r3---sn-5njj-u2xe.googlevideo.com/videoplayback?expire=1608123795&ei=M7HZX92lLsrYgAPVm4fICw&ip=140.109.135.166&id=o-APEwSBiFFveE0ZISwxBG6WlaGrDB-FVT8BX-QacZNb22&itag=134&aitags=133%2C134%2C135%2C136%2C137%2C160%2C242%2C243%2C244%2C247%2C248%2C278&source=youtube&requiressl=yes&mh=n-&mm=31%2C29&mn=sn-5njj-u2xe%2Csn-un57sn76&ms=au%2Crdu&mv=m&mvi=3&pl=16&gcr=tw&initcwndbps=385000&vprv=1&mime=video%2Fmp4&ns=XnJzVcfbzNEjABx1ozfhpIUF&gir=yes&clen=345788&dur=127.640&lmt=1602048962696644&mt=1608101795&fvip=3&keepalive=yes&beids=9466588&c=WEB&txp=2311222&n=c1q2ToBXS2MB3RdL7&sparams=expire%2Cei%2Cip%2Cid%2Caitags%2Csource%2Crequiressl%2Cgcr%2Cvprv%2Cmime%2Cns%2Cgir%2Cclen%2Cdur%2Clmt&lsparams=mh%2Cmm%2Cmn%2Cms%2Cmv%2Cmvi%2Cpl%2Cinitcwndbps&lsig=AG3C_xAwRAIgLpQ07xdPQSHakR3WHsuBniDHuBFZVpT4Jn7j9adyl1sCIHXnu-dGSpX229ZVHJ1bdDIyjahVKPgSsowei70kWJLy&sig=AOq0QJ8wRQIgfzrN7yp3UPRBVcoZCNRRL7Q7GMXvuHSePLyhk1fZpzYCIQCjgfAr__yHcFzl0YdEWfYJeguBXoIfJTXiuCitwlPM0A==&ratebypass=yes", "player_url": "/s/player/62f90c99/player_ias.vflset/en_US/base.js", "ext": "mp4", "height": 360, "format_note": "360p", "vcodec": "avc1.4d4015", "asr": null, "filesize": 345788, "fps": 25, "tbr": 22.268, "width": 360, "acodec": "none", "downloader_options": {"http_chunk_size": 10485760}, "format": "134 - 360x360 (360p)", "protocol": "https", "http_headers": {"User-Agent": "Mozilla/5.0 (Windows NT 10.0; Win64; x64) AppleWebKit/537.36 (KHTML, like Gecko) Chrome/70.0.3538.112 Safari/537.36", "Accept-Charset": "ISO-8859-1,utf-8;q=0.7,*;q=0.7", "Accept": "text/html,application/xhtml+xml,application/xml;q=0.9,*/*;q=0.8", "Accept-Encoding": "gzip, deflate", "Accept-Language": "en-us,en;q=0.5"}}, {"format_id": "242", "url": "https://r3---sn-5njj-u2xe.googlevideo.com/videoplayback?expire=1608123795&ei=M7HZX92lLsrYgAPVm4fICw&ip=140.109.135.166&id=o-APEwSBiFFveE0ZISwxBG6WlaGrDB-FVT8BX-QacZNb22&itag=242&aitags=133%2C134%2C135%2C136%2C137%2C160%2C242%2C243%2C244%2C247%2C248%2C278&source=youtube&requiressl=yes&mh=n-&mm=31%2C29&mn=sn-5njj-u2xe%2Csn-un57sn76&ms=au%2Crdu&mv=m&mvi=3&pl=16&gcr=tw&initcwndbps=385000&vprv=1&mime=video%2Fwebm&ns=XnJzVcfbzNEjABx1ozfhpIUF&gir=yes&clen=381435&dur=127.640&lmt=1602050834197316&mt=1608101795&fvip=3&keepalive=yes&beids=9466588&c=WEB&txp=2311224&n=c1q2ToBXS2MB3RdL7&sparams=expire%2Cei%2Cip%2Cid%2Caitags%2Csource%2Crequiressl%2Cgcr%2Cvprv%2Cmime%2Cns%2Cgir%2Cclen%2Cdur%2Clmt&lsparams=mh%2Cmm%2Cmn%2Cms%2Cmv%2Cmvi%2Cpl%2Cinitcwndbps&lsig=AG3C_xAwRgIhAPL-kL819AbJBGi_nRYm0CdGINO4lY02-SpoDR3SvZi0AiEAktezsnAU6PAbGYtlAV_3YqzM_de8IsPAb96TZMt_brg%3D&sig=AOq0QJ8wRQIhAMxXtj465FRZX9LdqMIj3mtZBFyVlxhm6tLkGcN2oDEqAiA2MRdOrmaUdx3Q5xpjOlu7kAQLE7Ip-9go96TaPrcCNw==&ratebypass=yes", "player_url": "/s/player/62f90c99/player_ias.vflset/en_US/base.js", "ext": "webm", "height": 240, "format_note": "240p", "vcodec": "vp9", "asr": null, "filesize": 381435, "fps": 25, "tbr": 25.292, "width": 240, "acodec": "none", "downloader_options": {"http_chunk_size": 10485760}, "format": "242 - 240x240 (240p)", "protocol": "https", "http_headers": {"User-Agent": "Mozilla/5.0 (Windows NT 10.0; Win64; x64) AppleWebKit/537.36 (KHTML, like Gecko) Chrome/70.0.3538.112 Safari/537.36", "Accept-Charset": "ISO-8859-1,utf-8;q=0.7,*;q=0.7", "Accept": "text/html,application/xhtml+xml,application/xml;q=0.9,*/*;q=0.8", "Accept-Encoding": "gzip, deflate", "Accept-Language": "en-us,en;q=0.5"}}, {"format_id": "160", "url": "https://r3---sn-5njj-u2xe.googlevideo.com/videoplayback?expire=1608123795&ei=M7HZX92lLsrYgAPVm4fICw&ip=140.109.135.166&id=o-APEwSBiFFveE0ZISwxBG6WlaGrDB-FVT8BX-QacZNb22&itag=160&aitags=133%2C134%2C135%2C136%2C137%2C160%2C242%2C243%2C244%2C247%2C248%2C278&source=youtube&requiressl=yes&mh=n-&mm=31%2C29&mn=sn-5njj-u2xe%2Csn-un57sn76&ms=au%2Crdu&mv=m&mvi=3&pl=16&gcr=tw&initcwndbps=385000&vprv=1&mime=video%2Fmp4&ns=XnJzVcfbzNEjABx1ozfhpIUF&gir=yes&clen=328306&dur=127.640&lmt=1602048962685892&mt=1608101795&fvip=3&keepalive=yes&beids=9466588&c=WEB&txp=2311222&n=c1q2ToBXS2MB3RdL7&sparams=expire%2Cei%2Cip%2Cid%2Caitags%2Csource%2Crequiressl%2Cgcr%2Cvprv%2Cmime%2Cns%2Cgir%2Cclen%2Cdur%2Clmt&lsparams=mh%2Cmm%2Cmn%2Cms%2Cmv%2Cmvi%2Cpl%2Cinitcwndbps&lsig=AG3C_xAwRAIgEVSjoURQCVQPjm_xScvSX-mBOOPiotu3EHZQX7XHhrYCIC2cFh431xn9kvFIOREroHvRlez-j2CNelyGEgukgo_A&sig=AOq0QJ8wRgIhANfvEGkpT4UFSlcAjBBCGU9X894O9SJJ_86ICQffXYKfAiEAjtGkNRZb48ygfgXscmKpazbiMQdU85mr-djPzIYrckc=&ratebypass=yes", "player_url": "/s/player/62f90c99/player_ias.vflset/en_US/base.js", "ext": "mp4", "height": 144, "format_note": "144p", "vcodec": "avc1.4d400b", "asr": null, "filesize": 328306, "fps": 25, "tbr": 25.492, "width": 144, "acodec": "none", "downloader_options": {"http_chunk_size": 10485760}, "format": "160 - 144x144 (144p)", "protocol": "https", "http_headers": {"User-Agent": "Mozilla/5.0 (Windows NT 10.0; Win64; x64) AppleWebKit/537.36 (KHTML, like Gecko) Chrome/70.0.3538.112 Safari/537.36", "Accept-Charset": "ISO-8859-1,utf-8;q=0.7,*;q=0.7", "Accept": "text/html,application/xhtml+xml,application/xml;q=0.9,*/*;q=0.8", "Accept-Encoding": "gzip, deflate", "Accept-Language": "en-us,en;q=0.5"}}, {"format_id": "135", "url": "https://r3---sn-5njj-u2xe.googlevideo.com/videoplayback?expire=1608123795&ei=M7HZX92lLsrYgAPVm4fICw&ip=140.109.135.166&id=o-APEwSBiFFveE0ZISwxBG6WlaGrDB-FVT8BX-QacZNb22&itag=135&aitags=133%2C134%2C135%2C136%2C137%2C160%2C242%2C243%2C244%2C247%2C248%2C278&source=youtube&requiressl=yes&mh=n-&mm=31%2C29&mn=sn-5njj-u2xe%2Csn-un57sn76&ms=au%2Crdu&mv=m&mvi=3&pl=16&gcr=tw&initcwndbps=385000&vprv=1&mime=video%2Fmp4&ns=XnJzVcfbzNEjABx1ozfhpIUF&gir=yes&clen=576115&dur=127.640&lmt=1602048962686314&mt=1608101795&fvip=3&keepalive=yes&beids=9466588&c=WEB&txp=2311222&n=c1q2ToBXS2MB3RdL7&sparams=expire%2Cei%2Cip%2Cid%2Caitags%2Csource%2Crequiressl%2Cgcr%2Cvprv%2Cmime%2Cns%2Cgir%2Cclen%2Cdur%2Clmt&lsparams=mh%2Cmm%2Cmn%2Cms%2Cmv%2Cmvi%2Cpl%2Cinitcwndbps&lsig=AG3C_xAwRgIhAK5JkEHc6v00fRAyBy3G6Z7BnVHza0RYMuhuNVoNUvnrAiEApMg-Pa7svA0o31ouNF85PME1j8zYQ3KAj4Pt6vYLVSc%3D&sig=AOq0QJ8wRgIhAOBSgDbmmJKdJilndeMN7l4AtTjAXKe1oxuDcYLqnhjGAiEAidpC1aK8ue3F5ucELkeDKd-rZKJegSS07A42kkDN5Kw=&ratebypass=yes", "player_url": "/s/player/62f90c99/player_ias.vflset/en_US/base.js", "ext": "mp4", "height": 480, "format_note": "480p", "vcodec": "avc1.4d401e", "asr": null, "filesize": 576115, "fps": 25, "tbr": 37.957, "width": 480, "acodec": "none", "downloader_options": {"http_chunk_size": 10485760}, "format": "135 - 480x480 (480p)", "protocol": "https", "http_headers": {"User-Agent": "Mozilla/5.0 (Windows NT 10.0; Win64; x64) AppleWebKit/537.36 (KHTML, like Gecko) Chrome/70.0.3538.112 Safari/537.36", "Accept-Charset": "ISO-8859-1,utf-8;q=0.7,*;q=0.7", "Accept": "text/html,application/xhtml+xml,application/xml;q=0.9,*/*;q=0.8", "Accept-Encoding": "gzip, deflate", "Accept-Language": "en-us,en;q=0.5"}}, {"format_id": "243", "url": "https://r3---sn-5njj-u2xe.googlevideo.com/videoplayback?expire=1608123795&ei=M7HZX92lLsrYgAPVm4fICw&ip=140.109.135.166&id=o-APEwSBiFFveE0ZISwxBG6WlaGrDB-FVT8BX-QacZNb22&itag=243&aitags=133%2C134%2C135%2C136%2C137%2C160%2C242%2C243%2C244%2C247%2C248%2C278&source=youtube&requiressl=yes&mh=n-&mm=31%2C29&mn=sn-5njj-u2xe%2Csn-un57sn76&ms=au%2Crdu&mv=m&mvi=3&pl=16&gcr=tw&initcwndbps=385000&vprv=1&mime=video%2Fwebm&ns=XnJzVcfbzNEjABx1ozfhpIUF&gir=yes&clen=589211&dur=127.640&lmt=1602051126102278&mt=1608101795&fvip=3&keepalive=yes&beids=9466588&c=WEB&txp=2311224&n=c1q2ToBXS2MB3RdL7&sparams=expire%2Cei%2Cip%2Cid%2Caitags%2Csource%2Crequiressl%2Cgcr%2Cvprv%2Cmime%2Cns%2Cgir%2Cclen%2Cdur%2Clmt&lsparams=mh%2Cmm%2Cmn%2Cms%2Cmv%2Cmvi%2Cpl%2Cinitcwndbps&lsig=AG3C_xAwRQIhALgqkAsualH1fP22nFBsHVAAevb6Yk8lje-DYBO_a1cvAiBLr0BtjkqMYwBjJsPwoQNQroJj2bwAz3LQXr_WCkpSgQ%3D%3D&sig=AOq0QJ8wRQIhAMBCxKLlZYfEMYuRnE0A3R3YSI5Ls4Atgf9z0wfnpknWAiA2UxagXnpB8Cbhi5lFC4Bbz_kjquvhOjAlFkApyVyrMA==&ratebypass=yes", "player_url": "/s/player/62f90c99/player_ias.vflset/en_US/base.js", "ext": "webm", "height": 360, "format_note": "360p", "vcodec": "vp9", "asr": null, "filesize": 589211, "fps": 25, "tbr": 39.238, "width": 360, "acodec": "none", "downloader_options": {"http_chunk_size": 10485760}, "format": "243 - 360x360 (360p)", "protocol": "https", "http_headers": {"User-Agent": "Mozilla/5.0 (Windows NT 10.0; Win64; x64) AppleWebKit/537.36 (KHTML, like Gecko) Chrome/70.0.3538.112 Safari/537.36", "Accept-Charset": "ISO-8859-1,utf-8;q=0.7,*;q=0.7", "Accept": "text/html,application/xhtml+xml,application/xml;q=0.9,*/*;q=0.8", "Accept-Encoding": "gzip, deflate", "Accept-Language": "en-us,en;q=0.5"}}, {"format_id": "133", "url": "https://r3---sn-5njj-u2xe.googlevideo.com/videoplayback?expire=1608123795&ei=M7HZX92lLsrYgAPVm4fICw&ip=140.109.135.166&id=o-APEwSBiFFveE0ZISwxBG6WlaGrDB-FVT8BX-QacZNb22&itag=133&aitags=133%2C134%2C135%2C136%2C137%2C160%2C242%2C243%2C244%2C247%2C248%2C278&source=youtube&requiressl=yes&mh=n-&mm=31%2C29&mn=sn-5njj-u2xe%2Csn-un57sn76&ms=au%2Crdu&mv=m&mvi=3&pl=16&gcr=tw&initcwndbps=385000&vprv=1&mime=video%2Fmp4&ns=XnJzVcfbzNEjABx1ozfhpIUF&gir=yes&clen=659725&dur=127.640&lmt=1602048962679869&mt=1608101795&fvip=3&keepalive=yes&beids=9466588&c=WEB&txp=2311222&n=c1q2ToBXS2MB3RdL7&sparams=expire%2Cei%2Cip%2Cid%2Caitags%2Csource%2Crequiressl%2Cgcr%2Cvprv%2Cmime%2Cns%2Cgir%2Cclen%2Cdur%2Clmt&lsparams=mh%2Cmm%2Cmn%2Cms%2Cmv%2Cmvi%2Cpl%2Cinitcwndbps&lsig=AG3C_xAwRQIhAN1zTBBMw99cTbBCNeUzcCvmZZVzqPBnfDP0WsJb5s4jAiAeH_De6GdsKbdS3bFk61jk4iIfSK9fzP5rTela5KHUrA%3D%3D&sig=AOq0QJ8wRQIgWVUYiI_4R4cCy5i35KC2tBU7Jfk29iseL3ZaE3usuOgCIQDTj1iFDtgD7TW3gmx2dhOfkjM9HBUcpcdK10SA95ZLnQ==&ratebypass=yes", "player_url": "/s/player/62f90c99/player_ias.vflset/en_US/base.js", "ext": "mp4", "height": 240, "format_note": "240p", "vcodec": "avc1.4d400c", "asr": null, "filesize": 659725, "fps": 25, "tbr": 51.873, "width": 240, "acodec": "none", "downloader_options": {"http_chunk_size": 10485760}, "format": "133 - 240x240 (240p)", "protocol": "https", "http_headers": {"User-Agent": "Mozilla/5.0 (Windows NT 10.0; Win64; x64) AppleWebKit/537.36 (KHTML, like Gecko) Chrome/70.0.3538.112 Safari/537.36", "Accept-Charset": "ISO-8859-1,utf-8;q=0.7,*;q=0.7", "Accept": "text/html,application/xhtml+xml,application/xml;q=0.9,*/*;q=0.8", "Accept-Encoding": "gzip, deflate", "Accept-Language": "en-us,en;q=0.5"}}, {"format_id": "244", "url": "https://r3---sn-5njj-u2xe.googlevideo.com/videoplayback?expire=1608123795&ei=M7HZX92lLsrYgAPVm4fICw&ip=140.109.135.166&id=o-APEwSBiFFveE0ZISwxBG6WlaGrDB-FVT8BX-QacZNb22&itag=244&aitags=133%2C134%2C135%2C136%2C137%2C160%2C242%2C243%2C244%2C247%2C248%2C278&source=youtube&requiressl=yes&mh=n-&mm=31%2C29&mn=sn-5njj-u2xe%2Csn-un57sn76&ms=au%2Crdu&mv=m&mvi=3&pl=16&gcr=tw&initcwndbps=385000&vprv=1&mime=video%2Fwebm&ns=XnJzVcfbzNEjABx1ozfhpIUF&gir=yes&clen=984991&dur=127.640&lmt=1602051293856826&mt=1608101795&fvip=3&keepalive=yes&beids=9466588&c=WEB&txp=2311224&n=c1q2ToBXS2MB3RdL7&sparams=expire%2Cei%2Cip%2Cid%2Caitags%2Csource%2Crequiressl%2Cgcr%2Cvprv%2Cmime%2Cns%2Cgir%2Cclen%2Cdur%2Clmt&lsparams=mh%2Cmm%2Cmn%2Cms%2Cmv%2Cmvi%2Cpl%2Cinitcwndbps&lsig=AG3C_xAwRgIhAKzmQaX81Cbt-fgtVSPEZQ630T2r59QbD87CcRiclIG1AiEA0ts4TDegdoWOUuozNRh3Kt5pvYRfgxlsbR9bjgU_OCM%3D&sig=AOq0QJ8wRQIhAJh1q5va_qfyLA2cjkkBQXzXIdrvbr8XX9fP1UDhYbtUAiBzGp7v8TyI6MhpOBDIccv84brJR1-t52NgvLCfugOhNg==&ratebypass=yes", "player_url": "/s/player/62f90c99/player_ias.vflset/en_US/base.js", "ext": "webm", "height": 480, "format_note": "480p", "vcodec": "vp9", "asr": null, "filesize": 984991, "fps": 25, "tbr": 65.872, "width": 480, "acodec": "none", "downloader_options": {"http_chunk_size": 10485760}, "format": "244 - 480x480 (480p)", "protocol": "https", "http_headers": {"User-Agent": "Mozilla/5.0 (Windows NT 10.0; Win64; x64) AppleWebKit/537.36 (KHTML, like Gecko) Chrome/70.0.3538.112 Safari/537.36", "Accept-Charset": "ISO-8859-1,utf-8;q=0.7,*;q=0.7", "Accept": "text/html,application/xhtml+xml,application/xml;q=0.9,*/*;q=0.8", "Accept-Encoding": "gzip, deflate", "Accept-Language": "en-us,en;q=0.5"}}, {"format_id": "136", "url": "https://r3---sn-5njj-u2xe.googlevideo.com/videoplayback?expire=1608123795&ei=M7HZX92lLsrYgAPVm4fICw&ip=140.109.135.166&id=o-APEwSBiFFveE0ZISwxBG6WlaGrDB-FVT8BX-QacZNb22&itag=136&aitags=133%2C134%2C135%2C136%2C137%2C160%2C242%2C243%2C244%2C247%2C248%2C278&source=youtube&requiressl=yes&mh=n-&mm=31%2C29&mn=sn-5njj-u2xe%2Csn-un57sn76&ms=au%2Crdu&mv=m&mvi=3&pl=16&gcr=tw&initcwndbps=385000&vprv=1&mime=video%2Fmp4&ns=XnJzVcfbzNEjABx1ozfhpIUF&gir=yes&clen=1142463&dur=127.640&lmt=1602048962681619&mt=1608101795&fvip=3&keepalive=yes&beids=9466588&c=WEB&txp=2311222&n=c1q2ToBXS2MB3RdL7&sparams=expire%2Cei%2Cip%2Cid%2Caitags%2Csource%2Crequiressl%2Cgcr%2Cvprv%2Cmime%2Cns%2Cgir%2Cclen%2Cdur%2Clmt&lsparams=mh%2Cmm%2Cmn%2Cms%2Cmv%2Cmvi%2Cpl%2Cinitcwndbps&lsig=AG3C_xAwRQIgUtggE0zoIagvUQqiftcrRKm5R9vLs-61OsCixOBVgVYCIQDCFJlEjpJV8bSY0C8d79isOA21z_nXPER-6vBzWBY9ZA%3D%3D&sig=AOq0QJ8wRQIgRao9FMUMGgMiDKcJROjW5cKQbUqEH2SGMPTDXKkrBBgCIQDCwalkrNEQAXFeq535_tU6QixHcHl_v0yl1Mk736L6nQ==&ratebypass=yes", "player_url": "/s/player/62f90c99/player_ias.vflset/en_US/base.js", "ext": "mp4", "height": 720, "format_note": "720p", "vcodec": "avc1.4d401f", "asr": null, "filesize": 1142463, "fps": 25, "tbr": 74.697, "width": 720, "acodec": "none", "downloader_options": {"http_chunk_size": 10485760}, "format": "136 - 720x720 (720p)", "protocol": "https", "http_headers": {"User-Agent": "Mozilla/5.0 (Windows NT 10.0; Win64; x64) AppleWebKit/537.36 (KHTML, like Gecko) Chrome/70.0.3538.112 Safari/537.36", "Accept-Charset": "ISO-8859-1,utf-8;q=0.7,*;q=0.7", "Accept": "text/html,application/xhtml+xml,application/xml;q=0.9,*/*;q=0.8", "Accept-Encoding": "gzip, deflate", "Accept-Language": "en-us,en;q=0.5"}}, {"format_id": "137", "url": "https://r3---sn-5njj-u2xe.googlevideo.com/videoplayback?expire=1608123795&ei=M7HZX92lLsrYgAPVm4fICw&ip=140.109.135.166&id=o-APEwSBiFFveE0ZISwxBG6WlaGrDB-FVT8BX-QacZNb22&itag=137&aitags=133%2C134%2C135%2C136%2C137%2C160%2C242%2C243%2C244%2C247%2C248%2C278&source=youtube&requiressl=yes&mh=n-&mm=31%2C29&mn=sn-5njj-u2xe%2Csn-un57sn76&ms=au%2Crdu&mv=m&mvi=3&pl=16&gcr=tw&initcwndbps=385000&vprv=1&mime=video%2Fmp4&ns=XnJzVcfbzNEjABx1ozfhpIUF&gir=yes&clen=2219668&dur=127.640&lmt=1602048962686392&mt=1608101795&fvip=3&keepalive=yes&beids=9466588&c=WEB&txp=2311222&n=c1q2ToBXS2MB3RdL7&sparams=expire%2Cei%2Cip%2Cid%2Caitags%2Csource%2Crequiressl%2Cgcr%2Cvprv%2Cmime%2Cns%2Cgir%2Cclen%2Cdur%2Clmt&lsparams=mh%2Cmm%2Cmn%2Cms%2Cmv%2Cmvi%2Cpl%2Cinitcwndbps&lsig=AG3C_xAwRgIhAMFPcCUVvMRliETXEmP9lmXBqfw1aXwh6RFqx0T269bEAiEArcQTVUp1DTEKohrq2uOwg2wENooxLlGPpe5Pq9BSfCo%3D&sig=AOq0QJ8wRAIgOZF6E3swCtntHcK2YQtKeLSqocFV3bxoKJdfSiiodiQCICDNu0pwQs9yDlpLZbgr0iuJYDy4NSP791Ro-jHCu7jZ&ratebypass=yes", "player_url": "/s/player/62f90c99/player_ias.vflset/en_US/base.js", "ext": "mp4", "height": 1080, "format_note": "1080p", "vcodec": "avc1.640020", "asr": null, "filesize": 2219668, "fps": 25, "tbr": 145.714, "width": 1080, "acodec": "none", "downloader_options": {"http_chunk_size": 10485760}, "format": "137 - 1080x1080 (1080p)", "protocol": "https", "http_headers": {"User-Agent": "Mozilla/5.0 (Windows NT 10.0; Win64; x64) AppleWebKit/537.36 (KHTML, like Gecko) Chrome/70.0.3538.112 Safari/537.36", "Accept-Charset": "ISO-8859-1,utf-8;q=0.7,*;q=0.7", "Accept": "text/html,application/xhtml+xml,application/xml;q=0.9,*/*;q=0.8", "Accept-Encoding": "gzip, deflate", "Accept-Language": "en-us,en;q=0.5"}}, {"format_id": "247", "url": "https://r3---sn-5njj-u2xe.googlevideo.com/videoplayback?expire=1608123795&ei=M7HZX92lLsrYgAPVm4fICw&ip=140.109.135.166&id=o-APEwSBiFFveE0ZISwxBG6WlaGrDB-FVT8BX-QacZNb22&itag=247&aitags=133%2C134%2C135%2C136%2C137%2C160%2C242%2C243%2C244%2C247%2C248%2C278&source=youtube&requiressl=yes&mh=n-&mm=31%2C29&mn=sn-5njj-u2xe%2Csn-un57sn76&ms=au%2Crdu&mv=m&mvi=3&pl=16&gcr=tw&initcwndbps=385000&vprv=1&mime=video%2Fwebm&ns=XnJzVcfbzNEjABx1ozfhpIUF&gir=yes&clen=2247817&dur=127.640&lmt=1602050662517073&mt=1608101795&fvip=3&keepalive=yes&beids=9466588&c=WEB&txp=2311224&n=c1q2ToBXS2MB3RdL7&sparams=expire%2Cei%2Cip%2Cid%2Caitags%2Csource%2Crequiressl%2Cgcr%2Cvprv%2Cmime%2Cns%2Cgir%2Cclen%2Cdur%2Clmt&lsparams=mh%2Cmm%2Cmn%2Cms%2Cmv%2Cmvi%2Cpl%2Cinitcwndbps&lsig=AG3C_xAwRgIhAO0OyG9cIs5qr2ikPR5fwd4iCiI__so2gZuLRpHyg7g4AiEA5KU9e87okLtxIEtJL_sMDQDV-llVR6l7C5EQpIlukno%3D&sig=AOq0QJ8wRAIgXf45VHQufU0u-DqqHogPmZNVYmOUfxmSTjVko4ZUj-8CIEry_GPrau8myik82SoTI9ktC8ElMazT4wlPywi8lU0D&ratebypass=yes", "player_url": "/s/player/62f90c99/player_ias.vflset/en_US/base.js", "ext": "webm", "height": 720, "format_note": "720p", "vcodec": "vp9", "asr": null, "filesize": 2247817, "fps": 25, "tbr": 150.625, "width": 720, "acodec": "none", "downloader_options": {"http_chunk_size": 10485760}, "format": "247 - 720x720 (720p)", "protocol": "https", "http_headers": {"User-Agent": "Mozilla/5.0 (Windows NT 10.0; Win64; x64) AppleWebKit/537.36 (KHTML, like Gecko) Chrome/70.0.3538.112 Safari/537.36", "Accept-Charset": "ISO-8859-1,utf-8;q=0.7,*;q=0.7", "Accept": "text/html,application/xhtml+xml,application/xml;q=0.9,*/*;q=0.8", "Accept-Encoding": "gzip, deflate", "Accept-Language": "en-us,en;q=0.5"}}, {"format_id": "248", "url": "https://r3---sn-5njj-u2xe.googlevideo.com/videoplayback?expire=1608123795&ei=M7HZX92lLsrYgAPVm4fICw&ip=140.109.135.166&id=o-APEwSBiFFveE0ZISwxBG6WlaGrDB-FVT8BX-QacZNb22&itag=248&aitags=133%2C134%2C135%2C136%2C137%2C160%2C242%2C243%2C244%2C247%2C248%2C278&source=youtube&requiressl=yes&mh=n-&mm=31%2C29&mn=sn-5njj-u2xe%2Csn-un57sn76&ms=au%2Crdu&mv=m&mvi=3&pl=16&gcr=tw&initcwndbps=385000&vprv=1&mime=video%2Fwebm&ns=XnJzVcfbzNEjABx1ozfhpIUF&gir=yes&clen=4820892&dur=127.640&lmt=1602050648603854&mt=1608101795&fvip=3&keepalive=yes&beids=9466588&c=WEB&txp=2311224&n=c1q2ToBXS2MB3RdL7&sparams=expire%2Cei%2Cip%2Cid%2Caitags%2Csource%2Crequiressl%2Cgcr%2Cvprv%2Cmime%2Cns%2Cgir%2Cclen%2Cdur%2Clmt&lsparams=mh%2Cmm%2Cmn%2Cms%2Cmv%2Cmvi%2Cpl%2Cinitcwndbps&lsig=AG3C_xAwRAIgUQpw0J9AbGfLTLRhPOjV_JG8SJ9sqCuqur2sJkzMhG4CIHphGgB1RE9kRB6G9DMQAzCdSJMGvKdjBeZhXQ46BLSi&sig=AOq0QJ8wRQIhAJNh-WOB4VECb2SRnf3_k6b_mwfoMCsKmzAJbXxdmq7EAiABX8ae_U6dO4sw9A59zC4qO3fIDWOVN_ICT6mnG9XrNg==&ratebypass=yes", "player_url": "/s/player/62f90c99/player_ias.vflset/en_US/base.js", "ext": "webm", "height": 1080, "format_note": "1080p", "vcodec": "vp9", "asr": null, "filesize": 4820892, "fps": 25, "tbr": 323.757, "width": 1080, "acodec": "none", "downloader_options": {"http_chunk_size": 10485760}, "format": "248 - 1080x1080 (1080p)", "protocol": "https", "http_headers": {"User-Agent": "Mozilla/5.0 (Windows NT 10.0; Win64; x64) AppleWebKit/537.36 (KHTML, like Gecko) Chrome/70.0.3538.112 Safari/537.36", "Accept-Charset": "ISO-8859-1,utf-8;q=0.7,*;q=0.7", "Accept": "text/html,application/xhtml+xml,application/xml;q=0.9,*/*;q=0.8", "Accept-Encoding": "gzip, deflate", "Accept-Language": "en-us,en;q=0.5"}}, {"format_id": "18", "url": "https://r3---sn-5njj-u2xe.googlevideo.com/videoplayback?expire=1608123795&ei=M7HZX92lLsrYgAPVm4fICw&ip=140.109.135.166&id=o-APEwSBiFFveE0ZISwxBG6WlaGrDB-FVT8BX-QacZNb22&itag=18&source=youtube&requiressl=yes&mh=n-&mm=31%2C29&mn=sn-5njj-u2xe%2Csn-un57sn76&ms=au%2Crdu&mv=m&mvi=3&pl=16&gcr=tw&initcwndbps=385000&vprv=1&mime=video%2Fmp4&ns=qJUGqQjIJFHiNgg8CtLFqeIF&gir=yes&clen=2096938&ratebypass=yes&dur=127.686&lmt=1602049064978336&mt=1608101795&fvip=3&beids=9466588&c=WEB&txp=2310222&n=cj9j3mlt8H3Fz5NeM&sparams=expire%2Cei%2Cip%2Cid%2Citag%2Csource%2Crequiressl%2Cgcr%2Cvprv%2Cmime%2Cns%2Cgir%2Cclen%2Cratebypass%2Cdur%2Clmt&lsparams=mh%2Cmm%2Cmn%2Cms%2Cmv%2Cmvi%2Cpl%2Cinitcwndbps&lsig=AG3C_xAwRgIhAJ8N1uoJ1wbtAeBN7946tljT8-Vj6vpS3u94AXpBlpqhAiEA9p-gP54mgAocRq-vvbtvSTcM_Ot5MXs-Q6maUCo2E6M%3D&sig=AOq0QJ8wRQIhAO1Lui9l-6eqfp4HYtnRMP6BwG1gB_fw_57DOnDwKCICAiAQNeniuZr8IB7YIj_vWx3_tEnZCC6Rf1nhj4OIDhi4WQ==", "player_url": "/s/player/62f90c99/player_ias.vflset/en_US/base.js", "ext": "mp4", "width": 360, "height": 360, "acodec": "mp4a.40.2", "abr": 96, "vcodec": "avc1.42001E", "asr": 44100, "filesize": 2096938, "format_note": "360p", "fps": 25, "tbr": 131.428, "format": "18 - 360x360 (360p)", "protocol": "https", "http_headers": {"User-Agent": "Mozilla/5.0 (Windows NT 10.0; Win64; x64) AppleWebKit/537.36 (KHTML, like Gecko) Chrome/70.0.3538.112 Safari/537.36", "Accept-Charset": "ISO-8859-1,utf-8;q=0.7,*;q=0.7", "Accept": "text/html,application/xhtml+xml,application/xml;q=0.9,*/*;q=0.8", "Accept-Encoding": "gzip, deflate", "Accept-Language": "en-us,en;q=0.5"}}], "is_live": null, "start_time": null, "end_time": null, "series": null, "season_number": null, "episode_number": null, "track": "Dreaming of You", "artist": "Oscar Pascasio", "album": "Dreaming of You", "release_date": "20201120", "release_year": 2020, "extractor": "youtube", "webpage_url_basename": "watch", "extractor_key": "Youtube", "playlist": null, "playlist_index": null, "thumbnail": "https://i.ytimg.com/vi_webp/ltNK_MY1HkM/maxresdefault.webp", "display_id": "ltNK_MY1HkM", "requested_subtitles": null, "format_id": "251", "url": "https://r3---sn-5njj-u2xe.googlevideo.com/videoplayback?expire=1608123795&ei=M7HZX92lLsrYgAPVm4fICw&ip=140.109.135.166&id=o-APEwSBiFFveE0ZISwxBG6WlaGrDB-FVT8BX-QacZNb22&itag=251&source=youtube&requiressl=yes&mh=n-&mm=31%2C29&mn=sn-5njj-u2xe%2Csn-un57sn76&ms=au%2Crdu&mv=m&mvi=3&pl=16&gcr=tw&initcwndbps=385000&vprv=1&mime=audio%2Fwebm&ns=XnJzVcfbzNEjABx1ozfhpIUF&gir=yes&clen=2308242&dur=127.661&lmt=1602050314264014&mt=1608101795&fvip=3&keepalive=yes&beids=9466588&c=WEB&txp=2311224&n=c1q2ToBXS2MB3RdL7&sparams=expire%2Cei%2Cip%2Cid%2Citag%2Csource%2Crequiressl%2Cgcr%2Cvprv%2Cmime%2Cns%2Cgir%2Cclen%2Cdur%2Clmt&lsparams=mh%2Cmm%2Cmn%2Cms%2Cmv%2Cmvi%2Cpl%2Cinitcwndbps&lsig=AG3C_xAwRQIgD034lZAnHFzJ8s6jc3StTAz-0IZl3_Dn4nmQT-55bkECIQCPqr9CTD3Acbzd_NDg8V3ontAnIGWvZu4qAoPfERHg6g%3D%3D&sig=AOq0QJ8wRAIgPzu5x4uvwqFoD46eFTIn7QjIPgRfucg4klnCXVSuk7ACIEp-T3EfB_R-enSJSb9qCpLzDglvs2M9POAi8pJSORDp&ratebypass=yes", "player_url": "/s/player/62f90c99/player_ias.vflset/en_US/base.js", "ext": "webm", "format_note": "tiny", "acodec": "opus", "abr": 160, "asr": 48000, "filesize": 2308242, "fps": null, "height": null, "tbr": 150.795, "width": null, "vcodec": "none", "downloader_options": {"http_chunk_size": 10485760}, "format": "251 - audio only (tiny)", "protocol": "https", "http_headers": {"User-Agent": "Mozilla/5.0 (Windows NT 10.0; Win64; x64) AppleWebKit/537.36 (KHTML, like Gecko) Chrome/70.0.3538.112 Safari/537.36", "Accept-Charset": "ISO-8859-1,utf-8;q=0.7,*;q=0.7", "Accept": "text/html,application/xhtml+xml,application/xml;q=0.9,*/*;q=0.8", "Accept-Encoding": "gzip, deflate", "Accept-Language": "en-us,en;q=0.5"}}