{"id": "sA9ac1rod84", "uploader": "Javi Lobe - Topic", "uploader_id": "UCFRDfzjQYy3DrwBMbqtaWeA", "uploader_url": "http://www.youtube.com/channel/UCFRDfzjQYy3DrwBMbqtaWeA", "channel_id": "UCFRDfzjQYy3DrwBMbqtaWeA", "channel_url": "http://www.youtube.com/channel/UCFRDfzjQYy3DrwBMbqtaWeA", "upload_date": "20201126", "license": null, "creator": "Javi Lobe", "title": "Light", "alt_title": "Light", "thumbnails": [{"url": "https://i.ytimg.com/vi/sA9ac1rod84/hqdefault.jpg?sqp=-oaymwEYCKgBEF5IVfKriqkDCwgBFQAAiEIYAXAB&rs=AOn4CLDHZImVF_ytf713u37xXu3t-wRZ1A", "width": 168, "height": 94, "resolution": "168x94", "id": "0"}, {"url": "https://i.ytimg.com/vi/sA9ac1rod84/hqdefault.jpg?sqp=-oaymwEYCMQBEG5IVfKriqkDCwgBFQAAiEIYAXAB&rs=AOn4CLCdwAFW25qDsQ9Z6FvpUM8N0gmljg", "width": 196, "height": 110, "resolution": "196x110", "id": "1"}, {"url": "https://i.ytimg.com/vi/sA9ac1rod84/hqdefault.jpg?sqp=-oaymwEZCPYBEIoBSFXyq4qpAwsIARUAAIhCGAFwAQ==&rs=AOn4CLCN7wg_NKxkn2spZOJgaTYnqWBRUQ", "width": 246, "height": 138, "resolution": "246x138", "id": "2"}, {"url": "https://i.ytimg.com/vi/sA9ac1rod84/hqdefault.jpg?sqp=-oaymwEZCNACELwBSFXyq4qpAwsIARUAAIhCGAFwAQ==&rs=AOn4CLDftgqdRXcx2lS2ig0CkgJ5hR_xcg", "width": 336, "height": 188, "resolution": "336x188", "id": "3"}, {"url": "https://i.ytimg.com/vi_webp/sA9ac1rod84/maxresdefault.webp", "width": 1920, "height": 1080, "resolution": "1920x1080", "id": "4"}], "description": "Provided to YouTube by TuneCore\n\nLight \u00b7 Javi Lobe\n\nLight\n\n\u2117 2020 Dream Relaxation\n\nReleased on: 2020-11-27\n\nAuto-generated by YouTube.", "categories": ["Music"], "tags": ["Javi Lobe", "Light"], "subtitles": {}, "automatic_captions": {}, "duration": 137, "age_limit": 0, "annotations": null, "chapters": null, "webpage_url": "https://www.youtube.com/watch?v=sA9ac1rod84", "view_count": 55, "like_count": 3, "dislike_count": null, "average_rating": 5.0, "formats": [{"format_id": "249", "url": "https://r4---sn-5njj-u2xl.googlevideo.com/videoplayback?expire=1608639815&ei=5pDhX-aQOMv6gQP2gbzgCA&ip=140.109.134.236&id=o-AELXvrTZCGuir-ONbKx7_qJWWbnxiabR_kj31F_8ntgl&itag=249&source=youtube&requiressl=yes&mh=bI&mm=31%2C29&mn=sn-5njj-u2xl%2Csn-un57en7s&ms=au%2Crdu&mv=m&mvi=4&pl=16&gcr=tw&initcwndbps=397500&vprv=1&mime=audio%2Fwebm&ns=c-H_Cn9Swc-UePlR7zSRbSgF&gir=yes&clen=961778&dur=137.421&lmt=1603968721706281&mt=1608617798&fvip=4&keepalive=yes&c=WEB&txp=2311224&n=435vfkZ3Jq6BDyON&sparams=expire%2Cei%2Cip%2Cid%2Citag%2Csource%2Crequiressl%2Cgcr%2Cvprv%2Cmime%2Cns%2Cgir%2Cclen%2Cdur%2Clmt&lsparams=mh%2Cmm%2Cmn%2Cms%2Cmv%2Cmvi%2Cpl%2Cinitcwndbps&lsig=AG3C_xAwRQIgONFY_K9w-XVNPYgqqjd_2G5nAIf4jzZihLycbTF7228CIQCjGjjd7fyG0_PoPy9i6JtWve_RCw0lbVVxDuQD-C3l9g%3D%3D&sig=AOq0QJ8wRQIge-xXftJMPPEpyIutiruxikMNXvqCKHQMf80bXV7GwaICIQDM1RbckbEhN3Zra0h_TglRHkDV8itcMuw7SPU3g2tvJQ==&ratebypass=yes", "player_url": "/s/player/5dd3f3b2/player_ias.vflset/en_US/base.js", "ext": "webm", "format_note": "tiny", "acodec": "opus", "abr": 50, "asr": 48000, "filesize": 961778, "fps": null, "height": null, "tbr": 58.248, "width": null, "vcodec": "none", "downloader_options": {"http_chunk_size": 10485760}, "format": "249 - audio only (tiny)", "protocol": "https", "http_headers": {"User-Agent": "Mozilla/5.0 (Windows NT 10.0; Win64; x64) AppleWebKit/537.36 (KHTML, like Gecko) Chrome/72.0.3626.92 Safari/537.36", "Accept-Charset": "ISO-8859-1,utf-8;q=0.7,*;q=0.7", "Accept": "text/html,application/xhtml+xml,application/xml;q=0.9,*/*;q=0.8", "Accept-Encoding": "gzip, deflate", "Accept-Language": "en-us,en;q=0.5"}}, {"format_id": "250", "url": "https://r4---sn-5njj-u2xl.googlevideo.com/videoplayback?expire=1608639815&ei=5pDhX-aQOMv6gQP2gbzgCA&ip=140.109.134.236&id=o-AELXvrTZCGuir-ONbKx7_qJWWbnxiabR_kj31F_8ntgl&itag=250&source=youtube&requiressl=yes&mh=bI&mm=31%2C29&mn=sn-5njj-u2xl%2Csn-un57en7s&ms=au%2Crdu&mv=m&mvi=4&pl=16&gcr=tw&initcwndbps=397500&vprv=1&mime=audio%2Fwebm&ns=c-H_Cn9Swc-UePlR7zSRbSgF&gir=yes&clen=1263383&dur=137.421&lmt=1603968646698147&mt=1608617798&fvip=4&keepalive=yes&c=WEB&txp=2311224&n=435vfkZ3Jq6BDyON&sparams=expire%2Cei%2Cip%2Cid%2Citag%2Csource%2Crequiressl%2Cgcr%2Cvprv%2Cmime%2Cns%2Cgir%2Cclen%2Cdur%2Clmt&lsparams=mh%2Cmm%2Cmn%2Cms%2Cmv%2Cmvi%2Cpl%2Cinitcwndbps&lsig=AG3C_xAwRAIgQh_v4_b_WkZTbKPhIa-LRbY-RqE8u6GKrFBn1v0aI9YCIHsADBwc1wJfp8BmCc-VxoaNz7QNYScSh1wZN5OKfcB2&sig=AOq0QJ8wRQIhAIG5pPGvWA-vKVTtffKTOayOf69pUa3f2DpzZM1d4mquAiAn0YFUCOdJfC0jZ6VbSgUWywmfpDopqz767yRq8zicAg==&ratebypass=yes", "player_url": "/s/player/5dd3f3b2/player_ias.vflset/en_US/base.js", "ext": "webm", "format_note": "tiny", "acodec": "opus", "abr": 70, "asr": 48000, "filesize": 1263383, "fps": null, "height": null, "tbr": 76.398, "width": null, "vcodec": "none", "downloader_options": {"http_chunk_size": 10485760}, "format": "250 - audio only (tiny)", "protocol": "https", "http_headers": {"User-Agent": "Mozilla/5.0 (Windows NT 10.0; Win64; x64) AppleWebKit/537.36 (KHTML, like Gecko) Chrome/72.0.3626.92 Safari/537.36", "Accept-Charset": "ISO-8859-1,utf-8;q=0.7,*;q=0.7", "Accept": "text/html,application/xhtml+xml,application/xml;q=0.9,*/*;q=0.8", "Accept-Encoding": "gzip, deflate", "Accept-Language": "en-us,en;q=0.5"}}, {"format_id": "140", "url": "https://r4---sn-5njj-u2xl.googlevideo.com/videoplayback?expire=1608639815&ei=5pDhX-aQOMv6gQP2gbzgCA&ip=140.109.134.236&id=o-AELXvrTZCGuir-ONbKx7_qJWWbnxiabR_kj31F_8ntgl&itag=140&source=youtube&requiressl=yes&mh=bI&mm=31%2C29&mn=sn-5njj-u2xl%2Csn-un57en7s&ms=au%2Crdu&mv=m&mvi=4&pl=16&gcr=tw&initcwndbps=397500&vprv=1&mime=audio%2Fmp4&ns=c-H_Cn9Swc-UePlR7zSRbSgF&gir=yes&clen=2226671&dur=137.399&lmt=1603967953204100&mt=1608617798&fvip=4&keepalive=yes&c=WEB&txp=2311222&n=435vfkZ3Jq6BDyON&sparams=expire%2Cei%2Cip%2Cid%2Citag%2Csource%2Crequiressl%2Cgcr%2Cvprv%2Cmime%2Cns%2Cgir%2Cclen%2Cdur%2Clmt&lsparams=mh%2Cmm%2Cmn%2Cms%2Cmv%2Cmvi%2Cpl%2Cinitcwndbps&lsig=AG3C_xAwRQIhAKo5De2GF0WQmpS8h8qnlYz6p-TjDD3UkrWm-v9U_F3KAiATpLP3MU5u4LtymVy0gvbjc5D1P6ad5O60isza1lLH2w%3D%3D&sig=AOq0QJ8wRAIgaE0M3MSBNSiRCeS3iCUhi9e1s-hU9Tq6ZzI9vZhCIrECIBe2_x5y31zmchitn1VjK3qBz_OvJz0FRVI480KeA39Q&ratebypass=yes", "player_url": "/s/player/5dd3f3b2/player_ias.vflset/en_US/base.js", "ext": "m4a", "format_note": "tiny", "acodec": "mp4a.40.2", "abr": 128, "container": "m4a_dash", "asr": 44100, "filesize": 2226671, "fps": null, "height": null, "tbr": 130.941, "width": null, "vcodec": "none", "downloader_options": {"http_chunk_size": 10485760}, "format": "140 - audio only (tiny)", "protocol": "https", "http_headers": {"User-Agent": "Mozilla/5.0 (Windows NT 10.0; Win64; x64) AppleWebKit/537.36 (KHTML, like Gecko) Chrome/72.0.3626.92 Safari/537.36", "Accept-Charset": "ISO-8859-1,utf-8;q=0.7,*;q=0.7", "Accept": "text/html,application/xhtml+xml,application/xml;q=0.9,*/*;q=0.8", "Accept-Encoding": "gzip, deflate", "Accept-Language": "en-us,en;q=0.5"}}, {"format_id": "251", "url": "https://r4---sn-5njj-u2xl.googlevideo.com/videoplayback?expire=1608639815&ei=5pDhX-aQOMv6gQP2gbzgCA&ip=140.109.134.236&id=o-AELXvrTZCGuir-ONbKx7_qJWWbnxiabR_kj31F_8ntgl&itag=251&source=youtube&requiressl=yes&mh=bI&mm=31%2C29&mn=sn-5njj-u2xl%2Csn-un57en7s&ms=au%2Crdu&mv=m&mvi=4&pl=16&gcr=tw&initcwndbps=397500&vprv=1&mime=audio%2Fwebm&ns=c-H_Cn9Swc-UePlR7zSRbSgF&gir=yes&clen=2511310&dur=137.421&lmt=1603968625741801&mt=1608617798&fvip=4&keepalive=yes&c=WEB&txp=2311224&n=435vfkZ3Jq6BDyON&sparams=expire%2Cei%2Cip%2Cid%2Citag%2Csource%2Crequiressl%2Cgcr%2Cvprv%2Cmime%2Cns%2Cgir%2Cclen%2Cdur%2Clmt&lsparams=mh%2Cmm%2Cmn%2Cms%2Cmv%2Cmvi%2Cpl%2Cinitcwndbps&lsig=AG3C_xAwRgIhAP5_Qc93FYxTvxHZV10Fzimc0DG3XEGyyuN_QmB3yQ9nAiEAoFYDHHNiSn-MG-QKZVIZByZbuy1eFmBDyRkh7iU4i-A%3D&sig=AOq0QJ8wRQIgVq9mqLal5NiVUAtkome2BwrAEdCuAr-oWFYQwhetzfcCIQD3HCXpf8g74LNiZke-gG8rM0BdYRHWsD2c0byP5RDHXw==&ratebypass=yes", "player_url": "/s/player/5dd3f3b2/player_ias.vflset/en_US/base.js", "ext": "webm", "format_note": "tiny", "acodec": "opus", "abr": 160, "asr": 48000, "filesize": 2511310, "fps": null, "height": null, "tbr": 149.555, "width": null, "vcodec": "none", "downloader_options": {"http_chunk_size": 10485760}, "format": "251 - audio only (tiny)", "protocol": "https", "http_headers": {"User-Agent": "Mozilla/5.0 (Windows NT 10.0; Win64; x64) AppleWebKit/537.36 (KHTML, like Gecko) Chrome/72.0.3626.92 Safari/537.36", "Accept-Charset": "ISO-8859-1,utf-8;q=0.7,*;q=0.7", "Accept": "text/html,application/xhtml+xml,application/xml;q=0.9,*/*;q=0.8", "Accept-Encoding": "gzip, deflate", "Accept-Language": "en-us,en;q=0.5"}}, {"format_id": "278", "url": "https://r4---sn-5njj-u2xl.googlevideo.com/videoplayback?expire=1608639815&ei=5pDhX-aQOMv6gQP2gbzgCA&ip=140.109.134.236&id=o-AELXvrTZCGuir-ONbKx7_qJWWbnxiabR_kj31F_8ntgl&itag=278&aitags=133%2C134%2C135%2C136%2C137%2C160%2C242%2C243%2C244%2C247%2C248%2C278&source=youtube&requiressl=yes&mh=bI&mm=31%2C29&mn=sn-5njj-u2xl%2Csn-un57en7s&ms=au%2Crdu&mv=m&mvi=4&pl=16&gcr=tw&initcwndbps=397500&vprv=1&mime=video%2Fwebm&ns=c-H_Cn9Swc-UePlR7zSRbSgF&gir=yes&clen=256995&dur=137.400&lmt=1603968622484259&mt=1608617798&fvip=4&keepalive=yes&c=WEB&txp=2316224&n=435vfkZ3Jq6BDyON&sparams=expire%2Cei%2Cip%2Cid%2Caitags%2Csource%2Crequiressl%2Cgcr%2Cvprv%2Cmime%2Cns%2Cgir%2Cclen%2Cdur%2Clmt&lsparams=mh%2Cmm%2Cmn%2Cms%2Cmv%2Cmvi%2Cpl%2Cinitcwndbps&lsig=AG3C_xAwRAIgXhMB8prlHc7tm7DJ6Aml5ph4MfDUYqucHQ_xE3XZPoYCIDErY2A9cfi_JaDI_B7cDlWoReUWnVmonGjZ57_otyUd&sig=AOq0QJ8wRAIgPp5IwoyzdxhkkoARb1_MNcH9w2uHGoaNccr0ZSZqcDgCIAflloUE9eDPD0Jq7RUZozbuqN6g4YszrBsAH2SldTgs&ratebypass=yes", "player_url": "/s/player/5dd3f3b2/player_ias.vflset/en_US/base.js", "ext": "webm", "height": 144, "format_note": "144p", "container": "webm", "vcodec": "vp9", "asr": null, "filesize": 256995, "fps": 25, "tbr": 16.052, "width": 144, "acodec": "none", "downloader_options": {"http_chunk_size": 10485760}, "format": "278 - 144x144 (144p)", "protocol": "https", "http_headers": {"User-Agent": "Mozilla/5.0 (Windows NT 10.0; Win64; x64) AppleWebKit/537.36 (KHTML, like Gecko) Chrome/72.0.3626.92 Safari/537.36", "Accept-Charset": "ISO-8859-1,utf-8;q=0.7,*;q=0.7", "Accept": "text/html,application/xhtml+xml,application/xml;q=0.9,*/*;q=0.8", "Accept-Encoding": "gzip, deflate", "Accept-Language": "en-us,en;q=0.5"}}, {"format_id": "242", "url": "https://r4---sn-5njj-u2xl.googlevideo.com/videoplayback?expire=1608639815&ei=5pDhX-aQOMv6gQP2gbzgCA&ip=140.109.134.236&id=o-AELXvrTZCGuir-ONbKx7_qJWWbnxiabR_kj31F_8ntgl&itag=242&aitags=133%2C134%2C135%2C136%2C137%2C160%2C242%2C243%2C244%2C247%2C248%2C278&source=youtube&requiressl=yes&mh=bI&mm=31%2C29&mn=sn-5njj-u2xl%2Csn-un57en7s&ms=au%2Crdu&mv=m&mvi=4&pl=16&gcr=tw&initcwndbps=397500&vprv=1&mime=video%2Fwebm&ns=c-H_Cn9Swc-UePlR7zSRbSgF&gir=yes&clen=325026&dur=137.400&lmt=1603968595523508&mt=1608617798&fvip=4&keepalive=yes&c=WEB&txp=2316224&n=435vfkZ3Jq6BDyON&sparams=expire%2Cei%2Cip%2Cid%2Caitags%2Csource%2Crequiressl%2Cgcr%2Cvprv%2Cmime%2Cns%2Cgir%2Cclen%2Cdur%2Clmt&lsparams=mh%2Cmm%2Cmn%2Cms%2Cmv%2Cmvi%2Cpl%2Cinitcwndbps&lsig=AG3C_xAwRgIhANvjYuLDlbzHVXqQd7aSC3-VyhbiQSTwNQiHYP8R0mmmAiEA9B-903Xb5nnpdR8A7T1EGJCBoi9un2lkLPtPtz-9I9w%3D&sig=AOq0QJ8wRgIhAMlr4b8r-R6HcbXxP5gcIUj-oOtBNQHdRbdi7mVgQK8tAiEAvAStFTLjQc78lySSh8tP2FgFk0h5L2Xbcn1_S26xUyQ=&ratebypass=yes", "player_url": "/s/player/5dd3f3b2/player_ias.vflset/en_US/base.js", "ext": "webm", "height": 240, "format_note": "240p", "vcodec": "vp9", "asr": null, "filesize": 325026, "fps": 25, "tbr": 21.231, "width": 240, "acodec": "none", "downloader_options": {"http_chunk_size": 10485760}, "format": "242 - 240x240 (240p)", "protocol": "https", "http_headers": {"User-Agent": "Mozilla/5.0 (Windows NT 10.0; Win64; x64) AppleWebKit/537.36 (KHTML, like Gecko) Chrome/72.0.3626.92 Safari/537.36", "Accept-Charset": "ISO-8859-1,utf-8;q=0.7,*;q=0.7", "Accept": "text/html,application/xhtml+xml,application/xml;q=0.9,*/*;q=0.8", "Accept-Encoding": "gzip, deflate", "Accept-Language": "en-us,en;q=0.5"}}, {"format_id": "134", "url": "https://r4---sn-5njj-u2xl.googlevideo.com/videoplayback?expire=1608639815&ei=5pDhX-aQOMv6gQP2gbzgCA&ip=140.109.134.236&id=o-AELXvrTZCGuir-ONbKx7_qJWWbnxiabR_kj31F_8ntgl&itag=134&aitags=133%2C134%2C135%2C136%2C137%2C160%2C242%2C243%2C244%2C247%2C248%2C278&source=youtube&requiressl=yes&mh=bI&mm=31%2C29&mn=sn-5njj-u2xl%2Csn-un57en7s&ms=au%2Crdu&mv=m&mvi=4&pl=16&gcr=tw&initcwndbps=397500&vprv=1&mime=video%2Fmp4&ns=c-H_Cn9Swc-UePlR7zSRbSgF&gir=yes&clen=451393&dur=137.400&lmt=1603968001834782&mt=1608617798&fvip=4&keepalive=yes&c=WEB&txp=2311222&n=435vfkZ3Jq6BDyON&sparams=expire%2Cei%2Cip%2Cid%2Caitags%2Csource%2Crequiressl%2Cgcr%2Cvprv%2Cmime%2Cns%2Cgir%2Cclen%2Cdur%2Clmt&lsparams=mh%2Cmm%2Cmn%2Cms%2Cmv%2Cmvi%2Cpl%2Cinitcwndbps&lsig=AG3C_xAwRAIgW1XCV86aWdGLeBmBO0bN2QICiY-MdIJ8QqmkEqPdSbkCIFTMHy9FZ13fx7Rur3eQz9t46lYjI2HcXJw1n_C0dWJn&sig=AOq0QJ8wRQIgOO8QUJNWHWQ361j1pdwkkkOdx6jbjJn6mc62llKhLrgCIQDk5cLfyOBcumzWC5eEbzx6ES84IdusXlJzxGovFGrueA==&ratebypass=yes", "player_url": "/s/player/5dd3f3b2/player_ias.vflset/en_US/base.js", "ext": "mp4", "height": 360, "format_note": "360p", "vcodec": "avc1.4d4015", "asr": null, "filesize": 451393, "fps": 25, "tbr": 30.046, "width": 360, "acodec": "none", "downloader_options": {"http_chunk_size": 10485760}, "format": "134 - 360x360 (360p)", "protocol": "https", "http_headers": {"User-Agent": "Mozilla/5.0 (Windows NT 10.0; Win64; x64) AppleWebKit/537.36 (KHTML, like Gecko) Chrome/72.0.3626.92 Safari/537.36", "Accept-Charset": "ISO-8859-1,utf-8;q=0.7,*;q=0.7", "Accept": "text/html,application/xhtml+xml,application/xml;q=0.9,*/*;q=0.8", "Accept-Encoding": "gzip, deflate", "Accept-Language": "en-us,en;q=0.5"}}, {"format_id": "243", "url": "https://r4---sn-5njj-u2xl.googlevideo.com/videoplayback?expire=1608639815&ei=5pDhX-aQOMv6gQP2gbzgCA&ip=140.109.134.236&id=o-AELXvrTZCGuir-ONbKx7_qJWWbnxiabR_kj31F_8ntgl&itag=243&aitags=133%2C134%2C135%2C136%2C137%2C160%2C242%2C243%2C244%2C247%2C248%2C278&source=youtube&requiressl=yes&mh=bI&mm=31%2C29&mn=sn-5njj-u2xl%2Csn-un57en7s&ms=au%2Crdu&mv=m&mvi=4&pl=16&gcr=tw&initcwndbps=397500&vprv=1&mime=video%2Fwebm&ns=c-H_Cn9Swc-UePlR7zSRbSgF&gir=yes&clen=474155&dur=137.400&lmt=1603968601533630&mt=1608617798&fvip=4&keepalive=yes&c=WEB&txp=2316224&n=435vfkZ3Jq6BDyON&sparams=expire%2Cei%2Cip%2Cid%2Caitags%2Csource%2Crequiressl%2Cgcr%2Cvprv%2Cmime%2Cns%2Cgir%2Cclen%2Cdur%2Clmt&lsparams=mh%2Cmm%2Cmn%2Cms%2Cmv%2Cmvi%2Cpl%2Cinitcwndbps&lsig=AG3C_xAwRQIgROC8Gm409E1qHPx-Hysg8NdwLcpjMOU6l4WFHk6mHnUCIQCjXqRiQ68ICn24_ovhr8bsco8GKXD1d8CqAho1vD85pQ%3D%3D&sig=AOq0QJ8wRAIgQDLxtr84OMwg2rCBUs-6UX9OZUjtVuymmEwS6b_88OkCIE6xtUjwPi4e_wln1CEgoQ23rc7IQp6DakkhdPRpI6T0&ratebypass=yes", "player_url": "/s/player/5dd3f3b2/player_ias.vflset/en_US/base.js", "ext": "webm", "height": 360, "format_note": "360p", "vcodec": "vp9", "asr": null, "filesize": 474155, "fps": 25, "tbr": 30.422, "width": 360, "acodec": "none", "downloader_options": {"http_chunk_size": 10485760}, "format": "243 - 360x360 (360p)", "protocol": "https", "http_headers": {"User-Agent": "Mozilla/5.0 (Windows NT 10.0; Win64; x64) AppleWebKit/537.36 (KHTML, like Gecko) Chrome/72.0.3626.92 Safari/537.36", "Accept-Charset": "ISO-8859-1,utf-8;q=0.7,*;q=0.7", "Accept": "text/html,application/xhtml+xml,application/xml;q=0.9,*/*;q=0.8", "Accept-Encoding": "gzip, deflate", "Accept-Language": "en-us,en;q=0.5"}}, {"format_id": "160", "url": "https://r4---sn-5njj-u2xl.googlevideo.com/videoplayback?expire=1608639815&ei=5pDhX-aQOMv6gQP2gbzgCA&ip=140.109.134.236&id=o-AELXvrTZCGuir-ONbKx7_qJWWbnxiabR_kj31F_8ntgl&itag=160&aitags=133%2C134%2C135%2C136%2C137%2C160%2C242%2C243%2C244%2C247%2C248%2C278&source=youtube&requiressl=yes&mh=bI&mm=31%2C29&mn=sn-5njj-u2xl%2Csn-un57en7s&ms=au%2Crdu&mv=m&mvi=4&pl=16&gcr=tw&initcwndbps=397500&vprv=1&mime=video%2Fmp4&ns=c-H_Cn9Swc-UePlR7zSRbSgF&gir=yes&clen=506855&dur=137.400&lmt=1603968001831344&mt=1608617798&fvip=4&keepalive=yes&c=WEB&txp=2311222&n=435vfkZ3Jq6BDyON&sparams=expire%2Cei%2Cip%2Cid%2Caitags%2Csource%2Crequiressl%2Cgcr%2Cvprv%2Cmime%2Cns%2Cgir%2Cclen%2Cdur%2Clmt&lsparams=mh%2Cmm%2Cmn%2Cms%2Cmv%2Cmvi%2Cpl%2Cinitcwndbps&lsig=AG3C_xAwRgIhAJXUQ8jNxnenf8b4E9Q_v4PHIr5g48NYPRUI-meNZPnSAiEA446WlzYUzFrOo_tXwEf02WEfLlsILGgauqctd9PYeTE%3D&sig=AOq0QJ8wRQIhAOsHC3uuGfsOQX7hvJYDukg0brVs7GLyhV-KbfLrQdUmAiAGyxxivgM0lG35CtGdKMYEPCE9A5xtRDPjzbM_uBM1mg==&ratebypass=yes", "player_url": "/s/player/5dd3f3b2/player_ias.vflset/en_US/base.js", "ext": "mp4", "height": 144, "format_note": "144p", "vcodec": "avc1.4d400b", "asr": null, "filesize": 506855, "fps": 25, "tbr": 35.003, "width": 144, "acodec": "none", "downloader_options": {"http_chunk_size": 10485760}, "format": "160 - 144x144 (144p)", "protocol": "https", "http_headers": {"User-Agent": "Mozilla/5.0 (Windows NT 10.0; Win64; x64) AppleWebKit/537.36 (KHTML, like Gecko) Chrome/72.0.3626.92 Safari/537.36", "Accept-Charset": "ISO-8859-1,utf-8;q=0.7,*;q=0.7", "Accept": "text/html,application/xhtml+xml,application/xml;q=0.9,*/*;q=0.8", "Accept-Encoding": "gzip, deflate", "Accept-Language": "en-us,en;q=0.5"}}, {"format_id": "244", "url": "https://r4---sn-5njj-u2xl.googlevideo.com/videoplayback?expire=1608639815&ei=5pDhX-aQOMv6gQP2gbzgCA&ip=140.109.134.236&id=o-AELXvrTZCGuir-ONbKx7_qJWWbnxiabR_kj31F_8ntgl&itag=244&aitags=133%2C134%2C135%2C136%2C137%2C160%2C242%2C243%2C244%2C247%2C248%2C278&source=youtube&requiressl=yes&mh=bI&mm=31%2C29&mn=sn-5njj-u2xl%2Csn-un57en7s&ms=au%2Crdu&mv=m&mvi=4&pl=16&gcr=tw&initcwndbps=397500&vprv=1&mime=video%2Fwebm&ns=c-H_Cn9Swc-UePlR7zSRbSgF&gir=yes&clen=585420&dur=137.400&lmt=1603968597338087&mt=1608617798&fvip=4&keepalive=yes&c=WEB&txp=2316224&n=435vfkZ3Jq6BDyON&sparams=expire%2Cei%2Cip%2Cid%2Caitags%2Csource%2Crequiressl%2Cgcr%2Cvprv%2Cmime%2Cns%2Cgir%2Cclen%2Cdur%2Clmt&lsparams=mh%2Cmm%2Cmn%2Cms%2Cmv%2Cmvi%2Cpl%2Cinitcwndbps&lsig=AG3C_xAwRAIgYvbflwrBQ9uMNZ-guWtGjfHBU3U76fAp9GtejI8VBsICIC4x5awVAypnZLgfu_HzRMFgokjIYeDphyc4PQ9lv4o5&sig=AOq0QJ8wRQIgajqiL4f_E9Txu9xmVxryMZJfM8131bi7Td-P9IEYpKECIQD6Oy3fgSuqbERVzXHh-zPBGEo2CmU00K8iHWq4Vp7TSA==&ratebypass=yes", "player_url": "/s/player/5dd3f3b2/player_ias.vflset/en_US/base.js", "ext": "webm", "height": 480, "format_note": "480p", "vcodec": "vp9", "asr": null, "filesize": 585420, "fps": 25, "tbr": 38.342, "width": 480, "acodec": "none", "downloader_options": {"http_chunk_size": 10485760}, "format": "244 - 480x480 (480p)", "protocol": "https", "http_headers": {"User-Agent": "Mozilla/5.0 (Windows NT 10.0; Win64; x64) AppleWebKit/537.36 (KHTML, like Gecko) Chrome/72.0.3626.92 Safari/537.36", "Accept-Charset": "ISO-8859-1,utf-8;q=0.7,*;q=0.7", "Accept": "text/html,application/xhtml+xml,application/xml;q=0.9,*/*;q=0.8", "Accept-Encoding": "gzip, deflate", "Accept-Language": "en-us,en;q=0.5"}}, {"format_id": "135", "url": "https://r4---sn-5njj-u2xl.googlevideo.com/videoplayback?expire=1608639815&ei=5pDhX-aQOMv6gQP2gbzgCA&ip=140.109.134.236&id=o-AELXvrTZCGuir-ONbKx7_qJWWbnxiabR_kj31F_8ntgl&itag=135&aitags=133%2C134%2C135%2C136%2C137%2C160%2C242%2C243%2C244%2C247%2C248%2C278&source=youtube&requiressl=yes&mh=bI&mm=31%2C29&mn=sn-5njj-u2xl%2Csn-un57en7s&ms=au%2Crdu&mv=m&mvi=4&pl=16&gcr=tw&initcwndbps=397500&vprv=1&mime=video%2Fmp4&ns=c-H_Cn9Swc-UePlR7zSRbSgF&gir=yes&clen=861318&dur=137.400&lmt=1603968001824284&mt=1608617798&fvip=4&keepalive=yes&c=WEB&txp=2311222&n=435vfkZ3Jq6BDyON&sparams=expire%2Cei%2Cip%2Cid%2Caitags%2Csource%2Crequiressl%2Cgcr%2Cvprv%2Cmime%2Cns%2Cgir%2Cclen%2Cdur%2Clmt&lsparams=mh%2Cmm%2Cmn%2Cms%2Cmv%2Cmvi%2Cpl%2Cinitcwndbps&lsig=AG3C_xAwRQIgeTuXtN1In-HSA37dVQssmdxU3XfsL0s9Lk7Ucb026cgCIQDEKr_6UbVkyn8o7ov9EAAJlglruAw23VHaue6g06vnmA%3D%3D&sig=AOq0QJ8wRgIhAOSXqsVE9d926hUzprdGdsyR7i5sHWezqGRaWNUbRaawAiEA4ew2S_WTvaE15Z-rGqRSA5pMeND4_llppo-0nGPObfg=&ratebypass=yes", "player_url": "/s/player/5dd3f3b2/player_ias.vflset/en_US/base.js", "ext": "mp4", "height": 480, "format_note": "480p", "vcodec": "avc1.4d401e", "asr": null, "filesize": 861318, "fps": 25, "tbr": 57.431, "width": 480, "acodec": "none", "downloader_options": {"http_chunk_size": 10485760}, "format": "135 - 480x480 (480p)", "protocol": "https", "http_headers": {"User-Agent": "Mozilla/5.0 (Windows NT 10.0; Win64; x64) AppleWebKit/537.36 (KHTML, like Gecko) Chrome/72.0.3626.92 Safari/537.36", "Accept-Charset": "ISO-8859-1,utf-8;q=0.7,*;q=0.7", "Accept": "text/html,application/xhtml+xml,application/xml;q=0.9,*/*;q=0.8", "Accept-Encoding": "gzip, deflate", "Accept-Language": "en-us,en;q=0.5"}}, {"format_id": "247", "url": "https://r4---sn-5njj-u2xl.googlevideo.com/videoplayback?expire=1608639815&ei=5pDhX-aQOMv6gQP2gbzgCA&ip=140.109.134.236&id=o-AELXvrTZCGuir-ONbKx7_qJWWbnxiabR_kj31F_8ntgl&itag=247&aitags=133%2C134%2C135%2C136%2C137%2C160%2C242%2C243%2C244%2C247%2C248%2C278&source=youtube&requiressl=yes&mh=bI&mm=31%2C29&mn=sn-5njj-u2xl%2Csn-un57en7s&ms=au%2Crdu&mv=m&mvi=4&pl=16&gcr=tw&initcwndbps=397500&vprv=1&mime=video%2Fwebm&ns=c-H_Cn9Swc-UePlR7zSRbSgF&gir=yes&clen=1025785&dur=137.400&lmt=1603968597375000&mt=1608617798&fvip=4&keepalive=yes&c=WEB&txp=2316224&n=435vfkZ3Jq6BDyON&sparams=expire%2Cei%2Cip%2Cid%2Caitags%2Csource%2Crequiressl%2Cgcr%2Cvprv%2Cmime%2Cns%2Cgir%2Cclen%2Cdur%2Clmt&lsparams=mh%2Cmm%2Cmn%2Cms%2Cmv%2Cmvi%2Cpl%2Cinitcwndbps&lsig=AG3C_xAwRQIhAJgNPTs4mBDo9ViYeGAz8Fr1fBbu1oniZ-m8AcGMkLNhAiA3DNN082kYmG_6cUFEsI-452vLa9_5P-HMH-v4NKk5tA%3D%3D&sig=AOq0QJ8wRAIgILfonIvEA4MFIKO3TZDlswteuon9vi-bmkrN_-52kbQCIGOImwBPbe_glPj4vCFXBqTFwDfHdEnHJ16viF2UzXlI&ratebypass=yes", "player_url": "/s/player/5dd3f3b2/player_ias.vflset/en_US/base.js", "ext": "webm", "height": 720, "format_note": "720p", "vcodec": "vp9", "asr": null, "filesize": 1025785, "fps": 25, "tbr": 69.803, "width": 720, "acodec": "none", "downloader_options": {"http_chunk_size": 10485760}, "format": "247 - 720x720 (720p)", "protocol": "https", "http_headers": {"User-Agent": "Mozilla/5.0 (Windows NT 10.0; Win64; x64) AppleWebKit/537.36 (KHTML, like Gecko) Chrome/72.0.3626.92 Safari/537.36", "Accept-Charset": "ISO-8859-1,utf-8;q=0.7,*;q=0.7", "Accept": "text/html,application/xhtml+xml,application/xml;q=0.9,*/*;q=0.8", "Accept-Encoding": "gzip, deflate", "Accept-Language": "en-us,en;q=0.5"}}, {"format_id": "133", "url": "https://r4---sn-5njj-u2xl.googlevideo.com/videoplayback?expire=1608639815&ei=5pDhX-aQOMv6gQP2gbzgCA&ip=140.109.134.236&id=o-AELXvrTZCGuir-ONbKx7_qJWWbnxiabR_kj31F_8ntgl&itag=133&aitags=133%2C134%2C135%2C136%2C137%2C160%2C242%2C243%2C244%2C247%2C248%2C278&source=youtube&requiressl=yes&mh=bI&mm=31%2C29&mn=sn-5njj-u2xl%2Csn-un57en7s&ms=au%2Crdu&mv=m&mvi=4&pl=16&gcr=tw&initcwndbps=397500&vprv=1&mime=video%2Fmp4&ns=c-H_Cn9Swc-UePlR7zSRbSgF&gir=yes&clen=1117796&dur=137.400&lmt=1603968001862263&mt=1608617798&fvip=4&keepalive=yes&c=WEB&txp=2311222&n=435vfkZ3Jq6BDyON&sparams=expire%2Cei%2Cip%2Cid%2Caitags%2Csource%2Crequiressl%2Cgcr%2Cvprv%2Cmime%2Cns%2Cgir%2Cclen%2Cdur%2Clmt&lsparams=mh%2Cmm%2Cmn%2Cms%2Cmv%2Cmvi%2Cpl%2Cinitcwndbps&lsig=AG3C_xAwRQIhAPKRpdk9cuzqmIBt31eApP39T6AavTWji40tZXJt800LAiAgkM5RdoV8iOzs84g-Ew9p4-mku58GIHBcAoquGR4-Uw%3D%3D&sig=AOq0QJ8wRQIgAq7AkIhQIf8uL8ZACQNs4_5pC-TL5ANiEdKnFeO9cxYCIQDwdsCECfCv9Oc_NSFlXiZhMd0M2EQZUY3Eb95huJKvJg==&ratebypass=yes", "player_url": "/s/player/5dd3f3b2/player_ias.vflset/en_US/base.js", "ext": "mp4", "height": 240, "format_note": "240p", "vcodec": "avc1.4d400c", "asr": null, "filesize": 1117796, "fps": 25, "tbr": 80.61, "width": 240, "acodec": "none", "downloader_options": {"http_chunk_size": 10485760}, "format": "133 - 240x240 (240p)", "protocol": "https", "http_headers": {"User-Agent": "Mozilla/5.0 (Windows NT 10.0; Win64; x64) AppleWebKit/537.36 (KHTML, like Gecko) Chrome/72.0.3626.92 Safari/537.36", "Accept-Charset": "ISO-8859-1,utf-8;q=0.7,*;q=0.7", "Accept": "text/html,application/xhtml+xml,application/xml;q=0.9,*/*;q=0.8", "Accept-Encoding": "gzip, deflate", "Accept-Language": "en-us,en;q=0.5"}}, {"format_id": "136", "url": "https://r4---sn-5njj-u2xl.googlevideo.com/videoplayback?expire=1608639815&ei=5pDhX-aQOMv6gQP2gbzgCA&ip=140.109.134.236&id=o-AELXvrTZCGuir-ONbKx7_qJWWbnxiabR_kj31F_8ntgl&itag=136&aitags=133%2C134%2C135%2C136%2C137%2C160%2C242%2C243%2C244%2C247%2C248%2C278&source=youtube&requiressl=yes&mh=bI&mm=31%2C29&mn=sn-5njj-u2xl%2Csn-un57en7s&ms=au%2Crdu&mv=m&mvi=4&pl=16&gcr=tw&initcwndbps=397500&vprv=1&mime=video%2Fmp4&ns=c-H_Cn9Swc-UePlR7zSRbSgF&gir=yes&clen=1728747&dur=137.400&lmt=1603968001975071&mt=1608617798&fvip=4&keepalive=yes&c=WEB&txp=2311222&n=435vfkZ3Jq6BDyON&sparams=expire%2Cei%2Cip%2Cid%2Caitags%2Csource%2Crequiressl%2Cgcr%2Cvprv%2Cmime%2Cns%2Cgir%2Cclen%2Cdur%2Clmt&lsparams=mh%2Cmm%2Cmn%2Cms%2Cmv%2Cmvi%2Cpl%2Cinitcwndbps&lsig=AG3C_xAwRgIhALCbFmGx8zEVSdhe1IKRfEDvHxjpHl6iDe5sSFy3qLUQAiEA8JxPnn2GRoZmLtghOrhz33lX6-Nwx2cYhnvnJ2E7LPo%3D&sig=AOq0QJ8wRAIgQHrTafs3ir95LUZB2KDgE7EHV3c9xfNqWEIdI4WXKlcCIC5Lqb9tbC318_466HIo2dmlfaP9Vd_f5EceZJK0okb7&ratebypass=yes", "player_url": "/s/player/5dd3f3b2/player_ias.vflset/en_US/base.js", "ext": "mp4", "height": 720, "format_note": "720p", "vcodec": "avc1.4d401f", "asr": null, "filesize": 1728747, "fps": 25, "tbr": 118.349, "width": 720, "acodec": "none", "downloader_options": {"http_chunk_size": 10485760}, "format": "136 - 720x720 (720p)", "protocol": "https", "http_headers": {"User-Agent": "Mozilla/5.0 (Windows NT 10.0; Win64; x64) AppleWebKit/537.36 (KHTML, like Gecko) Chrome/72.0.3626.92 Safari/537.36", "Accept-Charset": "ISO-8859-1,utf-8;q=0.7,*;q=0.7", "Accept": "text/html,application/xhtml+xml,application/xml;q=0.9,*/*;q=0.8", "Accept-Encoding": "gzip, deflate", "Accept-Language": "en-us,en;q=0.5"}}, {"format_id": "248", "url": "https://r4---sn-5njj-u2xl.googlevideo.com/videoplayback?expire=1608639815&ei=5pDhX-aQOMv6gQP2gbzgCA&ip=140.109.134.236&id=o-AELXvrTZCGuir-ONbKx7_qJWWbnxiabR_kj31F_8ntgl&itag=248&aitags=133%2C134%2C135%2C136%2C137%2C160%2C242%2C243%2C244%2C247%2C248%2C278&source=youtube&requiressl=yes&mh=bI&mm=31%2C29&mn=sn-5njj-u2xl%2Csn-un57en7s&ms=au%2Crdu&mv=m&mvi=4&pl=16&gcr=tw&initcwndbps=397500&vprv=1&mime=video%2Fwebm&ns=c-H_Cn9Swc-UePlR7zSRbSgF&gir=yes&clen=3082998&dur=137.400&lmt=1603968595553555&mt=1608617798&fvip=4&keepalive=yes&c=WEB&txp=2316224&n=435vfkZ3Jq6BDyON&sparams=expire%2Cei%2Cip%2Cid%2Caitags%2Csource%2Crequiressl%2Cgcr%2Cvprv%2Cmime%2Cns%2Cgir%2Cclen%2Cdur%2Clmt&lsparams=mh%2Cmm%2Cmn%2Cms%2Cmv%2Cmvi%2Cpl%2Cinitcwndbps&lsig=AG3C_xAwRgIhAME-0bmgxcMLt4WifTkNa7icVpY3u8EC_kDiYpMBSizhAiEAizGbdENeXuhR99Fxxvy-dviNRLWE1evqbYX8xGhBZTU%3D&sig=AOq0QJ8wRgIhAOYxgNC27M_Ay6E32bWk1Co3uNMFTbdReljyW3Eg7jOnAiEAy1oglcLy_EuvDmtGanhjW-5E60WlXbTv8Hgdivcn13U=&ratebypass=yes", "player_url": "/s/player/5dd3f3b2/player_ias.vflset/en_US/base.js", "ext": "webm", "height": 1080, "format_note": "1080p", "vcodec": "vp9", "asr": null, "filesize": 3082998, "fps": 25, "tbr": 190.179, "width": 1080, "acodec": "none", "downloader_options": {"http_chunk_size": 10485760}, "format": "248 - 1080x1080 (1080p)", "protocol": "https", "http_headers": {"User-Agent": "Mozilla/5.0 (Windows NT 10.0; Win64; x64) AppleWebKit/537.36 (KHTML, like Gecko) Chrome/72.0.3626.92 Safari/537.36", "Accept-Charset": "ISO-8859-1,utf-8;q=0.7,*;q=0.7", "Accept": "text/html,application/xhtml+xml,application/xml;q=0.9,*/*;q=0.8", "Accept-Encoding": "gzip, deflate", "Accept-Language": "en-us,en;q=0.5"}}, {"format_id": "137", "url": "https://r4---sn-5njj-u2xl.googlevideo.com/videoplayback?expire=1608639815&ei=5pDhX-aQOMv6gQP2gbzgCA&ip=140.109.134.236&id=o-AELXvrTZCGuir-ONbKx7_qJWWbnxiabR_kj31F_8ntgl&itag=137&aitags=133%2C134%2C135%2C136%2C137%2C160%2C242%2C243%2C244%2C247%2C248%2C278&source=youtube&requiressl=yes&mh=bI&mm=31%2C29&mn=sn-5njj-u2xl%2Csn-un57en7s&ms=au%2Crdu&mv=m&mvi=4&pl=16&gcr=tw&initcwndbps=397500&vprv=1&mime=video%2Fmp4&ns=c-H_Cn9Swc-UePlR7zSRbSgF&gir=yes&clen=4251752&dur=137.400&lmt=1603968001886539&mt=1608617798&fvip=4&keepalive=yes&c=WEB&txp=2311222&n=435vfkZ3Jq6BDyON&sparams=expire%2Cei%2Cip%2Cid%2Caitags%2Csource%2Crequiressl%2Cgcr%2Cvprv%2Cmime%2Cns%2Cgir%2Cclen%2Cdur%2Clmt&lsparams=mh%2Cmm%2Cmn%2Cms%2Cmv%2Cmvi%2Cpl%2Cinitcwndbps&lsig=AG3C_xAwRQIgXdkIwmgLPZrLlqLRFi-yZRcwpB2cXuNmPdut-23WyS0CIQCqxnrDnjbWQZc_RfBXYy2sjgfFkG3pvN6b9PkTeCjsBQ%3D%3D&sig=AOq0QJ8wRgIhAJUy-N2uHwjaZp_-vuiCij2DWxl7NwT47Avli9F9ZjMFAiEA7aN0bJTdLFu-F6H51-qA0c1jtsR0TXyT08Pw4x5icN4=&ratebypass=yes", "player_url": "/s/player/5dd3f3b2/player_ias.vflset/en_US/base.js", "ext": "mp4", "height": 1080, "format_note": "1080p", "vcodec": "avc1.640020", "asr": null, "filesize": 4251752, "fps": 25, "tbr": 290.228, "width": 1080, "acodec": "none", "downloader_options": {"http_chunk_size": 10485760}, "format": "137 - 1080x1080 (1080p)", "protocol": "https", "http_headers": {"User-Agent": "Mozilla/5.0 (Windows NT 10.0; Win64; x64) AppleWebKit/537.36 (KHTML, like Gecko) Chrome/72.0.3626.92 Safari/537.36", "Accept-Charset": "ISO-8859-1,utf-8;q=0.7,*;q=0.7", "Accept": "text/html,application/xhtml+xml,application/xml;q=0.9,*/*;q=0.8", "Accept-Encoding": "gzip, deflate", "Accept-Language": "en-us,en;q=0.5"}}, {"format_id": "18", "url": "https://r4---sn-5njj-u2xl.googlevideo.com/videoplayback?expire=1608639815&ei=5pDhX-aQOMv6gQP2gbzgCA&ip=140.109.134.236&id=o-AELXvrTZCGuir-ONbKx7_qJWWbnxiabR_kj31F_8ntgl&itag=18&source=youtube&requiressl=yes&mh=bI&mm=31%2C29&mn=sn-5njj-u2xl%2Csn-un57en7s&ms=au%2Crdu&mv=m&mvi=4&pl=16&gcr=tw&initcwndbps=397500&vprv=1&mime=video%2Fmp4&ns=AULTsQd8OdiyJNrY-0frFv4F&gir=yes&clen=2324905&ratebypass=yes&dur=137.438&lmt=1603966680200444&mt=1608617798&fvip=4&c=WEB&txp=2310222&n=A7lIPa-xnmIezJ3F&sparams=expire%2Cei%2Cip%2Cid%2Citag%2Csource%2Crequiressl%2Cgcr%2Cvprv%2Cmime%2Cns%2Cgir%2Cclen%2Cratebypass%2Cdur%2Clmt&lsparams=mh%2Cmm%2Cmn%2Cms%2Cmv%2Cmvi%2Cpl%2Cinitcwndbps&lsig=AG3C_xAwRgIhAPT2YVpYpPaPQPTea4mrRg8SPVY02K-MTJHKwnpRw7-xAiEAyaKNA0FpMo78adsiYUcc3l3cQP492StpMKy5ktrlW6c%3D&sig=AOq0QJ8wRQIgO1AZXV2DLoCScBx46kOqSaZczvUx23a_Dzxnci78J0UCIQDZFEDb2H9DPR1KydG2WYuR1Snz_udmua3zicxHYAMWnQ==", "player_url": "/s/player/5dd3f3b2/player_ias.vflset/en_US/base.js", "ext": "mp4", "width": 360, "height": 360, "acodec": "mp4a.40.2", "abr": 96, "vcodec": "avc1.42001E", "asr": 44100, "filesize": 2324905, "format_note": "360p", "fps": 25, "tbr": 135.365, "format": "18 - 360x360 (360p)", "protocol": "https", "http_headers": {"User-Agent": "Mozilla/5.0 (Windows NT 10.0; Win64; x64) AppleWebKit/537.36 (KHTML, like Gecko) Chrome/72.0.3626.92 Safari/537.36", "Accept-Charset": "ISO-8859-1,utf-8;q=0.7,*;q=0.7", "Accept": "text/html,application/xhtml+xml,application/xml;q=0.9,*/*;q=0.8", "Accept-Encoding": "gzip, deflate", "Accept-Language": "en-us,en;q=0.5"}}], "is_live": null, "start_time": null, "end_time": null, "series": null, "season_number": null, "episode_number": null, "track": "Light", "artist": "Javi Lobe", "album": "Light", "release_date": "20201127", "release_year": 2020, "extractor": "youtube", "webpage_url_basename": "watch", "extractor_key": "Youtube", "playlist": null, "playlist_index": null, "thumbnail": "https://i.ytimg.com/vi_webp/sA9ac1rod84/maxresdefault.webp", "display_id": "sA9ac1rod84", "requested_subtitles": null, "format_id": "251", "url": "https://r4---sn-5njj-u2xl.googlevideo.com/videoplayback?expire=1608639815&ei=5pDhX-aQOMv6gQP2gbzgCA&ip=140.109.134.236&id=o-AELXvrTZCGuir-ONbKx7_qJWWbnxiabR_kj31F_8ntgl&itag=251&source=youtube&requiressl=yes&mh=bI&mm=31%2C29&mn=sn-5njj-u2xl%2Csn-un57en7s&ms=au%2Crdu&mv=m&mvi=4&pl=16&gcr=tw&initcwndbps=397500&vprv=1&mime=audio%2Fwebm&ns=c-H_Cn9Swc-UePlR7zSRbSgF&gir=yes&clen=2511310&dur=137.421&lmt=1603968625741801&mt=1608617798&fvip=4&keepalive=yes&c=WEB&txp=2311224&n=435vfkZ3Jq6BDyON&sparams=expire%2Cei%2Cip%2Cid%2Citag%2Csource%2Crequiressl%2Cgcr%2Cvprv%2Cmime%2Cns%2Cgir%2Cclen%2Cdur%2Clmt&lsparams=mh%2Cmm%2Cmn%2Cms%2Cmv%2Cmvi%2Cpl%2Cinitcwndbps&lsig=AG3C_xAwRgIhAP5_Qc93FYxTvxHZV10Fzimc0DG3XEGyyuN_QmB3yQ9nAiEAoFYDHHNiSn-MG-QKZVIZByZbuy1eFmBDyRkh7iU4i-A%3D&sig=AOq0QJ8wRQIgVq9mqLal5NiVUAtkome2BwrAEdCuAr-oWFYQwhetzfcCIQD3HCXpf8g74LNiZke-gG8rM0BdYRHWsD2c0byP5RDHXw==&ratebypass=yes", "player_url": "/s/player/5dd3f3b2/player_ias.vflset/en_US/base.js", "ext": "webm", "format_note": "tiny", "acodec": "opus", "abr": 160, "asr": 48000, "filesize": 2511310, "fps": null, "height": null, "tbr": 149.555, "width": null, "vcodec": "none", "downloader_options": {"http_chunk_size": 10485760}, "format": "251 - audio only (tiny)", "protocol": "https", "http_headers": {"User-Agent": "Mozilla/5.0 (Windows NT 10.0; Win64; x64) AppleWebKit/537.36 (KHTML, like Gecko) Chrome/72.0.3626.92 Safari/537.36", "Accept-Charset": "ISO-8859-1,utf-8;q=0.7,*;q=0.7", "Accept": "text/html,application/xhtml+xml,application/xml;q=0.9,*/*;q=0.8", "Accept-Encoding": "gzip, deflate", "Accept-Language": "en-us,en;q=0.5"}}