{"id": "uUtnyA6tLnI", "uploader": "APX PIANO", "uploader_id": "UCPPGD9EVFhrbzV4r3fJPB5w", "uploader_url": "http://www.youtube.com/channel/UCPPGD9EVFhrbzV4r3fJPB5w", "channel_id": "UCPPGD9EVFhrbzV4r3fJPB5w", "channel_url": "http://www.youtube.com/channel/UCPPGD9EVFhrbzV4r3fJPB5w", "upload_date": "20201203", "license": null, "creator": null, "title": "Zuzana Kudova\u0301 - Prozati\u0301m", "alt_title": null, "thumbnails": [{"url": "https://i.ytimg.com/vi/uUtnyA6tLnI/hqdefault.jpg?sqp=-oaymwEYCKgBEF5IVfKriqkDCwgBFQAAiEIYAXAB&rs=AOn4CLBSw-NkEDVWjHr8AsnApvPKszDDUg", "width": 168, "height": 94, "resolution": "168x94", "id": "0"}, {"url": "https://i.ytimg.com/vi/uUtnyA6tLnI/hqdefault.jpg?sqp=-oaymwEYCMQBEG5IVfKriqkDCwgBFQAAiEIYAXAB&rs=AOn4CLDoThTGXp7Ij0L4e9WWA-03oqfqeA", "width": 196, "height": 110, "resolution": "196x110", "id": "1"}, {"url": "https://i.ytimg.com/vi/uUtnyA6tLnI/hqdefault.jpg?sqp=-oaymwEZCPYBEIoBSFXyq4qpAwsIARUAAIhCGAFwAQ==&rs=AOn4CLBYyqucqldmd2GeWUMYlGUfhayrMQ", "width": 246, "height": 138, "resolution": "246x138", "id": "2"}, {"url": "https://i.ytimg.com/vi/uUtnyA6tLnI/hqdefault.jpg?sqp=-oaymwEZCNACELwBSFXyq4qpAwsIARUAAIhCGAFwAQ==&rs=AOn4CLDsOU9_Q_5JtW5SlYCrXmE6TE9-lQ", "width": 336, "height": 188, "resolution": "336x188", "id": "3"}, {"url": "https://i.ytimg.com/vi_webp/uUtnyA6tLnI/maxresdefault.webp", "width": 1920, "height": 1080, "resolution": "1920x1080", "id": "4"}], "description": "Piano music for study, deep relaxation and sleep.\n\nPlay this instrumental music in the background and use it as concentration music, focus music, sleep music or music for reading.\n\nIt can help you with a good night sleep, memory retention if you are studying for a test, finishing your homework or just listening as work music.\n\nPlease feel free to leave your comments and suggestions and to share your love by liking this video and subscribing to our channel.\n\nListen on Spotify: \n\nhttps://open.spotify.com/album/4oAdXNNPtmelprKFkP4d6G?si=1mcR419ZTeKkDla9UB8v7w", "categories": ["Music"], "tags": ["music", "piano", "sleep", "deep relaxation", "study", "concentration", "sleeping", "relax", "work music", "studying", "memory", "focus"], "subtitles": {}, "automatic_captions": {}, "duration": 124, "age_limit": 0, "annotations": null, "chapters": null, "webpage_url": "https://www.youtube.com/watch?v=uUtnyA6tLnI", "view_count": 15, "like_count": 2, "dislike_count": null, "average_rating": 5.0, "formats": [{"ext": "m4a", "format_note": "DASH audio", "acodec": "mp4a.40.5", "abr": 48, "container": "m4a_dash", "format_id": "139", "manifest_url": "https://manifest.googlevideo.com/api/manifest/dash/expire/1609159336/ei/SH7pX8Ylg-CAA5f0pdAG/ip/140.109.135.166/id/b94b67c80ead2e72/source/youtube/requiressl/yes/playback_host/r4---sn-5njj-u2xl.googlevideo.com/mh/kR/mm/31%2C29/mn/sn-5njj-u2xl%2Csn-un57en7e/ms/au%2Crdu/mv/m/mvi/4/pcm2cms/yes/pl/16/hfr/all/as/fmp4_audio_clear%2Cwebm_audio_clear%2Cwebm2_audio_clear%2Cfmp4_sd_hd_clear%2Cwebm2_sd_hd_clear/initcwndbps/375000/vprv/1/mt/1609137405/fvip/4/keepalive/yes/itag/0/sparams/expire%2Cei%2Cip%2Cid%2Csource%2Crequiressl%2Chfr%2Cas%2Cvprv%2Citag/sig/AOq0QJ8wRQIhAPgbd1WtkSi2CB6qwcqBp4VE0AeO16Z6MUM-5TlhaO-hAiBi0bGRrq9maCEo0VGo7XZmwmHNvYhfmS7SYyfnvgfSpQ%3D%3D/lsparams/playback_host%2Cmh%2Cmm%2Cmn%2Cms%2Cmv%2Cmvi%2Cpcm2cms%2Cpl%2Cinitcwndbps/lsig/AG3C_xAwRQIhALKVSV5TIhUtxIoeJ4qqDZkoF0lulNraeTt_6dS-ztv7AiBvz-YVnWy-25ux4xzP3c_NRdRyBXpz4fKQM1NBFHJOYg%3D%3D", "width": null, "height": null, "tbr": 49.754, "asr": 22050, "fps": null, "language": null, "filesize": null, "vcodec": "none", "url": "https://manifest.googlevideo.com/api/manifest/dash/expire/1609159336/ei/SH7pX8Ylg-CAA5f0pdAG/ip/140.109.135.166/id/b94b67c80ead2e72/source/youtube/requiressl/yes/playback_host/r4---sn-5njj-u2xl.googlevideo.com/mh/kR/mm/31%2C29/mn/sn-5njj-u2xl%2Csn-un57en7e/ms/au%2Crdu/mv/m/mvi/4/pcm2cms/yes/pl/16/hfr/all/as/fmp4_audio_clear%2Cwebm_audio_clear%2Cwebm2_audio_clear%2Cfmp4_sd_hd_clear%2Cwebm2_sd_hd_clear/initcwndbps/375000/vprv/1/mt/1609137405/fvip/4/keepalive/yes/itag/0/sparams/expire%2Cei%2Cip%2Cid%2Csource%2Crequiressl%2Chfr%2Cas%2Cvprv%2Citag/sig/AOq0QJ8wRQIhAPgbd1WtkSi2CB6qwcqBp4VE0AeO16Z6MUM-5TlhaO-hAiBi0bGRrq9maCEo0VGo7XZmwmHNvYhfmS7SYyfnvgfSpQ%3D%3D/lsparams/playback_host%2Cmh%2Cmm%2Cmn%2Cms%2Cmv%2Cmvi%2Cpcm2cms%2Cpl%2Cinitcwndbps/lsig/AG3C_xAwRQIhALKVSV5TIhUtxIoeJ4qqDZkoF0lulNraeTt_6dS-ztv7AiBvz-YVnWy-25ux4xzP3c_NRdRyBXpz4fKQM1NBFHJOYg%3D%3D", "fragment_base_url": "https://r4---sn-5njj-u2xl.googlevideo.com/videoplayback/expire/1609159336/ei/SH7pX8Ylg-CAA5f0pdAG/ip/140.109.135.166/id/b94b67c80ead2e72/itag/139/source/youtube/requiressl/yes/mh/kR/mm/31,29/mn/sn-5njj-u2xl,sn-un57en7e/ms/au,rdu/mv/m/mvi/4/pcm2cms/yes/pl/16/initcwndbps/375000/vprv/1/ratebypass/yes/mime/audio%2Fmp4/otfp/1/gir/yes/clen/754858/lmt/1607004184097281/dur/123.669/mt/1609137405/fvip/4/keepalive/yes/sparams/expire,ei,ip,id,itag,source,requiressl,vprv,ratebypass,mime,otfp,gir,clen,lmt,dur/sig/AOq0QJ8wRAIgLj-VyhfTYDGkGixnjLtraTgBwxt_XaA8v4sAxipM-tECIH9XeETV94gqCV70ffQk1wEU8QVuSeU142rxHEfG941J/lsparams/mh,mm,mn,ms,mv,mvi,pcm2cms,pl,initcwndbps/lsig/AG3C_xAwRQIgHIny6aTwmNZsK4U-atBwHcaBPIPZXl2JEAewjcQAXBoCIQDtBOBprDDot3ZeZOoDhWQ9-0I5ijUKdWjh_O4buGwWCA%3D%3D/", "fragments": [{"path": "range/0-640"}, {"path": "range/829-62099", "duration": 9.985}, {"path": "range/62100-123110", "duration": 9.984}, {"path": "range/123111-183911", "duration": 9.985}, {"path": "range/183912-244700", "duration": 9.984}, {"path": "range/244701-305645", "duration": 9.985}, {"path": "range/305646-366599", "duration": 9.984}, {"path": "range/366600-427481", "duration": 9.985}, {"path": "range/427482-488293", "duration": 9.985}, {"path": "range/488294-549135", "duration": 9.984}, {"path": "range/549136-609993", "duration": 9.985}, {"path": "range/609994-670878", "duration": 9.984}, {"path": "range/670879-731862", "duration": 9.985}, {"path": "range/731863-754857", "duration": 3.855}], "protocol": "http_dash_segments", "format": "139 - audio only (DASH audio)", "http_headers": {"User-Agent": "Mozilla/5.0 (Windows NT 10.0; Win64; x64) AppleWebKit/537.36 (KHTML, like Gecko) Chrome/70.0.3538.61 Safari/537.36", "Accept-Charset": "ISO-8859-1,utf-8;q=0.7,*;q=0.7", "Accept": "text/html,application/xhtml+xml,application/xml;q=0.9,*/*;q=0.8", "Accept-Encoding": "gzip, deflate", "Accept-Language": "en-us,en;q=0.5"}}, {"ext": "m4a", "format_note": "DASH audio", "acodec": "mp4a.40.2", "abr": 128, "container": "m4a_dash", "format_id": "140", "manifest_url": "https://manifest.googlevideo.com/api/manifest/dash/expire/1609159336/ei/SH7pX8Ylg-CAA5f0pdAG/ip/140.109.135.166/id/b94b67c80ead2e72/source/youtube/requiressl/yes/playback_host/r4---sn-5njj-u2xl.googlevideo.com/mh/kR/mm/31%2C29/mn/sn-5njj-u2xl%2Csn-un57en7e/ms/au%2Crdu/mv/m/mvi/4/pcm2cms/yes/pl/16/hfr/all/as/fmp4_audio_clear%2Cwebm_audio_clear%2Cwebm2_audio_clear%2Cfmp4_sd_hd_clear%2Cwebm2_sd_hd_clear/initcwndbps/375000/vprv/1/mt/1609137405/fvip/4/keepalive/yes/itag/0/sparams/expire%2Cei%2Cip%2Cid%2Csource%2Crequiressl%2Chfr%2Cas%2Cvprv%2Citag/sig/AOq0QJ8wRQIhAPgbd1WtkSi2CB6qwcqBp4VE0AeO16Z6MUM-5TlhaO-hAiBi0bGRrq9maCEo0VGo7XZmwmHNvYhfmS7SYyfnvgfSpQ%3D%3D/lsparams/playback_host%2Cmh%2Cmm%2Cmn%2Cms%2Cmv%2Cmvi%2Cpcm2cms%2Cpl%2Cinitcwndbps/lsig/AG3C_xAwRQIhALKVSV5TIhUtxIoeJ4qqDZkoF0lulNraeTt_6dS-ztv7AiBvz-YVnWy-25ux4xzP3c_NRdRyBXpz4fKQM1NBFHJOYg%3D%3D", "width": null, "height": null, "tbr": 130.4, "asr": 44100, "fps": null, "language": null, "filesize": null, "vcodec": "none", "url": "https://manifest.googlevideo.com/api/manifest/dash/expire/1609159336/ei/SH7pX8Ylg-CAA5f0pdAG/ip/140.109.135.166/id/b94b67c80ead2e72/source/youtube/requiressl/yes/playback_host/r4---sn-5njj-u2xl.googlevideo.com/mh/kR/mm/31%2C29/mn/sn-5njj-u2xl%2Csn-un57en7e/ms/au%2Crdu/mv/m/mvi/4/pcm2cms/yes/pl/16/hfr/all/as/fmp4_audio_clear%2Cwebm_audio_clear%2Cwebm2_audio_clear%2Cfmp4_sd_hd_clear%2Cwebm2_sd_hd_clear/initcwndbps/375000/vprv/1/mt/1609137405/fvip/4/keepalive/yes/itag/0/sparams/expire%2Cei%2Cip%2Cid%2Csource%2Crequiressl%2Chfr%2Cas%2Cvprv%2Citag/sig/AOq0QJ8wRQIhAPgbd1WtkSi2CB6qwcqBp4VE0AeO16Z6MUM-5TlhaO-hAiBi0bGRrq9maCEo0VGo7XZmwmHNvYhfmS7SYyfnvgfSpQ%3D%3D/lsparams/playback_host%2Cmh%2Cmm%2Cmn%2Cms%2Cmv%2Cmvi%2Cpcm2cms%2Cpl%2Cinitcwndbps/lsig/AG3C_xAwRQIhALKVSV5TIhUtxIoeJ4qqDZkoF0lulNraeTt_6dS-ztv7AiBvz-YVnWy-25ux4xzP3c_NRdRyBXpz4fKQM1NBFHJOYg%3D%3D", "fragment_base_url": "https://r4---sn-5njj-u2xl.googlevideo.com/videoplayback/expire/1609159336/ei/SH7pX8Ylg-CAA5f0pdAG/ip/140.109.135.166/id/b94b67c80ead2e72/itag/140/source/youtube/requiressl/yes/mh/kR/mm/31,29/mn/sn-5njj-u2xl,sn-un57en7e/ms/au,rdu/mv/m/mvi/4/pcm2cms/yes/pl/16/initcwndbps/375000/vprv/1/ratebypass/yes/mime/audio%2Fmp4/otfp/1/gir/yes/clen/2000685/lmt/1607004184088335/dur/123.576/mt/1609137405/fvip/4/keepalive/yes/sparams/expire,ei,ip,id,itag,source,requiressl,vprv,ratebypass,mime,otfp,gir,clen,lmt,dur/sig/AOq0QJ8wRQIhANir911UcTzE2bNdN__o3EQ6JochxYDVdYMUwf9Urfq-AiB73GESiCprhZo9TmTIfzss0Y1nKicw7DeBi_o63Y3l4g%3D%3D/lsparams/mh,mm,mn,ms,mv,mvi,pcm2cms,pl,initcwndbps/lsig/AG3C_xAwRgIhAKnqXaSIYuoL7f6njqdlmU9yxUZUhHVT3f5Zkj9j5kd6AiEA4dXUUdnLQf-QKAfnhJl4ZAu0NL3ikIYvOUGjw33Ijm8%3D/", "fragments": [{"path": "range/0-631"}, {"path": "range/820-162755", "duration": 9.985}, {"path": "range/162756-324331", "duration": 9.984}, {"path": "range/324332-485880", "duration": 9.985}, {"path": "range/485881-647458", "duration": 9.984}, {"path": "range/647459-809139", "duration": 9.985}, {"path": "range/809140-970624", "duration": 9.984}, {"path": "range/970625-1132201", "duration": 9.985}, {"path": "range/1132202-1293820", "duration": 9.985}, {"path": "range/1293821-1455354", "duration": 9.984}, {"path": "range/1455355-1616926", "duration": 9.985}, {"path": "range/1616927-1778528", "duration": 9.984}, {"path": "range/1778529-1940118", "duration": 9.985}, {"path": "range/1940119-2000684", "duration": 3.855}], "protocol": "http_dash_segments", "format": "140 - audio only (DASH audio)", "http_headers": {"User-Agent": "Mozilla/5.0 (Windows NT 10.0; Win64; x64) AppleWebKit/537.36 (KHTML, like Gecko) Chrome/70.0.3538.61 Safari/537.36", "Accept-Charset": "ISO-8859-1,utf-8;q=0.7,*;q=0.7", "Accept": "text/html,application/xhtml+xml,application/xml;q=0.9,*/*;q=0.8", "Accept-Encoding": "gzip, deflate", "Accept-Language": "en-us,en;q=0.5"}}, {"ext": "webm", "format_note": "DASH audio", "acodec": "opus", "abr": 160, "format_id": "251", "manifest_url": "https://manifest.googlevideo.com/api/manifest/dash/expire/1609159336/ei/SH7pX8Ylg-CAA5f0pdAG/ip/140.109.135.166/id/b94b67c80ead2e72/source/youtube/requiressl/yes/playback_host/r4---sn-5njj-u2xl.googlevideo.com/mh/kR/mm/31%2C29/mn/sn-5njj-u2xl%2Csn-un57en7e/ms/au%2Crdu/mv/m/mvi/4/pcm2cms/yes/pl/16/hfr/all/as/fmp4_audio_clear%2Cwebm_audio_clear%2Cwebm2_audio_clear%2Cfmp4_sd_hd_clear%2Cwebm2_sd_hd_clear/initcwndbps/375000/vprv/1/mt/1609137405/fvip/4/keepalive/yes/itag/0/sparams/expire%2Cei%2Cip%2Cid%2Csource%2Crequiressl%2Chfr%2Cas%2Cvprv%2Citag/sig/AOq0QJ8wRQIhAPgbd1WtkSi2CB6qwcqBp4VE0AeO16Z6MUM-5TlhaO-hAiBi0bGRrq9maCEo0VGo7XZmwmHNvYhfmS7SYyfnvgfSpQ%3D%3D/lsparams/playback_host%2Cmh%2Cmm%2Cmn%2Cms%2Cmv%2Cmvi%2Cpcm2cms%2Cpl%2Cinitcwndbps/lsig/AG3C_xAwRQIhALKVSV5TIhUtxIoeJ4qqDZkoF0lulNraeTt_6dS-ztv7AiBvz-YVnWy-25ux4xzP3c_NRdRyBXpz4fKQM1NBFHJOYg%3D%3D", "width": null, "height": null, "tbr": 160.403, "asr": 48000, "fps": null, "language": null, "filesize": null, "container": "webm_dash", "vcodec": "none", "url": "https://manifest.googlevideo.com/api/manifest/dash/expire/1609159336/ei/SH7pX8Ylg-CAA5f0pdAG/ip/140.109.135.166/id/b94b67c80ead2e72/source/youtube/requiressl/yes/playback_host/r4---sn-5njj-u2xl.googlevideo.com/mh/kR/mm/31%2C29/mn/sn-5njj-u2xl%2Csn-un57en7e/ms/au%2Crdu/mv/m/mvi/4/pcm2cms/yes/pl/16/hfr/all/as/fmp4_audio_clear%2Cwebm_audio_clear%2Cwebm2_audio_clear%2Cfmp4_sd_hd_clear%2Cwebm2_sd_hd_clear/initcwndbps/375000/vprv/1/mt/1609137405/fvip/4/keepalive/yes/itag/0/sparams/expire%2Cei%2Cip%2Cid%2Csource%2Crequiressl%2Chfr%2Cas%2Cvprv%2Citag/sig/AOq0QJ8wRQIhAPgbd1WtkSi2CB6qwcqBp4VE0AeO16Z6MUM-5TlhaO-hAiBi0bGRrq9maCEo0VGo7XZmwmHNvYhfmS7SYyfnvgfSpQ%3D%3D/lsparams/playback_host%2Cmh%2Cmm%2Cmn%2Cms%2Cmv%2Cmvi%2Cpcm2cms%2Cpl%2Cinitcwndbps/lsig/AG3C_xAwRQIhALKVSV5TIhUtxIoeJ4qqDZkoF0lulNraeTt_6dS-ztv7AiBvz-YVnWy-25ux4xzP3c_NRdRyBXpz4fKQM1NBFHJOYg%3D%3D", "fragment_base_url": "https://r4---sn-5njj-u2xl.googlevideo.com/videoplayback/expire/1609159336/ei/SH7pX8Ylg-CAA5f0pdAG/ip/140.109.135.166/id/b94b67c80ead2e72/itag/251/source/youtube/requiressl/yes/mh/kR/mm/31,29/mn/sn-5njj-u2xl,sn-un57en7e/ms/au,rdu/mv/m/mvi/4/pcm2cms/yes/pl/16/initcwndbps/375000/vprv/1/ratebypass/yes/mime/audio%2Fwebm/otfp/1/gir/yes/clen/2393220/lmt/1607004181549752/dur/123.541/mt/1609137405/fvip/4/keepalive/yes/sparams/expire,ei,ip,id,itag,source,requiressl,vprv,ratebypass,mime,otfp,gir,clen,lmt,dur/sig/AOq0QJ8wRgIhANfDUkUHFH6_GNZRQFozsLol50iGhX960dFBS0xhO7okAiEAsQpdk4YkqNy-rZPExG9SzATbloiRHtbiRy9Jv_qS4F0%3D/lsparams/mh,mm,mn,ms,mv,mvi,pcm2cms,pl,initcwndbps/lsig/AG3C_xAwRgIhAIVT60_zA9wu9gr1Uk6mGvVQYKgr5SGsN3D1YTn5RJ9qAiEAnvEoM0aDeDL9uoxbG8LEQ4mqAYOniDeKgIo01V1YU6g%3D/", "fragments": [{"path": "range/0-265"}, {"path": "range/484-196341", "duration": 10.001}, {"path": "range/196342-389934", "duration": 10.0}, {"path": "range/389935-583854", "duration": 10.0}, {"path": "range/583855-777808", "duration": 10.0}, {"path": "range/777809-976701", "duration": 10.0}, {"path": "range/976702-1168908", "duration": 10.0}, {"path": "range/1168909-1369412", "duration": 10.0}, {"path": "range/1369413-1562121", "duration": 10.0}, {"path": "range/1562122-1757840", "duration": 10.0}, {"path": "range/1757841-1951118", "duration": 10.0}, {"path": "range/1951119-2149205", "duration": 10.0}, {"path": "range/2149206-2337976", "duration": 10.0}, {"path": "range/2337977-2393219", "duration": 3.54}], "protocol": "http_dash_segments", "format": "251 - audio only (DASH audio)", "http_headers": {"User-Agent": "Mozilla/5.0 (Windows NT 10.0; Win64; x64) AppleWebKit/537.36 (KHTML, like Gecko) Chrome/70.0.3538.61 Safari/537.36", "Accept-Charset": "ISO-8859-1,utf-8;q=0.7,*;q=0.7", "Accept": "text/html,application/xhtml+xml,application/xml;q=0.9,*/*;q=0.8", "Accept-Encoding": "gzip, deflate", "Accept-Language": "en-us,en;q=0.5"}}, {"ext": "webm", "height": 144, "format_note": "DASH video", "container": "webm_dash", "vcodec": "vp9", "format_id": "278", "manifest_url": "https://manifest.googlevideo.com/api/manifest/dash/expire/1609159336/ei/SH7pX8Ylg-CAA5f0pdAG/ip/140.109.135.166/id/b94b67c80ead2e72/source/youtube/requiressl/yes/playback_host/r4---sn-5njj-u2xl.googlevideo.com/mh/kR/mm/31%2C29/mn/sn-5njj-u2xl%2Csn-un57en7e/ms/au%2Crdu/mv/m/mvi/4/pcm2cms/yes/pl/16/hfr/all/as/fmp4_audio_clear%2Cwebm_audio_clear%2Cwebm2_audio_clear%2Cfmp4_sd_hd_clear%2Cwebm2_sd_hd_clear/initcwndbps/375000/vprv/1/mt/1609137405/fvip/4/keepalive/yes/itag/0/sparams/expire%2Cei%2Cip%2Cid%2Csource%2Crequiressl%2Chfr%2Cas%2Cvprv%2Citag/sig/AOq0QJ8wRQIhAPgbd1WtkSi2CB6qwcqBp4VE0AeO16Z6MUM-5TlhaO-hAiBi0bGRrq9maCEo0VGo7XZmwmHNvYhfmS7SYyfnvgfSpQ%3D%3D/lsparams/playback_host%2Cmh%2Cmm%2Cmn%2Cms%2Cmv%2Cmvi%2Cpcm2cms%2Cpl%2Cinitcwndbps/lsig/AG3C_xAwRQIhALKVSV5TIhUtxIoeJ4qqDZkoF0lulNraeTt_6dS-ztv7AiBvz-YVnWy-25ux4xzP3c_NRdRyBXpz4fKQM1NBFHJOYg%3D%3D", "width": 256, "tbr": 95.0, "asr": null, "fps": 25, "language": null, "filesize": null, "acodec": "none", "url": "https://manifest.googlevideo.com/api/manifest/dash/expire/1609159336/ei/SH7pX8Ylg-CAA5f0pdAG/ip/140.109.135.166/id/b94b67c80ead2e72/source/youtube/requiressl/yes/playback_host/r4---sn-5njj-u2xl.googlevideo.com/mh/kR/mm/31%2C29/mn/sn-5njj-u2xl%2Csn-un57en7e/ms/au%2Crdu/mv/m/mvi/4/pcm2cms/yes/pl/16/hfr/all/as/fmp4_audio_clear%2Cwebm_audio_clear%2Cwebm2_audio_clear%2Cfmp4_sd_hd_clear%2Cwebm2_sd_hd_clear/initcwndbps/375000/vprv/1/mt/1609137405/fvip/4/keepalive/yes/itag/0/sparams/expire%2Cei%2Cip%2Cid%2Csource%2Crequiressl%2Chfr%2Cas%2Cvprv%2Citag/sig/AOq0QJ8wRQIhAPgbd1WtkSi2CB6qwcqBp4VE0AeO16Z6MUM-5TlhaO-hAiBi0bGRrq9maCEo0VGo7XZmwmHNvYhfmS7SYyfnvgfSpQ%3D%3D/lsparams/playback_host%2Cmh%2Cmm%2Cmn%2Cms%2Cmv%2Cmvi%2Cpcm2cms%2Cpl%2Cinitcwndbps/lsig/AG3C_xAwRQIhALKVSV5TIhUtxIoeJ4qqDZkoF0lulNraeTt_6dS-ztv7AiBvz-YVnWy-25ux4xzP3c_NRdRyBXpz4fKQM1NBFHJOYg%3D%3D", "fragment_base_url": "https://r4---sn-5njj-u2xl.googlevideo.com/videoplayback/expire/1609159336/ei/SH7pX8Ylg-CAA5f0pdAG/ip/140.109.135.166/id/b94b67c80ead2e72/itag/278/source/yt_otf/requiressl/yes/mh/kR/mm/31,29/mn/sn-5njj-u2xl,sn-un57en7e/ms/au,rdu/mv/m/mvi/4/pcm2cms/yes/pl/16/initcwndbps/375000/vprv/1/ratebypass/yes/mime/video%2Fwebm/otfp/1/otf/1/lmt/1607004186002614/mt/1609137405/fvip/4/keepalive/yes/sparams/expire,ei,ip,id,itag,source,requiressl,vprv,ratebypass,mime,otfp,otf,lmt/sig/AOq0QJ8wRAIgJqaaeVPUvryLkvWA5AdR-3nWvdbakCDzE22aWghF3NMCIA-OFf-jziRS9xWShj8TwTSbhZa3KoV3jS2U_0ILaV1S/lsparams/mh,mm,mn,ms,mv,mvi,pcm2cms,pl,initcwndbps/lsig/AG3C_xAwRAIgNw6Xi8xzOQeWQtgzqzsMcC7b3P26JSBuZ7CQefpxC5MCIHXxN1QxHA-xffsdpYh3zFq14PCr6GBCC9lcq7Ejy8Mk/", "fragments": [{"path": "sq/0"}, {"path": "sq/1/dur/5.120", "duration": 5.12}, {"path": "sq/2/dur/5.120", "duration": 5.12}, {"path": "sq/3/dur/5.120", "duration": 5.12}, {"path": "sq/4/dur/5.120", "duration": 5.12}, {"path": "sq/5/dur/5.120", "duration": 5.12}, {"path": "sq/6/dur/5.120", "duration": 5.12}, {"path": "sq/7/dur/5.120", "duration": 5.12}, {"path": "sq/8/dur/5.120", "duration": 5.12}, {"path": "sq/9/dur/5.120", "duration": 5.12}, {"path": "sq/10/dur/5.120", "duration": 5.12}, {"path": "sq/11/dur/5.120", "duration": 5.12}, {"path": "sq/12/dur/5.120", "duration": 5.12}, {"path": "sq/13/dur/5.120", "duration": 5.12}, {"path": "sq/14/dur/5.120", "duration": 5.12}, {"path": "sq/15/dur/5.120", "duration": 5.12}, {"path": "sq/16/dur/5.120", "duration": 5.12}, {"path": "sq/17/dur/5.120", "duration": 5.12}, {"path": "sq/18/dur/5.120", "duration": 5.12}, {"path": "sq/19/dur/5.120", "duration": 5.12}, {"path": "sq/20/dur/5.120", "duration": 5.12}, {"path": "sq/21/dur/5.120", "duration": 5.12}, {"path": "sq/22/dur/5.120", "duration": 5.12}, {"path": "sq/23/dur/5.120", "duration": 5.12}, {"path": "sq/24/dur/5.760", "duration": 5.76}], "protocol": "http_dash_segments", "format": "278 - 256x144 (DASH video)", "http_headers": {"User-Agent": "Mozilla/5.0 (Windows NT 10.0; Win64; x64) AppleWebKit/537.36 (KHTML, like Gecko) Chrome/70.0.3538.61 Safari/537.36", "Accept-Charset": "ISO-8859-1,utf-8;q=0.7,*;q=0.7", "Accept": "text/html,application/xhtml+xml,application/xml;q=0.9,*/*;q=0.8", "Accept-Encoding": "gzip, deflate", "Accept-Language": "en-us,en;q=0.5"}}, {"ext": "mp4", "height": 360, "format_note": "DASH video", "vcodec": "avc1.4d401e", "format_id": "134", "manifest_url": "https://manifest.googlevideo.com/api/manifest/dash/expire/1609159336/ei/SH7pX8Ylg-CAA5f0pdAG/ip/140.109.135.166/id/b94b67c80ead2e72/source/youtube/requiressl/yes/playback_host/r4---sn-5njj-u2xl.googlevideo.com/mh/kR/mm/31%2C29/mn/sn-5njj-u2xl%2Csn-un57en7e/ms/au%2Crdu/mv/m/mvi/4/pcm2cms/yes/pl/16/hfr/all/as/fmp4_audio_clear%2Cwebm_audio_clear%2Cwebm2_audio_clear%2Cfmp4_sd_hd_clear%2Cwebm2_sd_hd_clear/initcwndbps/375000/vprv/1/mt/1609137405/fvip/4/keepalive/yes/itag/0/sparams/expire%2Cei%2Cip%2Cid%2Csource%2Crequiressl%2Chfr%2Cas%2Cvprv%2Citag/sig/AOq0QJ8wRQIhAPgbd1WtkSi2CB6qwcqBp4VE0AeO16Z6MUM-5TlhaO-hAiBi0bGRrq9maCEo0VGo7XZmwmHNvYhfmS7SYyfnvgfSpQ%3D%3D/lsparams/playback_host%2Cmh%2Cmm%2Cmn%2Cms%2Cmv%2Cmvi%2Cpcm2cms%2Cpl%2Cinitcwndbps/lsig/AG3C_xAwRQIhALKVSV5TIhUtxIoeJ4qqDZkoF0lulNraeTt_6dS-ztv7AiBvz-YVnWy-25ux4xzP3c_NRdRyBXpz4fKQM1NBFHJOYg%3D%3D", "width": 640, "tbr": 96.548, "asr": null, "fps": 25, "language": null, "filesize": null, "container": "mp4_dash", "acodec": "none", "url": "https://manifest.googlevideo.com/api/manifest/dash/expire/1609159336/ei/SH7pX8Ylg-CAA5f0pdAG/ip/140.109.135.166/id/b94b67c80ead2e72/source/youtube/requiressl/yes/playback_host/r4---sn-5njj-u2xl.googlevideo.com/mh/kR/mm/31%2C29/mn/sn-5njj-u2xl%2Csn-un57en7e/ms/au%2Crdu/mv/m/mvi/4/pcm2cms/yes/pl/16/hfr/all/as/fmp4_audio_clear%2Cwebm_audio_clear%2Cwebm2_audio_clear%2Cfmp4_sd_hd_clear%2Cwebm2_sd_hd_clear/initcwndbps/375000/vprv/1/mt/1609137405/fvip/4/keepalive/yes/itag/0/sparams/expire%2Cei%2Cip%2Cid%2Csource%2Crequiressl%2Chfr%2Cas%2Cvprv%2Citag/sig/AOq0QJ8wRQIhAPgbd1WtkSi2CB6qwcqBp4VE0AeO16Z6MUM-5TlhaO-hAiBi0bGRrq9maCEo0VGo7XZmwmHNvYhfmS7SYyfnvgfSpQ%3D%3D/lsparams/playback_host%2Cmh%2Cmm%2Cmn%2Cms%2Cmv%2Cmvi%2Cpcm2cms%2Cpl%2Cinitcwndbps/lsig/AG3C_xAwRQIhALKVSV5TIhUtxIoeJ4qqDZkoF0lulNraeTt_6dS-ztv7AiBvz-YVnWy-25ux4xzP3c_NRdRyBXpz4fKQM1NBFHJOYg%3D%3D", "fragment_base_url": "https://r4---sn-5njj-u2xl.googlevideo.com/videoplayback/expire/1609159336/ei/SH7pX8Ylg-CAA5f0pdAG/ip/140.109.135.166/id/b94b67c80ead2e72/itag/134/source/youtube/requiressl/yes/mh/kR/mm/31,29/mn/sn-5njj-u2xl,sn-un57en7e/ms/au,rdu/mv/m/mvi/4/pcm2cms/yes/pl/16/initcwndbps/375000/vprv/1/ratebypass/yes/mime/video%2Fmp4/otfp/1/gir/yes/clen/1429604/lmt/1607004185995860/dur/123.520/mt/1609137405/fvip/4/keepalive/yes/sparams/expire,ei,ip,id,itag,source,requiressl,vprv,ratebypass,mime,otfp,gir,clen,lmt,dur/sig/AOq0QJ8wRAIgeTGecr1mlSE7g3NlYnL2HzH9S7w9NnDqgb6G9S0Xm8cCIHHqpXWbT1Pxyly32o1SWBJ3PwI9AKHtGS4HMQFQT02h/lsparams/mh,mm,mn,ms,mv,mvi,pcm2cms,pl,initcwndbps/lsig/AG3C_xAwRAIgNUu_1fv2r4DKSF90Lwu860iavA0uq_kg8U7tYEi16usCIAZhABrROimVojMWrTNwGul-iiVZNyW-mNTpOoZkFjQ0/", "fragments": [{"path": "range/0-740"}, {"path": "range/1061-61703", "duration": 5.12}, {"path": "range/61704-123494", "duration": 5.12}, {"path": "range/123495-184942", "duration": 5.12}, {"path": "range/184943-245513", "duration": 5.12}, {"path": "range/245514-305589", "duration": 5.12}, {"path": "range/305590-366116", "duration": 5.12}, {"path": "range/366117-426476", "duration": 5.12}, {"path": "range/426477-486709", "duration": 5.12}, {"path": "range/486710-547502", "duration": 5.12}, {"path": "range/547503-608120", "duration": 5.12}, {"path": "range/608121-668547", "duration": 5.12}, {"path": "range/668548-729049", "duration": 5.12}, {"path": "range/729050-789894", "duration": 5.12}, {"path": "range/789895-849926", "duration": 5.12}, {"path": "range/849927-909146", "duration": 5.12}, {"path": "range/909147-968062", "duration": 5.12}, {"path": "range/968063-1026925", "duration": 5.12}, {"path": "range/1026926-1084829", "duration": 5.12}, {"path": "range/1084830-1142498", "duration": 5.12}, {"path": "range/1142499-1200117", "duration": 5.12}, {"path": "range/1200118-1257171", "duration": 5.12}, {"path": "range/1257172-1313580", "duration": 5.12}, {"path": "range/1313581-1370548", "duration": 5.12}, {"path": "range/1370549-1429603", "duration": 5.76}], "protocol": "http_dash_segments", "format": "134 - 640x360 (DASH video)", "http_headers": {"User-Agent": "Mozilla/5.0 (Windows NT 10.0; Win64; x64) AppleWebKit/537.36 (KHTML, like Gecko) Chrome/70.0.3538.61 Safari/537.36", "Accept-Charset": "ISO-8859-1,utf-8;q=0.7,*;q=0.7", "Accept": "text/html,application/xhtml+xml,application/xml;q=0.9,*/*;q=0.8", "Accept-Encoding": "gzip, deflate", "Accept-Language": "en-us,en;q=0.5"}}, {"ext": "mp4", "height": 144, "format_note": "DASH video", "vcodec": "avc1.4d400b", "format_id": "160", "manifest_url": "https://manifest.googlevideo.com/api/manifest/dash/expire/1609159336/ei/SH7pX8Ylg-CAA5f0pdAG/ip/140.109.135.166/id/b94b67c80ead2e72/source/youtube/requiressl/yes/playback_host/r4---sn-5njj-u2xl.googlevideo.com/mh/kR/mm/31%2C29/mn/sn-5njj-u2xl%2Csn-un57en7e/ms/au%2Crdu/mv/m/mvi/4/pcm2cms/yes/pl/16/hfr/all/as/fmp4_audio_clear%2Cwebm_audio_clear%2Cwebm2_audio_clear%2Cfmp4_sd_hd_clear%2Cwebm2_sd_hd_clear/initcwndbps/375000/vprv/1/mt/1609137405/fvip/4/keepalive/yes/itag/0/sparams/expire%2Cei%2Cip%2Cid%2Csource%2Crequiressl%2Chfr%2Cas%2Cvprv%2Citag/sig/AOq0QJ8wRQIhAPgbd1WtkSi2CB6qwcqBp4VE0AeO16Z6MUM-5TlhaO-hAiBi0bGRrq9maCEo0VGo7XZmwmHNvYhfmS7SYyfnvgfSpQ%3D%3D/lsparams/playback_host%2Cmh%2Cmm%2Cmn%2Cms%2Cmv%2Cmvi%2Cpcm2cms%2Cpl%2Cinitcwndbps/lsig/AG3C_xAwRQIhALKVSV5TIhUtxIoeJ4qqDZkoF0lulNraeTt_6dS-ztv7AiBvz-YVnWy-25ux4xzP3c_NRdRyBXpz4fKQM1NBFHJOYg%3D%3D", "width": 256, "tbr": 108.0, "asr": null, "fps": 25, "language": null, "filesize": null, "container": "mp4_dash", "acodec": "none", "url": "https://manifest.googlevideo.com/api/manifest/dash/expire/1609159336/ei/SH7pX8Ylg-CAA5f0pdAG/ip/140.109.135.166/id/b94b67c80ead2e72/source/youtube/requiressl/yes/playback_host/r4---sn-5njj-u2xl.googlevideo.com/mh/kR/mm/31%2C29/mn/sn-5njj-u2xl%2Csn-un57en7e/ms/au%2Crdu/mv/m/mvi/4/pcm2cms/yes/pl/16/hfr/all/as/fmp4_audio_clear%2Cwebm_audio_clear%2Cwebm2_audio_clear%2Cfmp4_sd_hd_clear%2Cwebm2_sd_hd_clear/initcwndbps/375000/vprv/1/mt/1609137405/fvip/4/keepalive/yes/itag/0/sparams/expire%2Cei%2Cip%2Cid%2Csource%2Crequiressl%2Chfr%2Cas%2Cvprv%2Citag/sig/AOq0QJ8wRQIhAPgbd1WtkSi2CB6qwcqBp4VE0AeO16Z6MUM-5TlhaO-hAiBi0bGRrq9maCEo0VGo7XZmwmHNvYhfmS7SYyfnvgfSpQ%3D%3D/lsparams/playback_host%2Cmh%2Cmm%2Cmn%2Cms%2Cmv%2Cmvi%2Cpcm2cms%2Cpl%2Cinitcwndbps/lsig/AG3C_xAwRQIhALKVSV5TIhUtxIoeJ4qqDZkoF0lulNraeTt_6dS-ztv7AiBvz-YVnWy-25ux4xzP3c_NRdRyBXpz4fKQM1NBFHJOYg%3D%3D", "fragment_base_url": "https://r4---sn-5njj-u2xl.googlevideo.com/videoplayback/expire/1609159336/ei/SH7pX8Ylg-CAA5f0pdAG/ip/140.109.135.166/id/b94b67c80ead2e72/itag/160/source/yt_otf/requiressl/yes/mh/kR/mm/31,29/mn/sn-5njj-u2xl,sn-un57en7e/ms/au,rdu/mv/m/mvi/4/pcm2cms/yes/pl/16/initcwndbps/375000/vprv/1/ratebypass/yes/mime/video%2Fmp4/otfp/1/otf/1/lmt/1607004186002614/mt/1609137405/fvip/4/keepalive/yes/sparams/expire,ei,ip,id,itag,source,requiressl,vprv,ratebypass,mime,otfp,otf,lmt/sig/AOq0QJ8wRAIgbN9xfqvy5bZVp4tBfs9fOI7vMQX5kAybRgykI-kKjr8CIG0kgiC7lmjsAhEi6iW7miWiTMJgd_QF6a8wc7nMOFep/lsparams/mh,mm,mn,ms,mv,mvi,pcm2cms,pl,initcwndbps/lsig/AG3C_xAwRAIgfxhAkP0x7bCjD72tfe5DZ0xKiIdIfBZzu-OGXGv-U5sCIDG6j8yrjvE0LABPaQKH_bWzZzdTBmDl_m4hJuzyHyyT/", "fragments": [{"path": "sq/0"}, {"path": "sq/1/dur/5.120", "duration": 5.12}, {"path": "sq/2/dur/5.120", "duration": 5.12}, {"path": "sq/3/dur/5.120", "duration": 5.12}, {"path": "sq/4/dur/5.120", "duration": 5.12}, {"path": "sq/5/dur/5.120", "duration": 5.12}, {"path": "sq/6/dur/5.120", "duration": 5.12}, {"path": "sq/7/dur/5.120", "duration": 5.12}, {"path": "sq/8/dur/5.120", "duration": 5.12}, {"path": "sq/9/dur/5.120", "duration": 5.12}, {"path": "sq/10/dur/5.120", "duration": 5.12}, {"path": "sq/11/dur/5.120", "duration": 5.12}, {"path": "sq/12/dur/5.120", "duration": 5.12}, {"path": "sq/13/dur/5.120", "duration": 5.12}, {"path": "sq/14/dur/5.120", "duration": 5.12}, {"path": "sq/15/dur/5.120", "duration": 5.12}, {"path": "sq/16/dur/5.120", "duration": 5.12}, {"path": "sq/17/dur/5.120", "duration": 5.12}, {"path": "sq/18/dur/5.120", "duration": 5.12}, {"path": "sq/19/dur/5.120", "duration": 5.12}, {"path": "sq/20/dur/5.120", "duration": 5.12}, {"path": "sq/21/dur/5.120", "duration": 5.12}, {"path": "sq/22/dur/5.120", "duration": 5.12}, {"path": "sq/23/dur/5.120", "duration": 5.12}, {"path": "sq/24/dur/5.760", "duration": 5.76}], "protocol": "http_dash_segments", "format": "160 - 256x144 (DASH video)", "http_headers": {"User-Agent": "Mozilla/5.0 (Windows NT 10.0; Win64; x64) AppleWebKit/537.36 (KHTML, like Gecko) Chrome/70.0.3538.61 Safari/537.36", "Accept-Charset": "ISO-8859-1,utf-8;q=0.7,*;q=0.7", "Accept": "text/html,application/xhtml+xml,application/xml;q=0.9,*/*;q=0.8", "Accept-Encoding": "gzip, deflate", "Accept-Language": "en-us,en;q=0.5"}}, {"ext": "webm", "height": 240, "format_note": "DASH video", "vcodec": "vp9", "format_id": "242", "manifest_url": "https://manifest.googlevideo.com/api/manifest/dash/expire/1609159336/ei/SH7pX8Ylg-CAA5f0pdAG/ip/140.109.135.166/id/b94b67c80ead2e72/source/youtube/requiressl/yes/playback_host/r4---sn-5njj-u2xl.googlevideo.com/mh/kR/mm/31%2C29/mn/sn-5njj-u2xl%2Csn-un57en7e/ms/au%2Crdu/mv/m/mvi/4/pcm2cms/yes/pl/16/hfr/all/as/fmp4_audio_clear%2Cwebm_audio_clear%2Cwebm2_audio_clear%2Cfmp4_sd_hd_clear%2Cwebm2_sd_hd_clear/initcwndbps/375000/vprv/1/mt/1609137405/fvip/4/keepalive/yes/itag/0/sparams/expire%2Cei%2Cip%2Cid%2Csource%2Crequiressl%2Chfr%2Cas%2Cvprv%2Citag/sig/AOq0QJ8wRQIhAPgbd1WtkSi2CB6qwcqBp4VE0AeO16Z6MUM-5TlhaO-hAiBi0bGRrq9maCEo0VGo7XZmwmHNvYhfmS7SYyfnvgfSpQ%3D%3D/lsparams/playback_host%2Cmh%2Cmm%2Cmn%2Cms%2Cmv%2Cmvi%2Cpcm2cms%2Cpl%2Cinitcwndbps/lsig/AG3C_xAwRQIhALKVSV5TIhUtxIoeJ4qqDZkoF0lulNraeTt_6dS-ztv7AiBvz-YVnWy-25ux4xzP3c_NRdRyBXpz4fKQM1NBFHJOYg%3D%3D", "width": 426, "tbr": 220.5, "asr": null, "fps": 25, "language": null, "filesize": null, "container": "webm_dash", "acodec": "none", "url": "https://manifest.googlevideo.com/api/manifest/dash/expire/1609159336/ei/SH7pX8Ylg-CAA5f0pdAG/ip/140.109.135.166/id/b94b67c80ead2e72/source/youtube/requiressl/yes/playback_host/r4---sn-5njj-u2xl.googlevideo.com/mh/kR/mm/31%2C29/mn/sn-5njj-u2xl%2Csn-un57en7e/ms/au%2Crdu/mv/m/mvi/4/pcm2cms/yes/pl/16/hfr/all/as/fmp4_audio_clear%2Cwebm_audio_clear%2Cwebm2_audio_clear%2Cfmp4_sd_hd_clear%2Cwebm2_sd_hd_clear/initcwndbps/375000/vprv/1/mt/1609137405/fvip/4/keepalive/yes/itag/0/sparams/expire%2Cei%2Cip%2Cid%2Csource%2Crequiressl%2Chfr%2Cas%2Cvprv%2Citag/sig/AOq0QJ8wRQIhAPgbd1WtkSi2CB6qwcqBp4VE0AeO16Z6MUM-5TlhaO-hAiBi0bGRrq9maCEo0VGo7XZmwmHNvYhfmS7SYyfnvgfSpQ%3D%3D/lsparams/playback_host%2Cmh%2Cmm%2Cmn%2Cms%2Cmv%2Cmvi%2Cpcm2cms%2Cpl%2Cinitcwndbps/lsig/AG3C_xAwRQIhALKVSV5TIhUtxIoeJ4qqDZkoF0lulNraeTt_6dS-ztv7AiBvz-YVnWy-25ux4xzP3c_NRdRyBXpz4fKQM1NBFHJOYg%3D%3D", "fragment_base_url": "https://r4---sn-5njj-u2xl.googlevideo.com/videoplayback/expire/1609159336/ei/SH7pX8Ylg-CAA5f0pdAG/ip/140.109.135.166/id/b94b67c80ead2e72/itag/242/source/yt_otf/requiressl/yes/mh/kR/mm/31,29/mn/sn-5njj-u2xl,sn-un57en7e/ms/au,rdu/mv/m/mvi/4/pcm2cms/yes/pl/16/initcwndbps/375000/vprv/1/ratebypass/yes/mime/video%2Fwebm/otfp/1/otf/1/lmt/1607004186002614/mt/1609137405/fvip/4/keepalive/yes/sparams/expire,ei,ip,id,itag,source,requiressl,vprv,ratebypass,mime,otfp,otf,lmt/sig/AOq0QJ8wRQIgRv_UKoKbcRQvQAKIN5Brjky3MYHEoxjglWxbPVxKO3oCIQDZhXMt738BohepiQm4ugvGYZwYXH0iASL-liLTPhslFQ%3D%3D/lsparams/mh,mm,mn,ms,mv,mvi,pcm2cms,pl,initcwndbps/lsig/AG3C_xAwRgIhAMpIGqwsVliZPt1M-ZMnobcNjkB3k7fia6RDVDX9scrvAiEAjgG2Pvr_V1aIJxUd1jB7M72MUMqlWWlhW5e5BK_hHx4%3D/", "fragments": [{"path": "sq/0"}, {"path": "sq/1/dur/5.120", "duration": 5.12}, {"path": "sq/2/dur/5.120", "duration": 5.12}, {"path": "sq/3/dur/5.120", "duration": 5.12}, {"path": "sq/4/dur/5.120", "duration": 5.12}, {"path": "sq/5/dur/5.120", "duration": 5.12}, {"path": "sq/6/dur/5.120", "duration": 5.12}, {"path": "sq/7/dur/5.120", "duration": 5.12}, {"path": "sq/8/dur/5.120", "duration": 5.12}, {"path": "sq/9/dur/5.120", "duration": 5.12}, {"path": "sq/10/dur/5.120", "duration": 5.12}, {"path": "sq/11/dur/5.120", "duration": 5.12}, {"path": "sq/12/dur/5.120", "duration": 5.12}, {"path": "sq/13/dur/5.120", "duration": 5.12}, {"path": "sq/14/dur/5.120", "duration": 5.12}, {"path": "sq/15/dur/5.120", "duration": 5.12}, {"path": "sq/16/dur/5.120", "duration": 5.12}, {"path": "sq/17/dur/5.120", "duration": 5.12}, {"path": "sq/18/dur/5.120", "duration": 5.12}, {"path": "sq/19/dur/5.120", "duration": 5.12}, {"path": "sq/20/dur/5.120", "duration": 5.12}, {"path": "sq/21/dur/5.120", "duration": 5.12}, {"path": "sq/22/dur/5.120", "duration": 5.12}, {"path": "sq/23/dur/5.120", "duration": 5.12}, {"path": "sq/24/dur/5.760", "duration": 5.76}], "protocol": "http_dash_segments", "format": "242 - 426x240 (DASH video)", "http_headers": {"User-Agent": "Mozilla/5.0 (Windows NT 10.0; Win64; x64) AppleWebKit/537.36 (KHTML, like Gecko) Chrome/70.0.3538.61 Safari/537.36", "Accept-Charset": "ISO-8859-1,utf-8;q=0.7,*;q=0.7", "Accept": "text/html,application/xhtml+xml,application/xml;q=0.9,*/*;q=0.8", "Accept-Encoding": "gzip, deflate", "Accept-Language": "en-us,en;q=0.5"}}, {"ext": "mp4", "height": 240, "format_note": "DASH video", "vcodec": "avc1.4d400c", "format_id": "133", "manifest_url": "https://manifest.googlevideo.com/api/manifest/dash/expire/1609159336/ei/SH7pX8Ylg-CAA5f0pdAG/ip/140.109.135.166/id/b94b67c80ead2e72/source/youtube/requiressl/yes/playback_host/r4---sn-5njj-u2xl.googlevideo.com/mh/kR/mm/31%2C29/mn/sn-5njj-u2xl%2Csn-un57en7e/ms/au%2Crdu/mv/m/mvi/4/pcm2cms/yes/pl/16/hfr/all/as/fmp4_audio_clear%2Cwebm_audio_clear%2Cwebm2_audio_clear%2Cfmp4_sd_hd_clear%2Cwebm2_sd_hd_clear/initcwndbps/375000/vprv/1/mt/1609137405/fvip/4/keepalive/yes/itag/0/sparams/expire%2Cei%2Cip%2Cid%2Csource%2Crequiressl%2Chfr%2Cas%2Cvprv%2Citag/sig/AOq0QJ8wRQIhAPgbd1WtkSi2CB6qwcqBp4VE0AeO16Z6MUM-5TlhaO-hAiBi0bGRrq9maCEo0VGo7XZmwmHNvYhfmS7SYyfnvgfSpQ%3D%3D/lsparams/playback_host%2Cmh%2Cmm%2Cmn%2Cms%2Cmv%2Cmvi%2Cpcm2cms%2Cpl%2Cinitcwndbps/lsig/AG3C_xAwRQIhALKVSV5TIhUtxIoeJ4qqDZkoF0lulNraeTt_6dS-ztv7AiBvz-YVnWy-25ux4xzP3c_NRdRyBXpz4fKQM1NBFHJOYg%3D%3D", "width": 426, "tbr": 242.0, "asr": null, "fps": 25, "language": null, "filesize": null, "container": "mp4_dash", "acodec": "none", "url": "https://manifest.googlevideo.com/api/manifest/dash/expire/1609159336/ei/SH7pX8Ylg-CAA5f0pdAG/ip/140.109.135.166/id/b94b67c80ead2e72/source/youtube/requiressl/yes/playback_host/r4---sn-5njj-u2xl.googlevideo.com/mh/kR/mm/31%2C29/mn/sn-5njj-u2xl%2Csn-un57en7e/ms/au%2Crdu/mv/m/mvi/4/pcm2cms/yes/pl/16/hfr/all/as/fmp4_audio_clear%2Cwebm_audio_clear%2Cwebm2_audio_clear%2Cfmp4_sd_hd_clear%2Cwebm2_sd_hd_clear/initcwndbps/375000/vprv/1/mt/1609137405/fvip/4/keepalive/yes/itag/0/sparams/expire%2Cei%2Cip%2Cid%2Csource%2Crequiressl%2Chfr%2Cas%2Cvprv%2Citag/sig/AOq0QJ8wRQIhAPgbd1WtkSi2CB6qwcqBp4VE0AeO16Z6MUM-5TlhaO-hAiBi0bGRrq9maCEo0VGo7XZmwmHNvYhfmS7SYyfnvgfSpQ%3D%3D/lsparams/playback_host%2Cmh%2Cmm%2Cmn%2Cms%2Cmv%2Cmvi%2Cpcm2cms%2Cpl%2Cinitcwndbps/lsig/AG3C_xAwRQIhALKVSV5TIhUtxIoeJ4qqDZkoF0lulNraeTt_6dS-ztv7AiBvz-YVnWy-25ux4xzP3c_NRdRyBXpz4fKQM1NBFHJOYg%3D%3D", "fragment_base_url": "https://r4---sn-5njj-u2xl.googlevideo.com/videoplayback/expire/1609159336/ei/SH7pX8Ylg-CAA5f0pdAG/ip/140.109.135.166/id/b94b67c80ead2e72/itag/133/source/yt_otf/requiressl/yes/mh/kR/mm/31,29/mn/sn-5njj-u2xl,sn-un57en7e/ms/au,rdu/mv/m/mvi/4/pcm2cms/yes/pl/16/initcwndbps/375000/vprv/1/ratebypass/yes/mime/video%2Fmp4/otfp/1/otf/1/lmt/1607004186002614/mt/1609137405/fvip/4/keepalive/yes/sparams/expire,ei,ip,id,itag,source,requiressl,vprv,ratebypass,mime,otfp,otf,lmt/sig/AOq0QJ8wRgIhAL9ja-7WX7Rlu1NvMB0VRyO3FUyRFEucCCnYyfjGxlBYAiEAsv8z66SpbT71Ui2WQ9qOXnewwDuLKQ1mhl_5HWlUcfI%3D/lsparams/mh,mm,mn,ms,mv,mvi,pcm2cms,pl,initcwndbps/lsig/AG3C_xAwRQIhAKU2_WAtlJ6wwt-8Nmko3LW31bNyD90S1FqQZfervUnzAiB8qe26xfCham6AN_-VHgXcMFSSDXUK6he0WYqEZ19vKQ%3D%3D/", "fragments": [{"path": "sq/0"}, {"path": "sq/1/dur/5.120", "duration": 5.12}, {"path": "sq/2/dur/5.120", "duration": 5.12}, {"path": "sq/3/dur/5.120", "duration": 5.12}, {"path": "sq/4/dur/5.120", "duration": 5.12}, {"path": "sq/5/dur/5.120", "duration": 5.12}, {"path": "sq/6/dur/5.120", "duration": 5.12}, {"path": "sq/7/dur/5.120", "duration": 5.12}, {"path": "sq/8/dur/5.120", "duration": 5.12}, {"path": "sq/9/dur/5.120", "duration": 5.12}, {"path": "sq/10/dur/5.120", "duration": 5.12}, {"path": "sq/11/dur/5.120", "duration": 5.12}, {"path": "sq/12/dur/5.120", "duration": 5.12}, {"path": "sq/13/dur/5.120", "duration": 5.12}, {"path": "sq/14/dur/5.120", "duration": 5.12}, {"path": "sq/15/dur/5.120", "duration": 5.12}, {"path": "sq/16/dur/5.120", "duration": 5.12}, {"path": "sq/17/dur/5.120", "duration": 5.12}, {"path": "sq/18/dur/5.120", "duration": 5.12}, {"path": "sq/19/dur/5.120", "duration": 5.12}, {"path": "sq/20/dur/5.120", "duration": 5.12}, {"path": "sq/21/dur/5.120", "duration": 5.12}, {"path": "sq/22/dur/5.120", "duration": 5.12}, {"path": "sq/23/dur/5.120", "duration": 5.12}, {"path": "sq/24/dur/5.760", "duration": 5.76}], "protocol": "http_dash_segments", "format": "133 - 426x240 (DASH video)", "http_headers": {"User-Agent": "Mozilla/5.0 (Windows NT 10.0; Win64; x64) AppleWebKit/537.36 (KHTML, like Gecko) Chrome/70.0.3538.61 Safari/537.36", "Accept-Charset": "ISO-8859-1,utf-8;q=0.7,*;q=0.7", "Accept": "text/html,application/xhtml+xml,application/xml;q=0.9,*/*;q=0.8", "Accept-Encoding": "gzip, deflate", "Accept-Language": "en-us,en;q=0.5"}}, {"ext": "webm", "height": 360, "format_note": "DASH video", "vcodec": "vp9", "format_id": "243", "manifest_url": "https://manifest.googlevideo.com/api/manifest/dash/expire/1609159336/ei/SH7pX8Ylg-CAA5f0pdAG/ip/140.109.135.166/id/b94b67c80ead2e72/source/youtube/requiressl/yes/playback_host/r4---sn-5njj-u2xl.googlevideo.com/mh/kR/mm/31%2C29/mn/sn-5njj-u2xl%2Csn-un57en7e/ms/au%2Crdu/mv/m/mvi/4/pcm2cms/yes/pl/16/hfr/all/as/fmp4_audio_clear%2Cwebm_audio_clear%2Cwebm2_audio_clear%2Cfmp4_sd_hd_clear%2Cwebm2_sd_hd_clear/initcwndbps/375000/vprv/1/mt/1609137405/fvip/4/keepalive/yes/itag/0/sparams/expire%2Cei%2Cip%2Cid%2Csource%2Crequiressl%2Chfr%2Cas%2Cvprv%2Citag/sig/AOq0QJ8wRQIhAPgbd1WtkSi2CB6qwcqBp4VE0AeO16Z6MUM-5TlhaO-hAiBi0bGRrq9maCEo0VGo7XZmwmHNvYhfmS7SYyfnvgfSpQ%3D%3D/lsparams/playback_host%2Cmh%2Cmm%2Cmn%2Cms%2Cmv%2Cmvi%2Cpcm2cms%2Cpl%2Cinitcwndbps/lsig/AG3C_xAwRQIhALKVSV5TIhUtxIoeJ4qqDZkoF0lulNraeTt_6dS-ztv7AiBvz-YVnWy-25ux4xzP3c_NRdRyBXpz4fKQM1NBFHJOYg%3D%3D", "width": 640, "tbr": 405.72, "asr": null, "fps": 25, "language": null, "filesize": null, "container": "webm_dash", "acodec": "none", "url": "https://manifest.googlevideo.com/api/manifest/dash/expire/1609159336/ei/SH7pX8Ylg-CAA5f0pdAG/ip/140.109.135.166/id/b94b67c80ead2e72/source/youtube/requiressl/yes/playback_host/r4---sn-5njj-u2xl.googlevideo.com/mh/kR/mm/31%2C29/mn/sn-5njj-u2xl%2Csn-un57en7e/ms/au%2Crdu/mv/m/mvi/4/pcm2cms/yes/pl/16/hfr/all/as/fmp4_audio_clear%2Cwebm_audio_clear%2Cwebm2_audio_clear%2Cfmp4_sd_hd_clear%2Cwebm2_sd_hd_clear/initcwndbps/375000/vprv/1/mt/1609137405/fvip/4/keepalive/yes/itag/0/sparams/expire%2Cei%2Cip%2Cid%2Csource%2Crequiressl%2Chfr%2Cas%2Cvprv%2Citag/sig/AOq0QJ8wRQIhAPgbd1WtkSi2CB6qwcqBp4VE0AeO16Z6MUM-5TlhaO-hAiBi0bGRrq9maCEo0VGo7XZmwmHNvYhfmS7SYyfnvgfSpQ%3D%3D/lsparams/playback_host%2Cmh%2Cmm%2Cmn%2Cms%2Cmv%2Cmvi%2Cpcm2cms%2Cpl%2Cinitcwndbps/lsig/AG3C_xAwRQIhALKVSV5TIhUtxIoeJ4qqDZkoF0lulNraeTt_6dS-ztv7AiBvz-YVnWy-25ux4xzP3c_NRdRyBXpz4fKQM1NBFHJOYg%3D%3D", "fragment_base_url": "https://r4---sn-5njj-u2xl.googlevideo.com/videoplayback/expire/1609159336/ei/SH7pX8Ylg-CAA5f0pdAG/ip/140.109.135.166/id/b94b67c80ead2e72/itag/243/source/yt_otf/requiressl/yes/mh/kR/mm/31,29/mn/sn-5njj-u2xl,sn-un57en7e/ms/au,rdu/mv/m/mvi/4/pcm2cms/yes/pl/16/initcwndbps/375000/vprv/1/ratebypass/yes/mime/video%2Fwebm/otfp/1/otf/1/lmt/1607004186002614/mt/1609137405/fvip/4/keepalive/yes/sparams/expire,ei,ip,id,itag,source,requiressl,vprv,ratebypass,mime,otfp,otf,lmt/sig/AOq0QJ8wRQIhAPisdUxOcR2zHjg_IRzd-xYveUzjMc1xMRaf4quLWp3HAiBmj-y2gnC28zDxZfgoxWRcawc3lvSYVqlWgsDfFQG9tA%3D%3D/lsparams/mh,mm,mn,ms,mv,mvi,pcm2cms,pl,initcwndbps/lsig/AG3C_xAwRAIgMitr0FcydaW9wmPJJMiINLPbptib9GDV_tzxOzRfCCcCIH3oMoyZOi0MlOASpPpj0TP9CUarD5rbFyyxHnQSzurM/", "fragments": [{"path": "sq/0"}, {"path": "sq/1/dur/5.120", "duration": 5.12}, {"path": "sq/2/dur/5.120", "duration": 5.12}, {"path": "sq/3/dur/5.120", "duration": 5.12}, {"path": "sq/4/dur/5.120", "duration": 5.12}, {"path": "sq/5/dur/5.120", "duration": 5.12}, {"path": "sq/6/dur/5.120", "duration": 5.12}, {"path": "sq/7/dur/5.120", "duration": 5.12}, {"path": "sq/8/dur/5.120", "duration": 5.12}, {"path": "sq/9/dur/5.120", "duration": 5.12}, {"path": "sq/10/dur/5.120", "duration": 5.12}, {"path": "sq/11/dur/5.120", "duration": 5.12}, {"path": "sq/12/dur/5.120", "duration": 5.12}, {"path": "sq/13/dur/5.120", "duration": 5.12}, {"path": "sq/14/dur/5.120", "duration": 5.12}, {"path": "sq/15/dur/5.120", "duration": 5.12}, {"path": "sq/16/dur/5.120", "duration": 5.12}, {"path": "sq/17/dur/5.120", "duration": 5.12}, {"path": "sq/18/dur/5.120", "duration": 5.12}, {"path": "sq/19/dur/5.120", "duration": 5.12}, {"path": "sq/20/dur/5.120", "duration": 5.12}, {"path": "sq/21/dur/5.120", "duration": 5.12}, {"path": "sq/22/dur/5.120", "duration": 5.12}, {"path": "sq/23/dur/5.120", "duration": 5.12}, {"path": "sq/24/dur/5.760", "duration": 5.76}], "protocol": "http_dash_segments", "format": "243 - 640x360 (DASH video)", "http_headers": {"User-Agent": "Mozilla/5.0 (Windows NT 10.0; Win64; x64) AppleWebKit/537.36 (KHTML, like Gecko) Chrome/70.0.3538.61 Safari/537.36", "Accept-Charset": "ISO-8859-1,utf-8;q=0.7,*;q=0.7", "Accept": "text/html,application/xhtml+xml,application/xml;q=0.9,*/*;q=0.8", "Accept-Encoding": "gzip, deflate", "Accept-Language": "en-us,en;q=0.5"}}, {"ext": "webm", "height": 480, "format_note": "DASH video", "vcodec": "vp9", "format_id": "244", "manifest_url": "https://manifest.googlevideo.com/api/manifest/dash/expire/1609159336/ei/SH7pX8Ylg-CAA5f0pdAG/ip/140.109.135.166/id/b94b67c80ead2e72/source/youtube/requiressl/yes/playback_host/r4---sn-5njj-u2xl.googlevideo.com/mh/kR/mm/31%2C29/mn/sn-5njj-u2xl%2Csn-un57en7e/ms/au%2Crdu/mv/m/mvi/4/pcm2cms/yes/pl/16/hfr/all/as/fmp4_audio_clear%2Cwebm_audio_clear%2Cwebm2_audio_clear%2Cfmp4_sd_hd_clear%2Cwebm2_sd_hd_clear/initcwndbps/375000/vprv/1/mt/1609137405/fvip/4/keepalive/yes/itag/0/sparams/expire%2Cei%2Cip%2Cid%2Csource%2Crequiressl%2Chfr%2Cas%2Cvprv%2Citag/sig/AOq0QJ8wRQIhAPgbd1WtkSi2CB6qwcqBp4VE0AeO16Z6MUM-5TlhaO-hAiBi0bGRrq9maCEo0VGo7XZmwmHNvYhfmS7SYyfnvgfSpQ%3D%3D/lsparams/playback_host%2Cmh%2Cmm%2Cmn%2Cms%2Cmv%2Cmvi%2Cpcm2cms%2Cpl%2Cinitcwndbps/lsig/AG3C_xAwRQIhALKVSV5TIhUtxIoeJ4qqDZkoF0lulNraeTt_6dS-ztv7AiBvz-YVnWy-25ux4xzP3c_NRdRyBXpz4fKQM1NBFHJOYg%3D%3D", "width": 854, "tbr": 752.64, "asr": null, "fps": 25, "language": null, "filesize": null, "container": "webm_dash", "acodec": "none", "url": "https://manifest.googlevideo.com/api/manifest/dash/expire/1609159336/ei/SH7pX8Ylg-CAA5f0pdAG/ip/140.109.135.166/id/b94b67c80ead2e72/source/youtube/requiressl/yes/playback_host/r4---sn-5njj-u2xl.googlevideo.com/mh/kR/mm/31%2C29/mn/sn-5njj-u2xl%2Csn-un57en7e/ms/au%2Crdu/mv/m/mvi/4/pcm2cms/yes/pl/16/hfr/all/as/fmp4_audio_clear%2Cwebm_audio_clear%2Cwebm2_audio_clear%2Cfmp4_sd_hd_clear%2Cwebm2_sd_hd_clear/initcwndbps/375000/vprv/1/mt/1609137405/fvip/4/keepalive/yes/itag/0/sparams/expire%2Cei%2Cip%2Cid%2Csource%2Crequiressl%2Chfr%2Cas%2Cvprv%2Citag/sig/AOq0QJ8wRQIhAPgbd1WtkSi2CB6qwcqBp4VE0AeO16Z6MUM-5TlhaO-hAiBi0bGRrq9maCEo0VGo7XZmwmHNvYhfmS7SYyfnvgfSpQ%3D%3D/lsparams/playback_host%2Cmh%2Cmm%2Cmn%2Cms%2Cmv%2Cmvi%2Cpcm2cms%2Cpl%2Cinitcwndbps/lsig/AG3C_xAwRQIhALKVSV5TIhUtxIoeJ4qqDZkoF0lulNraeTt_6dS-ztv7AiBvz-YVnWy-25ux4xzP3c_NRdRyBXpz4fKQM1NBFHJOYg%3D%3D", "fragment_base_url": "https://r4---sn-5njj-u2xl.googlevideo.com/videoplayback/expire/1609159336/ei/SH7pX8Ylg-CAA5f0pdAG/ip/140.109.135.166/id/b94b67c80ead2e72/itag/244/source/yt_otf/requiressl/yes/mh/kR/mm/31,29/mn/sn-5njj-u2xl,sn-un57en7e/ms/au,rdu/mv/m/mvi/4/pcm2cms/yes/pl/16/initcwndbps/375000/vprv/1/ratebypass/yes/mime/video%2Fwebm/otfp/1/otf/1/lmt/1607004186002614/mt/1609137405/fvip/4/keepalive/yes/sparams/expire,ei,ip,id,itag,source,requiressl,vprv,ratebypass,mime,otfp,otf,lmt/sig/AOq0QJ8wRQIhAM4_hC2AG4Cnw_gQdDO2XHf1EnU2h_6m90HjDVUPNyn0AiAyL6bTBtbQjio2ZDW0VsxVUp_CgPLy8Mj9Vxx7nSzPNw%3D%3D/lsparams/mh,mm,mn,ms,mv,mvi,pcm2cms,pl,initcwndbps/lsig/AG3C_xAwRQIgE73ZuQgiNkG7PubC_YJe2tX6YW2zPaSu0Di2JenIBVICIQDQV6Q0jjVqVngs4W3xNwaC3hJ1ZvoHNWaRWb7lH-wPwA%3D%3D/", "fragments": [{"path": "sq/0"}, {"path": "sq/1/dur/5.120", "duration": 5.12}, {"path": "sq/2/dur/5.120", "duration": 5.12}, {"path": "sq/3/dur/5.120", "duration": 5.12}, {"path": "sq/4/dur/5.120", "duration": 5.12}, {"path": "sq/5/dur/5.120", "duration": 5.12}, {"path": "sq/6/dur/5.120", "duration": 5.12}, {"path": "sq/7/dur/5.120", "duration": 5.12}, {"path": "sq/8/dur/5.120", "duration": 5.12}, {"path": "sq/9/dur/5.120", "duration": 5.12}, {"path": "sq/10/dur/5.120", "duration": 5.12}, {"path": "sq/11/dur/5.120", "duration": 5.12}, {"path": "sq/12/dur/5.120", "duration": 5.12}, {"path": "sq/13/dur/5.120", "duration": 5.12}, {"path": "sq/14/dur/5.120", "duration": 5.12}, {"path": "sq/15/dur/5.120", "duration": 5.12}, {"path": "sq/16/dur/5.120", "duration": 5.12}, {"path": "sq/17/dur/5.120", "duration": 5.12}, {"path": "sq/18/dur/5.120", "duration": 5.12}, {"path": "sq/19/dur/5.120", "duration": 5.12}, {"path": "sq/20/dur/5.120", "duration": 5.12}, {"path": "sq/21/dur/5.120", "duration": 5.12}, {"path": "sq/22/dur/5.120", "duration": 5.12}, {"path": "sq/23/dur/5.120", "duration": 5.12}, {"path": "sq/24/dur/5.760", "duration": 5.76}], "protocol": "http_dash_segments", "format": "244 - 854x480 (DASH video)", "http_headers": {"User-Agent": "Mozilla/5.0 (Windows NT 10.0; Win64; x64) AppleWebKit/537.36 (KHTML, like Gecko) Chrome/70.0.3538.61 Safari/537.36", "Accept-Charset": "ISO-8859-1,utf-8;q=0.7,*;q=0.7", "Accept": "text/html,application/xhtml+xml,application/xml;q=0.9,*/*;q=0.8", "Accept-Encoding": "gzip, deflate", "Accept-Language": "en-us,en;q=0.5"}}, {"ext": "mp4", "height": 1080, "format_note": "DASH video", "vcodec": "avc1.640028", "format_id": "137", "manifest_url": "https://manifest.googlevideo.com/api/manifest/dash/expire/1609159336/ei/SH7pX8Ylg-CAA5f0pdAG/ip/140.109.135.166/id/b94b67c80ead2e72/source/youtube/requiressl/yes/playback_host/r4---sn-5njj-u2xl.googlevideo.com/mh/kR/mm/31%2C29/mn/sn-5njj-u2xl%2Csn-un57en7e/ms/au%2Crdu/mv/m/mvi/4/pcm2cms/yes/pl/16/hfr/all/as/fmp4_audio_clear%2Cwebm_audio_clear%2Cwebm2_audio_clear%2Cfmp4_sd_hd_clear%2Cwebm2_sd_hd_clear/initcwndbps/375000/vprv/1/mt/1609137405/fvip/4/keepalive/yes/itag/0/sparams/expire%2Cei%2Cip%2Cid%2Csource%2Crequiressl%2Chfr%2Cas%2Cvprv%2Citag/sig/AOq0QJ8wRQIhAPgbd1WtkSi2CB6qwcqBp4VE0AeO16Z6MUM-5TlhaO-hAiBi0bGRrq9maCEo0VGo7XZmwmHNvYhfmS7SYyfnvgfSpQ%3D%3D/lsparams/playback_host%2Cmh%2Cmm%2Cmn%2Cms%2Cmv%2Cmvi%2Cpcm2cms%2Cpl%2Cinitcwndbps/lsig/AG3C_xAwRQIhALKVSV5TIhUtxIoeJ4qqDZkoF0lulNraeTt_6dS-ztv7AiBvz-YVnWy-25ux4xzP3c_NRdRyBXpz4fKQM1NBFHJOYg%3D%3D", "width": 1920, "tbr": 1004.709, "asr": null, "fps": 25, "language": null, "filesize": null, "container": "mp4_dash", "acodec": "none", "url": "https://manifest.googlevideo.com/api/manifest/dash/expire/1609159336/ei/SH7pX8Ylg-CAA5f0pdAG/ip/140.109.135.166/id/b94b67c80ead2e72/source/youtube/requiressl/yes/playback_host/r4---sn-5njj-u2xl.googlevideo.com/mh/kR/mm/31%2C29/mn/sn-5njj-u2xl%2Csn-un57en7e/ms/au%2Crdu/mv/m/mvi/4/pcm2cms/yes/pl/16/hfr/all/as/fmp4_audio_clear%2Cwebm_audio_clear%2Cwebm2_audio_clear%2Cfmp4_sd_hd_clear%2Cwebm2_sd_hd_clear/initcwndbps/375000/vprv/1/mt/1609137405/fvip/4/keepalive/yes/itag/0/sparams/expire%2Cei%2Cip%2Cid%2Csource%2Crequiressl%2Chfr%2Cas%2Cvprv%2Citag/sig/AOq0QJ8wRQIhAPgbd1WtkSi2CB6qwcqBp4VE0AeO16Z6MUM-5TlhaO-hAiBi0bGRrq9maCEo0VGo7XZmwmHNvYhfmS7SYyfnvgfSpQ%3D%3D/lsparams/playback_host%2Cmh%2Cmm%2Cmn%2Cms%2Cmv%2Cmvi%2Cpcm2cms%2Cpl%2Cinitcwndbps/lsig/AG3C_xAwRQIhALKVSV5TIhUtxIoeJ4qqDZkoF0lulNraeTt_6dS-ztv7AiBvz-YVnWy-25ux4xzP3c_NRdRyBXpz4fKQM1NBFHJOYg%3D%3D", "fragment_base_url": "https://r4---sn-5njj-u2xl.googlevideo.com/videoplayback/expire/1609159336/ei/SH7pX8Ylg-CAA5f0pdAG/ip/140.109.135.166/id/b94b67c80ead2e72/itag/137/source/youtube/requiressl/yes/mh/kR/mm/31,29/mn/sn-5njj-u2xl,sn-un57en7e/ms/au,rdu/mv/m/mvi/4/pcm2cms/yes/pl/16/initcwndbps/375000/vprv/1/ratebypass/yes/mime/video%2Fmp4/otfp/1/gir/yes/clen/13931089/lmt/1607004186002614/dur/123.520/mt/1609137405/fvip/4/keepalive/yes/sparams/expire,ei,ip,id,itag,source,requiressl,vprv,ratebypass,mime,otfp,gir,clen,lmt,dur/sig/AOq0QJ8wRgIhAMBf3V9ce0KVbRspxZqJGn4QVu5lyyFM0FuRj0dqffy7AiEAs1tY27BeagLTNZgceUZnNDRGmK0V5BUtlqDyD8BYNlU%3D/lsparams/mh,mm,mn,ms,mv,mvi,pcm2cms,pl,initcwndbps/lsig/AG3C_xAwRAIgTVdoN4x90NmZAHKFqPDrpY64yeDpvxN8CEx0RxC2RK8CIBw33qUpZE5EX3F5tv5ZxWCGbLzXgbt8Rn0XU39LXmuj/", "fragments": [{"path": "range/0-741"}, {"path": "range/1062-620815", "duration": 5.12}, {"path": "range/620816-1263829", "duration": 5.12}, {"path": "range/1263830-1883781", "duration": 5.12}, {"path": "range/1883782-2509586", "duration": 5.12}, {"path": "range/2509587-3129355", "duration": 5.12}, {"path": "range/3129356-3755833", "duration": 5.12}, {"path": "range/3755834-4372375", "duration": 5.12}, {"path": "range/4372376-4979689", "duration": 5.12}, {"path": "range/4979690-5583040", "duration": 5.12}, {"path": "range/5583041-6181615", "duration": 5.12}, {"path": "range/6181616-6781534", "duration": 5.12}, {"path": "range/6781535-7372436", "duration": 5.12}, {"path": "range/7372437-7947126", "duration": 5.12}, {"path": "range/7947127-8524326", "duration": 5.12}, {"path": "range/8524327-9082873", "duration": 5.12}, {"path": "range/9082874-9642079", "duration": 5.12}, {"path": "range/9642080-10195515", "duration": 5.12}, {"path": "range/10195516-10737928", "duration": 5.12}, {"path": "range/10737929-11275942", "duration": 5.12}, {"path": "range/11275943-11816253", "duration": 5.12}, {"path": "range/11816254-12343560", "duration": 5.12}, {"path": "range/12343561-12870792", "duration": 5.12}, {"path": "range/12870793-13397051", "duration": 5.12}, {"path": "range/13397052-13931088", "duration": 5.76}], "protocol": "http_dash_segments", "format": "137 - 1920x1080 (DASH video)", "http_headers": {"User-Agent": "Mozilla/5.0 (Windows NT 10.0; Win64; x64) AppleWebKit/537.36 (KHTML, like Gecko) Chrome/70.0.3538.61 Safari/537.36", "Accept-Charset": "ISO-8859-1,utf-8;q=0.7,*;q=0.7", "Accept": "text/html,application/xhtml+xml,application/xml;q=0.9,*/*;q=0.8", "Accept-Encoding": "gzip, deflate", "Accept-Language": "en-us,en;q=0.5"}}, {"ext": "mp4", "height": 480, "format_note": "DASH video", "vcodec": "avc1.4d4014", "format_id": "135", "manifest_url": "https://manifest.googlevideo.com/api/manifest/dash/expire/1609159336/ei/SH7pX8Ylg-CAA5f0pdAG/ip/140.109.135.166/id/b94b67c80ead2e72/source/youtube/requiressl/yes/playback_host/r4---sn-5njj-u2xl.googlevideo.com/mh/kR/mm/31%2C29/mn/sn-5njj-u2xl%2Csn-un57en7e/ms/au%2Crdu/mv/m/mvi/4/pcm2cms/yes/pl/16/hfr/all/as/fmp4_audio_clear%2Cwebm_audio_clear%2Cwebm2_audio_clear%2Cfmp4_sd_hd_clear%2Cwebm2_sd_hd_clear/initcwndbps/375000/vprv/1/mt/1609137405/fvip/4/keepalive/yes/itag/0/sparams/expire%2Cei%2Cip%2Cid%2Csource%2Crequiressl%2Chfr%2Cas%2Cvprv%2Citag/sig/AOq0QJ8wRQIhAPgbd1WtkSi2CB6qwcqBp4VE0AeO16Z6MUM-5TlhaO-hAiBi0bGRrq9maCEo0VGo7XZmwmHNvYhfmS7SYyfnvgfSpQ%3D%3D/lsparams/playback_host%2Cmh%2Cmm%2Cmn%2Cms%2Cmv%2Cmvi%2Cpcm2cms%2Cpl%2Cinitcwndbps/lsig/AG3C_xAwRQIhALKVSV5TIhUtxIoeJ4qqDZkoF0lulNraeTt_6dS-ztv7AiBvz-YVnWy-25ux4xzP3c_NRdRyBXpz4fKQM1NBFHJOYg%3D%3D", "width": 854, "tbr": 1155.0, "asr": null, "fps": 25, "language": null, "filesize": null, "container": "mp4_dash", "acodec": "none", "url": "https://manifest.googlevideo.com/api/manifest/dash/expire/1609159336/ei/SH7pX8Ylg-CAA5f0pdAG/ip/140.109.135.166/id/b94b67c80ead2e72/source/youtube/requiressl/yes/playback_host/r4---sn-5njj-u2xl.googlevideo.com/mh/kR/mm/31%2C29/mn/sn-5njj-u2xl%2Csn-un57en7e/ms/au%2Crdu/mv/m/mvi/4/pcm2cms/yes/pl/16/hfr/all/as/fmp4_audio_clear%2Cwebm_audio_clear%2Cwebm2_audio_clear%2Cfmp4_sd_hd_clear%2Cwebm2_sd_hd_clear/initcwndbps/375000/vprv/1/mt/1609137405/fvip/4/keepalive/yes/itag/0/sparams/expire%2Cei%2Cip%2Cid%2Csource%2Crequiressl%2Chfr%2Cas%2Cvprv%2Citag/sig/AOq0QJ8wRQIhAPgbd1WtkSi2CB6qwcqBp4VE0AeO16Z6MUM-5TlhaO-hAiBi0bGRrq9maCEo0VGo7XZmwmHNvYhfmS7SYyfnvgfSpQ%3D%3D/lsparams/playback_host%2Cmh%2Cmm%2Cmn%2Cms%2Cmv%2Cmvi%2Cpcm2cms%2Cpl%2Cinitcwndbps/lsig/AG3C_xAwRQIhALKVSV5TIhUtxIoeJ4qqDZkoF0lulNraeTt_6dS-ztv7AiBvz-YVnWy-25ux4xzP3c_NRdRyBXpz4fKQM1NBFHJOYg%3D%3D", "fragment_base_url": "https://r4---sn-5njj-u2xl.googlevideo.com/videoplayback/expire/1609159336/ei/SH7pX8Ylg-CAA5f0pdAG/ip/140.109.135.166/id/b94b67c80ead2e72/itag/135/source/yt_otf/requiressl/yes/mh/kR/mm/31,29/mn/sn-5njj-u2xl,sn-un57en7e/ms/au,rdu/mv/m/mvi/4/pcm2cms/yes/pl/16/initcwndbps/375000/vprv/1/ratebypass/yes/mime/video%2Fmp4/otfp/1/otf/1/lmt/1607004186002614/mt/1609137405/fvip/4/keepalive/yes/sparams/expire,ei,ip,id,itag,source,requiressl,vprv,ratebypass,mime,otfp,otf,lmt/sig/AOq0QJ8wRQIhAODIBWcULdbBKCiFPgVDAVMj1a_Hi_sI2iIuU9buzrgnAiBA4rOufjPICxcFG7is_Bx71-E40qehw4xDIYLMoAHm8Q%3D%3D/lsparams/mh,mm,mn,ms,mv,mvi,pcm2cms,pl,initcwndbps/lsig/AG3C_xAwRAIgfgMZvznSLLkgq1mZ8VIb3NsxCE4zk-KZjIiz-MFP_h8CIE3WQPH5j5QS8EEq035I0S0CESZ0wpsQixBE5s5U5Swe/", "fragments": [{"path": "sq/0"}, {"path": "sq/1/dur/5.120", "duration": 5.12}, {"path": "sq/2/dur/5.120", "duration": 5.12}, {"path": "sq/3/dur/5.120", "duration": 5.12}, {"path": "sq/4/dur/5.120", "duration": 5.12}, {"path": "sq/5/dur/5.120", "duration": 5.12}, {"path": "sq/6/dur/5.120", "duration": 5.12}, {"path": "sq/7/dur/5.120", "duration": 5.12}, {"path": "sq/8/dur/5.120", "duration": 5.12}, {"path": "sq/9/dur/5.120", "duration": 5.12}, {"path": "sq/10/dur/5.120", "duration": 5.12}, {"path": "sq/11/dur/5.120", "duration": 5.12}, {"path": "sq/12/dur/5.120", "duration": 5.12}, {"path": "sq/13/dur/5.120", "duration": 5.12}, {"path": "sq/14/dur/5.120", "duration": 5.12}, {"path": "sq/15/dur/5.120", "duration": 5.12}, {"path": "sq/16/dur/5.120", "duration": 5.12}, {"path": "sq/17/dur/5.120", "duration": 5.12}, {"path": "sq/18/dur/5.120", "duration": 5.12}, {"path": "sq/19/dur/5.120", "duration": 5.12}, {"path": "sq/20/dur/5.120", "duration": 5.12}, {"path": "sq/21/dur/5.120", "duration": 5.12}, {"path": "sq/22/dur/5.120", "duration": 5.12}, {"path": "sq/23/dur/5.120", "duration": 5.12}, {"path": "sq/24/dur/5.760", "duration": 5.76}], "protocol": "http_dash_segments", "format": "135 - 854x480 (DASH video)", "http_headers": {"User-Agent": "Mozilla/5.0 (Windows NT 10.0; Win64; x64) AppleWebKit/537.36 (KHTML, like Gecko) Chrome/70.0.3538.61 Safari/537.36", "Accept-Charset": "ISO-8859-1,utf-8;q=0.7,*;q=0.7", "Accept": "text/html,application/xhtml+xml,application/xml;q=0.9,*/*;q=0.8", "Accept-Encoding": "gzip, deflate", "Accept-Language": "en-us,en;q=0.5"}}, {"ext": "webm", "height": 720, "format_note": "DASH video", "vcodec": "vp9", "format_id": "247", "manifest_url": "https://manifest.googlevideo.com/api/manifest/dash/expire/1609159336/ei/SH7pX8Ylg-CAA5f0pdAG/ip/140.109.135.166/id/b94b67c80ead2e72/source/youtube/requiressl/yes/playback_host/r4---sn-5njj-u2xl.googlevideo.com/mh/kR/mm/31%2C29/mn/sn-5njj-u2xl%2Csn-un57en7e/ms/au%2Crdu/mv/m/mvi/4/pcm2cms/yes/pl/16/hfr/all/as/fmp4_audio_clear%2Cwebm_audio_clear%2Cwebm2_audio_clear%2Cfmp4_sd_hd_clear%2Cwebm2_sd_hd_clear/initcwndbps/375000/vprv/1/mt/1609137405/fvip/4/keepalive/yes/itag/0/sparams/expire%2Cei%2Cip%2Cid%2Csource%2Crequiressl%2Chfr%2Cas%2Cvprv%2Citag/sig/AOq0QJ8wRQIhAPgbd1WtkSi2CB6qwcqBp4VE0AeO16Z6MUM-5TlhaO-hAiBi0bGRrq9maCEo0VGo7XZmwmHNvYhfmS7SYyfnvgfSpQ%3D%3D/lsparams/playback_host%2Cmh%2Cmm%2Cmn%2Cms%2Cmv%2Cmvi%2Cpcm2cms%2Cpl%2Cinitcwndbps/lsig/AG3C_xAwRQIhALKVSV5TIhUtxIoeJ4qqDZkoF0lulNraeTt_6dS-ztv7AiBvz-YVnWy-25ux4xzP3c_NRdRyBXpz4fKQM1NBFHJOYg%3D%3D", "width": 1280, "tbr": 1505.28, "asr": null, "fps": 25, "language": null, "filesize": null, "container": "webm_dash", "acodec": "none", "url": "https://manifest.googlevideo.com/api/manifest/dash/expire/1609159336/ei/SH7pX8Ylg-CAA5f0pdAG/ip/140.109.135.166/id/b94b67c80ead2e72/source/youtube/requiressl/yes/playback_host/r4---sn-5njj-u2xl.googlevideo.com/mh/kR/mm/31%2C29/mn/sn-5njj-u2xl%2Csn-un57en7e/ms/au%2Crdu/mv/m/mvi/4/pcm2cms/yes/pl/16/hfr/all/as/fmp4_audio_clear%2Cwebm_audio_clear%2Cwebm2_audio_clear%2Cfmp4_sd_hd_clear%2Cwebm2_sd_hd_clear/initcwndbps/375000/vprv/1/mt/1609137405/fvip/4/keepalive/yes/itag/0/sparams/expire%2Cei%2Cip%2Cid%2Csource%2Crequiressl%2Chfr%2Cas%2Cvprv%2Citag/sig/AOq0QJ8wRQIhAPgbd1WtkSi2CB6qwcqBp4VE0AeO16Z6MUM-5TlhaO-hAiBi0bGRrq9maCEo0VGo7XZmwmHNvYhfmS7SYyfnvgfSpQ%3D%3D/lsparams/playback_host%2Cmh%2Cmm%2Cmn%2Cms%2Cmv%2Cmvi%2Cpcm2cms%2Cpl%2Cinitcwndbps/lsig/AG3C_xAwRQIhALKVSV5TIhUtxIoeJ4qqDZkoF0lulNraeTt_6dS-ztv7AiBvz-YVnWy-25ux4xzP3c_NRdRyBXpz4fKQM1NBFHJOYg%3D%3D", "fragment_base_url": "https://r4---sn-5njj-u2xl.googlevideo.com/videoplayback/expire/1609159336/ei/SH7pX8Ylg-CAA5f0pdAG/ip/140.109.135.166/id/b94b67c80ead2e72/itag/247/source/yt_otf/requiressl/yes/mh/kR/mm/31,29/mn/sn-5njj-u2xl,sn-un57en7e/ms/au,rdu/mv/m/mvi/4/pcm2cms/yes/pl/16/initcwndbps/375000/vprv/1/ratebypass/yes/mime/video%2Fwebm/otfp/1/otf/1/lmt/1607004186002614/mt/1609137405/fvip/4/keepalive/yes/sparams/expire,ei,ip,id,itag,source,requiressl,vprv,ratebypass,mime,otfp,otf,lmt/sig/AOq0QJ8wRgIhAMvEFM5ZkDfEkr8SlHJsYyqW4DFZZm33cgKUwt4NiQ6_AiEAn088qXUGJBN-ZYt4XQZR3kDCRUDC8tx3LzVJBCFxVhk%3D/lsparams/mh,mm,mn,ms,mv,mvi,pcm2cms,pl,initcwndbps/lsig/AG3C_xAwRQIhAM36V0XSOqvNd0rcGS8WbO8bKrh_HSaLJ-kh7xqW8bQ_AiAkT6CztQKRh4wkI2bqXzlyCl5jdG28sx-txZ8bdwgObA%3D%3D/", "fragments": [{"path": "sq/0"}, {"path": "sq/1/dur/5.120", "duration": 5.12}, {"path": "sq/2/dur/5.120", "duration": 5.12}, {"path": "sq/3/dur/5.120", "duration": 5.12}, {"path": "sq/4/dur/5.120", "duration": 5.12}, {"path": "sq/5/dur/5.120", "duration": 5.12}, {"path": "sq/6/dur/5.120", "duration": 5.12}, {"path": "sq/7/dur/5.120", "duration": 5.12}, {"path": "sq/8/dur/5.120", "duration": 5.12}, {"path": "sq/9/dur/5.120", "duration": 5.12}, {"path": "sq/10/dur/5.120", "duration": 5.12}, {"path": "sq/11/dur/5.120", "duration": 5.12}, {"path": "sq/12/dur/5.120", "duration": 5.12}, {"path": "sq/13/dur/5.120", "duration": 5.12}, {"path": "sq/14/dur/5.120", "duration": 5.12}, {"path": "sq/15/dur/5.120", "duration": 5.12}, {"path": "sq/16/dur/5.120", "duration": 5.12}, {"path": "sq/17/dur/5.120", "duration": 5.12}, {"path": "sq/18/dur/5.120", "duration": 5.12}, {"path": "sq/19/dur/5.120", "duration": 5.12}, {"path": "sq/20/dur/5.120", "duration": 5.12}, {"path": "sq/21/dur/5.120", "duration": 5.12}, {"path": "sq/22/dur/5.120", "duration": 5.12}, {"path": "sq/23/dur/5.120", "duration": 5.12}, {"path": "sq/24/dur/5.760", "duration": 5.76}], "protocol": "http_dash_segments", "format": "247 - 1280x720 (DASH video)", "http_headers": {"User-Agent": "Mozilla/5.0 (Windows NT 10.0; Win64; x64) AppleWebKit/537.36 (KHTML, like Gecko) Chrome/70.0.3538.61 Safari/537.36", "Accept-Charset": "ISO-8859-1,utf-8;q=0.7,*;q=0.7", "Accept": "text/html,application/xhtml+xml,application/xml;q=0.9,*/*;q=0.8", "Accept-Encoding": "gzip, deflate", "Accept-Language": "en-us,en;q=0.5"}}, {"ext": "mp4", "height": 720, "format_note": "DASH video", "vcodec": "avc1.4d400b", "format_id": "136", "manifest_url": "https://manifest.googlevideo.com/api/manifest/dash/expire/1609159336/ei/SH7pX8Ylg-CAA5f0pdAG/ip/140.109.135.166/id/b94b67c80ead2e72/source/youtube/requiressl/yes/playback_host/r4---sn-5njj-u2xl.googlevideo.com/mh/kR/mm/31%2C29/mn/sn-5njj-u2xl%2Csn-un57en7e/ms/au%2Crdu/mv/m/mvi/4/pcm2cms/yes/pl/16/hfr/all/as/fmp4_audio_clear%2Cwebm_audio_clear%2Cwebm2_audio_clear%2Cfmp4_sd_hd_clear%2Cwebm2_sd_hd_clear/initcwndbps/375000/vprv/1/mt/1609137405/fvip/4/keepalive/yes/itag/0/sparams/expire%2Cei%2Cip%2Cid%2Csource%2Crequiressl%2Chfr%2Cas%2Cvprv%2Citag/sig/AOq0QJ8wRQIhAPgbd1WtkSi2CB6qwcqBp4VE0AeO16Z6MUM-5TlhaO-hAiBi0bGRrq9maCEo0VGo7XZmwmHNvYhfmS7SYyfnvgfSpQ%3D%3D/lsparams/playback_host%2Cmh%2Cmm%2Cmn%2Cms%2Cmv%2Cmvi%2Cpcm2cms%2Cpl%2Cinitcwndbps/lsig/AG3C_xAwRQIhALKVSV5TIhUtxIoeJ4qqDZkoF0lulNraeTt_6dS-ztv7AiBvz-YVnWy-25ux4xzP3c_NRdRyBXpz4fKQM1NBFHJOYg%3D%3D", "width": 1280, "tbr": 2310.0, "asr": null, "fps": 25, "language": null, "filesize": null, "container": "mp4_dash", "acodec": "none", "url": "https://manifest.googlevideo.com/api/manifest/dash/expire/1609159336/ei/SH7pX8Ylg-CAA5f0pdAG/ip/140.109.135.166/id/b94b67c80ead2e72/source/youtube/requiressl/yes/playback_host/r4---sn-5njj-u2xl.googlevideo.com/mh/kR/mm/31%2C29/mn/sn-5njj-u2xl%2Csn-un57en7e/ms/au%2Crdu/mv/m/mvi/4/pcm2cms/yes/pl/16/hfr/all/as/fmp4_audio_clear%2Cwebm_audio_clear%2Cwebm2_audio_clear%2Cfmp4_sd_hd_clear%2Cwebm2_sd_hd_clear/initcwndbps/375000/vprv/1/mt/1609137405/fvip/4/keepalive/yes/itag/0/sparams/expire%2Cei%2Cip%2Cid%2Csource%2Crequiressl%2Chfr%2Cas%2Cvprv%2Citag/sig/AOq0QJ8wRQIhAPgbd1WtkSi2CB6qwcqBp4VE0AeO16Z6MUM-5TlhaO-hAiBi0bGRrq9maCEo0VGo7XZmwmHNvYhfmS7SYyfnvgfSpQ%3D%3D/lsparams/playback_host%2Cmh%2Cmm%2Cmn%2Cms%2Cmv%2Cmvi%2Cpcm2cms%2Cpl%2Cinitcwndbps/lsig/AG3C_xAwRQIhALKVSV5TIhUtxIoeJ4qqDZkoF0lulNraeTt_6dS-ztv7AiBvz-YVnWy-25ux4xzP3c_NRdRyBXpz4fKQM1NBFHJOYg%3D%3D", "fragment_base_url": "https://r4---sn-5njj-u2xl.googlevideo.com/videoplayback/expire/1609159336/ei/SH7pX8Ylg-CAA5f0pdAG/ip/140.109.135.166/id/b94b67c80ead2e72/itag/136/source/yt_otf/requiressl/yes/mh/kR/mm/31,29/mn/sn-5njj-u2xl,sn-un57en7e/ms/au,rdu/mv/m/mvi/4/pcm2cms/yes/pl/16/initcwndbps/375000/vprv/1/ratebypass/yes/mime/video%2Fmp4/otfp/1/otf/1/lmt/1607004186002614/mt/1609137405/fvip/4/keepalive/yes/sparams/expire,ei,ip,id,itag,source,requiressl,vprv,ratebypass,mime,otfp,otf,lmt/sig/AOq0QJ8wRgIhAJeg6AIlfFfFis_FSTWfnc2QKETP12fRwK1zodrKif_LAiEAvT6F8iWOISiM4miHhaV4O-NwgFehIe3R-P3wEVEVlyg%3D/lsparams/mh,mm,mn,ms,mv,mvi,pcm2cms,pl,initcwndbps/lsig/AG3C_xAwRQIhAM4pC3riUZSI1aAxX8kXjxt06YskTiOzgAhDWYfqZ_oBAiAgTPalSvDQ-uCFT_a4W5zEunrwCeIhWanSzltLdZ2Jpw%3D%3D/", "fragments": [{"path": "sq/0"}, {"path": "sq/1/dur/5.120", "duration": 5.12}, {"path": "sq/2/dur/5.120", "duration": 5.12}, {"path": "sq/3/dur/5.120", "duration": 5.12}, {"path": "sq/4/dur/5.120", "duration": 5.12}, {"path": "sq/5/dur/5.120", "duration": 5.12}, {"path": "sq/6/dur/5.120", "duration": 5.12}, {"path": "sq/7/dur/5.120", "duration": 5.12}, {"path": "sq/8/dur/5.120", "duration": 5.12}, {"path": "sq/9/dur/5.120", "duration": 5.12}, {"path": "sq/10/dur/5.120", "duration": 5.12}, {"path": "sq/11/dur/5.120", "duration": 5.12}, {"path": "sq/12/dur/5.120", "duration": 5.12}, {"path": "sq/13/dur/5.120", "duration": 5.12}, {"path": "sq/14/dur/5.120", "duration": 5.12}, {"path": "sq/15/dur/5.120", "duration": 5.12}, {"path": "sq/16/dur/5.120", "duration": 5.12}, {"path": "sq/17/dur/5.120", "duration": 5.12}, {"path": "sq/18/dur/5.120", "duration": 5.12}, {"path": "sq/19/dur/5.120", "duration": 5.12}, {"path": "sq/20/dur/5.120", "duration": 5.12}, {"path": "sq/21/dur/5.120", "duration": 5.12}, {"path": "sq/22/dur/5.120", "duration": 5.12}, {"path": "sq/23/dur/5.120", "duration": 5.12}, {"path": "sq/24/dur/5.760", "duration": 5.76}], "protocol": "http_dash_segments", "format": "136 - 1280x720 (DASH video)", "http_headers": {"User-Agent": "Mozilla/5.0 (Windows NT 10.0; Win64; x64) AppleWebKit/537.36 (KHTML, like Gecko) Chrome/70.0.3538.61 Safari/537.36", "Accept-Charset": "ISO-8859-1,utf-8;q=0.7,*;q=0.7", "Accept": "text/html,application/xhtml+xml,application/xml;q=0.9,*/*;q=0.8", "Accept-Encoding": "gzip, deflate", "Accept-Language": "en-us,en;q=0.5"}}, {"ext": "webm", "height": 1080, "format_note": "DASH video", "vcodec": "vp9", "format_id": "248", "manifest_url": "https://manifest.googlevideo.com/api/manifest/dash/expire/1609159336/ei/SH7pX8Ylg-CAA5f0pdAG/ip/140.109.135.166/id/b94b67c80ead2e72/source/youtube/requiressl/yes/playback_host/r4---sn-5njj-u2xl.googlevideo.com/mh/kR/mm/31%2C29/mn/sn-5njj-u2xl%2Csn-un57en7e/ms/au%2Crdu/mv/m/mvi/4/pcm2cms/yes/pl/16/hfr/all/as/fmp4_audio_clear%2Cwebm_audio_clear%2Cwebm2_audio_clear%2Cfmp4_sd_hd_clear%2Cwebm2_sd_hd_clear/initcwndbps/375000/vprv/1/mt/1609137405/fvip/4/keepalive/yes/itag/0/sparams/expire%2Cei%2Cip%2Cid%2Csource%2Crequiressl%2Chfr%2Cas%2Cvprv%2Citag/sig/AOq0QJ8wRQIhAPgbd1WtkSi2CB6qwcqBp4VE0AeO16Z6MUM-5TlhaO-hAiBi0bGRrq9maCEo0VGo7XZmwmHNvYhfmS7SYyfnvgfSpQ%3D%3D/lsparams/playback_host%2Cmh%2Cmm%2Cmn%2Cms%2Cmv%2Cmvi%2Cpcm2cms%2Cpl%2Cinitcwndbps/lsig/AG3C_xAwRQIhALKVSV5TIhUtxIoeJ4qqDZkoF0lulNraeTt_6dS-ztv7AiBvz-YVnWy-25ux4xzP3c_NRdRyBXpz4fKQM1NBFHJOYg%3D%3D", "width": 1920, "tbr": 2646.0, "asr": null, "fps": 25, "language": null, "filesize": null, "container": "webm_dash", "acodec": "none", "url": "https://manifest.googlevideo.com/api/manifest/dash/expire/1609159336/ei/SH7pX8Ylg-CAA5f0pdAG/ip/140.109.135.166/id/b94b67c80ead2e72/source/youtube/requiressl/yes/playback_host/r4---sn-5njj-u2xl.googlevideo.com/mh/kR/mm/31%2C29/mn/sn-5njj-u2xl%2Csn-un57en7e/ms/au%2Crdu/mv/m/mvi/4/pcm2cms/yes/pl/16/hfr/all/as/fmp4_audio_clear%2Cwebm_audio_clear%2Cwebm2_audio_clear%2Cfmp4_sd_hd_clear%2Cwebm2_sd_hd_clear/initcwndbps/375000/vprv/1/mt/1609137405/fvip/4/keepalive/yes/itag/0/sparams/expire%2Cei%2Cip%2Cid%2Csource%2Crequiressl%2Chfr%2Cas%2Cvprv%2Citag/sig/AOq0QJ8wRQIhAPgbd1WtkSi2CB6qwcqBp4VE0AeO16Z6MUM-5TlhaO-hAiBi0bGRrq9maCEo0VGo7XZmwmHNvYhfmS7SYyfnvgfSpQ%3D%3D/lsparams/playback_host%2Cmh%2Cmm%2Cmn%2Cms%2Cmv%2Cmvi%2Cpcm2cms%2Cpl%2Cinitcwndbps/lsig/AG3C_xAwRQIhALKVSV5TIhUtxIoeJ4qqDZkoF0lulNraeTt_6dS-ztv7AiBvz-YVnWy-25ux4xzP3c_NRdRyBXpz4fKQM1NBFHJOYg%3D%3D", "fragment_base_url": "https://r4---sn-5njj-u2xl.googlevideo.com/videoplayback/expire/1609159336/ei/SH7pX8Ylg-CAA5f0pdAG/ip/140.109.135.166/id/b94b67c80ead2e72/itag/248/source/yt_otf/requiressl/yes/mh/kR/mm/31,29/mn/sn-5njj-u2xl,sn-un57en7e/ms/au,rdu/mv/m/mvi/4/pcm2cms/yes/pl/16/initcwndbps/375000/vprv/1/ratebypass/yes/mime/video%2Fwebm/otfp/1/otf/1/lmt/1607004186002614/mt/1609137405/fvip/4/keepalive/yes/sparams/expire,ei,ip,id,itag,source,requiressl,vprv,ratebypass,mime,otfp,otf,lmt/sig/AOq0QJ8wRQIgV6mHn2GFq4_VCXoN3n5RTB4e1Ry1lJclkyqsfKz48HoCIQD6iR9NJsvakcOJvdsEXco1K3b0HM-YozpWem-9cxbgJQ%3D%3D/lsparams/mh,mm,mn,ms,mv,mvi,pcm2cms,pl,initcwndbps/lsig/AG3C_xAwRgIhAKlnyUYBMnjhcNP4OW1wM1MwDcVy6mQhMWp-uKKjMODAAiEA33hCoLlDx1PL8SkYo6aFKo6kAswIaswFY2NHFZyREMk%3D/", "fragments": [{"path": "sq/0"}, {"path": "sq/1/dur/5.120", "duration": 5.12}, {"path": "sq/2/dur/5.120", "duration": 5.12}, {"path": "sq/3/dur/5.120", "duration": 5.12}, {"path": "sq/4/dur/5.120", "duration": 5.12}, {"path": "sq/5/dur/5.120", "duration": 5.12}, {"path": "sq/6/dur/5.120", "duration": 5.12}, {"path": "sq/7/dur/5.120", "duration": 5.12}, {"path": "sq/8/dur/5.120", "duration": 5.12}, {"path": "sq/9/dur/5.120", "duration": 5.12}, {"path": "sq/10/dur/5.120", "duration": 5.12}, {"path": "sq/11/dur/5.120", "duration": 5.12}, {"path": "sq/12/dur/5.120", "duration": 5.12}, {"path": "sq/13/dur/5.120", "duration": 5.12}, {"path": "sq/14/dur/5.120", "duration": 5.12}, {"path": "sq/15/dur/5.120", "duration": 5.12}, {"path": "sq/16/dur/5.120", "duration": 5.12}, {"path": "sq/17/dur/5.120", "duration": 5.12}, {"path": "sq/18/dur/5.120", "duration": 5.12}, {"path": "sq/19/dur/5.120", "duration": 5.12}, {"path": "sq/20/dur/5.120", "duration": 5.12}, {"path": "sq/21/dur/5.120", "duration": 5.12}, {"path": "sq/22/dur/5.120", "duration": 5.12}, {"path": "sq/23/dur/5.120", "duration": 5.12}, {"path": "sq/24/dur/5.760", "duration": 5.76}], "protocol": "http_dash_segments", "format": "248 - 1920x1080 (DASH video)", "http_headers": {"User-Agent": "Mozilla/5.0 (Windows NT 10.0; Win64; x64) AppleWebKit/537.36 (KHTML, like Gecko) Chrome/70.0.3538.61 Safari/537.36", "Accept-Charset": "ISO-8859-1,utf-8;q=0.7,*;q=0.7", "Accept": "text/html,application/xhtml+xml,application/xml;q=0.9,*/*;q=0.8", "Accept-Encoding": "gzip, deflate", "Accept-Language": "en-us,en;q=0.5"}}, {"format_id": "18", "url": "https://r4---sn-5njj-u2xl.googlevideo.com/videoplayback?expire=1609159336&ei=SH7pX8Ylg-CAA5f0pdAG&ip=140.109.135.166&id=o-APtBX9z_RSNCcMQZ47SByeu4fTClN1TqztYxZw3RcWXT&itag=18&source=youtube&requiressl=yes&mh=kR&mm=31%2C29&mn=sn-5njj-u2xl%2Csn-un57en7e&ms=au%2Crdu&mv=m&mvi=4&pcm2cms=yes&pl=16&initcwndbps=375000&vprv=1&mime=video%2Fmp4&ns=kcAroxVzYTUkKQ5sQDpJux8F&gir=yes&clen=2558838&ratebypass=yes&dur=123.576&lmt=1607004184094979&mt=1609137405&fvip=4&c=WEB&txp=6210222&n=ryjNa7soNsRoQdKG&sparams=expire%2Cei%2Cip%2Cid%2Citag%2Csource%2Crequiressl%2Cvprv%2Cmime%2Cns%2Cgir%2Cclen%2Cratebypass%2Cdur%2Clmt&sig=AOq0QJ8wRQIgcrhSSP0afuHk1BTukgRO2hS-ZduyDg_uBght4TrhUykCIQCqi2g4e8lnTb8iBCe75oQFnHME4W9UI7iXUxA_afpg6w%3D%3D&lsparams=mh%2Cmm%2Cmn%2Cms%2Cmv%2Cmvi%2Cpcm2cms%2Cpl%2Cinitcwndbps&lsig=AG3C_xAwRgIhAJLakEZ1TaP99S1JYrVG9O8jKfcmX4vM5gpBC1hVtVmYAiEAwVwUGJ-n15BNb8uOZ_QLF1wUIA1fBGzOlcGgyGMmMVg%3D", "player_url": null, "ext": "mp4", "width": 640, "height": 360, "acodec": "mp4a.40.2", "abr": 96, "vcodec": "avc1.42001E", "asr": 44100, "filesize": 2558838, "format_note": "360p", "fps": 25, "tbr": 165.727, "format": "18 - 640x360 (360p)", "protocol": "https", "http_headers": {"User-Agent": "Mozilla/5.0 (Windows NT 10.0; Win64; x64) AppleWebKit/537.36 (KHTML, like Gecko) Chrome/70.0.3538.61 Safari/537.36", "Accept-Charset": "ISO-8859-1,utf-8;q=0.7,*;q=0.7", "Accept": "text/html,application/xhtml+xml,application/xml;q=0.9,*/*;q=0.8", "Accept-Encoding": "gzip, deflate", "Accept-Language": "en-us,en;q=0.5"}}, {"format_id": "22", "url": "https://r4---sn-5njj-u2xl.googlevideo.com/videoplayback?expire=1609159336&ei=SH7pX8Ylg-CAA5f0pdAG&ip=140.109.135.166&id=o-APtBX9z_RSNCcMQZ47SByeu4fTClN1TqztYxZw3RcWXT&itag=22&source=youtube&requiressl=yes&mh=kR&mm=31%2C29&mn=sn-5njj-u2xl%2Csn-un57en7e&ms=au%2Crdu&mv=m&mvi=4&pcm2cms=yes&pl=16&initcwndbps=375000&vprv=1&mime=video%2Fmp4&ns=kcAroxVzYTUkKQ5sQDpJux8F&ratebypass=yes&dur=123.576&lmt=1607004203336829&mt=1609137405&fvip=4&c=WEB&txp=6216222&n=ryjNa7soNsRoQdKG&sparams=expire%2Cei%2Cip%2Cid%2Citag%2Csource%2Crequiressl%2Cvprv%2Cmime%2Cns%2Cratebypass%2Cdur%2Clmt&sig=AOq0QJ8wRgIhAJloSLgad4VKNid1lumFdwN_l-bmClKz1xW99bzfODl2AiEA6N-yDCZ9Iq5Q2PTLASfTtqeo0KNBenBfbzRoyKugGwk%3D&lsparams=mh%2Cmm%2Cmn%2Cms%2Cmv%2Cmvi%2Cpcm2cms%2Cpl%2Cinitcwndbps&lsig=AG3C_xAwRgIhAJLakEZ1TaP99S1JYrVG9O8jKfcmX4vM5gpBC1hVtVmYAiEAwVwUGJ-n15BNb8uOZ_QLF1wUIA1fBGzOlcGgyGMmMVg%3D", "player_url": null, "ext": "mp4", "width": 1280, "height": 720, "acodec": "mp4a.40.2", "abr": 192, "vcodec": "avc1.64001F", "asr": 44100, "filesize": null, "format_note": "720p", "fps": 25, "tbr": 458.806, "format": "22 - 1280x720 (720p)", "protocol": "https", "http_headers": {"User-Agent": "Mozilla/5.0 (Windows NT 10.0; Win64; x64) AppleWebKit/537.36 (KHTML, like Gecko) Chrome/70.0.3538.61 Safari/537.36", "Accept-Charset": "ISO-8859-1,utf-8;q=0.7,*;q=0.7", "Accept": "text/html,application/xhtml+xml,application/xml;q=0.9,*/*;q=0.8", "Accept-Encoding": "gzip, deflate", "Accept-Language": "en-us,en;q=0.5"}}], "is_live": null, "start_time": null, "end_time": null, "series": null, "season_number": null, "episode_number": null, "track": null, "artist": null, "album": null, "release_date": null, "release_year": null, "extractor": "youtube", "webpage_url_basename": "watch", "extractor_key": "Youtube", "playlist": null, "playlist_index": null, "thumbnail": "https://i.ytimg.com/vi_webp/uUtnyA6tLnI/maxresdefault.webp", "display_id": "uUtnyA6tLnI", "requested_subtitles": null, "ext": "webm", "format_note": "DASH audio", "acodec": "opus", "abr": 160, "format_id": "251", "manifest_url": "https://manifest.googlevideo.com/api/manifest/dash/expire/1609159336/ei/SH7pX8Ylg-CAA5f0pdAG/ip/140.109.135.166/id/b94b67c80ead2e72/source/youtube/requiressl/yes/playback_host/r4---sn-5njj-u2xl.googlevideo.com/mh/kR/mm/31%2C29/mn/sn-5njj-u2xl%2Csn-un57en7e/ms/au%2Crdu/mv/m/mvi/4/pcm2cms/yes/pl/16/hfr/all/as/fmp4_audio_clear%2Cwebm_audio_clear%2Cwebm2_audio_clear%2Cfmp4_sd_hd_clear%2Cwebm2_sd_hd_clear/initcwndbps/375000/vprv/1/mt/1609137405/fvip/4/keepalive/yes/itag/0/sparams/expire%2Cei%2Cip%2Cid%2Csource%2Crequiressl%2Chfr%2Cas%2Cvprv%2Citag/sig/AOq0QJ8wRQIhAPgbd1WtkSi2CB6qwcqBp4VE0AeO16Z6MUM-5TlhaO-hAiBi0bGRrq9maCEo0VGo7XZmwmHNvYhfmS7SYyfnvgfSpQ%3D%3D/lsparams/playback_host%2Cmh%2Cmm%2Cmn%2Cms%2Cmv%2Cmvi%2Cpcm2cms%2Cpl%2Cinitcwndbps/lsig/AG3C_xAwRQIhALKVSV5TIhUtxIoeJ4qqDZkoF0lulNraeTt_6dS-ztv7AiBvz-YVnWy-25ux4xzP3c_NRdRyBXpz4fKQM1NBFHJOYg%3D%3D", "width": null, "height": null, "tbr": 160.403, "asr": 48000, "fps": null, "language": null, "filesize": null, "container": "webm_dash", "vcodec": "none", "url": "https://manifest.googlevideo.com/api/manifest/dash/expire/1609159336/ei/SH7pX8Ylg-CAA5f0pdAG/ip/140.109.135.166/id/b94b67c80ead2e72/source/youtube/requiressl/yes/playback_host/r4---sn-5njj-u2xl.googlevideo.com/mh/kR/mm/31%2C29/mn/sn-5njj-u2xl%2Csn-un57en7e/ms/au%2Crdu/mv/m/mvi/4/pcm2cms/yes/pl/16/hfr/all/as/fmp4_audio_clear%2Cwebm_audio_clear%2Cwebm2_audio_clear%2Cfmp4_sd_hd_clear%2Cwebm2_sd_hd_clear/initcwndbps/375000/vprv/1/mt/1609137405/fvip/4/keepalive/yes/itag/0/sparams/expire%2Cei%2Cip%2Cid%2Csource%2Crequiressl%2Chfr%2Cas%2Cvprv%2Citag/sig/AOq0QJ8wRQIhAPgbd1WtkSi2CB6qwcqBp4VE0AeO16Z6MUM-5TlhaO-hAiBi0bGRrq9maCEo0VGo7XZmwmHNvYhfmS7SYyfnvgfSpQ%3D%3D/lsparams/playback_host%2Cmh%2Cmm%2Cmn%2Cms%2Cmv%2Cmvi%2Cpcm2cms%2Cpl%2Cinitcwndbps/lsig/AG3C_xAwRQIhALKVSV5TIhUtxIoeJ4qqDZkoF0lulNraeTt_6dS-ztv7AiBvz-YVnWy-25ux4xzP3c_NRdRyBXpz4fKQM1NBFHJOYg%3D%3D", "fragment_base_url": "https://r4---sn-5njj-u2xl.googlevideo.com/videoplayback/expire/1609159336/ei/SH7pX8Ylg-CAA5f0pdAG/ip/140.109.135.166/id/b94b67c80ead2e72/itag/251/source/youtube/requiressl/yes/mh/kR/mm/31,29/mn/sn-5njj-u2xl,sn-un57en7e/ms/au,rdu/mv/m/mvi/4/pcm2cms/yes/pl/16/initcwndbps/375000/vprv/1/ratebypass/yes/mime/audio%2Fwebm/otfp/1/gir/yes/clen/2393220/lmt/1607004181549752/dur/123.541/mt/1609137405/fvip/4/keepalive/yes/sparams/expire,ei,ip,id,itag,source,requiressl,vprv,ratebypass,mime,otfp,gir,clen,lmt,dur/sig/AOq0QJ8wRgIhANfDUkUHFH6_GNZRQFozsLol50iGhX960dFBS0xhO7okAiEAsQpdk4YkqNy-rZPExG9SzATbloiRHtbiRy9Jv_qS4F0%3D/lsparams/mh,mm,mn,ms,mv,mvi,pcm2cms,pl,initcwndbps/lsig/AG3C_xAwRgIhAIVT60_zA9wu9gr1Uk6mGvVQYKgr5SGsN3D1YTn5RJ9qAiEAnvEoM0aDeDL9uoxbG8LEQ4mqAYOniDeKgIo01V1YU6g%3D/", "fragments": [{"path": "range/0-265"}, {"path": "range/484-196341", "duration": 10.001}, {"path": "range/196342-389934", "duration": 10.0}, {"path": "range/389935-583854", "duration": 10.0}, {"path": "range/583855-777808", "duration": 10.0}, {"path": "range/777809-976701", "duration": 10.0}, {"path": "range/976702-1168908", "duration": 10.0}, {"path": "range/1168909-1369412", "duration": 10.0}, {"path": "range/1369413-1562121", "duration": 10.0}, {"path": "range/1562122-1757840", "duration": 10.0}, {"path": "range/1757841-1951118", "duration": 10.0}, {"path": "range/1951119-2149205", "duration": 10.0}, {"path": "range/2149206-2337976", "duration": 10.0}, {"path": "range/2337977-2393219", "duration": 3.54}], "protocol": "http_dash_segments", "format": "251 - audio only (DASH audio)", "http_headers": {"User-Agent": "Mozilla/5.0 (Windows NT 10.0; Win64; x64) AppleWebKit/537.36 (KHTML, like Gecko) Chrome/70.0.3538.61 Safari/537.36", "Accept-Charset": "ISO-8859-1,utf-8;q=0.7,*;q=0.7", "Accept": "text/html,application/xhtml+xml,application/xml;q=0.9,*/*;q=0.8", "Accept-Encoding": "gzip, deflate", "Accept-Language": "en-us,en;q=0.5"}}