{"id": "YXIpupruAFU", "uploader": "Jordy Chandra", "uploader_id": "UCSFVPFXsMTjWFD-zbyYLf0g", "uploader_url": "http://www.youtube.com/channel/UCSFVPFXsMTjWFD-zbyYLf0g", "channel_id": "UCSFVPFXsMTjWFD-zbyYLf0g", "channel_url": "http://www.youtube.com/channel/UCSFVPFXsMTjWFD-zbyYLf0g", "upload_date": "20180622", "license": null, "creator": "Jordy Chandra", "title": "Jordy Chandra - You and I Decided", "alt_title": "You and I Decided", "thumbnails": [{"url": "https://i.ytimg.com/vi/YXIpupruAFU/hqdefault.jpg?sqp=-oaymwEYCKgBEF5IVfKriqkDCwgBFQAAiEIYAXAB&rs=AOn4CLAUGKq-oO_bq27jYXENhzNGDM78Qw", "width": 168, "height": 94, "resolution": "168x94", "id": "0"}, {"url": "https://i.ytimg.com/vi/YXIpupruAFU/hqdefault.jpg?sqp=-oaymwEYCMQBEG5IVfKriqkDCwgBFQAAiEIYAXAB&rs=AOn4CLAiy2EkBEJBYMEw__ygTAam-q8sUQ", "width": 196, "height": 110, "resolution": "196x110", "id": "1"}, {"url": "https://i.ytimg.com/vi/YXIpupruAFU/hqdefault.jpg?sqp=-oaymwEZCPYBEIoBSFXyq4qpAwsIARUAAIhCGAFwAQ==&rs=AOn4CLCcfITyORyxzy4VPizrJ9bfz3djog", "width": 246, "height": 138, "resolution": "246x138", "id": "2"}, {"url": "https://i.ytimg.com/vi/YXIpupruAFU/hqdefault.jpg?sqp=-oaymwEZCNACELwBSFXyq4qpAwsIARUAAIhCGAFwAQ==&rs=AOn4CLA_Ghc9T1yyic2HpIDa2pYn8zISsQ", "width": 336, "height": 188, "resolution": "336x188", "id": "3"}, {"url": "https://i.ytimg.com/vi_webp/YXIpupruAFU/maxresdefault.webp", "width": 1920, "height": 1080, "resolution": "1920x1080", "id": "4"}], "description": "It's Chill Time! Another Music. New EP coming soon! \n\nMake sure you check out my other Music here \nhttps://www.youtube.com/c/jordychandra\n\nMusic Produced by Jordy Chandra \nVideo Produced by Jordy Chandra\n\nDistributed using DistroKid (you'll get 7% off using my link & it support me as well Thankyou!) https://distrokid.com/vip/seven/664567\n\n-------------------------------------------------------------------------------\nBuy, Stream or Download here \nSpotify: http://spoti.fi/2nWnzgr\niTunes/Apple Music: http://apple.co/2rCsIdQ\nSoundcloud: https://soundcloud.com/jordychandra\nBandcamp: https://jordychandra.bandcamp.com/\n\n----------------------------------------------\nFollow Me on other social media \n----------------------------------------------\nInstagram: https://instagram.com/jordychandra\nSnapchat: Jordychandra\nFacebook: https://www.facebook.com/JordyChandraa/\nTwitter: https://twitter.com/jordychandra\n--------------------------------------------------------------------------------------\nMy Production Equipment \nMonitor Speaker: Rokit 5 G3 --- http://bit.ly/2AFh4Dk\nSoundcard: Focusrite 2i4 (there's Gen 2 now) --- http://bit.ly/2kbL5Tq\nHeadphone: Audio Technica ATH M40x --- http://bit.ly/2nZjS7x\nMicrophone: Audio Technica AT 2020 --- http://bit.ly/2kckiXj\nTranscend 2 TB External Harddrive: --- http://bit.ly/2AIPoj4\n---------------------------------------------------------------------------------\nHere my Gear Recommendation for Music Listener \nHeadphone Audio Technica M50x /M40x \nM50x http://amzn.to/2nLPdgO --- http://bit.ly/2neGa5e\nm40x http://amzn.to/2n1xJJP --- http://bit.ly/2nZjS7x\n\n\nNote : If you're outside Asia you can purchase the product from amazon link \nif you're in Asia you can purchase from lazada link (bitly) \n------------------------------------------------------------------------------------------------------\nDISCLAIMER: I receive a small commission if you purchase one of the product links, \nThis helps support my channel and me to continue to make video. \nThank you for the support!\n\n#jordychandra #Mellowandchill #Relaxingmusic", "categories": ["Music"], "tags": ["jordy", "chandra", "Music", "cover", "music", "jordychandra", "Chillhop", "chillhop", "instrumental", "beautiful", "relaxing", "chill", "time", "chill music", "chill hop", "you and i decided", "jordy chandra you and i decided", "sad song", "sad music", "sad instrumental piano", "relaxing music"], "subtitles": {}, "automatic_captions": {}, "duration": 64, "age_limit": 0, "annotations": null, "chapters": null, "webpage_url": "https://www.youtube.com/watch?v=YXIpupruAFU", "view_count": 1114, "like_count": 40, "dislike_count": null, "average_rating": 5.0, "formats": [{"ext": "m4a", "format_note": "DASH audio", "acodec": "mp4a.40.5", "abr": 48, "container": "m4a_dash", "format_id": "139", "manifest_url": "https://manifest.googlevideo.com/api/manifest/dash/expire/1608715269/ei/pbfiX6_fJYu-4AKFkK3wDg/ip/140.109.134.236/id/617229ba9aee0055/source/youtube/requiressl/yes/playback_host/r4---sn-5njj-u2xe.googlevideo.com/mh/kf/mm/31%2C29/mn/sn-5njj-u2xe%2Csn-un57en7l/ms/au%2Crdu/mv/m/mvi/4/pl/16/hfr/all/as/fmp4_audio_clear%2Cwebm_audio_clear%2Cwebm2_audio_clear%2Cfmp4_sd_hd_clear%2Cwebm2_sd_hd_clear/initcwndbps/325000/vprv/1/mt/1608693400/fvip/4/keepalive/yes/itag/0/sparams/expire%2Cei%2Cip%2Cid%2Csource%2Crequiressl%2Chfr%2Cas%2Cvprv%2Citag/sig/AOq0QJ8wRAIgSwaAPCecWEP5IWYKOg1-nGuAjqupmjMmsKZ8A3Jn93sCIA7O3HVOG6wZk41o8-GSjaZxDvKF2dELW4-tlSUifsf4/lsparams/playback_host%2Cmh%2Cmm%2Cmn%2Cms%2Cmv%2Cmvi%2Cpl%2Cinitcwndbps/lsig/AG3C_xAwRQIhAMvrgmXw52MdwfLh6WJAKXn8_eET2eONgq_e8WI0iV9_AiADxw83wCbxCyXNV8vik0_UBGznVj8MVLuufapNCvbjPw%3D%3D", "width": null, "height": null, "tbr": 49.481, "asr": 22050, "fps": null, "language": null, "filesize": null, "vcodec": "none", "url": "https://manifest.googlevideo.com/api/manifest/dash/expire/1608715269/ei/pbfiX6_fJYu-4AKFkK3wDg/ip/140.109.134.236/id/617229ba9aee0055/source/youtube/requiressl/yes/playback_host/r4---sn-5njj-u2xe.googlevideo.com/mh/kf/mm/31%2C29/mn/sn-5njj-u2xe%2Csn-un57en7l/ms/au%2Crdu/mv/m/mvi/4/pl/16/hfr/all/as/fmp4_audio_clear%2Cwebm_audio_clear%2Cwebm2_audio_clear%2Cfmp4_sd_hd_clear%2Cwebm2_sd_hd_clear/initcwndbps/325000/vprv/1/mt/1608693400/fvip/4/keepalive/yes/itag/0/sparams/expire%2Cei%2Cip%2Cid%2Csource%2Crequiressl%2Chfr%2Cas%2Cvprv%2Citag/sig/AOq0QJ8wRAIgSwaAPCecWEP5IWYKOg1-nGuAjqupmjMmsKZ8A3Jn93sCIA7O3HVOG6wZk41o8-GSjaZxDvKF2dELW4-tlSUifsf4/lsparams/playback_host%2Cmh%2Cmm%2Cmn%2Cms%2Cmv%2Cmvi%2Cpl%2Cinitcwndbps/lsig/AG3C_xAwRQIhAMvrgmXw52MdwfLh6WJAKXn8_eET2eONgq_e8WI0iV9_AiADxw83wCbxCyXNV8vik0_UBGznVj8MVLuufapNCvbjPw%3D%3D", "fragment_base_url": "https://r4---sn-5njj-u2xe.googlevideo.com/videoplayback/expire/1608715269/ei/pbfiX6_fJYu-4AKFkK3wDg/ip/140.109.134.236/id/617229ba9aee0055/itag/139/source/youtube/requiressl/yes/mh/kf/mm/31,29/mn/sn-5njj-u2xe,sn-un57en7l/ms/au,rdu/mv/m/mvi/4/pl/16/initcwndbps/325000/vprv/1/ratebypass/yes/mime/audio%2Fmp4/otfp/1/gir/yes/clen/381015/lmt/1529727779591207/dur/63.808/mt/1608693400/fvip/4/keepalive/yes/sparams/expire,ei,ip,id,itag,source,requiressl,vprv,ratebypass,mime,otfp,gir,clen,lmt,dur/sig/AOq0QJ8wRAIgUib7kpWPtmLO4yi38M7rl5hlqnolh4Ukyqr6Z6Pj3wwCIFY39gRmGktVmZq7fJVDJycCquT82R8fLHvOWGpkJCRb/lsparams/mh,mm,mn,ms,mv,mvi,pl,initcwndbps/lsig/AG3C_xAwRQIgOsHFrhb5K7U7rjAA5rE92Q2kLGnvnvExMGO3myGiyrYCIQCBlvRsSm2bVkfHoNVQI6sFd1gjxnGRtROxn870LalI6Q%3D%3D/", "fragments": [{"path": "range/0-593"}, {"path": "range/782-31024", "duration": 5.016}, {"path": "range/31025-60898", "duration": 5.015}, {"path": "range/60899-90469", "duration": 4.969}, {"path": "range/90470-120389", "duration": 5.016}, {"path": "range/120390-150265", "duration": 5.015}, {"path": "range/150266-179942", "duration": 4.969}, {"path": "range/179943-209650", "duration": 5.016}, {"path": "range/209651-239551", "duration": 5.015}, {"path": "range/239552-269284", "duration": 4.969}, {"path": "range/269285-299181", "duration": 5.016}, {"path": "range/299182-328952", "duration": 5.015}, {"path": "range/328953-358774", "duration": 4.969}, {"path": "range/358775-381014", "duration": 3.808}], "protocol": "http_dash_segments", "format": "139 - audio only (DASH audio)", "http_headers": {"User-Agent": "Mozilla/5.0 (Windows NT 10.0; Win64; x64) AppleWebKit/537.36 (KHTML, like Gecko) Chrome/68.0.3440.108 Safari/537.36", "Accept-Charset": "ISO-8859-1,utf-8;q=0.7,*;q=0.7", "Accept": "text/html,application/xhtml+xml,application/xml;q=0.9,*/*;q=0.8", "Accept-Encoding": "gzip, deflate", "Accept-Language": "en-us,en;q=0.5"}}, {"ext": "m4a", "format_note": "DASH audio", "acodec": "mp4a.40.2", "abr": 128, "container": "m4a_dash", "format_id": "140", "manifest_url": "https://manifest.googlevideo.com/api/manifest/dash/expire/1608715269/ei/pbfiX6_fJYu-4AKFkK3wDg/ip/140.109.134.236/id/617229ba9aee0055/source/youtube/requiressl/yes/playback_host/r4---sn-5njj-u2xe.googlevideo.com/mh/kf/mm/31%2C29/mn/sn-5njj-u2xe%2Csn-un57en7l/ms/au%2Crdu/mv/m/mvi/4/pl/16/hfr/all/as/fmp4_audio_clear%2Cwebm_audio_clear%2Cwebm2_audio_clear%2Cfmp4_sd_hd_clear%2Cwebm2_sd_hd_clear/initcwndbps/325000/vprv/1/mt/1608693400/fvip/4/keepalive/yes/itag/0/sparams/expire%2Cei%2Cip%2Cid%2Csource%2Crequiressl%2Chfr%2Cas%2Cvprv%2Citag/sig/AOq0QJ8wRAIgSwaAPCecWEP5IWYKOg1-nGuAjqupmjMmsKZ8A3Jn93sCIA7O3HVOG6wZk41o8-GSjaZxDvKF2dELW4-tlSUifsf4/lsparams/playback_host%2Cmh%2Cmm%2Cmn%2Cms%2Cmv%2Cmvi%2Cpl%2Cinitcwndbps/lsig/AG3C_xAwRQIhAMvrgmXw52MdwfLh6WJAKXn8_eET2eONgq_e8WI0iV9_AiADxw83wCbxCyXNV8vik0_UBGznVj8MVLuufapNCvbjPw%3D%3D", "width": null, "height": null, "tbr": 128.956, "asr": 44100, "fps": null, "language": null, "filesize": null, "vcodec": "none", "url": "https://manifest.googlevideo.com/api/manifest/dash/expire/1608715269/ei/pbfiX6_fJYu-4AKFkK3wDg/ip/140.109.134.236/id/617229ba9aee0055/source/youtube/requiressl/yes/playback_host/r4---sn-5njj-u2xe.googlevideo.com/mh/kf/mm/31%2C29/mn/sn-5njj-u2xe%2Csn-un57en7l/ms/au%2Crdu/mv/m/mvi/4/pl/16/hfr/all/as/fmp4_audio_clear%2Cwebm_audio_clear%2Cwebm2_audio_clear%2Cfmp4_sd_hd_clear%2Cwebm2_sd_hd_clear/initcwndbps/325000/vprv/1/mt/1608693400/fvip/4/keepalive/yes/itag/0/sparams/expire%2Cei%2Cip%2Cid%2Csource%2Crequiressl%2Chfr%2Cas%2Cvprv%2Citag/sig/AOq0QJ8wRAIgSwaAPCecWEP5IWYKOg1-nGuAjqupmjMmsKZ8A3Jn93sCIA7O3HVOG6wZk41o8-GSjaZxDvKF2dELW4-tlSUifsf4/lsparams/playback_host%2Cmh%2Cmm%2Cmn%2Cms%2Cmv%2Cmvi%2Cpl%2Cinitcwndbps/lsig/AG3C_xAwRQIhAMvrgmXw52MdwfLh6WJAKXn8_eET2eONgq_e8WI0iV9_AiADxw83wCbxCyXNV8vik0_UBGznVj8MVLuufapNCvbjPw%3D%3D", "fragment_base_url": "https://r4---sn-5njj-u2xe.googlevideo.com/videoplayback/expire/1608715269/ei/pbfiX6_fJYu-4AKFkK3wDg/ip/140.109.134.236/id/617229ba9aee0055/itag/140/source/youtube/requiressl/yes/mh/kf/mm/31,29/mn/sn-5njj-u2xe,sn-un57en7l/ms/au,rdu/mv/m/mvi/4/pl/16/initcwndbps/325000/vprv/1/ratebypass/yes/mime/audio%2Fmp4/otfp/1/gir/yes/clen/1013638/lmt/1529727778874122/dur/63.715/mt/1608693400/fvip/4/keepalive/yes/sparams/expire,ei,ip,id,itag,source,requiressl,vprv,ratebypass,mime,otfp,gir,clen,lmt,dur/sig/AOq0QJ8wRgIhAKJgURmX_SChEwM99srG19C0X0NMLeQi4i_JpG6vr9aPAiEAtGS3hdjYDdpdt7YQ1fHYHASshgWlKHK-LkSZMdiNGVo%3D/lsparams/mh,mm,mn,ms,mv,mvi,pl,initcwndbps/lsig/AG3C_xAwRAIgLnkNbBr2lj1wrAwvk_vS7wrg8XLc6GoiS409hPrZOtACIAfh0Td0w81Av5sOaUhVtH-8eQTcbYA41RnIkT0CZSoZ/", "fragments": [{"path": "range/0-591"}, {"path": "range/780-80855", "duration": 5.016}, {"path": "range/80856-160080", "duration": 5.015}, {"path": "range/160081-239439", "duration": 4.969}, {"path": "range/239440-319128", "duration": 5.016}, {"path": "range/319129-398526", "duration": 5.015}, {"path": "range/398527-477975", "duration": 4.969}, {"path": "range/477976-557508", "duration": 5.016}, {"path": "range/557509-636875", "duration": 5.015}, {"path": "range/636876-716208", "duration": 4.969}, {"path": "range/716209-795951", "duration": 5.016}, {"path": "range/795952-875295", "duration": 5.015}, {"path": "range/875296-954732", "duration": 4.969}, {"path": "range/954733-1013637", "duration": 3.808}], "protocol": "http_dash_segments", "format": "140 - audio only (DASH audio)", "http_headers": {"User-Agent": "Mozilla/5.0 (Windows NT 10.0; Win64; x64) AppleWebKit/537.36 (KHTML, like Gecko) Chrome/68.0.3440.108 Safari/537.36", "Accept-Charset": "ISO-8859-1,utf-8;q=0.7,*;q=0.7", "Accept": "text/html,application/xhtml+xml,application/xml;q=0.9,*/*;q=0.8", "Accept-Encoding": "gzip, deflate", "Accept-Language": "en-us,en;q=0.5"}}, {"ext": "webm", "format_note": "DASH audio", "acodec": "opus", "abr": 160, "format_id": "251", "manifest_url": "https://manifest.googlevideo.com/api/manifest/dash/expire/1608715269/ei/pbfiX6_fJYu-4AKFkK3wDg/ip/140.109.134.236/id/617229ba9aee0055/source/youtube/requiressl/yes/playback_host/r4---sn-5njj-u2xe.googlevideo.com/mh/kf/mm/31%2C29/mn/sn-5njj-u2xe%2Csn-un57en7l/ms/au%2Crdu/mv/m/mvi/4/pl/16/hfr/all/as/fmp4_audio_clear%2Cwebm_audio_clear%2Cwebm2_audio_clear%2Cfmp4_sd_hd_clear%2Cwebm2_sd_hd_clear/initcwndbps/325000/vprv/1/mt/1608693400/fvip/4/keepalive/yes/itag/0/sparams/expire%2Cei%2Cip%2Cid%2Csource%2Crequiressl%2Chfr%2Cas%2Cvprv%2Citag/sig/AOq0QJ8wRAIgSwaAPCecWEP5IWYKOg1-nGuAjqupmjMmsKZ8A3Jn93sCIA7O3HVOG6wZk41o8-GSjaZxDvKF2dELW4-tlSUifsf4/lsparams/playback_host%2Cmh%2Cmm%2Cmn%2Cms%2Cmv%2Cmvi%2Cpl%2Cinitcwndbps/lsig/AG3C_xAwRQIhAMvrgmXw52MdwfLh6WJAKXn8_eET2eONgq_e8WI0iV9_AiADxw83wCbxCyXNV8vik0_UBGznVj8MVLuufapNCvbjPw%3D%3D", "width": null, "height": null, "tbr": 162.574, "asr": 48000, "fps": null, "language": null, "filesize": null, "container": "webm_dash", "vcodec": "none", "url": "https://manifest.googlevideo.com/api/manifest/dash/expire/1608715269/ei/pbfiX6_fJYu-4AKFkK3wDg/ip/140.109.134.236/id/617229ba9aee0055/source/youtube/requiressl/yes/playback_host/r4---sn-5njj-u2xe.googlevideo.com/mh/kf/mm/31%2C29/mn/sn-5njj-u2xe%2Csn-un57en7l/ms/au%2Crdu/mv/m/mvi/4/pl/16/hfr/all/as/fmp4_audio_clear%2Cwebm_audio_clear%2Cwebm2_audio_clear%2Cfmp4_sd_hd_clear%2Cwebm2_sd_hd_clear/initcwndbps/325000/vprv/1/mt/1608693400/fvip/4/keepalive/yes/itag/0/sparams/expire%2Cei%2Cip%2Cid%2Csource%2Crequiressl%2Chfr%2Cas%2Cvprv%2Citag/sig/AOq0QJ8wRAIgSwaAPCecWEP5IWYKOg1-nGuAjqupmjMmsKZ8A3Jn93sCIA7O3HVOG6wZk41o8-GSjaZxDvKF2dELW4-tlSUifsf4/lsparams/playback_host%2Cmh%2Cmm%2Cmn%2Cms%2Cmv%2Cmvi%2Cpl%2Cinitcwndbps/lsig/AG3C_xAwRQIhAMvrgmXw52MdwfLh6WJAKXn8_eET2eONgq_e8WI0iV9_AiADxw83wCbxCyXNV8vik0_UBGznVj8MVLuufapNCvbjPw%3D%3D", "fragment_base_url": "https://r4---sn-5njj-u2xe.googlevideo.com/videoplayback/expire/1608715269/ei/pbfiX6_fJYu-4AKFkK3wDg/ip/140.109.134.236/id/617229ba9aee0055/itag/251/source/youtube/requiressl/yes/mh/kf/mm/31,29/mn/sn-5njj-u2xe,sn-un57en7l/ms/au,rdu/mv/m/mvi/4/pl/16/initcwndbps/325000/vprv/1/ratebypass/yes/mime/audio%2Fwebm/otfp/1/gir/yes/clen/1182965/lmt/1564932130700774/dur/63.741/mt/1608693400/fvip/4/keepalive/yes/sparams/expire,ei,ip,id,itag,source,requiressl,vprv,ratebypass,mime,otfp,gir,clen,lmt,dur/sig/AOq0QJ8wRQIhAKnVkBUG5Rzu3uS-FoL9GugB7NQHx6zzYjUwbSjAVMTsAiBfgHpANBt0t9nz-DMVx8YrmXR67TAzJA2HXNt61rzUCA%3D%3D/lsparams/mh,mm,mn,ms,mv,mvi,pl,initcwndbps/lsig/AG3C_xAwRAIgSxsnZxwNcgVNC0b93X8L5158twvGJiUnvaSpptvhdoQCIGnAUqXm5_aED8fsjSQXm09O5AGQ0u3uzFZEjfLH-ls1/", "fragments": [{"path": "range/0-258"}, {"path": "range/374-203237", "duration": 10.001}, {"path": "range/203238-383375", "duration": 10.0}, {"path": "range/383376-562827", "duration": 10.0}, {"path": "range/562828-745114", "duration": 10.0}, {"path": "range/745115-928624", "duration": 10.0}, {"path": "range/928625-1113886", "duration": 10.0}, {"path": "range/1113887-1182964", "duration": 3.74}], "protocol": "http_dash_segments", "format": "251 - audio only (DASH audio)", "http_headers": {"User-Agent": "Mozilla/5.0 (Windows NT 10.0; Win64; x64) AppleWebKit/537.36 (KHTML, like Gecko) Chrome/68.0.3440.108 Safari/537.36", "Accept-Charset": "ISO-8859-1,utf-8;q=0.7,*;q=0.7", "Accept": "text/html,application/xhtml+xml,application/xml;q=0.9,*/*;q=0.8", "Accept-Encoding": "gzip, deflate", "Accept-Language": "en-us,en;q=0.5"}}, {"ext": "webm", "height": 144, "format_note": "DASH video", "container": "webm_dash", "vcodec": "vp9", "format_id": "278", "manifest_url": "https://manifest.googlevideo.com/api/manifest/dash/expire/1608715269/ei/pbfiX6_fJYu-4AKFkK3wDg/ip/140.109.134.236/id/617229ba9aee0055/source/youtube/requiressl/yes/playback_host/r4---sn-5njj-u2xe.googlevideo.com/mh/kf/mm/31%2C29/mn/sn-5njj-u2xe%2Csn-un57en7l/ms/au%2Crdu/mv/m/mvi/4/pl/16/hfr/all/as/fmp4_audio_clear%2Cwebm_audio_clear%2Cwebm2_audio_clear%2Cfmp4_sd_hd_clear%2Cwebm2_sd_hd_clear/initcwndbps/325000/vprv/1/mt/1608693400/fvip/4/keepalive/yes/itag/0/sparams/expire%2Cei%2Cip%2Cid%2Csource%2Crequiressl%2Chfr%2Cas%2Cvprv%2Citag/sig/AOq0QJ8wRAIgSwaAPCecWEP5IWYKOg1-nGuAjqupmjMmsKZ8A3Jn93sCIA7O3HVOG6wZk41o8-GSjaZxDvKF2dELW4-tlSUifsf4/lsparams/playback_host%2Cmh%2Cmm%2Cmn%2Cms%2Cmv%2Cmvi%2Cpl%2Cinitcwndbps/lsig/AG3C_xAwRQIhAMvrgmXw52MdwfLh6WJAKXn8_eET2eONgq_e8WI0iV9_AiADxw83wCbxCyXNV8vik0_UBGznVj8MVLuufapNCvbjPw%3D%3D", "width": 256, "tbr": 95.0, "asr": null, "fps": 30, "language": null, "filesize": null, "acodec": "none", "url": "https://manifest.googlevideo.com/api/manifest/dash/expire/1608715269/ei/pbfiX6_fJYu-4AKFkK3wDg/ip/140.109.134.236/id/617229ba9aee0055/source/youtube/requiressl/yes/playback_host/r4---sn-5njj-u2xe.googlevideo.com/mh/kf/mm/31%2C29/mn/sn-5njj-u2xe%2Csn-un57en7l/ms/au%2Crdu/mv/m/mvi/4/pl/16/hfr/all/as/fmp4_audio_clear%2Cwebm_audio_clear%2Cwebm2_audio_clear%2Cfmp4_sd_hd_clear%2Cwebm2_sd_hd_clear/initcwndbps/325000/vprv/1/mt/1608693400/fvip/4/keepalive/yes/itag/0/sparams/expire%2Cei%2Cip%2Cid%2Csource%2Crequiressl%2Chfr%2Cas%2Cvprv%2Citag/sig/AOq0QJ8wRAIgSwaAPCecWEP5IWYKOg1-nGuAjqupmjMmsKZ8A3Jn93sCIA7O3HVOG6wZk41o8-GSjaZxDvKF2dELW4-tlSUifsf4/lsparams/playback_host%2Cmh%2Cmm%2Cmn%2Cms%2Cmv%2Cmvi%2Cpl%2Cinitcwndbps/lsig/AG3C_xAwRQIhAMvrgmXw52MdwfLh6WJAKXn8_eET2eONgq_e8WI0iV9_AiADxw83wCbxCyXNV8vik0_UBGznVj8MVLuufapNCvbjPw%3D%3D", "fragment_base_url": "https://r4---sn-5njj-u2xe.googlevideo.com/videoplayback/expire/1608715269/ei/pbfiX6_fJYu-4AKFkK3wDg/ip/140.109.134.236/id/617229ba9aee0055/itag/278/source/yt_otf/requiressl/yes/mh/kf/mm/31,29/mn/sn-5njj-u2xe,sn-un57en7l/ms/au,rdu/mv/m/mvi/4/pl/16/initcwndbps/325000/vprv/1/ratebypass/yes/mime/video%2Fwebm/otfp/1/otf/1/lmt/1596769137079424/mt/1608693400/fvip/4/keepalive/yes/sparams/expire,ei,ip,id,itag,source,requiressl,vprv,ratebypass,mime,otfp,otf,lmt/sig/AOq0QJ8wRQIhANnHnd0Z85AbSSosqKkSPNAH54w5GhS4YUOhFLqICy72AiBlD0sasKo5KNnF4YWMgvuWJetkijH7QOTZxMz-Rsvkpg%3D%3D/lsparams/mh,mm,mn,ms,mv,mvi,pl,initcwndbps/lsig/AG3C_xAwRAIgR7yEYuHv6Azn03yHL8SqR7cTYUB8_TAWofVzNTqpZx0CIAwa5n_LFtMkCWooV6TQaoPEFDiyf810NB9VwKmMy_NJ/", "fragments": [{"path": "sq/0"}, {"path": "sq/1/dur/5.339", "duration": 5.339}, {"path": "sq/2/dur/5.338", "duration": 5.338}, {"path": "sq/3/dur/5.339", "duration": 5.339}, {"path": "sq/4/dur/5.339", "duration": 5.339}, {"path": "sq/5/dur/5.338", "duration": 5.338}, {"path": "sq/6/dur/5.339", "duration": 5.339}, {"path": "sq/7/dur/5.339", "duration": 5.339}, {"path": "sq/8/dur/5.338", "duration": 5.338}, {"path": "sq/9/dur/5.339", "duration": 5.339}, {"path": "sq/10/dur/5.339", "duration": 5.339}, {"path": "sq/11/dur/5.338", "duration": 5.338}, {"path": "sq/12/dur/4.938", "duration": 4.938}], "protocol": "http_dash_segments", "format": "278 - 256x144 (DASH video)", "http_headers": {"User-Agent": "Mozilla/5.0 (Windows NT 10.0; Win64; x64) AppleWebKit/537.36 (KHTML, like Gecko) Chrome/68.0.3440.108 Safari/537.36", "Accept-Charset": "ISO-8859-1,utf-8;q=0.7,*;q=0.7", "Accept": "text/html,application/xhtml+xml,application/xml;q=0.9,*/*;q=0.8", "Accept-Encoding": "gzip, deflate", "Accept-Language": "en-us,en;q=0.5"}}, {"ext": "mp4", "height": 144, "format_note": "DASH video", "vcodec": "avc1.4d400b", "format_id": "160", "manifest_url": "https://manifest.googlevideo.com/api/manifest/dash/expire/1608715269/ei/pbfiX6_fJYu-4AKFkK3wDg/ip/140.109.134.236/id/617229ba9aee0055/source/youtube/requiressl/yes/playback_host/r4---sn-5njj-u2xe.googlevideo.com/mh/kf/mm/31%2C29/mn/sn-5njj-u2xe%2Csn-un57en7l/ms/au%2Crdu/mv/m/mvi/4/pl/16/hfr/all/as/fmp4_audio_clear%2Cwebm_audio_clear%2Cwebm2_audio_clear%2Cfmp4_sd_hd_clear%2Cwebm2_sd_hd_clear/initcwndbps/325000/vprv/1/mt/1608693400/fvip/4/keepalive/yes/itag/0/sparams/expire%2Cei%2Cip%2Cid%2Csource%2Crequiressl%2Chfr%2Cas%2Cvprv%2Citag/sig/AOq0QJ8wRAIgSwaAPCecWEP5IWYKOg1-nGuAjqupmjMmsKZ8A3Jn93sCIA7O3HVOG6wZk41o8-GSjaZxDvKF2dELW4-tlSUifsf4/lsparams/playback_host%2Cmh%2Cmm%2Cmn%2Cms%2Cmv%2Cmvi%2Cpl%2Cinitcwndbps/lsig/AG3C_xAwRQIhAMvrgmXw52MdwfLh6WJAKXn8_eET2eONgq_e8WI0iV9_AiADxw83wCbxCyXNV8vik0_UBGznVj8MVLuufapNCvbjPw%3D%3D", "width": 256, "tbr": 108.0, "asr": null, "fps": 30, "language": null, "filesize": null, "container": "mp4_dash", "acodec": "none", "url": "https://manifest.googlevideo.com/api/manifest/dash/expire/1608715269/ei/pbfiX6_fJYu-4AKFkK3wDg/ip/140.109.134.236/id/617229ba9aee0055/source/youtube/requiressl/yes/playback_host/r4---sn-5njj-u2xe.googlevideo.com/mh/kf/mm/31%2C29/mn/sn-5njj-u2xe%2Csn-un57en7l/ms/au%2Crdu/mv/m/mvi/4/pl/16/hfr/all/as/fmp4_audio_clear%2Cwebm_audio_clear%2Cwebm2_audio_clear%2Cfmp4_sd_hd_clear%2Cwebm2_sd_hd_clear/initcwndbps/325000/vprv/1/mt/1608693400/fvip/4/keepalive/yes/itag/0/sparams/expire%2Cei%2Cip%2Cid%2Csource%2Crequiressl%2Chfr%2Cas%2Cvprv%2Citag/sig/AOq0QJ8wRAIgSwaAPCecWEP5IWYKOg1-nGuAjqupmjMmsKZ8A3Jn93sCIA7O3HVOG6wZk41o8-GSjaZxDvKF2dELW4-tlSUifsf4/lsparams/playback_host%2Cmh%2Cmm%2Cmn%2Cms%2Cmv%2Cmvi%2Cpl%2Cinitcwndbps/lsig/AG3C_xAwRQIhAMvrgmXw52MdwfLh6WJAKXn8_eET2eONgq_e8WI0iV9_AiADxw83wCbxCyXNV8vik0_UBGznVj8MVLuufapNCvbjPw%3D%3D", "fragment_base_url": "https://r4---sn-5njj-u2xe.googlevideo.com/videoplayback/expire/1608715269/ei/pbfiX6_fJYu-4AKFkK3wDg/ip/140.109.134.236/id/617229ba9aee0055/itag/160/source/yt_otf/requiressl/yes/mh/kf/mm/31,29/mn/sn-5njj-u2xe,sn-un57en7l/ms/au,rdu/mv/m/mvi/4/pl/16/initcwndbps/325000/vprv/1/ratebypass/yes/mime/video%2Fmp4/otfp/1/otf/1/lmt/1596769137079424/mt/1608693400/fvip/4/keepalive/yes/sparams/expire,ei,ip,id,itag,source,requiressl,vprv,ratebypass,mime,otfp,otf,lmt/sig/AOq0QJ8wRQIgN-pDr-hcw9Wgz-UdM26zeIxuyQ10okwD0Pwiw6H_r_gCIQC3xsrio0TVYwIey2NMGjyqlEnXHy38il01MxN1OZtOAQ%3D%3D/lsparams/mh,mm,mn,ms,mv,mvi,pl,initcwndbps/lsig/AG3C_xAwRgIhALgdQYKP0PPcdfXBUFSosLOvcaFk-hh_N8cTxrIRfVyaAiEAox2qaFTJqOJeDAKxNHiAG74J_Fd-pt55rkarpsKcKaE%3D/", "fragments": [{"path": "sq/0"}, {"path": "sq/1/dur/5.339", "duration": 5.339}, {"path": "sq/2/dur/5.338", "duration": 5.338}, {"path": "sq/3/dur/5.339", "duration": 5.339}, {"path": "sq/4/dur/5.339", "duration": 5.339}, {"path": "sq/5/dur/5.338", "duration": 5.338}, {"path": "sq/6/dur/5.339", "duration": 5.339}, {"path": "sq/7/dur/5.339", "duration": 5.339}, {"path": "sq/8/dur/5.338", "duration": 5.338}, {"path": "sq/9/dur/5.339", "duration": 5.339}, {"path": "sq/10/dur/5.339", "duration": 5.339}, {"path": "sq/11/dur/5.338", "duration": 5.338}, {"path": "sq/12/dur/4.938", "duration": 4.938}], "protocol": "http_dash_segments", "format": "160 - 256x144 (DASH video)", "http_headers": {"User-Agent": "Mozilla/5.0 (Windows NT 10.0; Win64; x64) AppleWebKit/537.36 (KHTML, like Gecko) Chrome/68.0.3440.108 Safari/537.36", "Accept-Charset": "ISO-8859-1,utf-8;q=0.7,*;q=0.7", "Accept": "text/html,application/xhtml+xml,application/xml;q=0.9,*/*;q=0.8", "Accept-Encoding": "gzip, deflate", "Accept-Language": "en-us,en;q=0.5"}}, {"ext": "webm", "height": 240, "format_note": "DASH video", "vcodec": "vp9", "format_id": "242", "manifest_url": "https://manifest.googlevideo.com/api/manifest/dash/expire/1608715269/ei/pbfiX6_fJYu-4AKFkK3wDg/ip/140.109.134.236/id/617229ba9aee0055/source/youtube/requiressl/yes/playback_host/r4---sn-5njj-u2xe.googlevideo.com/mh/kf/mm/31%2C29/mn/sn-5njj-u2xe%2Csn-un57en7l/ms/au%2Crdu/mv/m/mvi/4/pl/16/hfr/all/as/fmp4_audio_clear%2Cwebm_audio_clear%2Cwebm2_audio_clear%2Cfmp4_sd_hd_clear%2Cwebm2_sd_hd_clear/initcwndbps/325000/vprv/1/mt/1608693400/fvip/4/keepalive/yes/itag/0/sparams/expire%2Cei%2Cip%2Cid%2Csource%2Crequiressl%2Chfr%2Cas%2Cvprv%2Citag/sig/AOq0QJ8wRAIgSwaAPCecWEP5IWYKOg1-nGuAjqupmjMmsKZ8A3Jn93sCIA7O3HVOG6wZk41o8-GSjaZxDvKF2dELW4-tlSUifsf4/lsparams/playback_host%2Cmh%2Cmm%2Cmn%2Cms%2Cmv%2Cmvi%2Cpl%2Cinitcwndbps/lsig/AG3C_xAwRQIhAMvrgmXw52MdwfLh6WJAKXn8_eET2eONgq_e8WI0iV9_AiADxw83wCbxCyXNV8vik0_UBGznVj8MVLuufapNCvbjPw%3D%3D", "width": 426, "tbr": 220.5, "asr": null, "fps": 30, "language": null, "filesize": null, "container": "webm_dash", "acodec": "none", "url": "https://manifest.googlevideo.com/api/manifest/dash/expire/1608715269/ei/pbfiX6_fJYu-4AKFkK3wDg/ip/140.109.134.236/id/617229ba9aee0055/source/youtube/requiressl/yes/playback_host/r4---sn-5njj-u2xe.googlevideo.com/mh/kf/mm/31%2C29/mn/sn-5njj-u2xe%2Csn-un57en7l/ms/au%2Crdu/mv/m/mvi/4/pl/16/hfr/all/as/fmp4_audio_clear%2Cwebm_audio_clear%2Cwebm2_audio_clear%2Cfmp4_sd_hd_clear%2Cwebm2_sd_hd_clear/initcwndbps/325000/vprv/1/mt/1608693400/fvip/4/keepalive/yes/itag/0/sparams/expire%2Cei%2Cip%2Cid%2Csource%2Crequiressl%2Chfr%2Cas%2Cvprv%2Citag/sig/AOq0QJ8wRAIgSwaAPCecWEP5IWYKOg1-nGuAjqupmjMmsKZ8A3Jn93sCIA7O3HVOG6wZk41o8-GSjaZxDvKF2dELW4-tlSUifsf4/lsparams/playback_host%2Cmh%2Cmm%2Cmn%2Cms%2Cmv%2Cmvi%2Cpl%2Cinitcwndbps/lsig/AG3C_xAwRQIhAMvrgmXw52MdwfLh6WJAKXn8_eET2eONgq_e8WI0iV9_AiADxw83wCbxCyXNV8vik0_UBGznVj8MVLuufapNCvbjPw%3D%3D", "fragment_base_url": "https://r4---sn-5njj-u2xe.googlevideo.com/videoplayback/expire/1608715269/ei/pbfiX6_fJYu-4AKFkK3wDg/ip/140.109.134.236/id/617229ba9aee0055/itag/242/source/yt_otf/requiressl/yes/mh/kf/mm/31,29/mn/sn-5njj-u2xe,sn-un57en7l/ms/au,rdu/mv/m/mvi/4/pl/16/initcwndbps/325000/vprv/1/ratebypass/yes/mime/video%2Fwebm/otfp/1/otf/1/lmt/1596769137079424/mt/1608693400/fvip/4/keepalive/yes/sparams/expire,ei,ip,id,itag,source,requiressl,vprv,ratebypass,mime,otfp,otf,lmt/sig/AOq0QJ8wRQIgE96IiS6eUZGn4Vfj1UXrCxKNQB46tmBlW2C9wCMfjvQCIQD1BKl4weOSSWlSR0EE8-UqfLbBh8yoo8fQTsM1rS7Avg%3D%3D/lsparams/mh,mm,mn,ms,mv,mvi,pl,initcwndbps/lsig/AG3C_xAwRQIhAJWF_u0zlaMOJgWDu37iaFpRZbWBZhIMvXfP3ITukuANAiBXjK54fVzG32lZseYhhM3hIiOkJOaiJi9fUyHGGc33fg%3D%3D/", "fragments": [{"path": "sq/0"}, {"path": "sq/1/dur/5.339", "duration": 5.339}, {"path": "sq/2/dur/5.338", "duration": 5.338}, {"path": "sq/3/dur/5.339", "duration": 5.339}, {"path": "sq/4/dur/5.339", "duration": 5.339}, {"path": "sq/5/dur/5.338", "duration": 5.338}, {"path": "sq/6/dur/5.339", "duration": 5.339}, {"path": "sq/7/dur/5.339", "duration": 5.339}, {"path": "sq/8/dur/5.338", "duration": 5.338}, {"path": "sq/9/dur/5.339", "duration": 5.339}, {"path": "sq/10/dur/5.339", "duration": 5.339}, {"path": "sq/11/dur/5.338", "duration": 5.338}, {"path": "sq/12/dur/4.938", "duration": 4.938}], "protocol": "http_dash_segments", "format": "242 - 426x240 (DASH video)", "http_headers": {"User-Agent": "Mozilla/5.0 (Windows NT 10.0; Win64; x64) AppleWebKit/537.36 (KHTML, like Gecko) Chrome/68.0.3440.108 Safari/537.36", "Accept-Charset": "ISO-8859-1,utf-8;q=0.7,*;q=0.7", "Accept": "text/html,application/xhtml+xml,application/xml;q=0.9,*/*;q=0.8", "Accept-Encoding": "gzip, deflate", "Accept-Language": "en-us,en;q=0.5"}}, {"ext": "mp4", "height": 240, "format_note": "DASH video", "vcodec": "avc1.4d400c", "format_id": "133", "manifest_url": "https://manifest.googlevideo.com/api/manifest/dash/expire/1608715269/ei/pbfiX6_fJYu-4AKFkK3wDg/ip/140.109.134.236/id/617229ba9aee0055/source/youtube/requiressl/yes/playback_host/r4---sn-5njj-u2xe.googlevideo.com/mh/kf/mm/31%2C29/mn/sn-5njj-u2xe%2Csn-un57en7l/ms/au%2Crdu/mv/m/mvi/4/pl/16/hfr/all/as/fmp4_audio_clear%2Cwebm_audio_clear%2Cwebm2_audio_clear%2Cfmp4_sd_hd_clear%2Cwebm2_sd_hd_clear/initcwndbps/325000/vprv/1/mt/1608693400/fvip/4/keepalive/yes/itag/0/sparams/expire%2Cei%2Cip%2Cid%2Csource%2Crequiressl%2Chfr%2Cas%2Cvprv%2Citag/sig/AOq0QJ8wRAIgSwaAPCecWEP5IWYKOg1-nGuAjqupmjMmsKZ8A3Jn93sCIA7O3HVOG6wZk41o8-GSjaZxDvKF2dELW4-tlSUifsf4/lsparams/playback_host%2Cmh%2Cmm%2Cmn%2Cms%2Cmv%2Cmvi%2Cpl%2Cinitcwndbps/lsig/AG3C_xAwRQIhAMvrgmXw52MdwfLh6WJAKXn8_eET2eONgq_e8WI0iV9_AiADxw83wCbxCyXNV8vik0_UBGznVj8MVLuufapNCvbjPw%3D%3D", "width": 426, "tbr": 242.0, "asr": null, "fps": 30, "language": null, "filesize": null, "container": "mp4_dash", "acodec": "none", "url": "https://manifest.googlevideo.com/api/manifest/dash/expire/1608715269/ei/pbfiX6_fJYu-4AKFkK3wDg/ip/140.109.134.236/id/617229ba9aee0055/source/youtube/requiressl/yes/playback_host/r4---sn-5njj-u2xe.googlevideo.com/mh/kf/mm/31%2C29/mn/sn-5njj-u2xe%2Csn-un57en7l/ms/au%2Crdu/mv/m/mvi/4/pl/16/hfr/all/as/fmp4_audio_clear%2Cwebm_audio_clear%2Cwebm2_audio_clear%2Cfmp4_sd_hd_clear%2Cwebm2_sd_hd_clear/initcwndbps/325000/vprv/1/mt/1608693400/fvip/4/keepalive/yes/itag/0/sparams/expire%2Cei%2Cip%2Cid%2Csource%2Crequiressl%2Chfr%2Cas%2Cvprv%2Citag/sig/AOq0QJ8wRAIgSwaAPCecWEP5IWYKOg1-nGuAjqupmjMmsKZ8A3Jn93sCIA7O3HVOG6wZk41o8-GSjaZxDvKF2dELW4-tlSUifsf4/lsparams/playback_host%2Cmh%2Cmm%2Cmn%2Cms%2Cmv%2Cmvi%2Cpl%2Cinitcwndbps/lsig/AG3C_xAwRQIhAMvrgmXw52MdwfLh6WJAKXn8_eET2eONgq_e8WI0iV9_AiADxw83wCbxCyXNV8vik0_UBGznVj8MVLuufapNCvbjPw%3D%3D", "fragment_base_url": "https://r4---sn-5njj-u2xe.googlevideo.com/videoplayback/expire/1608715269/ei/pbfiX6_fJYu-4AKFkK3wDg/ip/140.109.134.236/id/617229ba9aee0055/itag/133/source/yt_otf/requiressl/yes/mh/kf/mm/31,29/mn/sn-5njj-u2xe,sn-un57en7l/ms/au,rdu/mv/m/mvi/4/pl/16/initcwndbps/325000/vprv/1/ratebypass/yes/mime/video%2Fmp4/otfp/1/otf/1/lmt/1596769137079424/mt/1608693400/fvip/4/keepalive/yes/sparams/expire,ei,ip,id,itag,source,requiressl,vprv,ratebypass,mime,otfp,otf,lmt/sig/AOq0QJ8wRAIgIDbpSCeV5iRwgum9k-c7FBgSwWVoF1nWk86f4MIP8zICIDkWjHcNQlQID_XxmHviKetYw7QBdHzAB7m7bdOlS7v6/lsparams/mh,mm,mn,ms,mv,mvi,pl,initcwndbps/lsig/AG3C_xAwRQIhAJ9vXiJwbaMIpiZNUeHeYOodPNCmuylFunQe0sRgI7Q2AiB5GNeGh9A2HqOZw3m8n6TPCAU87eqvoi3iKohtAn_ozA%3D%3D/", "fragments": [{"path": "sq/0"}, {"path": "sq/1/dur/5.339", "duration": 5.339}, {"path": "sq/2/dur/5.338", "duration": 5.338}, {"path": "sq/3/dur/5.339", "duration": 5.339}, {"path": "sq/4/dur/5.339", "duration": 5.339}, {"path": "sq/5/dur/5.338", "duration": 5.338}, {"path": "sq/6/dur/5.339", "duration": 5.339}, {"path": "sq/7/dur/5.339", "duration": 5.339}, {"path": "sq/8/dur/5.338", "duration": 5.338}, {"path": "sq/9/dur/5.339", "duration": 5.339}, {"path": "sq/10/dur/5.339", "duration": 5.339}, {"path": "sq/11/dur/5.338", "duration": 5.338}, {"path": "sq/12/dur/4.938", "duration": 4.938}], "protocol": "http_dash_segments", "format": "133 - 426x240 (DASH video)", "http_headers": {"User-Agent": "Mozilla/5.0 (Windows NT 10.0; Win64; x64) AppleWebKit/537.36 (KHTML, like Gecko) Chrome/68.0.3440.108 Safari/537.36", "Accept-Charset": "ISO-8859-1,utf-8;q=0.7,*;q=0.7", "Accept": "text/html,application/xhtml+xml,application/xml;q=0.9,*/*;q=0.8", "Accept-Encoding": "gzip, deflate", "Accept-Language": "en-us,en;q=0.5"}}, {"ext": "mp4", "height": 360, "format_note": "DASH video", "vcodec": "avc1.4d401e", "format_id": "134", "manifest_url": "https://manifest.googlevideo.com/api/manifest/dash/expire/1608715269/ei/pbfiX6_fJYu-4AKFkK3wDg/ip/140.109.134.236/id/617229ba9aee0055/source/youtube/requiressl/yes/playback_host/r4---sn-5njj-u2xe.googlevideo.com/mh/kf/mm/31%2C29/mn/sn-5njj-u2xe%2Csn-un57en7l/ms/au%2Crdu/mv/m/mvi/4/pl/16/hfr/all/as/fmp4_audio_clear%2Cwebm_audio_clear%2Cwebm2_audio_clear%2Cfmp4_sd_hd_clear%2Cwebm2_sd_hd_clear/initcwndbps/325000/vprv/1/mt/1608693400/fvip/4/keepalive/yes/itag/0/sparams/expire%2Cei%2Cip%2Cid%2Csource%2Crequiressl%2Chfr%2Cas%2Cvprv%2Citag/sig/AOq0QJ8wRAIgSwaAPCecWEP5IWYKOg1-nGuAjqupmjMmsKZ8A3Jn93sCIA7O3HVOG6wZk41o8-GSjaZxDvKF2dELW4-tlSUifsf4/lsparams/playback_host%2Cmh%2Cmm%2Cmn%2Cms%2Cmv%2Cmvi%2Cpl%2Cinitcwndbps/lsig/AG3C_xAwRQIhAMvrgmXw52MdwfLh6WJAKXn8_eET2eONgq_e8WI0iV9_AiADxw83wCbxCyXNV8vik0_UBGznVj8MVLuufapNCvbjPw%3D%3D", "width": 640, "tbr": 289.425, "asr": null, "fps": 30, "language": null, "filesize": null, "container": "mp4_dash", "acodec": "none", "url": "https://manifest.googlevideo.com/api/manifest/dash/expire/1608715269/ei/pbfiX6_fJYu-4AKFkK3wDg/ip/140.109.134.236/id/617229ba9aee0055/source/youtube/requiressl/yes/playback_host/r4---sn-5njj-u2xe.googlevideo.com/mh/kf/mm/31%2C29/mn/sn-5njj-u2xe%2Csn-un57en7l/ms/au%2Crdu/mv/m/mvi/4/pl/16/hfr/all/as/fmp4_audio_clear%2Cwebm_audio_clear%2Cwebm2_audio_clear%2Cfmp4_sd_hd_clear%2Cwebm2_sd_hd_clear/initcwndbps/325000/vprv/1/mt/1608693400/fvip/4/keepalive/yes/itag/0/sparams/expire%2Cei%2Cip%2Cid%2Csource%2Crequiressl%2Chfr%2Cas%2Cvprv%2Citag/sig/AOq0QJ8wRAIgSwaAPCecWEP5IWYKOg1-nGuAjqupmjMmsKZ8A3Jn93sCIA7O3HVOG6wZk41o8-GSjaZxDvKF2dELW4-tlSUifsf4/lsparams/playback_host%2Cmh%2Cmm%2Cmn%2Cms%2Cmv%2Cmvi%2Cpl%2Cinitcwndbps/lsig/AG3C_xAwRQIhAMvrgmXw52MdwfLh6WJAKXn8_eET2eONgq_e8WI0iV9_AiADxw83wCbxCyXNV8vik0_UBGznVj8MVLuufapNCvbjPw%3D%3D", "fragment_base_url": "https://r4---sn-5njj-u2xe.googlevideo.com/videoplayback/expire/1608715269/ei/pbfiX6_fJYu-4AKFkK3wDg/ip/140.109.134.236/id/617229ba9aee0055/itag/134/source/youtube/requiressl/yes/mh/kf/mm/31,29/mn/sn-5njj-u2xe,sn-un57en7l/ms/au,rdu/mv/m/mvi/4/pl/16/initcwndbps/325000/vprv/1/ratebypass/yes/mime/video%2Fmp4/otfp/1/gir/yes/clen/719537/lmt/1596769147288896/dur/63.663/mt/1608693400/fvip/4/keepalive/yes/sparams/expire,ei,ip,id,itag,source,requiressl,vprv,ratebypass,mime,otfp,gir,clen,lmt,dur/sig/AOq0QJ8wRAIgdQ7xHYiSiTt-tqxGESDIDG-JEPmwpJHdjCuWHNW01R4CIH3WP4sDjCH8SujFN6I-LylukzOQYCyi5LK6yRtDtbt4/lsparams/mh,mm,mn,ms,mv,mvi,pl,initcwndbps/lsig/AG3C_xAwRgIhAOrMlEogBZ7B1AM9cMaHD2f5AesbVhjpVjvIMNY0vaApAiEA5edmp1Pay-ndvdtGMlMo3jTxlE4FSydjYaKh2WNmfQ4%3D/", "fragments": [{"path": "range/0-738"}, {"path": "range/915-179349", "duration": 5.339}, {"path": "range/179350-211692", "duration": 5.338}, {"path": "range/211693-243903", "duration": 5.339}, {"path": "range/243904-276329", "duration": 5.339}, {"path": "range/276330-307300", "duration": 5.338}, {"path": "range/307301-339016", "duration": 5.339}, {"path": "range/339017-371382", "duration": 5.339}, {"path": "range/371383-401998", "duration": 5.338}, {"path": "range/401999-434729", "duration": 5.339}, {"path": "range/434730-467557", "duration": 5.339}, {"path": "range/467558-540888", "duration": 5.338}, {"path": "range/540889-719536", "duration": 4.938}], "protocol": "http_dash_segments", "format": "134 - 640x360 (DASH video)", "http_headers": {"User-Agent": "Mozilla/5.0 (Windows NT 10.0; Win64; x64) AppleWebKit/537.36 (KHTML, like Gecko) Chrome/68.0.3440.108 Safari/537.36", "Accept-Charset": "ISO-8859-1,utf-8;q=0.7,*;q=0.7", "Accept": "text/html,application/xhtml+xml,application/xml;q=0.9,*/*;q=0.8", "Accept-Encoding": "gzip, deflate", "Accept-Language": "en-us,en;q=0.5"}}, {"ext": "webm", "height": 360, "format_note": "DASH video", "vcodec": "vp9", "format_id": "243", "manifest_url": "https://manifest.googlevideo.com/api/manifest/dash/expire/1608715269/ei/pbfiX6_fJYu-4AKFkK3wDg/ip/140.109.134.236/id/617229ba9aee0055/source/youtube/requiressl/yes/playback_host/r4---sn-5njj-u2xe.googlevideo.com/mh/kf/mm/31%2C29/mn/sn-5njj-u2xe%2Csn-un57en7l/ms/au%2Crdu/mv/m/mvi/4/pl/16/hfr/all/as/fmp4_audio_clear%2Cwebm_audio_clear%2Cwebm2_audio_clear%2Cfmp4_sd_hd_clear%2Cwebm2_sd_hd_clear/initcwndbps/325000/vprv/1/mt/1608693400/fvip/4/keepalive/yes/itag/0/sparams/expire%2Cei%2Cip%2Cid%2Csource%2Crequiressl%2Chfr%2Cas%2Cvprv%2Citag/sig/AOq0QJ8wRAIgSwaAPCecWEP5IWYKOg1-nGuAjqupmjMmsKZ8A3Jn93sCIA7O3HVOG6wZk41o8-GSjaZxDvKF2dELW4-tlSUifsf4/lsparams/playback_host%2Cmh%2Cmm%2Cmn%2Cms%2Cmv%2Cmvi%2Cpl%2Cinitcwndbps/lsig/AG3C_xAwRQIhAMvrgmXw52MdwfLh6WJAKXn8_eET2eONgq_e8WI0iV9_AiADxw83wCbxCyXNV8vik0_UBGznVj8MVLuufapNCvbjPw%3D%3D", "width": 640, "tbr": 405.72, "asr": null, "fps": 30, "language": null, "filesize": null, "container": "webm_dash", "acodec": "none", "url": "https://manifest.googlevideo.com/api/manifest/dash/expire/1608715269/ei/pbfiX6_fJYu-4AKFkK3wDg/ip/140.109.134.236/id/617229ba9aee0055/source/youtube/requiressl/yes/playback_host/r4---sn-5njj-u2xe.googlevideo.com/mh/kf/mm/31%2C29/mn/sn-5njj-u2xe%2Csn-un57en7l/ms/au%2Crdu/mv/m/mvi/4/pl/16/hfr/all/as/fmp4_audio_clear%2Cwebm_audio_clear%2Cwebm2_audio_clear%2Cfmp4_sd_hd_clear%2Cwebm2_sd_hd_clear/initcwndbps/325000/vprv/1/mt/1608693400/fvip/4/keepalive/yes/itag/0/sparams/expire%2Cei%2Cip%2Cid%2Csource%2Crequiressl%2Chfr%2Cas%2Cvprv%2Citag/sig/AOq0QJ8wRAIgSwaAPCecWEP5IWYKOg1-nGuAjqupmjMmsKZ8A3Jn93sCIA7O3HVOG6wZk41o8-GSjaZxDvKF2dELW4-tlSUifsf4/lsparams/playback_host%2Cmh%2Cmm%2Cmn%2Cms%2Cmv%2Cmvi%2Cpl%2Cinitcwndbps/lsig/AG3C_xAwRQIhAMvrgmXw52MdwfLh6WJAKXn8_eET2eONgq_e8WI0iV9_AiADxw83wCbxCyXNV8vik0_UBGznVj8MVLuufapNCvbjPw%3D%3D", "fragment_base_url": "https://r4---sn-5njj-u2xe.googlevideo.com/videoplayback/expire/1608715269/ei/pbfiX6_fJYu-4AKFkK3wDg/ip/140.109.134.236/id/617229ba9aee0055/itag/243/source/yt_otf/requiressl/yes/mh/kf/mm/31,29/mn/sn-5njj-u2xe,sn-un57en7l/ms/au,rdu/mv/m/mvi/4/pl/16/initcwndbps/325000/vprv/1/ratebypass/yes/mime/video%2Fwebm/otfp/1/otf/1/lmt/1596769137079424/mt/1608693400/fvip/4/keepalive/yes/sparams/expire,ei,ip,id,itag,source,requiressl,vprv,ratebypass,mime,otfp,otf,lmt/sig/AOq0QJ8wRgIhAPdlMjBi8eTndt7IVniej72WhFIJNToYGKF_KmBmp-MXAiEApyMVtJo7YCq-_Yp6BGZNdBQaiQnAXLeq_tbxB2u5WRk%3D/lsparams/mh,mm,mn,ms,mv,mvi,pl,initcwndbps/lsig/AG3C_xAwRQIgbLAx4toZD5GXHzXBqHpe7qhW-aySebcIE9S9Sy2lVW4CIQD3E2usk6qn_QGdNoY-ZF64eWBWHB17-L5iEmyzST14tA%3D%3D/", "fragments": [{"path": "sq/0"}, {"path": "sq/1/dur/5.339", "duration": 5.339}, {"path": "sq/2/dur/5.338", "duration": 5.338}, {"path": "sq/3/dur/5.339", "duration": 5.339}, {"path": "sq/4/dur/5.339", "duration": 5.339}, {"path": "sq/5/dur/5.338", "duration": 5.338}, {"path": "sq/6/dur/5.339", "duration": 5.339}, {"path": "sq/7/dur/5.339", "duration": 5.339}, {"path": "sq/8/dur/5.338", "duration": 5.338}, {"path": "sq/9/dur/5.339", "duration": 5.339}, {"path": "sq/10/dur/5.339", "duration": 5.339}, {"path": "sq/11/dur/5.338", "duration": 5.338}, {"path": "sq/12/dur/4.938", "duration": 4.938}], "protocol": "http_dash_segments", "format": "243 - 640x360 (DASH video)", "http_headers": {"User-Agent": "Mozilla/5.0 (Windows NT 10.0; Win64; x64) AppleWebKit/537.36 (KHTML, like Gecko) Chrome/68.0.3440.108 Safari/537.36", "Accept-Charset": "ISO-8859-1,utf-8;q=0.7,*;q=0.7", "Accept": "text/html,application/xhtml+xml,application/xml;q=0.9,*/*;q=0.8", "Accept-Encoding": "gzip, deflate", "Accept-Language": "en-us,en;q=0.5"}}, {"ext": "webm", "height": 480, "format_note": "DASH video", "vcodec": "vp9", "format_id": "244", "manifest_url": "https://manifest.googlevideo.com/api/manifest/dash/expire/1608715269/ei/pbfiX6_fJYu-4AKFkK3wDg/ip/140.109.134.236/id/617229ba9aee0055/source/youtube/requiressl/yes/playback_host/r4---sn-5njj-u2xe.googlevideo.com/mh/kf/mm/31%2C29/mn/sn-5njj-u2xe%2Csn-un57en7l/ms/au%2Crdu/mv/m/mvi/4/pl/16/hfr/all/as/fmp4_audio_clear%2Cwebm_audio_clear%2Cwebm2_audio_clear%2Cfmp4_sd_hd_clear%2Cwebm2_sd_hd_clear/initcwndbps/325000/vprv/1/mt/1608693400/fvip/4/keepalive/yes/itag/0/sparams/expire%2Cei%2Cip%2Cid%2Csource%2Crequiressl%2Chfr%2Cas%2Cvprv%2Citag/sig/AOq0QJ8wRAIgSwaAPCecWEP5IWYKOg1-nGuAjqupmjMmsKZ8A3Jn93sCIA7O3HVOG6wZk41o8-GSjaZxDvKF2dELW4-tlSUifsf4/lsparams/playback_host%2Cmh%2Cmm%2Cmn%2Cms%2Cmv%2Cmvi%2Cpl%2Cinitcwndbps/lsig/AG3C_xAwRQIhAMvrgmXw52MdwfLh6WJAKXn8_eET2eONgq_e8WI0iV9_AiADxw83wCbxCyXNV8vik0_UBGznVj8MVLuufapNCvbjPw%3D%3D", "width": 854, "tbr": 752.64, "asr": null, "fps": 30, "language": null, "filesize": null, "container": "webm_dash", "acodec": "none", "url": "https://manifest.googlevideo.com/api/manifest/dash/expire/1608715269/ei/pbfiX6_fJYu-4AKFkK3wDg/ip/140.109.134.236/id/617229ba9aee0055/source/youtube/requiressl/yes/playback_host/r4---sn-5njj-u2xe.googlevideo.com/mh/kf/mm/31%2C29/mn/sn-5njj-u2xe%2Csn-un57en7l/ms/au%2Crdu/mv/m/mvi/4/pl/16/hfr/all/as/fmp4_audio_clear%2Cwebm_audio_clear%2Cwebm2_audio_clear%2Cfmp4_sd_hd_clear%2Cwebm2_sd_hd_clear/initcwndbps/325000/vprv/1/mt/1608693400/fvip/4/keepalive/yes/itag/0/sparams/expire%2Cei%2Cip%2Cid%2Csource%2Crequiressl%2Chfr%2Cas%2Cvprv%2Citag/sig/AOq0QJ8wRAIgSwaAPCecWEP5IWYKOg1-nGuAjqupmjMmsKZ8A3Jn93sCIA7O3HVOG6wZk41o8-GSjaZxDvKF2dELW4-tlSUifsf4/lsparams/playback_host%2Cmh%2Cmm%2Cmn%2Cms%2Cmv%2Cmvi%2Cpl%2Cinitcwndbps/lsig/AG3C_xAwRQIhAMvrgmXw52MdwfLh6WJAKXn8_eET2eONgq_e8WI0iV9_AiADxw83wCbxCyXNV8vik0_UBGznVj8MVLuufapNCvbjPw%3D%3D", "fragment_base_url": "https://r4---sn-5njj-u2xe.googlevideo.com/videoplayback/expire/1608715269/ei/pbfiX6_fJYu-4AKFkK3wDg/ip/140.109.134.236/id/617229ba9aee0055/itag/244/source/yt_otf/requiressl/yes/mh/kf/mm/31,29/mn/sn-5njj-u2xe,sn-un57en7l/ms/au,rdu/mv/m/mvi/4/pl/16/initcwndbps/325000/vprv/1/ratebypass/yes/mime/video%2Fwebm/otfp/1/otf/1/lmt/1596769137079424/mt/1608693400/fvip/4/keepalive/yes/sparams/expire,ei,ip,id,itag,source,requiressl,vprv,ratebypass,mime,otfp,otf,lmt/sig/AOq0QJ8wRQIhAIZsNhne03emxufSO0lgoU0UkWgVRTBz9RW1dzWTwZWvAiBBR47PFYdENb3INspX6KlrIkcR0hLWARAaSu_oPWWoTA%3D%3D/lsparams/mh,mm,mn,ms,mv,mvi,pl,initcwndbps/lsig/AG3C_xAwRQIhALhVPKCXDwQgNKrD8w9HdfwcWBKllnHCARNrDOdP9UX7AiAHM3BZbghbY-svbV3jRCTp1_BUMyjGvOu41sfuLuK0nQ%3D%3D/", "fragments": [{"path": "sq/0"}, {"path": "sq/1/dur/5.339", "duration": 5.339}, {"path": "sq/2/dur/5.338", "duration": 5.338}, {"path": "sq/3/dur/5.339", "duration": 5.339}, {"path": "sq/4/dur/5.339", "duration": 5.339}, {"path": "sq/5/dur/5.338", "duration": 5.338}, {"path": "sq/6/dur/5.339", "duration": 5.339}, {"path": "sq/7/dur/5.339", "duration": 5.339}, {"path": "sq/8/dur/5.338", "duration": 5.338}, {"path": "sq/9/dur/5.339", "duration": 5.339}, {"path": "sq/10/dur/5.339", "duration": 5.339}, {"path": "sq/11/dur/5.338", "duration": 5.338}, {"path": "sq/12/dur/4.938", "duration": 4.938}], "protocol": "http_dash_segments", "format": "244 - 854x480 (DASH video)", "http_headers": {"User-Agent": "Mozilla/5.0 (Windows NT 10.0; Win64; x64) AppleWebKit/537.36 (KHTML, like Gecko) Chrome/68.0.3440.108 Safari/537.36", "Accept-Charset": "ISO-8859-1,utf-8;q=0.7,*;q=0.7", "Accept": "text/html,application/xhtml+xml,application/xml;q=0.9,*/*;q=0.8", "Accept-Encoding": "gzip, deflate", "Accept-Language": "en-us,en;q=0.5"}}, {"ext": "mp4", "height": 480, "format_note": "DASH video", "vcodec": "avc1.4d4014", "format_id": "135", "manifest_url": "https://manifest.googlevideo.com/api/manifest/dash/expire/1608715269/ei/pbfiX6_fJYu-4AKFkK3wDg/ip/140.109.134.236/id/617229ba9aee0055/source/youtube/requiressl/yes/playback_host/r4---sn-5njj-u2xe.googlevideo.com/mh/kf/mm/31%2C29/mn/sn-5njj-u2xe%2Csn-un57en7l/ms/au%2Crdu/mv/m/mvi/4/pl/16/hfr/all/as/fmp4_audio_clear%2Cwebm_audio_clear%2Cwebm2_audio_clear%2Cfmp4_sd_hd_clear%2Cwebm2_sd_hd_clear/initcwndbps/325000/vprv/1/mt/1608693400/fvip/4/keepalive/yes/itag/0/sparams/expire%2Cei%2Cip%2Cid%2Csource%2Crequiressl%2Chfr%2Cas%2Cvprv%2Citag/sig/AOq0QJ8wRAIgSwaAPCecWEP5IWYKOg1-nGuAjqupmjMmsKZ8A3Jn93sCIA7O3HVOG6wZk41o8-GSjaZxDvKF2dELW4-tlSUifsf4/lsparams/playback_host%2Cmh%2Cmm%2Cmn%2Cms%2Cmv%2Cmvi%2Cpl%2Cinitcwndbps/lsig/AG3C_xAwRQIhAMvrgmXw52MdwfLh6WJAKXn8_eET2eONgq_e8WI0iV9_AiADxw83wCbxCyXNV8vik0_UBGznVj8MVLuufapNCvbjPw%3D%3D", "width": 854, "tbr": 1155.0, "asr": null, "fps": 30, "language": null, "filesize": null, "container": "mp4_dash", "acodec": "none", "url": "https://manifest.googlevideo.com/api/manifest/dash/expire/1608715269/ei/pbfiX6_fJYu-4AKFkK3wDg/ip/140.109.134.236/id/617229ba9aee0055/source/youtube/requiressl/yes/playback_host/r4---sn-5njj-u2xe.googlevideo.com/mh/kf/mm/31%2C29/mn/sn-5njj-u2xe%2Csn-un57en7l/ms/au%2Crdu/mv/m/mvi/4/pl/16/hfr/all/as/fmp4_audio_clear%2Cwebm_audio_clear%2Cwebm2_audio_clear%2Cfmp4_sd_hd_clear%2Cwebm2_sd_hd_clear/initcwndbps/325000/vprv/1/mt/1608693400/fvip/4/keepalive/yes/itag/0/sparams/expire%2Cei%2Cip%2Cid%2Csource%2Crequiressl%2Chfr%2Cas%2Cvprv%2Citag/sig/AOq0QJ8wRAIgSwaAPCecWEP5IWYKOg1-nGuAjqupmjMmsKZ8A3Jn93sCIA7O3HVOG6wZk41o8-GSjaZxDvKF2dELW4-tlSUifsf4/lsparams/playback_host%2Cmh%2Cmm%2Cmn%2Cms%2Cmv%2Cmvi%2Cpl%2Cinitcwndbps/lsig/AG3C_xAwRQIhAMvrgmXw52MdwfLh6WJAKXn8_eET2eONgq_e8WI0iV9_AiADxw83wCbxCyXNV8vik0_UBGznVj8MVLuufapNCvbjPw%3D%3D", "fragment_base_url": "https://r4---sn-5njj-u2xe.googlevideo.com/videoplayback/expire/1608715269/ei/pbfiX6_fJYu-4AKFkK3wDg/ip/140.109.134.236/id/617229ba9aee0055/itag/135/source/yt_otf/requiressl/yes/mh/kf/mm/31,29/mn/sn-5njj-u2xe,sn-un57en7l/ms/au,rdu/mv/m/mvi/4/pl/16/initcwndbps/325000/vprv/1/ratebypass/yes/mime/video%2Fmp4/otfp/1/otf/1/lmt/1596769137079424/mt/1608693400/fvip/4/keepalive/yes/sparams/expire,ei,ip,id,itag,source,requiressl,vprv,ratebypass,mime,otfp,otf,lmt/sig/AOq0QJ8wRAIgYaNQkZQKuJwQi2j8GdX5XhkieAEEb9zLQYMkxls8J4YCIH04lfCgMpsYGS4wk558nfslu475E8DxMfX0xlQ-3sUi/lsparams/mh,mm,mn,ms,mv,mvi,pl,initcwndbps/lsig/AG3C_xAwRgIhAKIOExvNfuozw6cL_eDEBB8kmAs87HROuJOzJe_zSvY7AiEA8DAdBT2EwSHoux-HOwbhSlK5zNxklGAU3mwoO6dairE%3D/", "fragments": [{"path": "sq/0"}, {"path": "sq/1/dur/5.339", "duration": 5.339}, {"path": "sq/2/dur/5.338", "duration": 5.338}, {"path": "sq/3/dur/5.339", "duration": 5.339}, {"path": "sq/4/dur/5.339", "duration": 5.339}, {"path": "sq/5/dur/5.338", "duration": 5.338}, {"path": "sq/6/dur/5.339", "duration": 5.339}, {"path": "sq/7/dur/5.339", "duration": 5.339}, {"path": "sq/8/dur/5.338", "duration": 5.338}, {"path": "sq/9/dur/5.339", "duration": 5.339}, {"path": "sq/10/dur/5.339", "duration": 5.339}, {"path": "sq/11/dur/5.338", "duration": 5.338}, {"path": "sq/12/dur/4.938", "duration": 4.938}], "protocol": "http_dash_segments", "format": "135 - 854x480 (DASH video)", "http_headers": {"User-Agent": "Mozilla/5.0 (Windows NT 10.0; Win64; x64) AppleWebKit/537.36 (KHTML, like Gecko) Chrome/68.0.3440.108 Safari/537.36", "Accept-Charset": "ISO-8859-1,utf-8;q=0.7,*;q=0.7", "Accept": "text/html,application/xhtml+xml,application/xml;q=0.9,*/*;q=0.8", "Accept-Encoding": "gzip, deflate", "Accept-Language": "en-us,en;q=0.5"}}, {"ext": "webm", "height": 720, "format_note": "DASH video", "vcodec": "vp9", "format_id": "247", "manifest_url": "https://manifest.googlevideo.com/api/manifest/dash/expire/1608715269/ei/pbfiX6_fJYu-4AKFkK3wDg/ip/140.109.134.236/id/617229ba9aee0055/source/youtube/requiressl/yes/playback_host/r4---sn-5njj-u2xe.googlevideo.com/mh/kf/mm/31%2C29/mn/sn-5njj-u2xe%2Csn-un57en7l/ms/au%2Crdu/mv/m/mvi/4/pl/16/hfr/all/as/fmp4_audio_clear%2Cwebm_audio_clear%2Cwebm2_audio_clear%2Cfmp4_sd_hd_clear%2Cwebm2_sd_hd_clear/initcwndbps/325000/vprv/1/mt/1608693400/fvip/4/keepalive/yes/itag/0/sparams/expire%2Cei%2Cip%2Cid%2Csource%2Crequiressl%2Chfr%2Cas%2Cvprv%2Citag/sig/AOq0QJ8wRAIgSwaAPCecWEP5IWYKOg1-nGuAjqupmjMmsKZ8A3Jn93sCIA7O3HVOG6wZk41o8-GSjaZxDvKF2dELW4-tlSUifsf4/lsparams/playback_host%2Cmh%2Cmm%2Cmn%2Cms%2Cmv%2Cmvi%2Cpl%2Cinitcwndbps/lsig/AG3C_xAwRQIhAMvrgmXw52MdwfLh6WJAKXn8_eET2eONgq_e8WI0iV9_AiADxw83wCbxCyXNV8vik0_UBGznVj8MVLuufapNCvbjPw%3D%3D", "width": 1280, "tbr": 1505.28, "asr": null, "fps": 30, "language": null, "filesize": null, "container": "webm_dash", "acodec": "none", "url": "https://manifest.googlevideo.com/api/manifest/dash/expire/1608715269/ei/pbfiX6_fJYu-4AKFkK3wDg/ip/140.109.134.236/id/617229ba9aee0055/source/youtube/requiressl/yes/playback_host/r4---sn-5njj-u2xe.googlevideo.com/mh/kf/mm/31%2C29/mn/sn-5njj-u2xe%2Csn-un57en7l/ms/au%2Crdu/mv/m/mvi/4/pl/16/hfr/all/as/fmp4_audio_clear%2Cwebm_audio_clear%2Cwebm2_audio_clear%2Cfmp4_sd_hd_clear%2Cwebm2_sd_hd_clear/initcwndbps/325000/vprv/1/mt/1608693400/fvip/4/keepalive/yes/itag/0/sparams/expire%2Cei%2Cip%2Cid%2Csource%2Crequiressl%2Chfr%2Cas%2Cvprv%2Citag/sig/AOq0QJ8wRAIgSwaAPCecWEP5IWYKOg1-nGuAjqupmjMmsKZ8A3Jn93sCIA7O3HVOG6wZk41o8-GSjaZxDvKF2dELW4-tlSUifsf4/lsparams/playback_host%2Cmh%2Cmm%2Cmn%2Cms%2Cmv%2Cmvi%2Cpl%2Cinitcwndbps/lsig/AG3C_xAwRQIhAMvrgmXw52MdwfLh6WJAKXn8_eET2eONgq_e8WI0iV9_AiADxw83wCbxCyXNV8vik0_UBGznVj8MVLuufapNCvbjPw%3D%3D", "fragment_base_url": "https://r4---sn-5njj-u2xe.googlevideo.com/videoplayback/expire/1608715269/ei/pbfiX6_fJYu-4AKFkK3wDg/ip/140.109.134.236/id/617229ba9aee0055/itag/247/source/yt_otf/requiressl/yes/mh/kf/mm/31,29/mn/sn-5njj-u2xe,sn-un57en7l/ms/au,rdu/mv/m/mvi/4/pl/16/initcwndbps/325000/vprv/1/ratebypass/yes/mime/video%2Fwebm/otfp/1/otf/1/lmt/1596769137079424/mt/1608693400/fvip/4/keepalive/yes/sparams/expire,ei,ip,id,itag,source,requiressl,vprv,ratebypass,mime,otfp,otf,lmt/sig/AOq0QJ8wRgIhAKYykxVcmU3NAmbdoFFtWVmDU1tynMAsqZZYtte_HprgAiEAgz93Yd9AMK2Sv2U6nLwNBjXeRH40MS1pIXrvcru9XJY%3D/lsparams/mh,mm,mn,ms,mv,mvi,pl,initcwndbps/lsig/AG3C_xAwRQIgN-ieeCdlDYgrRD_mXDKJ4DIKaNiZ2VUKNHB0UJLQDvUCIQCdJdPXQyVIv5kXKJWg-7tjaiT7-4ijED3S5mKBvwQ_8g%3D%3D/", "fragments": [{"path": "sq/0"}, {"path": "sq/1/dur/5.339", "duration": 5.339}, {"path": "sq/2/dur/5.338", "duration": 5.338}, {"path": "sq/3/dur/5.339", "duration": 5.339}, {"path": "sq/4/dur/5.339", "duration": 5.339}, {"path": "sq/5/dur/5.338", "duration": 5.338}, {"path": "sq/6/dur/5.339", "duration": 5.339}, {"path": "sq/7/dur/5.339", "duration": 5.339}, {"path": "sq/8/dur/5.338", "duration": 5.338}, {"path": "sq/9/dur/5.339", "duration": 5.339}, {"path": "sq/10/dur/5.339", "duration": 5.339}, {"path": "sq/11/dur/5.338", "duration": 5.338}, {"path": "sq/12/dur/4.938", "duration": 4.938}], "protocol": "http_dash_segments", "format": "247 - 1280x720 (DASH video)", "http_headers": {"User-Agent": "Mozilla/5.0 (Windows NT 10.0; Win64; x64) AppleWebKit/537.36 (KHTML, like Gecko) Chrome/68.0.3440.108 Safari/537.36", "Accept-Charset": "ISO-8859-1,utf-8;q=0.7,*;q=0.7", "Accept": "text/html,application/xhtml+xml,application/xml;q=0.9,*/*;q=0.8", "Accept-Encoding": "gzip, deflate", "Accept-Language": "en-us,en;q=0.5"}}, {"ext": "mp4", "height": 720, "format_note": "DASH video", "vcodec": "avc1.4d4016", "format_id": "136", "manifest_url": "https://manifest.googlevideo.com/api/manifest/dash/expire/1608715269/ei/pbfiX6_fJYu-4AKFkK3wDg/ip/140.109.134.236/id/617229ba9aee0055/source/youtube/requiressl/yes/playback_host/r4---sn-5njj-u2xe.googlevideo.com/mh/kf/mm/31%2C29/mn/sn-5njj-u2xe%2Csn-un57en7l/ms/au%2Crdu/mv/m/mvi/4/pl/16/hfr/all/as/fmp4_audio_clear%2Cwebm_audio_clear%2Cwebm2_audio_clear%2Cfmp4_sd_hd_clear%2Cwebm2_sd_hd_clear/initcwndbps/325000/vprv/1/mt/1608693400/fvip/4/keepalive/yes/itag/0/sparams/expire%2Cei%2Cip%2Cid%2Csource%2Crequiressl%2Chfr%2Cas%2Cvprv%2Citag/sig/AOq0QJ8wRAIgSwaAPCecWEP5IWYKOg1-nGuAjqupmjMmsKZ8A3Jn93sCIA7O3HVOG6wZk41o8-GSjaZxDvKF2dELW4-tlSUifsf4/lsparams/playback_host%2Cmh%2Cmm%2Cmn%2Cms%2Cmv%2Cmvi%2Cpl%2Cinitcwndbps/lsig/AG3C_xAwRQIhAMvrgmXw52MdwfLh6WJAKXn8_eET2eONgq_e8WI0iV9_AiADxw83wCbxCyXNV8vik0_UBGznVj8MVLuufapNCvbjPw%3D%3D", "width": 1280, "tbr": 2310.0, "asr": null, "fps": 30, "language": null, "filesize": null, "container": "mp4_dash", "acodec": "none", "url": "https://manifest.googlevideo.com/api/manifest/dash/expire/1608715269/ei/pbfiX6_fJYu-4AKFkK3wDg/ip/140.109.134.236/id/617229ba9aee0055/source/youtube/requiressl/yes/playback_host/r4---sn-5njj-u2xe.googlevideo.com/mh/kf/mm/31%2C29/mn/sn-5njj-u2xe%2Csn-un57en7l/ms/au%2Crdu/mv/m/mvi/4/pl/16/hfr/all/as/fmp4_audio_clear%2Cwebm_audio_clear%2Cwebm2_audio_clear%2Cfmp4_sd_hd_clear%2Cwebm2_sd_hd_clear/initcwndbps/325000/vprv/1/mt/1608693400/fvip/4/keepalive/yes/itag/0/sparams/expire%2Cei%2Cip%2Cid%2Csource%2Crequiressl%2Chfr%2Cas%2Cvprv%2Citag/sig/AOq0QJ8wRAIgSwaAPCecWEP5IWYKOg1-nGuAjqupmjMmsKZ8A3Jn93sCIA7O3HVOG6wZk41o8-GSjaZxDvKF2dELW4-tlSUifsf4/lsparams/playback_host%2Cmh%2Cmm%2Cmn%2Cms%2Cmv%2Cmvi%2Cpl%2Cinitcwndbps/lsig/AG3C_xAwRQIhAMvrgmXw52MdwfLh6WJAKXn8_eET2eONgq_e8WI0iV9_AiADxw83wCbxCyXNV8vik0_UBGznVj8MVLuufapNCvbjPw%3D%3D", "fragment_base_url": "https://r4---sn-5njj-u2xe.googlevideo.com/videoplayback/expire/1608715269/ei/pbfiX6_fJYu-4AKFkK3wDg/ip/140.109.134.236/id/617229ba9aee0055/itag/136/source/yt_otf/requiressl/yes/mh/kf/mm/31,29/mn/sn-5njj-u2xe,sn-un57en7l/ms/au,rdu/mv/m/mvi/4/pl/16/initcwndbps/325000/vprv/1/ratebypass/yes/mime/video%2Fmp4/otfp/1/otf/1/lmt/1596769137079424/mt/1608693400/fvip/4/keepalive/yes/sparams/expire,ei,ip,id,itag,source,requiressl,vprv,ratebypass,mime,otfp,otf,lmt/sig/AOq0QJ8wRgIhAK7S1BmBgbtEkoRAmUQxjjWdQ1k8VqwtC9EFwbiAVZg-AiEA7Jcmapyn91YXJOvCBsuTlBC0yFVLzEby0Bs8-CDOMuI%3D/lsparams/mh,mm,mn,ms,mv,mvi,pl,initcwndbps/lsig/AG3C_xAwRQIhAKBXmZDNMll8A_W5DCp-72gATKmtc_TJ9xUia0s43NpRAiBYRbced3qRT_Scr4Wm6eJ8G7_dsNJHyNjk4Bw-tuaYQg%3D%3D/", "fragments": [{"path": "sq/0"}, {"path": "sq/1/dur/5.339", "duration": 5.339}, {"path": "sq/2/dur/5.338", "duration": 5.338}, {"path": "sq/3/dur/5.339", "duration": 5.339}, {"path": "sq/4/dur/5.339", "duration": 5.339}, {"path": "sq/5/dur/5.338", "duration": 5.338}, {"path": "sq/6/dur/5.339", "duration": 5.339}, {"path": "sq/7/dur/5.339", "duration": 5.339}, {"path": "sq/8/dur/5.338", "duration": 5.338}, {"path": "sq/9/dur/5.339", "duration": 5.339}, {"path": "sq/10/dur/5.339", "duration": 5.339}, {"path": "sq/11/dur/5.338", "duration": 5.338}, {"path": "sq/12/dur/4.938", "duration": 4.938}], "protocol": "http_dash_segments", "format": "136 - 1280x720 (DASH video)", "http_headers": {"User-Agent": "Mozilla/5.0 (Windows NT 10.0; Win64; x64) AppleWebKit/537.36 (KHTML, like Gecko) Chrome/68.0.3440.108 Safari/537.36", "Accept-Charset": "ISO-8859-1,utf-8;q=0.7,*;q=0.7", "Accept": "text/html,application/xhtml+xml,application/xml;q=0.9,*/*;q=0.8", "Accept-Encoding": "gzip, deflate", "Accept-Language": "en-us,en;q=0.5"}}, {"ext": "webm", "height": 1080, "format_note": "DASH video", "vcodec": "vp9", "format_id": "248", "manifest_url": "https://manifest.googlevideo.com/api/manifest/dash/expire/1608715269/ei/pbfiX6_fJYu-4AKFkK3wDg/ip/140.109.134.236/id/617229ba9aee0055/source/youtube/requiressl/yes/playback_host/r4---sn-5njj-u2xe.googlevideo.com/mh/kf/mm/31%2C29/mn/sn-5njj-u2xe%2Csn-un57en7l/ms/au%2Crdu/mv/m/mvi/4/pl/16/hfr/all/as/fmp4_audio_clear%2Cwebm_audio_clear%2Cwebm2_audio_clear%2Cfmp4_sd_hd_clear%2Cwebm2_sd_hd_clear/initcwndbps/325000/vprv/1/mt/1608693400/fvip/4/keepalive/yes/itag/0/sparams/expire%2Cei%2Cip%2Cid%2Csource%2Crequiressl%2Chfr%2Cas%2Cvprv%2Citag/sig/AOq0QJ8wRAIgSwaAPCecWEP5IWYKOg1-nGuAjqupmjMmsKZ8A3Jn93sCIA7O3HVOG6wZk41o8-GSjaZxDvKF2dELW4-tlSUifsf4/lsparams/playback_host%2Cmh%2Cmm%2Cmn%2Cms%2Cmv%2Cmvi%2Cpl%2Cinitcwndbps/lsig/AG3C_xAwRQIhAMvrgmXw52MdwfLh6WJAKXn8_eET2eONgq_e8WI0iV9_AiADxw83wCbxCyXNV8vik0_UBGznVj8MVLuufapNCvbjPw%3D%3D", "width": 1920, "tbr": 2646.0, "asr": null, "fps": 30, "language": null, "filesize": null, "container": "webm_dash", "acodec": "none", "url": "https://manifest.googlevideo.com/api/manifest/dash/expire/1608715269/ei/pbfiX6_fJYu-4AKFkK3wDg/ip/140.109.134.236/id/617229ba9aee0055/source/youtube/requiressl/yes/playback_host/r4---sn-5njj-u2xe.googlevideo.com/mh/kf/mm/31%2C29/mn/sn-5njj-u2xe%2Csn-un57en7l/ms/au%2Crdu/mv/m/mvi/4/pl/16/hfr/all/as/fmp4_audio_clear%2Cwebm_audio_clear%2Cwebm2_audio_clear%2Cfmp4_sd_hd_clear%2Cwebm2_sd_hd_clear/initcwndbps/325000/vprv/1/mt/1608693400/fvip/4/keepalive/yes/itag/0/sparams/expire%2Cei%2Cip%2Cid%2Csource%2Crequiressl%2Chfr%2Cas%2Cvprv%2Citag/sig/AOq0QJ8wRAIgSwaAPCecWEP5IWYKOg1-nGuAjqupmjMmsKZ8A3Jn93sCIA7O3HVOG6wZk41o8-GSjaZxDvKF2dELW4-tlSUifsf4/lsparams/playback_host%2Cmh%2Cmm%2Cmn%2Cms%2Cmv%2Cmvi%2Cpl%2Cinitcwndbps/lsig/AG3C_xAwRQIhAMvrgmXw52MdwfLh6WJAKXn8_eET2eONgq_e8WI0iV9_AiADxw83wCbxCyXNV8vik0_UBGznVj8MVLuufapNCvbjPw%3D%3D", "fragment_base_url": "https://r4---sn-5njj-u2xe.googlevideo.com/videoplayback/expire/1608715269/ei/pbfiX6_fJYu-4AKFkK3wDg/ip/140.109.134.236/id/617229ba9aee0055/itag/248/source/yt_otf/requiressl/yes/mh/kf/mm/31,29/mn/sn-5njj-u2xe,sn-un57en7l/ms/au,rdu/mv/m/mvi/4/pl/16/initcwndbps/325000/vprv/1/ratebypass/yes/mime/video%2Fwebm/otfp/1/otf/1/lmt/1596769137079424/mt/1608693400/fvip/4/keepalive/yes/sparams/expire,ei,ip,id,itag,source,requiressl,vprv,ratebypass,mime,otfp,otf,lmt/sig/AOq0QJ8wRgIhAPlpfjKBz5Tp4OtwynQz5CbX41rYU9pBc_Q77mvt_bjBAiEAu0S_SQW7eULUZ2ad1wkHcLMGqjlBUnlmnnRo-otuP_U%3D/lsparams/mh,mm,mn,ms,mv,mvi,pl,initcwndbps/lsig/AG3C_xAwRgIhAJxhjUTwgSjnfG0fp984iSXIu7NW0TrcPlLkHTqna1o4AiEAyK4FtAno6TkVh8YDmQ0cIs82XGCxOofiUvYlE_zQq58%3D/", "fragments": [{"path": "sq/0"}, {"path": "sq/1/dur/5.339", "duration": 5.339}, {"path": "sq/2/dur/5.338", "duration": 5.338}, {"path": "sq/3/dur/5.339", "duration": 5.339}, {"path": "sq/4/dur/5.339", "duration": 5.339}, {"path": "sq/5/dur/5.338", "duration": 5.338}, {"path": "sq/6/dur/5.339", "duration": 5.339}, {"path": "sq/7/dur/5.339", "duration": 5.339}, {"path": "sq/8/dur/5.338", "duration": 5.338}, {"path": "sq/9/dur/5.339", "duration": 5.339}, {"path": "sq/10/dur/5.339", "duration": 5.339}, {"path": "sq/11/dur/5.338", "duration": 5.338}, {"path": "sq/12/dur/4.938", "duration": 4.938}], "protocol": "http_dash_segments", "format": "248 - 1920x1080 (DASH video)", "http_headers": {"User-Agent": "Mozilla/5.0 (Windows NT 10.0; Win64; x64) AppleWebKit/537.36 (KHTML, like Gecko) Chrome/68.0.3440.108 Safari/537.36", "Accept-Charset": "ISO-8859-1,utf-8;q=0.7,*;q=0.7", "Accept": "text/html,application/xhtml+xml,application/xml;q=0.9,*/*;q=0.8", "Accept-Encoding": "gzip, deflate", "Accept-Language": "en-us,en;q=0.5"}}, {"ext": "mp4", "height": 1080, "format_note": "DASH video", "vcodec": "avc1.64001e", "format_id": "137", "manifest_url": "https://manifest.googlevideo.com/api/manifest/dash/expire/1608715269/ei/pbfiX6_fJYu-4AKFkK3wDg/ip/140.109.134.236/id/617229ba9aee0055/source/youtube/requiressl/yes/playback_host/r4---sn-5njj-u2xe.googlevideo.com/mh/kf/mm/31%2C29/mn/sn-5njj-u2xe%2Csn-un57en7l/ms/au%2Crdu/mv/m/mvi/4/pl/16/hfr/all/as/fmp4_audio_clear%2Cwebm_audio_clear%2Cwebm2_audio_clear%2Cfmp4_sd_hd_clear%2Cwebm2_sd_hd_clear/initcwndbps/325000/vprv/1/mt/1608693400/fvip/4/keepalive/yes/itag/0/sparams/expire%2Cei%2Cip%2Cid%2Csource%2Crequiressl%2Chfr%2Cas%2Cvprv%2Citag/sig/AOq0QJ8wRAIgSwaAPCecWEP5IWYKOg1-nGuAjqupmjMmsKZ8A3Jn93sCIA7O3HVOG6wZk41o8-GSjaZxDvKF2dELW4-tlSUifsf4/lsparams/playback_host%2Cmh%2Cmm%2Cmn%2Cms%2Cmv%2Cmvi%2Cpl%2Cinitcwndbps/lsig/AG3C_xAwRQIhAMvrgmXw52MdwfLh6WJAKXn8_eET2eONgq_e8WI0iV9_AiADxw83wCbxCyXNV8vik0_UBGznVj8MVLuufapNCvbjPw%3D%3D", "width": 1920, "tbr": 4331.25, "asr": null, "fps": 30, "language": null, "filesize": null, "container": "mp4_dash", "acodec": "none", "url": "https://manifest.googlevideo.com/api/manifest/dash/expire/1608715269/ei/pbfiX6_fJYu-4AKFkK3wDg/ip/140.109.134.236/id/617229ba9aee0055/source/youtube/requiressl/yes/playback_host/r4---sn-5njj-u2xe.googlevideo.com/mh/kf/mm/31%2C29/mn/sn-5njj-u2xe%2Csn-un57en7l/ms/au%2Crdu/mv/m/mvi/4/pl/16/hfr/all/as/fmp4_audio_clear%2Cwebm_audio_clear%2Cwebm2_audio_clear%2Cfmp4_sd_hd_clear%2Cwebm2_sd_hd_clear/initcwndbps/325000/vprv/1/mt/1608693400/fvip/4/keepalive/yes/itag/0/sparams/expire%2Cei%2Cip%2Cid%2Csource%2Crequiressl%2Chfr%2Cas%2Cvprv%2Citag/sig/AOq0QJ8wRAIgSwaAPCecWEP5IWYKOg1-nGuAjqupmjMmsKZ8A3Jn93sCIA7O3HVOG6wZk41o8-GSjaZxDvKF2dELW4-tlSUifsf4/lsparams/playback_host%2Cmh%2Cmm%2Cmn%2Cms%2Cmv%2Cmvi%2Cpl%2Cinitcwndbps/lsig/AG3C_xAwRQIhAMvrgmXw52MdwfLh6WJAKXn8_eET2eONgq_e8WI0iV9_AiADxw83wCbxCyXNV8vik0_UBGznVj8MVLuufapNCvbjPw%3D%3D", "fragment_base_url": "https://r4---sn-5njj-u2xe.googlevideo.com/videoplayback/expire/1608715269/ei/pbfiX6_fJYu-4AKFkK3wDg/ip/140.109.134.236/id/617229ba9aee0055/itag/137/source/yt_otf/requiressl/yes/mh/kf/mm/31,29/mn/sn-5njj-u2xe,sn-un57en7l/ms/au,rdu/mv/m/mvi/4/pl/16/initcwndbps/325000/vprv/1/ratebypass/yes/mime/video%2Fmp4/otfp/1/otf/1/lmt/1596769137079424/mt/1608693400/fvip/4/keepalive/yes/sparams/expire,ei,ip,id,itag,source,requiressl,vprv,ratebypass,mime,otfp,otf,lmt/sig/AOq0QJ8wRgIhAO4TJuMg-bnYSK9ICM8hpaUm8IBnQTKIVNMG1x2ZTCyKAiEAz0ldi6j4jq9-5JLW9H_ihKs0BM53kGI0RrQ5pvVOoNA%3D/lsparams/mh,mm,mn,ms,mv,mvi,pl,initcwndbps/lsig/AG3C_xAwRgIhAI5fsLr1ZR9sISgV6vctOvkSUX5nmo7LQ3dbf0NP_DGmAiEAzaQxVgR5ZSi1KXR5KG-5i4u0xUXmlLtARqnH4fRi2pg%3D/", "fragments": [{"path": "sq/0"}, {"path": "sq/1/dur/5.339", "duration": 5.339}, {"path": "sq/2/dur/5.338", "duration": 5.338}, {"path": "sq/3/dur/5.339", "duration": 5.339}, {"path": "sq/4/dur/5.339", "duration": 5.339}, {"path": "sq/5/dur/5.338", "duration": 5.338}, {"path": "sq/6/dur/5.339", "duration": 5.339}, {"path": "sq/7/dur/5.339", "duration": 5.339}, {"path": "sq/8/dur/5.338", "duration": 5.338}, {"path": "sq/9/dur/5.339", "duration": 5.339}, {"path": "sq/10/dur/5.339", "duration": 5.339}, {"path": "sq/11/dur/5.338", "duration": 5.338}, {"path": "sq/12/dur/4.938", "duration": 4.938}], "protocol": "http_dash_segments", "format": "137 - 1920x1080 (DASH video)", "http_headers": {"User-Agent": "Mozilla/5.0 (Windows NT 10.0; Win64; x64) AppleWebKit/537.36 (KHTML, like Gecko) Chrome/68.0.3440.108 Safari/537.36", "Accept-Charset": "ISO-8859-1,utf-8;q=0.7,*;q=0.7", "Accept": "text/html,application/xhtml+xml,application/xml;q=0.9,*/*;q=0.8", "Accept-Encoding": "gzip, deflate", "Accept-Language": "en-us,en;q=0.5"}}, {"format_id": "18", "url": "https://r4---sn-5njj-u2xe.googlevideo.com/videoplayback?expire=1608715269&ei=pbfiX6_fJYu-4AKFkK3wDg&ip=140.109.134.236&id=o-AH83YWtrlrU6QacIc9EdD8EELdHVuJWp6t8bhcfbRqFK&itag=18&source=youtube&requiressl=yes&mh=kf&mm=31%2C29&mn=sn-5njj-u2xe%2Csn-un57en7l&ms=au%2Crdu&mv=m&mvi=4&pl=16&initcwndbps=325000&vprv=1&mime=video%2Fmp4&ns=atycRtCBEQ7GCkCZoJKgabQF&gir=yes&clen=2237043&ratebypass=yes&dur=63.715&lmt=1529727787582066&mt=1608693400&fvip=4&c=WEB&n=3eBXHlLACr5xrr5r&sparams=expire%2Cei%2Cip%2Cid%2Citag%2Csource%2Crequiressl%2Cvprv%2Cmime%2Cns%2Cgir%2Cclen%2Cratebypass%2Cdur%2Clmt&lsparams=mh%2Cmm%2Cmn%2Cms%2Cmv%2Cmvi%2Cpl%2Cinitcwndbps&lsig=AG3C_xAwRgIhAOY9fyRlL57minPgixdu8T8f3vFJumiGF312tlMUrBFxAiEAo6Wwlsbmt_qs00C4sWFLstRmJwuk9yOwNmRGGHHr2pc%3D&sig=AOq0QJ8wRAIgURllpFYz4QzFhIqUjk4Bgb5VYN58glf6OeWAslJUvjoCIG_WXdwEN6bA8_weHd6Cbm37S_EOg5bRjO4eZgPTe5Cd", "player_url": "/s/player/5dd3f3b2/player_ias.vflset/en_US/base.js", "ext": "mp4", "width": 640, "height": 360, "acodec": "mp4a.40.2", "abr": 96, "vcodec": "avc1.42001E", "asr": 44100, "filesize": 2237043, "format_note": "360p", "fps": 30, "tbr": 281.11, "format": "18 - 640x360 (360p)", "protocol": "https", "http_headers": {"User-Agent": "Mozilla/5.0 (Windows NT 10.0; Win64; x64) AppleWebKit/537.36 (KHTML, like Gecko) Chrome/68.0.3440.108 Safari/537.36", "Accept-Charset": "ISO-8859-1,utf-8;q=0.7,*;q=0.7", "Accept": "text/html,application/xhtml+xml,application/xml;q=0.9,*/*;q=0.8", "Accept-Encoding": "gzip, deflate", "Accept-Language": "en-us,en;q=0.5"}}], "is_live": null, "start_time": null, "end_time": null, "series": null, "season_number": null, "episode_number": null, "track": "You and I Decided", "artist": "Jordy Chandra", "album": null, "release_date": null, "release_year": null, "extractor": "youtube", "webpage_url_basename": "watch", "extractor_key": "Youtube", "playlist": null, "playlist_index": null, "thumbnail": "https://i.ytimg.com/vi_webp/YXIpupruAFU/maxresdefault.webp", "display_id": "YXIpupruAFU", "requested_subtitles": null, "ext": "webm", "format_note": "DASH audio", "acodec": "opus", "abr": 160, "format_id": "251", "manifest_url": "https://manifest.googlevideo.com/api/manifest/dash/expire/1608715269/ei/pbfiX6_fJYu-4AKFkK3wDg/ip/140.109.134.236/id/617229ba9aee0055/source/youtube/requiressl/yes/playback_host/r4---sn-5njj-u2xe.googlevideo.com/mh/kf/mm/31%2C29/mn/sn-5njj-u2xe%2Csn-un57en7l/ms/au%2Crdu/mv/m/mvi/4/pl/16/hfr/all/as/fmp4_audio_clear%2Cwebm_audio_clear%2Cwebm2_audio_clear%2Cfmp4_sd_hd_clear%2Cwebm2_sd_hd_clear/initcwndbps/325000/vprv/1/mt/1608693400/fvip/4/keepalive/yes/itag/0/sparams/expire%2Cei%2Cip%2Cid%2Csource%2Crequiressl%2Chfr%2Cas%2Cvprv%2Citag/sig/AOq0QJ8wRAIgSwaAPCecWEP5IWYKOg1-nGuAjqupmjMmsKZ8A3Jn93sCIA7O3HVOG6wZk41o8-GSjaZxDvKF2dELW4-tlSUifsf4/lsparams/playback_host%2Cmh%2Cmm%2Cmn%2Cms%2Cmv%2Cmvi%2Cpl%2Cinitcwndbps/lsig/AG3C_xAwRQIhAMvrgmXw52MdwfLh6WJAKXn8_eET2eONgq_e8WI0iV9_AiADxw83wCbxCyXNV8vik0_UBGznVj8MVLuufapNCvbjPw%3D%3D", "width": null, "height": null, "tbr": 162.574, "asr": 48000, "fps": null, "language": null, "filesize": null, "container": "webm_dash", "vcodec": "none", "url": "https://manifest.googlevideo.com/api/manifest/dash/expire/1608715269/ei/pbfiX6_fJYu-4AKFkK3wDg/ip/140.109.134.236/id/617229ba9aee0055/source/youtube/requiressl/yes/playback_host/r4---sn-5njj-u2xe.googlevideo.com/mh/kf/mm/31%2C29/mn/sn-5njj-u2xe%2Csn-un57en7l/ms/au%2Crdu/mv/m/mvi/4/pl/16/hfr/all/as/fmp4_audio_clear%2Cwebm_audio_clear%2Cwebm2_audio_clear%2Cfmp4_sd_hd_clear%2Cwebm2_sd_hd_clear/initcwndbps/325000/vprv/1/mt/1608693400/fvip/4/keepalive/yes/itag/0/sparams/expire%2Cei%2Cip%2Cid%2Csource%2Crequiressl%2Chfr%2Cas%2Cvprv%2Citag/sig/AOq0QJ8wRAIgSwaAPCecWEP5IWYKOg1-nGuAjqupmjMmsKZ8A3Jn93sCIA7O3HVOG6wZk41o8-GSjaZxDvKF2dELW4-tlSUifsf4/lsparams/playback_host%2Cmh%2Cmm%2Cmn%2Cms%2Cmv%2Cmvi%2Cpl%2Cinitcwndbps/lsig/AG3C_xAwRQIhAMvrgmXw52MdwfLh6WJAKXn8_eET2eONgq_e8WI0iV9_AiADxw83wCbxCyXNV8vik0_UBGznVj8MVLuufapNCvbjPw%3D%3D", "fragment_base_url": "https://r4---sn-5njj-u2xe.googlevideo.com/videoplayback/expire/1608715269/ei/pbfiX6_fJYu-4AKFkK3wDg/ip/140.109.134.236/id/617229ba9aee0055/itag/251/source/youtube/requiressl/yes/mh/kf/mm/31,29/mn/sn-5njj-u2xe,sn-un57en7l/ms/au,rdu/mv/m/mvi/4/pl/16/initcwndbps/325000/vprv/1/ratebypass/yes/mime/audio%2Fwebm/otfp/1/gir/yes/clen/1182965/lmt/1564932130700774/dur/63.741/mt/1608693400/fvip/4/keepalive/yes/sparams/expire,ei,ip,id,itag,source,requiressl,vprv,ratebypass,mime,otfp,gir,clen,lmt,dur/sig/AOq0QJ8wRQIhAKnVkBUG5Rzu3uS-FoL9GugB7NQHx6zzYjUwbSjAVMTsAiBfgHpANBt0t9nz-DMVx8YrmXR67TAzJA2HXNt61rzUCA%3D%3D/lsparams/mh,mm,mn,ms,mv,mvi,pl,initcwndbps/lsig/AG3C_xAwRAIgSxsnZxwNcgVNC0b93X8L5158twvGJiUnvaSpptvhdoQCIGnAUqXm5_aED8fsjSQXm09O5AGQ0u3uzFZEjfLH-ls1/", "fragments": [{"path": "range/0-258"}, {"path": "range/374-203237", "duration": 10.001}, {"path": "range/203238-383375", "duration": 10.0}, {"path": "range/383376-562827", "duration": 10.0}, {"path": "range/562828-745114", "duration": 10.0}, {"path": "range/745115-928624", "duration": 10.0}, {"path": "range/928625-1113886", "duration": 10.0}, {"path": "range/1113887-1182964", "duration": 3.74}], "protocol": "http_dash_segments", "format": "251 - audio only (DASH audio)", "http_headers": {"User-Agent": "Mozilla/5.0 (Windows NT 10.0; Win64; x64) AppleWebKit/537.36 (KHTML, like Gecko) Chrome/68.0.3440.108 Safari/537.36", "Accept-Charset": "ISO-8859-1,utf-8;q=0.7,*;q=0.7", "Accept": "text/html,application/xhtml+xml,application/xml;q=0.9,*/*;q=0.8", "Accept-Encoding": "gzip, deflate", "Accept-Language": "en-us,en;q=0.5"}}