{"id": "YAAxPW1GB7w", "uploader": "APX PIANO", "uploader_id": "UCPPGD9EVFhrbzV4r3fJPB5w", "uploader_url": "http://www.youtube.com/channel/UCPPGD9EVFhrbzV4r3fJPB5w", "channel_id": "UCPPGD9EVFhrbzV4r3fJPB5w", "channel_url": "http://www.youtube.com/channel/UCPPGD9EVFhrbzV4r3fJPB5w", "upload_date": "20201109", "license": null, "creator": null, "title": "Tosh M\u00f8ller - Alene uden dig", "alt_title": null, "thumbnails": [{"url": "https://i.ytimg.com/vi/YAAxPW1GB7w/hqdefault.jpg?sqp=-oaymwEYCKgBEF5IVfKriqkDCwgBFQAAiEIYAXAB&rs=AOn4CLC6WUpTNbaN7fB4X4QmCXUtRjLLpA", "width": 168, "height": 94, "resolution": "168x94", "id": "0"}, {"url": "https://i.ytimg.com/vi/YAAxPW1GB7w/hqdefault.jpg?sqp=-oaymwEYCMQBEG5IVfKriqkDCwgBFQAAiEIYAXAB&rs=AOn4CLClSmEJf-0dbqkipRZ8W14KgPxBNA", "width": 196, "height": 110, "resolution": "196x110", "id": "1"}, {"url": "https://i.ytimg.com/vi/YAAxPW1GB7w/hqdefault.jpg?sqp=-oaymwEZCPYBEIoBSFXyq4qpAwsIARUAAIhCGAFwAQ==&rs=AOn4CLDva8VGvDoSBfFK2ipp6CZlif0IVQ", "width": 246, "height": 138, "resolution": "246x138", "id": "2"}, {"url": "https://i.ytimg.com/vi/YAAxPW1GB7w/hqdefault.jpg?sqp=-oaymwEZCNACELwBSFXyq4qpAwsIARUAAIhCGAFwAQ==&rs=AOn4CLAeu2UuTfYT_eNh1wCDkfVEzfGAQA", "width": 336, "height": 188, "resolution": "336x188", "id": "3"}, {"url": "https://i.ytimg.com/vi_webp/YAAxPW1GB7w/maxresdefault.webp", "width": 1920, "height": 1080, "resolution": "1920x1080", "id": "4"}], "description": "Piano music for study, deep relaxation and sleep.\n\nPlay this instrumental music in the background and use it as concentration music, focus music, sleep music or music for reading.\n\nIt can help you with a good night sleep, memory retention if you are studying for a test, finishing your homework or just listening as work music.\n\nPlease feel free to leave your comments and suggestions and to share your love by liking this video and subscribing to our channel.\n\nListen on Spotify: \n\nhttps://open.spotify.com/album/5uwhCxqzuBqaaMqg8IcHa6?si=B62FKBpBRbeenhw-z6y8bA", "categories": ["Music"], "tags": ["music", "piano", "sleep", "deep relaxation", "study", "concentration", "sleeping", "relax", "work music", "studying", "memory", "focus"], "subtitles": {}, "automatic_captions": {}, "duration": 158, "age_limit": 0, "annotations": null, "chapters": null, "webpage_url": "https://www.youtube.com/watch?v=YAAxPW1GB7w", "view_count": 115, "like_count": 3, "dislike_count": null, "average_rating": 5.0, "formats": [{"ext": "m4a", "format_note": "DASH audio", "acodec": "mp4a.40.5", "abr": 48, "container": "m4a_dash", "format_id": "139", "manifest_url": "https://manifest.googlevideo.com/api/manifest/dash/expire/1609159340/ei/S37pX7ubO_u0s8IPqNKbwAc/ip/140.109.135.166/id/6000313d6d4607bc/source/youtube/requiressl/yes/playback_host/r1---sn-5njj-u2xe.googlevideo.com/mh/Ey/mm/31%2C29/mn/sn-5njj-u2xe%2Csn-un57sn7s/ms/au%2Crdu/mv/m/mvi/1/pl/16/hfr/all/as/fmp4_audio_clear%2Cwebm_audio_clear%2Cwebm2_audio_clear%2Cfmp4_sd_hd_clear%2Cwebm2_sd_hd_clear/initcwndbps/492500/vprv/1/mt/1609137405/fvip/1/keepalive/yes/itag/0/sparams/expire%2Cei%2Cip%2Cid%2Csource%2Crequiressl%2Chfr%2Cas%2Cvprv%2Citag/sig/AOq0QJ8wRgIhAK2FoqIY37NN-gorlb1OClxO66pCFg7f6lRNEhmeu-oCAiEA8jdHTjyrQjYI8akNItYXYiHaJn_EwDI4pYVf-6yuNfw%3D/lsparams/playback_host%2Cmh%2Cmm%2Cmn%2Cms%2Cmv%2Cmvi%2Cpl%2Cinitcwndbps/lsig/AG3C_xAwRQIhANY-4gEe_yaTmCXfs3K-jiTK-66SOKBSBu08OK6oBQgoAiBC_e1MuSvM0sf--H17aYnGqpk0Ef2dQo96xCuz4HcNbQ%3D%3D", "width": null, "height": null, "tbr": 49.963, "asr": 22050, "fps": null, "language": null, "filesize": null, "vcodec": "none", "url": "https://manifest.googlevideo.com/api/manifest/dash/expire/1609159340/ei/S37pX7ubO_u0s8IPqNKbwAc/ip/140.109.135.166/id/6000313d6d4607bc/source/youtube/requiressl/yes/playback_host/r1---sn-5njj-u2xe.googlevideo.com/mh/Ey/mm/31%2C29/mn/sn-5njj-u2xe%2Csn-un57sn7s/ms/au%2Crdu/mv/m/mvi/1/pl/16/hfr/all/as/fmp4_audio_clear%2Cwebm_audio_clear%2Cwebm2_audio_clear%2Cfmp4_sd_hd_clear%2Cwebm2_sd_hd_clear/initcwndbps/492500/vprv/1/mt/1609137405/fvip/1/keepalive/yes/itag/0/sparams/expire%2Cei%2Cip%2Cid%2Csource%2Crequiressl%2Chfr%2Cas%2Cvprv%2Citag/sig/AOq0QJ8wRgIhAK2FoqIY37NN-gorlb1OClxO66pCFg7f6lRNEhmeu-oCAiEA8jdHTjyrQjYI8akNItYXYiHaJn_EwDI4pYVf-6yuNfw%3D/lsparams/playback_host%2Cmh%2Cmm%2Cmn%2Cms%2Cmv%2Cmvi%2Cpl%2Cinitcwndbps/lsig/AG3C_xAwRQIhANY-4gEe_yaTmCXfs3K-jiTK-66SOKBSBu08OK6oBQgoAiBC_e1MuSvM0sf--H17aYnGqpk0Ef2dQo96xCuz4HcNbQ%3D%3D", "fragment_base_url": "https://r1---sn-5njj-u2xe.googlevideo.com/videoplayback/expire/1609159340/ei/S37pX7ubO_u0s8IPqNKbwAc/ip/140.109.135.166/id/6000313d6d4607bc/itag/139/source/youtube/requiressl/yes/mh/Ey/mm/31,29/mn/sn-5njj-u2xe,sn-un57sn7s/ms/au,rdu/mv/m/mvi/1/pl/16/initcwndbps/492500/vprv/1/ratebypass/yes/mime/audio%2Fmp4/otfp/1/gir/yes/clen/962280/lmt/1604494672036043/dur/157.663/mt/1609137405/fvip/1/keepalive/yes/sparams/expire,ei,ip,id,itag,source,requiressl,vprv,ratebypass,mime,otfp,gir,clen,lmt,dur/sig/AOq0QJ8wRgIhANr0ofpQI3wSwxgeVR4zuW094WZ32WN06ydOxMVWr8d5AiEAvL4zMA9avHay-bMJuMBX06DZQNCyi2CAu9B6b3xFSSY%3D/lsparams/mh,mm,mn,ms,mv,mvi,pl,initcwndbps/lsig/AG3C_xAwRgIhAIX50eYDVBQ_Wtqp7hCJYyChZfzgEgKakE7frox-eHmKAiEAwHs9Me09hJ8eoK2xQjG9ZwGCsSUfqimrGjz1lxhk6WI%3D/", "fragments": [{"path": "range/0-640"}, {"path": "range/865-62360", "duration": 9.985}, {"path": "range/62361-123159", "duration": 9.984}, {"path": "range/123160-183957", "duration": 9.985}, {"path": "range/183958-244898", "duration": 9.984}, {"path": "range/244899-305723", "duration": 9.985}, {"path": "range/305724-366616", "duration": 9.984}, {"path": "range/366617-427561", "duration": 9.985}, {"path": "range/427562-488401", "duration": 9.985}, {"path": "range/488402-549297", "duration": 9.984}, {"path": "range/549298-610112", "duration": 9.985}, {"path": "range/610113-670971", "duration": 9.984}, {"path": "range/670972-731924", "duration": 9.985}, {"path": "range/731925-792803", "duration": 9.985}, {"path": "range/792804-853625", "duration": 9.984}, {"path": "range/853626-914545", "duration": 9.985}, {"path": "range/914546-962279", "duration": 7.895}], "protocol": "http_dash_segments", "format": "139 - audio only (DASH audio)", "http_headers": {"User-Agent": "Mozilla/5.0 (Windows NT 10.0; Win64; x64) AppleWebKit/537.36 (KHTML, like Gecko) Chrome/70.0.3538.61 Safari/537.36", "Accept-Charset": "ISO-8859-1,utf-8;q=0.7,*;q=0.7", "Accept": "text/html,application/xhtml+xml,application/xml;q=0.9,*/*;q=0.8", "Accept-Encoding": "gzip, deflate", "Accept-Language": "en-us,en;q=0.5"}}, {"ext": "m4a", "format_note": "DASH audio", "acodec": "mp4a.40.2", "abr": 128, "container": "m4a_dash", "format_id": "140", "manifest_url": "https://manifest.googlevideo.com/api/manifest/dash/expire/1609159340/ei/S37pX7ubO_u0s8IPqNKbwAc/ip/140.109.135.166/id/6000313d6d4607bc/source/youtube/requiressl/yes/playback_host/r1---sn-5njj-u2xe.googlevideo.com/mh/Ey/mm/31%2C29/mn/sn-5njj-u2xe%2Csn-un57sn7s/ms/au%2Crdu/mv/m/mvi/1/pl/16/hfr/all/as/fmp4_audio_clear%2Cwebm_audio_clear%2Cwebm2_audio_clear%2Cfmp4_sd_hd_clear%2Cwebm2_sd_hd_clear/initcwndbps/492500/vprv/1/mt/1609137405/fvip/1/keepalive/yes/itag/0/sparams/expire%2Cei%2Cip%2Cid%2Csource%2Crequiressl%2Chfr%2Cas%2Cvprv%2Citag/sig/AOq0QJ8wRgIhAK2FoqIY37NN-gorlb1OClxO66pCFg7f6lRNEhmeu-oCAiEA8jdHTjyrQjYI8akNItYXYiHaJn_EwDI4pYVf-6yuNfw%3D/lsparams/playback_host%2Cmh%2Cmm%2Cmn%2Cms%2Cmv%2Cmvi%2Cpl%2Cinitcwndbps/lsig/AG3C_xAwRQIhANY-4gEe_yaTmCXfs3K-jiTK-66SOKBSBu08OK6oBQgoAiBC_e1MuSvM0sf--H17aYnGqpk0Ef2dQo96xCuz4HcNbQ%3D%3D", "width": null, "height": null, "tbr": 130.473, "asr": 44100, "fps": null, "language": null, "filesize": null, "vcodec": "none", "url": "https://manifest.googlevideo.com/api/manifest/dash/expire/1609159340/ei/S37pX7ubO_u0s8IPqNKbwAc/ip/140.109.135.166/id/6000313d6d4607bc/source/youtube/requiressl/yes/playback_host/r1---sn-5njj-u2xe.googlevideo.com/mh/Ey/mm/31%2C29/mn/sn-5njj-u2xe%2Csn-un57sn7s/ms/au%2Crdu/mv/m/mvi/1/pl/16/hfr/all/as/fmp4_audio_clear%2Cwebm_audio_clear%2Cwebm2_audio_clear%2Cfmp4_sd_hd_clear%2Cwebm2_sd_hd_clear/initcwndbps/492500/vprv/1/mt/1609137405/fvip/1/keepalive/yes/itag/0/sparams/expire%2Cei%2Cip%2Cid%2Csource%2Crequiressl%2Chfr%2Cas%2Cvprv%2Citag/sig/AOq0QJ8wRgIhAK2FoqIY37NN-gorlb1OClxO66pCFg7f6lRNEhmeu-oCAiEA8jdHTjyrQjYI8akNItYXYiHaJn_EwDI4pYVf-6yuNfw%3D/lsparams/playback_host%2Cmh%2Cmm%2Cmn%2Cms%2Cmv%2Cmvi%2Cpl%2Cinitcwndbps/lsig/AG3C_xAwRQIhANY-4gEe_yaTmCXfs3K-jiTK-66SOKBSBu08OK6oBQgoAiBC_e1MuSvM0sf--H17aYnGqpk0Ef2dQo96xCuz4HcNbQ%3D%3D", "fragment_base_url": "https://r1---sn-5njj-u2xe.googlevideo.com/videoplayback/expire/1609159340/ei/S37pX7ubO_u0s8IPqNKbwAc/ip/140.109.135.166/id/6000313d6d4607bc/itag/140/source/youtube/requiressl/yes/mh/Ey/mm/31,29/mn/sn-5njj-u2xe,sn-un57sn7s/ms/au,rdu/mv/m/mvi/1/pl/16/initcwndbps/492500/vprv/1/ratebypass/yes/mime/audio%2Fmp4/otfp/1/gir/yes/clen/2550793/lmt/1604494672037402/dur/157.570/mt/1609137405/fvip/1/keepalive/yes/sparams/expire,ei,ip,id,itag,source,requiressl,vprv,ratebypass,mime,otfp,gir,clen,lmt,dur/sig/AOq0QJ8wRQIhAOUDT8pxfW9cvmINuRvv9-CQ7I58IHy4ouMtR2C79fgGAiBLDn4fp5Qw1C5dBxKwtpa_31iUP_opulqSIXmSWOK47w%3D%3D/lsparams/mh,mm,mn,ms,mv,mvi,pl,initcwndbps/lsig/AG3C_xAwRAIgU40yJY9wj4RNsH1lpqj34N4QkHftwD5cxwdRtkYN18MCID0i-WPKFt1cjlWciNw0tI6Qx3DnN6HioXW5omxTgmoR/", "fragments": [{"path": "range/0-631"}, {"path": "range/856-162846", "duration": 9.985}, {"path": "range/162847-324420", "duration": 9.984}, {"path": "range/324421-485979", "duration": 9.985}, {"path": "range/485980-647582", "duration": 9.984}, {"path": "range/647583-809249", "duration": 9.985}, {"path": "range/809250-970714", "duration": 9.984}, {"path": "range/970715-1132290", "duration": 9.985}, {"path": "range/1132291-1293916", "duration": 9.985}, {"path": "range/1293917-1455407", "duration": 9.984}, {"path": "range/1455408-1617086", "duration": 9.985}, {"path": "range/1617087-1778586", "duration": 9.984}, {"path": "range/1778587-1940175", "duration": 9.985}, {"path": "range/1940176-2101846", "duration": 9.985}, {"path": "range/2101847-2263371", "duration": 9.984}, {"path": "range/2263372-2425041", "duration": 9.985}, {"path": "range/2425042-2550792", "duration": 7.895}], "protocol": "http_dash_segments", "format": "140 - audio only (DASH audio)", "http_headers": {"User-Agent": "Mozilla/5.0 (Windows NT 10.0; Win64; x64) AppleWebKit/537.36 (KHTML, like Gecko) Chrome/70.0.3538.61 Safari/537.36", "Accept-Charset": "ISO-8859-1,utf-8;q=0.7,*;q=0.7", "Accept": "text/html,application/xhtml+xml,application/xml;q=0.9,*/*;q=0.8", "Accept-Encoding": "gzip, deflate", "Accept-Language": "en-us,en;q=0.5"}}, {"ext": "webm", "format_note": "DASH audio", "acodec": "opus", "abr": 160, "format_id": "251", "manifest_url": "https://manifest.googlevideo.com/api/manifest/dash/expire/1609159340/ei/S37pX7ubO_u0s8IPqNKbwAc/ip/140.109.135.166/id/6000313d6d4607bc/source/youtube/requiressl/yes/playback_host/r1---sn-5njj-u2xe.googlevideo.com/mh/Ey/mm/31%2C29/mn/sn-5njj-u2xe%2Csn-un57sn7s/ms/au%2Crdu/mv/m/mvi/1/pl/16/hfr/all/as/fmp4_audio_clear%2Cwebm_audio_clear%2Cwebm2_audio_clear%2Cfmp4_sd_hd_clear%2Cwebm2_sd_hd_clear/initcwndbps/492500/vprv/1/mt/1609137405/fvip/1/keepalive/yes/itag/0/sparams/expire%2Cei%2Cip%2Cid%2Csource%2Crequiressl%2Chfr%2Cas%2Cvprv%2Citag/sig/AOq0QJ8wRgIhAK2FoqIY37NN-gorlb1OClxO66pCFg7f6lRNEhmeu-oCAiEA8jdHTjyrQjYI8akNItYXYiHaJn_EwDI4pYVf-6yuNfw%3D/lsparams/playback_host%2Cmh%2Cmm%2Cmn%2Cms%2Cmv%2Cmvi%2Cpl%2Cinitcwndbps/lsig/AG3C_xAwRQIhANY-4gEe_yaTmCXfs3K-jiTK-66SOKBSBu08OK6oBQgoAiBC_e1MuSvM0sf--H17aYnGqpk0Ef2dQo96xCuz4HcNbQ%3D%3D", "width": null, "height": null, "tbr": 158.888, "asr": 48000, "fps": null, "language": null, "filesize": null, "container": "webm_dash", "vcodec": "none", "url": "https://manifest.googlevideo.com/api/manifest/dash/expire/1609159340/ei/S37pX7ubO_u0s8IPqNKbwAc/ip/140.109.135.166/id/6000313d6d4607bc/source/youtube/requiressl/yes/playback_host/r1---sn-5njj-u2xe.googlevideo.com/mh/Ey/mm/31%2C29/mn/sn-5njj-u2xe%2Csn-un57sn7s/ms/au%2Crdu/mv/m/mvi/1/pl/16/hfr/all/as/fmp4_audio_clear%2Cwebm_audio_clear%2Cwebm2_audio_clear%2Cfmp4_sd_hd_clear%2Cwebm2_sd_hd_clear/initcwndbps/492500/vprv/1/mt/1609137405/fvip/1/keepalive/yes/itag/0/sparams/expire%2Cei%2Cip%2Cid%2Csource%2Crequiressl%2Chfr%2Cas%2Cvprv%2Citag/sig/AOq0QJ8wRgIhAK2FoqIY37NN-gorlb1OClxO66pCFg7f6lRNEhmeu-oCAiEA8jdHTjyrQjYI8akNItYXYiHaJn_EwDI4pYVf-6yuNfw%3D/lsparams/playback_host%2Cmh%2Cmm%2Cmn%2Cms%2Cmv%2Cmvi%2Cpl%2Cinitcwndbps/lsig/AG3C_xAwRQIhANY-4gEe_yaTmCXfs3K-jiTK-66SOKBSBu08OK6oBQgoAiBC_e1MuSvM0sf--H17aYnGqpk0Ef2dQo96xCuz4HcNbQ%3D%3D", "fragment_base_url": "https://r1---sn-5njj-u2xe.googlevideo.com/videoplayback/expire/1609159340/ei/S37pX7ubO_u0s8IPqNKbwAc/ip/140.109.135.166/id/6000313d6d4607bc/itag/251/source/youtube/requiressl/yes/mh/Ey/mm/31,29/mn/sn-5njj-u2xe,sn-un57sn7s/ms/au,rdu/mv/m/mvi/1/pl/16/initcwndbps/492500/vprv/1/ratebypass/yes/mime/audio%2Fwebm/otfp/1/gir/yes/clen/3007580/lmt/1604494673509087/dur/157.541/mt/1609137405/fvip/1/keepalive/yes/sparams/expire,ei,ip,id,itag,source,requiressl,vprv,ratebypass,mime,otfp,gir,clen,lmt,dur/sig/AOq0QJ8wRQIhAJUU3UzJ21h-89jkPi5p004bNgTeFkKMVb4tR5P6o2WfAiAqlMW4g_RSnrfsWH2ZOmRSnk1k3H4usV9njgjrkPeI-A%3D%3D/lsparams/mh,mm,mn,ms,mv,mvi,pl,initcwndbps/lsig/AG3C_xAwRAIgWa0JEZ2Rar_O3k345kdsDUrwSkqYN59HPlHeiPndFb0CIGhNUoVO7-q_dibP7K47O_didXvv0VrL__D17IL8viVw/", "fragments": [{"path": "range/0-265"}, {"path": "range/535-191484", "duration": 10.001}, {"path": "range/191485-382358", "duration": 10.0}, {"path": "range/382359-574409", "duration": 10.0}, {"path": "range/574410-766511", "duration": 10.0}, {"path": "range/766512-964985", "duration": 10.0}, {"path": "range/964986-1157806", "duration": 10.0}, {"path": "range/1157807-1351247", "duration": 10.0}, {"path": "range/1351248-1544329", "duration": 10.0}, {"path": "range/1544330-1733253", "duration": 10.0}, {"path": "range/1733254-1922047", "duration": 10.0}, {"path": "range/1922048-2111673", "duration": 10.0}, {"path": "range/2111674-2310284", "duration": 10.0}, {"path": "range/2310285-2505498", "duration": 10.0}, {"path": "range/2505499-2699546", "duration": 10.0}, {"path": "range/2699547-2889195", "duration": 10.0}, {"path": "range/2889196-3007579", "duration": 7.54}], "protocol": "http_dash_segments", "format": "251 - audio only (DASH audio)", "http_headers": {"User-Agent": "Mozilla/5.0 (Windows NT 10.0; Win64; x64) AppleWebKit/537.36 (KHTML, like Gecko) Chrome/70.0.3538.61 Safari/537.36", "Accept-Charset": "ISO-8859-1,utf-8;q=0.7,*;q=0.7", "Accept": "text/html,application/xhtml+xml,application/xml;q=0.9,*/*;q=0.8", "Accept-Encoding": "gzip, deflate", "Accept-Language": "en-us,en;q=0.5"}}, {"ext": "mp4", "height": 360, "format_note": "DASH video", "vcodec": "avc1.4d401e", "format_id": "134", "manifest_url": "https://manifest.googlevideo.com/api/manifest/dash/expire/1609159340/ei/S37pX7ubO_u0s8IPqNKbwAc/ip/140.109.135.166/id/6000313d6d4607bc/source/youtube/requiressl/yes/playback_host/r1---sn-5njj-u2xe.googlevideo.com/mh/Ey/mm/31%2C29/mn/sn-5njj-u2xe%2Csn-un57sn7s/ms/au%2Crdu/mv/m/mvi/1/pl/16/hfr/all/as/fmp4_audio_clear%2Cwebm_audio_clear%2Cwebm2_audio_clear%2Cfmp4_sd_hd_clear%2Cwebm2_sd_hd_clear/initcwndbps/492500/vprv/1/mt/1609137405/fvip/1/keepalive/yes/itag/0/sparams/expire%2Cei%2Cip%2Cid%2Csource%2Crequiressl%2Chfr%2Cas%2Cvprv%2Citag/sig/AOq0QJ8wRgIhAK2FoqIY37NN-gorlb1OClxO66pCFg7f6lRNEhmeu-oCAiEA8jdHTjyrQjYI8akNItYXYiHaJn_EwDI4pYVf-6yuNfw%3D/lsparams/playback_host%2Cmh%2Cmm%2Cmn%2Cms%2Cmv%2Cmvi%2Cpl%2Cinitcwndbps/lsig/AG3C_xAwRQIhANY-4gEe_yaTmCXfs3K-jiTK-66SOKBSBu08OK6oBQgoAiBC_e1MuSvM0sf--H17aYnGqpk0Ef2dQo96xCuz4HcNbQ%3D%3D", "width": 640, "tbr": 77.622, "asr": null, "fps": 25, "language": null, "filesize": null, "container": "mp4_dash", "acodec": "none", "url": "https://manifest.googlevideo.com/api/manifest/dash/expire/1609159340/ei/S37pX7ubO_u0s8IPqNKbwAc/ip/140.109.135.166/id/6000313d6d4607bc/source/youtube/requiressl/yes/playback_host/r1---sn-5njj-u2xe.googlevideo.com/mh/Ey/mm/31%2C29/mn/sn-5njj-u2xe%2Csn-un57sn7s/ms/au%2Crdu/mv/m/mvi/1/pl/16/hfr/all/as/fmp4_audio_clear%2Cwebm_audio_clear%2Cwebm2_audio_clear%2Cfmp4_sd_hd_clear%2Cwebm2_sd_hd_clear/initcwndbps/492500/vprv/1/mt/1609137405/fvip/1/keepalive/yes/itag/0/sparams/expire%2Cei%2Cip%2Cid%2Csource%2Crequiressl%2Chfr%2Cas%2Cvprv%2Citag/sig/AOq0QJ8wRgIhAK2FoqIY37NN-gorlb1OClxO66pCFg7f6lRNEhmeu-oCAiEA8jdHTjyrQjYI8akNItYXYiHaJn_EwDI4pYVf-6yuNfw%3D/lsparams/playback_host%2Cmh%2Cmm%2Cmn%2Cms%2Cmv%2Cmvi%2Cpl%2Cinitcwndbps/lsig/AG3C_xAwRQIhANY-4gEe_yaTmCXfs3K-jiTK-66SOKBSBu08OK6oBQgoAiBC_e1MuSvM0sf--H17aYnGqpk0Ef2dQo96xCuz4HcNbQ%3D%3D", "fragment_base_url": "https://r1---sn-5njj-u2xe.googlevideo.com/videoplayback/expire/1609159340/ei/S37pX7ubO_u0s8IPqNKbwAc/ip/140.109.135.166/id/6000313d6d4607bc/itag/134/source/youtube/requiressl/yes/mh/Ey/mm/31,29/mn/sn-5njj-u2xe,sn-un57sn7s/ms/au,rdu/mv/m/mvi/1/pl/16/initcwndbps/492500/vprv/1/ratebypass/yes/mime/video%2Fmp4/otfp/1/gir/yes/clen/1329900/lmt/1604494672051482/dur/157.520/mt/1609137405/fvip/1/keepalive/yes/sparams/expire,ei,ip,id,itag,source,requiressl,vprv,ratebypass,mime,otfp,gir,clen,lmt,dur/sig/AOq0QJ8wRQIgPhluQBicUeovCxuYwLfdR30A1OIReka7Bbn8WbJHbmQCIQDfUp13ljRjX1VKsqPr1tqT9WuV_rB8ohmmqeiO058gDg%3D%3D/lsparams/mh,mm,mn,ms,mv,mvi,pl,initcwndbps/lsig/AG3C_xAwRAIgQrVLMZtJ-bmnUGdq_di2BhFXLAO2h-Q7PhLhhRFEN1QCIAqWN64-6ETOvL0TG2E839JFmejhZsKfDbSrvLyTkGkx/", "fragments": [{"path": "range/0-740"}, {"path": "range/1145-43763", "duration": 5.12}, {"path": "range/43764-87119", "duration": 5.12}, {"path": "range/87120-130054", "duration": 5.12}, {"path": "range/130055-173198", "duration": 5.12}, {"path": "range/173199-215926", "duration": 5.12}, {"path": "range/215927-259095", "duration": 5.12}, {"path": "range/259096-302086", "duration": 5.12}, {"path": "range/302087-345571", "duration": 5.12}, {"path": "range/345572-388696", "duration": 5.12}, {"path": "range/388697-432100", "duration": 5.12}, {"path": "range/432101-476008", "duration": 5.12}, {"path": "range/476009-519254", "duration": 5.12}, {"path": "range/519255-563689", "duration": 5.12}, {"path": "range/563690-607446", "duration": 5.12}, {"path": "range/607447-650789", "duration": 5.12}, {"path": "range/650790-693519", "duration": 5.12}, {"path": "range/693520-736827", "duration": 5.12}, {"path": "range/736828-778948", "duration": 5.12}, {"path": "range/778949-821144", "duration": 5.12}, {"path": "range/821145-864229", "duration": 5.12}, {"path": "range/864230-906842", "duration": 5.12}, {"path": "range/906843-949898", "duration": 5.12}, {"path": "range/949899-992795", "duration": 5.12}, {"path": "range/992796-1035864", "duration": 5.12}, {"path": "range/1035865-1078787", "duration": 5.12}, {"path": "range/1078788-1121080", "duration": 5.12}, {"path": "range/1121081-1164520", "duration": 5.12}, {"path": "range/1164521-1207249", "duration": 5.12}, {"path": "range/1207250-1250083", "duration": 5.12}, {"path": "range/1250084-1291864", "duration": 5.12}, {"path": "range/1291865-1329899", "duration": 3.92}], "protocol": "http_dash_segments", "format": "134 - 640x360 (DASH video)", "http_headers": {"User-Agent": "Mozilla/5.0 (Windows NT 10.0; Win64; x64) AppleWebKit/537.36 (KHTML, like Gecko) Chrome/70.0.3538.61 Safari/537.36", "Accept-Charset": "ISO-8859-1,utf-8;q=0.7,*;q=0.7", "Accept": "text/html,application/xhtml+xml,application/xml;q=0.9,*/*;q=0.8", "Accept-Encoding": "gzip, deflate", "Accept-Language": "en-us,en;q=0.5"}}, {"ext": "webm", "height": 144, "format_note": "DASH video", "container": "webm_dash", "vcodec": "vp9", "format_id": "278", "manifest_url": "https://manifest.googlevideo.com/api/manifest/dash/expire/1609159340/ei/S37pX7ubO_u0s8IPqNKbwAc/ip/140.109.135.166/id/6000313d6d4607bc/source/youtube/requiressl/yes/playback_host/r1---sn-5njj-u2xe.googlevideo.com/mh/Ey/mm/31%2C29/mn/sn-5njj-u2xe%2Csn-un57sn7s/ms/au%2Crdu/mv/m/mvi/1/pl/16/hfr/all/as/fmp4_audio_clear%2Cwebm_audio_clear%2Cwebm2_audio_clear%2Cfmp4_sd_hd_clear%2Cwebm2_sd_hd_clear/initcwndbps/492500/vprv/1/mt/1609137405/fvip/1/keepalive/yes/itag/0/sparams/expire%2Cei%2Cip%2Cid%2Csource%2Crequiressl%2Chfr%2Cas%2Cvprv%2Citag/sig/AOq0QJ8wRgIhAK2FoqIY37NN-gorlb1OClxO66pCFg7f6lRNEhmeu-oCAiEA8jdHTjyrQjYI8akNItYXYiHaJn_EwDI4pYVf-6yuNfw%3D/lsparams/playback_host%2Cmh%2Cmm%2Cmn%2Cms%2Cmv%2Cmvi%2Cpl%2Cinitcwndbps/lsig/AG3C_xAwRQIhANY-4gEe_yaTmCXfs3K-jiTK-66SOKBSBu08OK6oBQgoAiBC_e1MuSvM0sf--H17aYnGqpk0Ef2dQo96xCuz4HcNbQ%3D%3D", "width": 256, "tbr": 95.0, "asr": null, "fps": 25, "language": null, "filesize": null, "acodec": "none", "url": "https://manifest.googlevideo.com/api/manifest/dash/expire/1609159340/ei/S37pX7ubO_u0s8IPqNKbwAc/ip/140.109.135.166/id/6000313d6d4607bc/source/youtube/requiressl/yes/playback_host/r1---sn-5njj-u2xe.googlevideo.com/mh/Ey/mm/31%2C29/mn/sn-5njj-u2xe%2Csn-un57sn7s/ms/au%2Crdu/mv/m/mvi/1/pl/16/hfr/all/as/fmp4_audio_clear%2Cwebm_audio_clear%2Cwebm2_audio_clear%2Cfmp4_sd_hd_clear%2Cwebm2_sd_hd_clear/initcwndbps/492500/vprv/1/mt/1609137405/fvip/1/keepalive/yes/itag/0/sparams/expire%2Cei%2Cip%2Cid%2Csource%2Crequiressl%2Chfr%2Cas%2Cvprv%2Citag/sig/AOq0QJ8wRgIhAK2FoqIY37NN-gorlb1OClxO66pCFg7f6lRNEhmeu-oCAiEA8jdHTjyrQjYI8akNItYXYiHaJn_EwDI4pYVf-6yuNfw%3D/lsparams/playback_host%2Cmh%2Cmm%2Cmn%2Cms%2Cmv%2Cmvi%2Cpl%2Cinitcwndbps/lsig/AG3C_xAwRQIhANY-4gEe_yaTmCXfs3K-jiTK-66SOKBSBu08OK6oBQgoAiBC_e1MuSvM0sf--H17aYnGqpk0Ef2dQo96xCuz4HcNbQ%3D%3D", "fragment_base_url": "https://r1---sn-5njj-u2xe.googlevideo.com/videoplayback/expire/1609159340/ei/S37pX7ubO_u0s8IPqNKbwAc/ip/140.109.135.166/id/6000313d6d4607bc/itag/278/source/yt_otf/requiressl/yes/mh/Ey/mm/31,29/mn/sn-5njj-u2xe,sn-un57sn7s/ms/au,rdu/mv/m/mvi/1/pl/16/initcwndbps/492500/vprv/1/ratebypass/yes/mime/video%2Fwebm/otfp/1/otf/1/lmt/1604494672056238/mt/1609137405/fvip/1/keepalive/yes/sparams/expire,ei,ip,id,itag,source,requiressl,vprv,ratebypass,mime,otfp,otf,lmt/sig/AOq0QJ8wRQIhAIIYiSGOihoYY79ka0ycDySOkFCOnTiTubIjQZ4vUc_KAiA0cCQwCpi8o6y9Ve_NqVC4mvFyPxmgG3GcYrYkA1KVRA%3D%3D/lsparams/mh,mm,mn,ms,mv,mvi,pl,initcwndbps/lsig/AG3C_xAwRAIgbrSY9F49VW7UydvRaMO1N-66VDmS1jgSq8Utz5qjGzYCIC1Mm_Tb0xEGBsaVm9Exa035VRYLrSKmXErCdSyEB0gA/", "fragments": [{"path": "sq/0"}, {"path": "sq/1/dur/5.120", "duration": 5.12}, {"path": "sq/2/dur/5.120", "duration": 5.12}, {"path": "sq/3/dur/5.120", "duration": 5.12}, {"path": "sq/4/dur/5.120", "duration": 5.12}, {"path": "sq/5/dur/5.120", "duration": 5.12}, {"path": "sq/6/dur/5.120", "duration": 5.12}, {"path": "sq/7/dur/5.120", "duration": 5.12}, {"path": "sq/8/dur/5.120", "duration": 5.12}, {"path": "sq/9/dur/5.120", "duration": 5.12}, {"path": "sq/10/dur/5.120", "duration": 5.12}, {"path": "sq/11/dur/5.120", "duration": 5.12}, {"path": "sq/12/dur/5.120", "duration": 5.12}, {"path": "sq/13/dur/5.120", "duration": 5.12}, {"path": "sq/14/dur/5.120", "duration": 5.12}, {"path": "sq/15/dur/5.120", "duration": 5.12}, {"path": "sq/16/dur/5.120", "duration": 5.12}, {"path": "sq/17/dur/5.120", "duration": 5.12}, {"path": "sq/18/dur/5.120", "duration": 5.12}, {"path": "sq/19/dur/5.120", "duration": 5.12}, {"path": "sq/20/dur/5.120", "duration": 5.12}, {"path": "sq/21/dur/5.120", "duration": 5.12}, {"path": "sq/22/dur/5.120", "duration": 5.12}, {"path": "sq/23/dur/5.120", "duration": 5.12}, {"path": "sq/24/dur/5.120", "duration": 5.12}, {"path": "sq/25/dur/5.120", "duration": 5.12}, {"path": "sq/26/dur/5.120", "duration": 5.12}, {"path": "sq/27/dur/5.120", "duration": 5.12}, {"path": "sq/28/dur/5.120", "duration": 5.12}, {"path": "sq/29/dur/5.120", "duration": 5.12}, {"path": "sq/30/dur/5.120", "duration": 5.12}, {"path": "sq/31/dur/3.920", "duration": 3.92}], "protocol": "http_dash_segments", "format": "278 - 256x144 (DASH video)", "http_headers": {"User-Agent": "Mozilla/5.0 (Windows NT 10.0; Win64; x64) AppleWebKit/537.36 (KHTML, like Gecko) Chrome/70.0.3538.61 Safari/537.36", "Accept-Charset": "ISO-8859-1,utf-8;q=0.7,*;q=0.7", "Accept": "text/html,application/xhtml+xml,application/xml;q=0.9,*/*;q=0.8", "Accept-Encoding": "gzip, deflate", "Accept-Language": "en-us,en;q=0.5"}}, {"ext": "mp4", "height": 144, "format_note": "DASH video", "vcodec": "avc1.4d400b", "format_id": "160", "manifest_url": "https://manifest.googlevideo.com/api/manifest/dash/expire/1609159340/ei/S37pX7ubO_u0s8IPqNKbwAc/ip/140.109.135.166/id/6000313d6d4607bc/source/youtube/requiressl/yes/playback_host/r1---sn-5njj-u2xe.googlevideo.com/mh/Ey/mm/31%2C29/mn/sn-5njj-u2xe%2Csn-un57sn7s/ms/au%2Crdu/mv/m/mvi/1/pl/16/hfr/all/as/fmp4_audio_clear%2Cwebm_audio_clear%2Cwebm2_audio_clear%2Cfmp4_sd_hd_clear%2Cwebm2_sd_hd_clear/initcwndbps/492500/vprv/1/mt/1609137405/fvip/1/keepalive/yes/itag/0/sparams/expire%2Cei%2Cip%2Cid%2Csource%2Crequiressl%2Chfr%2Cas%2Cvprv%2Citag/sig/AOq0QJ8wRgIhAK2FoqIY37NN-gorlb1OClxO66pCFg7f6lRNEhmeu-oCAiEA8jdHTjyrQjYI8akNItYXYiHaJn_EwDI4pYVf-6yuNfw%3D/lsparams/playback_host%2Cmh%2Cmm%2Cmn%2Cms%2Cmv%2Cmvi%2Cpl%2Cinitcwndbps/lsig/AG3C_xAwRQIhANY-4gEe_yaTmCXfs3K-jiTK-66SOKBSBu08OK6oBQgoAiBC_e1MuSvM0sf--H17aYnGqpk0Ef2dQo96xCuz4HcNbQ%3D%3D", "width": 256, "tbr": 108.0, "asr": null, "fps": 25, "language": null, "filesize": null, "container": "mp4_dash", "acodec": "none", "url": "https://manifest.googlevideo.com/api/manifest/dash/expire/1609159340/ei/S37pX7ubO_u0s8IPqNKbwAc/ip/140.109.135.166/id/6000313d6d4607bc/source/youtube/requiressl/yes/playback_host/r1---sn-5njj-u2xe.googlevideo.com/mh/Ey/mm/31%2C29/mn/sn-5njj-u2xe%2Csn-un57sn7s/ms/au%2Crdu/mv/m/mvi/1/pl/16/hfr/all/as/fmp4_audio_clear%2Cwebm_audio_clear%2Cwebm2_audio_clear%2Cfmp4_sd_hd_clear%2Cwebm2_sd_hd_clear/initcwndbps/492500/vprv/1/mt/1609137405/fvip/1/keepalive/yes/itag/0/sparams/expire%2Cei%2Cip%2Cid%2Csource%2Crequiressl%2Chfr%2Cas%2Cvprv%2Citag/sig/AOq0QJ8wRgIhAK2FoqIY37NN-gorlb1OClxO66pCFg7f6lRNEhmeu-oCAiEA8jdHTjyrQjYI8akNItYXYiHaJn_EwDI4pYVf-6yuNfw%3D/lsparams/playback_host%2Cmh%2Cmm%2Cmn%2Cms%2Cmv%2Cmvi%2Cpl%2Cinitcwndbps/lsig/AG3C_xAwRQIhANY-4gEe_yaTmCXfs3K-jiTK-66SOKBSBu08OK6oBQgoAiBC_e1MuSvM0sf--H17aYnGqpk0Ef2dQo96xCuz4HcNbQ%3D%3D", "fragment_base_url": "https://r1---sn-5njj-u2xe.googlevideo.com/videoplayback/expire/1609159340/ei/S37pX7ubO_u0s8IPqNKbwAc/ip/140.109.135.166/id/6000313d6d4607bc/itag/160/source/yt_otf/requiressl/yes/mh/Ey/mm/31,29/mn/sn-5njj-u2xe,sn-un57sn7s/ms/au,rdu/mv/m/mvi/1/pl/16/initcwndbps/492500/vprv/1/ratebypass/yes/mime/video%2Fmp4/otfp/1/otf/1/lmt/1604494672056238/mt/1609137405/fvip/1/keepalive/yes/sparams/expire,ei,ip,id,itag,source,requiressl,vprv,ratebypass,mime,otfp,otf,lmt/sig/AOq0QJ8wRgIhALRMAZ6f-ZyPVO2edls495CsbVkCQ7nK4BJEP0MdPxUBAiEAnMsz7-JuK77uxoyObNUOqoLmUy9irWMNRpJv4nZQ3GE%3D/lsparams/mh,mm,mn,ms,mv,mvi,pl,initcwndbps/lsig/AG3C_xAwRgIhAMUTwgoD4QcqCY1p_8c48Xr3bXzMlesPrp-2h5X-wKQJAiEAvOSSgmCWj506XfLqt3FAdtNGFe0SCIiJT4XufFZvJuo%3D/", "fragments": [{"path": "sq/0"}, {"path": "sq/1/dur/5.120", "duration": 5.12}, {"path": "sq/2/dur/5.120", "duration": 5.12}, {"path": "sq/3/dur/5.120", "duration": 5.12}, {"path": "sq/4/dur/5.120", "duration": 5.12}, {"path": "sq/5/dur/5.120", "duration": 5.12}, {"path": "sq/6/dur/5.120", "duration": 5.12}, {"path": "sq/7/dur/5.120", "duration": 5.12}, {"path": "sq/8/dur/5.120", "duration": 5.12}, {"path": "sq/9/dur/5.120", "duration": 5.12}, {"path": "sq/10/dur/5.120", "duration": 5.12}, {"path": "sq/11/dur/5.120", "duration": 5.12}, {"path": "sq/12/dur/5.120", "duration": 5.12}, {"path": "sq/13/dur/5.120", "duration": 5.12}, {"path": "sq/14/dur/5.120", "duration": 5.12}, {"path": "sq/15/dur/5.120", "duration": 5.12}, {"path": "sq/16/dur/5.120", "duration": 5.12}, {"path": "sq/17/dur/5.120", "duration": 5.12}, {"path": "sq/18/dur/5.120", "duration": 5.12}, {"path": "sq/19/dur/5.120", "duration": 5.12}, {"path": "sq/20/dur/5.120", "duration": 5.12}, {"path": "sq/21/dur/5.120", "duration": 5.12}, {"path": "sq/22/dur/5.120", "duration": 5.12}, {"path": "sq/23/dur/5.120", "duration": 5.12}, {"path": "sq/24/dur/5.120", "duration": 5.12}, {"path": "sq/25/dur/5.120", "duration": 5.12}, {"path": "sq/26/dur/5.120", "duration": 5.12}, {"path": "sq/27/dur/5.120", "duration": 5.12}, {"path": "sq/28/dur/5.120", "duration": 5.12}, {"path": "sq/29/dur/5.120", "duration": 5.12}, {"path": "sq/30/dur/5.120", "duration": 5.12}, {"path": "sq/31/dur/3.920", "duration": 3.92}], "protocol": "http_dash_segments", "format": "160 - 256x144 (DASH video)", "http_headers": {"User-Agent": "Mozilla/5.0 (Windows NT 10.0; Win64; x64) AppleWebKit/537.36 (KHTML, like Gecko) Chrome/70.0.3538.61 Safari/537.36", "Accept-Charset": "ISO-8859-1,utf-8;q=0.7,*;q=0.7", "Accept": "text/html,application/xhtml+xml,application/xml;q=0.9,*/*;q=0.8", "Accept-Encoding": "gzip, deflate", "Accept-Language": "en-us,en;q=0.5"}}, {"ext": "webm", "height": 240, "format_note": "DASH video", "vcodec": "vp9", "format_id": "242", "manifest_url": "https://manifest.googlevideo.com/api/manifest/dash/expire/1609159340/ei/S37pX7ubO_u0s8IPqNKbwAc/ip/140.109.135.166/id/6000313d6d4607bc/source/youtube/requiressl/yes/playback_host/r1---sn-5njj-u2xe.googlevideo.com/mh/Ey/mm/31%2C29/mn/sn-5njj-u2xe%2Csn-un57sn7s/ms/au%2Crdu/mv/m/mvi/1/pl/16/hfr/all/as/fmp4_audio_clear%2Cwebm_audio_clear%2Cwebm2_audio_clear%2Cfmp4_sd_hd_clear%2Cwebm2_sd_hd_clear/initcwndbps/492500/vprv/1/mt/1609137405/fvip/1/keepalive/yes/itag/0/sparams/expire%2Cei%2Cip%2Cid%2Csource%2Crequiressl%2Chfr%2Cas%2Cvprv%2Citag/sig/AOq0QJ8wRgIhAK2FoqIY37NN-gorlb1OClxO66pCFg7f6lRNEhmeu-oCAiEA8jdHTjyrQjYI8akNItYXYiHaJn_EwDI4pYVf-6yuNfw%3D/lsparams/playback_host%2Cmh%2Cmm%2Cmn%2Cms%2Cmv%2Cmvi%2Cpl%2Cinitcwndbps/lsig/AG3C_xAwRQIhANY-4gEe_yaTmCXfs3K-jiTK-66SOKBSBu08OK6oBQgoAiBC_e1MuSvM0sf--H17aYnGqpk0Ef2dQo96xCuz4HcNbQ%3D%3D", "width": 426, "tbr": 220.5, "asr": null, "fps": 25, "language": null, "filesize": null, "container": "webm_dash", "acodec": "none", "url": "https://manifest.googlevideo.com/api/manifest/dash/expire/1609159340/ei/S37pX7ubO_u0s8IPqNKbwAc/ip/140.109.135.166/id/6000313d6d4607bc/source/youtube/requiressl/yes/playback_host/r1---sn-5njj-u2xe.googlevideo.com/mh/Ey/mm/31%2C29/mn/sn-5njj-u2xe%2Csn-un57sn7s/ms/au%2Crdu/mv/m/mvi/1/pl/16/hfr/all/as/fmp4_audio_clear%2Cwebm_audio_clear%2Cwebm2_audio_clear%2Cfmp4_sd_hd_clear%2Cwebm2_sd_hd_clear/initcwndbps/492500/vprv/1/mt/1609137405/fvip/1/keepalive/yes/itag/0/sparams/expire%2Cei%2Cip%2Cid%2Csource%2Crequiressl%2Chfr%2Cas%2Cvprv%2Citag/sig/AOq0QJ8wRgIhAK2FoqIY37NN-gorlb1OClxO66pCFg7f6lRNEhmeu-oCAiEA8jdHTjyrQjYI8akNItYXYiHaJn_EwDI4pYVf-6yuNfw%3D/lsparams/playback_host%2Cmh%2Cmm%2Cmn%2Cms%2Cmv%2Cmvi%2Cpl%2Cinitcwndbps/lsig/AG3C_xAwRQIhANY-4gEe_yaTmCXfs3K-jiTK-66SOKBSBu08OK6oBQgoAiBC_e1MuSvM0sf--H17aYnGqpk0Ef2dQo96xCuz4HcNbQ%3D%3D", "fragment_base_url": "https://r1---sn-5njj-u2xe.googlevideo.com/videoplayback/expire/1609159340/ei/S37pX7ubO_u0s8IPqNKbwAc/ip/140.109.135.166/id/6000313d6d4607bc/itag/242/source/yt_otf/requiressl/yes/mh/Ey/mm/31,29/mn/sn-5njj-u2xe,sn-un57sn7s/ms/au,rdu/mv/m/mvi/1/pl/16/initcwndbps/492500/vprv/1/ratebypass/yes/mime/video%2Fwebm/otfp/1/otf/1/lmt/1604494672056238/mt/1609137405/fvip/1/keepalive/yes/sparams/expire,ei,ip,id,itag,source,requiressl,vprv,ratebypass,mime,otfp,otf,lmt/sig/AOq0QJ8wRAIgTdUJnOLETyeHFPlQkrs_2-adz5VIfI3pY-uhQLXYS9MCIDms2CUxA_FtxYBfruRTIF5-eedg0vOi-sbtPpiUH9G2/lsparams/mh,mm,mn,ms,mv,mvi,pl,initcwndbps/lsig/AG3C_xAwRQIgPywnXCQA7S1nSmtx5O-ngYgpy0g_7PXwEi-oW02cbIECIQCqzVpAHhcjRyvB48KvZjXVlISHkOKUT7yKbE-cI7DhdQ%3D%3D/", "fragments": [{"path": "sq/0"}, {"path": "sq/1/dur/5.120", "duration": 5.12}, {"path": "sq/2/dur/5.120", "duration": 5.12}, {"path": "sq/3/dur/5.120", "duration": 5.12}, {"path": "sq/4/dur/5.120", "duration": 5.12}, {"path": "sq/5/dur/5.120", "duration": 5.12}, {"path": "sq/6/dur/5.120", "duration": 5.12}, {"path": "sq/7/dur/5.120", "duration": 5.12}, {"path": "sq/8/dur/5.120", "duration": 5.12}, {"path": "sq/9/dur/5.120", "duration": 5.12}, {"path": "sq/10/dur/5.120", "duration": 5.12}, {"path": "sq/11/dur/5.120", "duration": 5.12}, {"path": "sq/12/dur/5.120", "duration": 5.12}, {"path": "sq/13/dur/5.120", "duration": 5.12}, {"path": "sq/14/dur/5.120", "duration": 5.12}, {"path": "sq/15/dur/5.120", "duration": 5.12}, {"path": "sq/16/dur/5.120", "duration": 5.12}, {"path": "sq/17/dur/5.120", "duration": 5.12}, {"path": "sq/18/dur/5.120", "duration": 5.12}, {"path": "sq/19/dur/5.120", "duration": 5.12}, {"path": "sq/20/dur/5.120", "duration": 5.12}, {"path": "sq/21/dur/5.120", "duration": 5.12}, {"path": "sq/22/dur/5.120", "duration": 5.12}, {"path": "sq/23/dur/5.120", "duration": 5.12}, {"path": "sq/24/dur/5.120", "duration": 5.12}, {"path": "sq/25/dur/5.120", "duration": 5.12}, {"path": "sq/26/dur/5.120", "duration": 5.12}, {"path": "sq/27/dur/5.120", "duration": 5.12}, {"path": "sq/28/dur/5.120", "duration": 5.12}, {"path": "sq/29/dur/5.120", "duration": 5.12}, {"path": "sq/30/dur/5.120", "duration": 5.12}, {"path": "sq/31/dur/3.920", "duration": 3.92}], "protocol": "http_dash_segments", "format": "242 - 426x240 (DASH video)", "http_headers": {"User-Agent": "Mozilla/5.0 (Windows NT 10.0; Win64; x64) AppleWebKit/537.36 (KHTML, like Gecko) Chrome/70.0.3538.61 Safari/537.36", "Accept-Charset": "ISO-8859-1,utf-8;q=0.7,*;q=0.7", "Accept": "text/html,application/xhtml+xml,application/xml;q=0.9,*/*;q=0.8", "Accept-Encoding": "gzip, deflate", "Accept-Language": "en-us,en;q=0.5"}}, {"ext": "mp4", "height": 240, "format_note": "DASH video", "vcodec": "avc1.4d400c", "format_id": "133", "manifest_url": "https://manifest.googlevideo.com/api/manifest/dash/expire/1609159340/ei/S37pX7ubO_u0s8IPqNKbwAc/ip/140.109.135.166/id/6000313d6d4607bc/source/youtube/requiressl/yes/playback_host/r1---sn-5njj-u2xe.googlevideo.com/mh/Ey/mm/31%2C29/mn/sn-5njj-u2xe%2Csn-un57sn7s/ms/au%2Crdu/mv/m/mvi/1/pl/16/hfr/all/as/fmp4_audio_clear%2Cwebm_audio_clear%2Cwebm2_audio_clear%2Cfmp4_sd_hd_clear%2Cwebm2_sd_hd_clear/initcwndbps/492500/vprv/1/mt/1609137405/fvip/1/keepalive/yes/itag/0/sparams/expire%2Cei%2Cip%2Cid%2Csource%2Crequiressl%2Chfr%2Cas%2Cvprv%2Citag/sig/AOq0QJ8wRgIhAK2FoqIY37NN-gorlb1OClxO66pCFg7f6lRNEhmeu-oCAiEA8jdHTjyrQjYI8akNItYXYiHaJn_EwDI4pYVf-6yuNfw%3D/lsparams/playback_host%2Cmh%2Cmm%2Cmn%2Cms%2Cmv%2Cmvi%2Cpl%2Cinitcwndbps/lsig/AG3C_xAwRQIhANY-4gEe_yaTmCXfs3K-jiTK-66SOKBSBu08OK6oBQgoAiBC_e1MuSvM0sf--H17aYnGqpk0Ef2dQo96xCuz4HcNbQ%3D%3D", "width": 426, "tbr": 242.0, "asr": null, "fps": 25, "language": null, "filesize": null, "container": "mp4_dash", "acodec": "none", "url": "https://manifest.googlevideo.com/api/manifest/dash/expire/1609159340/ei/S37pX7ubO_u0s8IPqNKbwAc/ip/140.109.135.166/id/6000313d6d4607bc/source/youtube/requiressl/yes/playback_host/r1---sn-5njj-u2xe.googlevideo.com/mh/Ey/mm/31%2C29/mn/sn-5njj-u2xe%2Csn-un57sn7s/ms/au%2Crdu/mv/m/mvi/1/pl/16/hfr/all/as/fmp4_audio_clear%2Cwebm_audio_clear%2Cwebm2_audio_clear%2Cfmp4_sd_hd_clear%2Cwebm2_sd_hd_clear/initcwndbps/492500/vprv/1/mt/1609137405/fvip/1/keepalive/yes/itag/0/sparams/expire%2Cei%2Cip%2Cid%2Csource%2Crequiressl%2Chfr%2Cas%2Cvprv%2Citag/sig/AOq0QJ8wRgIhAK2FoqIY37NN-gorlb1OClxO66pCFg7f6lRNEhmeu-oCAiEA8jdHTjyrQjYI8akNItYXYiHaJn_EwDI4pYVf-6yuNfw%3D/lsparams/playback_host%2Cmh%2Cmm%2Cmn%2Cms%2Cmv%2Cmvi%2Cpl%2Cinitcwndbps/lsig/AG3C_xAwRQIhANY-4gEe_yaTmCXfs3K-jiTK-66SOKBSBu08OK6oBQgoAiBC_e1MuSvM0sf--H17aYnGqpk0Ef2dQo96xCuz4HcNbQ%3D%3D", "fragment_base_url": "https://r1---sn-5njj-u2xe.googlevideo.com/videoplayback/expire/1609159340/ei/S37pX7ubO_u0s8IPqNKbwAc/ip/140.109.135.166/id/6000313d6d4607bc/itag/133/source/yt_otf/requiressl/yes/mh/Ey/mm/31,29/mn/sn-5njj-u2xe,sn-un57sn7s/ms/au,rdu/mv/m/mvi/1/pl/16/initcwndbps/492500/vprv/1/ratebypass/yes/mime/video%2Fmp4/otfp/1/otf/1/lmt/1604494672056238/mt/1609137405/fvip/1/keepalive/yes/sparams/expire,ei,ip,id,itag,source,requiressl,vprv,ratebypass,mime,otfp,otf,lmt/sig/AOq0QJ8wRQIhAPVHKJaxAmbS1kWPuxdS1KOLOhPvzujfY8cU1EPTR1SSAiBvGIon8OL1dwc7PCpovS8l8u-qMT3juf7jc1-Au-q3dg%3D%3D/lsparams/mh,mm,mn,ms,mv,mvi,pl,initcwndbps/lsig/AG3C_xAwRQIgRyFg5h5vGwW-R4mVfFRpr8ZKnUfcKatv96V_pBk_IiMCIQDwBvwWMNRjA1zCSk81qxkKwT6VPb8rI2JS7wTaKQbccg%3D%3D/", "fragments": [{"path": "sq/0"}, {"path": "sq/1/dur/5.120", "duration": 5.12}, {"path": "sq/2/dur/5.120", "duration": 5.12}, {"path": "sq/3/dur/5.120", "duration": 5.12}, {"path": "sq/4/dur/5.120", "duration": 5.12}, {"path": "sq/5/dur/5.120", "duration": 5.12}, {"path": "sq/6/dur/5.120", "duration": 5.12}, {"path": "sq/7/dur/5.120", "duration": 5.12}, {"path": "sq/8/dur/5.120", "duration": 5.12}, {"path": "sq/9/dur/5.120", "duration": 5.12}, {"path": "sq/10/dur/5.120", "duration": 5.12}, {"path": "sq/11/dur/5.120", "duration": 5.12}, {"path": "sq/12/dur/5.120", "duration": 5.12}, {"path": "sq/13/dur/5.120", "duration": 5.12}, {"path": "sq/14/dur/5.120", "duration": 5.12}, {"path": "sq/15/dur/5.120", "duration": 5.12}, {"path": "sq/16/dur/5.120", "duration": 5.12}, {"path": "sq/17/dur/5.120", "duration": 5.12}, {"path": "sq/18/dur/5.120", "duration": 5.12}, {"path": "sq/19/dur/5.120", "duration": 5.12}, {"path": "sq/20/dur/5.120", "duration": 5.12}, {"path": "sq/21/dur/5.120", "duration": 5.12}, {"path": "sq/22/dur/5.120", "duration": 5.12}, {"path": "sq/23/dur/5.120", "duration": 5.12}, {"path": "sq/24/dur/5.120", "duration": 5.12}, {"path": "sq/25/dur/5.120", "duration": 5.12}, {"path": "sq/26/dur/5.120", "duration": 5.12}, {"path": "sq/27/dur/5.120", "duration": 5.12}, {"path": "sq/28/dur/5.120", "duration": 5.12}, {"path": "sq/29/dur/5.120", "duration": 5.12}, {"path": "sq/30/dur/5.120", "duration": 5.12}, {"path": "sq/31/dur/3.920", "duration": 3.92}], "protocol": "http_dash_segments", "format": "133 - 426x240 (DASH video)", "http_headers": {"User-Agent": "Mozilla/5.0 (Windows NT 10.0; Win64; x64) AppleWebKit/537.36 (KHTML, like Gecko) Chrome/70.0.3538.61 Safari/537.36", "Accept-Charset": "ISO-8859-1,utf-8;q=0.7,*;q=0.7", "Accept": "text/html,application/xhtml+xml,application/xml;q=0.9,*/*;q=0.8", "Accept-Encoding": "gzip, deflate", "Accept-Language": "en-us,en;q=0.5"}}, {"ext": "webm", "height": 360, "format_note": "DASH video", "vcodec": "vp9", "format_id": "243", "manifest_url": "https://manifest.googlevideo.com/api/manifest/dash/expire/1609159340/ei/S37pX7ubO_u0s8IPqNKbwAc/ip/140.109.135.166/id/6000313d6d4607bc/source/youtube/requiressl/yes/playback_host/r1---sn-5njj-u2xe.googlevideo.com/mh/Ey/mm/31%2C29/mn/sn-5njj-u2xe%2Csn-un57sn7s/ms/au%2Crdu/mv/m/mvi/1/pl/16/hfr/all/as/fmp4_audio_clear%2Cwebm_audio_clear%2Cwebm2_audio_clear%2Cfmp4_sd_hd_clear%2Cwebm2_sd_hd_clear/initcwndbps/492500/vprv/1/mt/1609137405/fvip/1/keepalive/yes/itag/0/sparams/expire%2Cei%2Cip%2Cid%2Csource%2Crequiressl%2Chfr%2Cas%2Cvprv%2Citag/sig/AOq0QJ8wRgIhAK2FoqIY37NN-gorlb1OClxO66pCFg7f6lRNEhmeu-oCAiEA8jdHTjyrQjYI8akNItYXYiHaJn_EwDI4pYVf-6yuNfw%3D/lsparams/playback_host%2Cmh%2Cmm%2Cmn%2Cms%2Cmv%2Cmvi%2Cpl%2Cinitcwndbps/lsig/AG3C_xAwRQIhANY-4gEe_yaTmCXfs3K-jiTK-66SOKBSBu08OK6oBQgoAiBC_e1MuSvM0sf--H17aYnGqpk0Ef2dQo96xCuz4HcNbQ%3D%3D", "width": 640, "tbr": 405.72, "asr": null, "fps": 25, "language": null, "filesize": null, "container": "webm_dash", "acodec": "none", "url": "https://manifest.googlevideo.com/api/manifest/dash/expire/1609159340/ei/S37pX7ubO_u0s8IPqNKbwAc/ip/140.109.135.166/id/6000313d6d4607bc/source/youtube/requiressl/yes/playback_host/r1---sn-5njj-u2xe.googlevideo.com/mh/Ey/mm/31%2C29/mn/sn-5njj-u2xe%2Csn-un57sn7s/ms/au%2Crdu/mv/m/mvi/1/pl/16/hfr/all/as/fmp4_audio_clear%2Cwebm_audio_clear%2Cwebm2_audio_clear%2Cfmp4_sd_hd_clear%2Cwebm2_sd_hd_clear/initcwndbps/492500/vprv/1/mt/1609137405/fvip/1/keepalive/yes/itag/0/sparams/expire%2Cei%2Cip%2Cid%2Csource%2Crequiressl%2Chfr%2Cas%2Cvprv%2Citag/sig/AOq0QJ8wRgIhAK2FoqIY37NN-gorlb1OClxO66pCFg7f6lRNEhmeu-oCAiEA8jdHTjyrQjYI8akNItYXYiHaJn_EwDI4pYVf-6yuNfw%3D/lsparams/playback_host%2Cmh%2Cmm%2Cmn%2Cms%2Cmv%2Cmvi%2Cpl%2Cinitcwndbps/lsig/AG3C_xAwRQIhANY-4gEe_yaTmCXfs3K-jiTK-66SOKBSBu08OK6oBQgoAiBC_e1MuSvM0sf--H17aYnGqpk0Ef2dQo96xCuz4HcNbQ%3D%3D", "fragment_base_url": "https://r1---sn-5njj-u2xe.googlevideo.com/videoplayback/expire/1609159340/ei/S37pX7ubO_u0s8IPqNKbwAc/ip/140.109.135.166/id/6000313d6d4607bc/itag/243/source/yt_otf/requiressl/yes/mh/Ey/mm/31,29/mn/sn-5njj-u2xe,sn-un57sn7s/ms/au,rdu/mv/m/mvi/1/pl/16/initcwndbps/492500/vprv/1/ratebypass/yes/mime/video%2Fwebm/otfp/1/otf/1/lmt/1604494672056238/mt/1609137405/fvip/1/keepalive/yes/sparams/expire,ei,ip,id,itag,source,requiressl,vprv,ratebypass,mime,otfp,otf,lmt/sig/AOq0QJ8wRAIgJC9yX84eBlSGHArDJXzisv8YerpTZf-0oogikAxrjcoCIBxow0Li5-zt_g8NkDsJRUB61BrWyYznxBRRSaScK1QE/lsparams/mh,mm,mn,ms,mv,mvi,pl,initcwndbps/lsig/AG3C_xAwRAIgR3GWbIXiG6yg0uDr0Rnt3XlE_bZA84B8LNxHhCYUDQoCIBAsFPD1RwNVmHmEneOrOem4pvHmM59x92qwZaoaRbuA/", "fragments": [{"path": "sq/0"}, {"path": "sq/1/dur/5.120", "duration": 5.12}, {"path": "sq/2/dur/5.120", "duration": 5.12}, {"path": "sq/3/dur/5.120", "duration": 5.12}, {"path": "sq/4/dur/5.120", "duration": 5.12}, {"path": "sq/5/dur/5.120", "duration": 5.12}, {"path": "sq/6/dur/5.120", "duration": 5.12}, {"path": "sq/7/dur/5.120", "duration": 5.12}, {"path": "sq/8/dur/5.120", "duration": 5.12}, {"path": "sq/9/dur/5.120", "duration": 5.12}, {"path": "sq/10/dur/5.120", "duration": 5.12}, {"path": "sq/11/dur/5.120", "duration": 5.12}, {"path": "sq/12/dur/5.120", "duration": 5.12}, {"path": "sq/13/dur/5.120", "duration": 5.12}, {"path": "sq/14/dur/5.120", "duration": 5.12}, {"path": "sq/15/dur/5.120", "duration": 5.12}, {"path": "sq/16/dur/5.120", "duration": 5.12}, {"path": "sq/17/dur/5.120", "duration": 5.12}, {"path": "sq/18/dur/5.120", "duration": 5.12}, {"path": "sq/19/dur/5.120", "duration": 5.12}, {"path": "sq/20/dur/5.120", "duration": 5.12}, {"path": "sq/21/dur/5.120", "duration": 5.12}, {"path": "sq/22/dur/5.120", "duration": 5.12}, {"path": "sq/23/dur/5.120", "duration": 5.12}, {"path": "sq/24/dur/5.120", "duration": 5.12}, {"path": "sq/25/dur/5.120", "duration": 5.12}, {"path": "sq/26/dur/5.120", "duration": 5.12}, {"path": "sq/27/dur/5.120", "duration": 5.12}, {"path": "sq/28/dur/5.120", "duration": 5.12}, {"path": "sq/29/dur/5.120", "duration": 5.12}, {"path": "sq/30/dur/5.120", "duration": 5.12}, {"path": "sq/31/dur/3.920", "duration": 3.92}], "protocol": "http_dash_segments", "format": "243 - 640x360 (DASH video)", "http_headers": {"User-Agent": "Mozilla/5.0 (Windows NT 10.0; Win64; x64) AppleWebKit/537.36 (KHTML, like Gecko) Chrome/70.0.3538.61 Safari/537.36", "Accept-Charset": "ISO-8859-1,utf-8;q=0.7,*;q=0.7", "Accept": "text/html,application/xhtml+xml,application/xml;q=0.9,*/*;q=0.8", "Accept-Encoding": "gzip, deflate", "Accept-Language": "en-us,en;q=0.5"}}, {"ext": "webm", "height": 480, "format_note": "DASH video", "vcodec": "vp9", "format_id": "244", "manifest_url": "https://manifest.googlevideo.com/api/manifest/dash/expire/1609159340/ei/S37pX7ubO_u0s8IPqNKbwAc/ip/140.109.135.166/id/6000313d6d4607bc/source/youtube/requiressl/yes/playback_host/r1---sn-5njj-u2xe.googlevideo.com/mh/Ey/mm/31%2C29/mn/sn-5njj-u2xe%2Csn-un57sn7s/ms/au%2Crdu/mv/m/mvi/1/pl/16/hfr/all/as/fmp4_audio_clear%2Cwebm_audio_clear%2Cwebm2_audio_clear%2Cfmp4_sd_hd_clear%2Cwebm2_sd_hd_clear/initcwndbps/492500/vprv/1/mt/1609137405/fvip/1/keepalive/yes/itag/0/sparams/expire%2Cei%2Cip%2Cid%2Csource%2Crequiressl%2Chfr%2Cas%2Cvprv%2Citag/sig/AOq0QJ8wRgIhAK2FoqIY37NN-gorlb1OClxO66pCFg7f6lRNEhmeu-oCAiEA8jdHTjyrQjYI8akNItYXYiHaJn_EwDI4pYVf-6yuNfw%3D/lsparams/playback_host%2Cmh%2Cmm%2Cmn%2Cms%2Cmv%2Cmvi%2Cpl%2Cinitcwndbps/lsig/AG3C_xAwRQIhANY-4gEe_yaTmCXfs3K-jiTK-66SOKBSBu08OK6oBQgoAiBC_e1MuSvM0sf--H17aYnGqpk0Ef2dQo96xCuz4HcNbQ%3D%3D", "width": 854, "tbr": 752.64, "asr": null, "fps": 25, "language": null, "filesize": null, "container": "webm_dash", "acodec": "none", "url": "https://manifest.googlevideo.com/api/manifest/dash/expire/1609159340/ei/S37pX7ubO_u0s8IPqNKbwAc/ip/140.109.135.166/id/6000313d6d4607bc/source/youtube/requiressl/yes/playback_host/r1---sn-5njj-u2xe.googlevideo.com/mh/Ey/mm/31%2C29/mn/sn-5njj-u2xe%2Csn-un57sn7s/ms/au%2Crdu/mv/m/mvi/1/pl/16/hfr/all/as/fmp4_audio_clear%2Cwebm_audio_clear%2Cwebm2_audio_clear%2Cfmp4_sd_hd_clear%2Cwebm2_sd_hd_clear/initcwndbps/492500/vprv/1/mt/1609137405/fvip/1/keepalive/yes/itag/0/sparams/expire%2Cei%2Cip%2Cid%2Csource%2Crequiressl%2Chfr%2Cas%2Cvprv%2Citag/sig/AOq0QJ8wRgIhAK2FoqIY37NN-gorlb1OClxO66pCFg7f6lRNEhmeu-oCAiEA8jdHTjyrQjYI8akNItYXYiHaJn_EwDI4pYVf-6yuNfw%3D/lsparams/playback_host%2Cmh%2Cmm%2Cmn%2Cms%2Cmv%2Cmvi%2Cpl%2Cinitcwndbps/lsig/AG3C_xAwRQIhANY-4gEe_yaTmCXfs3K-jiTK-66SOKBSBu08OK6oBQgoAiBC_e1MuSvM0sf--H17aYnGqpk0Ef2dQo96xCuz4HcNbQ%3D%3D", "fragment_base_url": "https://r1---sn-5njj-u2xe.googlevideo.com/videoplayback/expire/1609159340/ei/S37pX7ubO_u0s8IPqNKbwAc/ip/140.109.135.166/id/6000313d6d4607bc/itag/244/source/yt_otf/requiressl/yes/mh/Ey/mm/31,29/mn/sn-5njj-u2xe,sn-un57sn7s/ms/au,rdu/mv/m/mvi/1/pl/16/initcwndbps/492500/vprv/1/ratebypass/yes/mime/video%2Fwebm/otfp/1/otf/1/lmt/1604494672056238/mt/1609137405/fvip/1/keepalive/yes/sparams/expire,ei,ip,id,itag,source,requiressl,vprv,ratebypass,mime,otfp,otf,lmt/sig/AOq0QJ8wRQIhANXH07zwREvL7l0WMwT07n4EDkKynNJHDlBWVigUUvlJAiBex5N0MNIC07UjpCUcaeSXpoE0loq1kckV2vDDP_BUZQ%3D%3D/lsparams/mh,mm,mn,ms,mv,mvi,pl,initcwndbps/lsig/AG3C_xAwRAIgT3-L37XeUpU-kofCzH0p2pXM7mD0-cXHbQyYZpoVgkgCIA-EE3OR73mzf6eUKfpHIpC-AL7dpsLomsXQ8ZIF7En7/", "fragments": [{"path": "sq/0"}, {"path": "sq/1/dur/5.120", "duration": 5.12}, {"path": "sq/2/dur/5.120", "duration": 5.12}, {"path": "sq/3/dur/5.120", "duration": 5.12}, {"path": "sq/4/dur/5.120", "duration": 5.12}, {"path": "sq/5/dur/5.120", "duration": 5.12}, {"path": "sq/6/dur/5.120", "duration": 5.12}, {"path": "sq/7/dur/5.120", "duration": 5.12}, {"path": "sq/8/dur/5.120", "duration": 5.12}, {"path": "sq/9/dur/5.120", "duration": 5.12}, {"path": "sq/10/dur/5.120", "duration": 5.12}, {"path": "sq/11/dur/5.120", "duration": 5.12}, {"path": "sq/12/dur/5.120", "duration": 5.12}, {"path": "sq/13/dur/5.120", "duration": 5.12}, {"path": "sq/14/dur/5.120", "duration": 5.12}, {"path": "sq/15/dur/5.120", "duration": 5.12}, {"path": "sq/16/dur/5.120", "duration": 5.12}, {"path": "sq/17/dur/5.120", "duration": 5.12}, {"path": "sq/18/dur/5.120", "duration": 5.12}, {"path": "sq/19/dur/5.120", "duration": 5.12}, {"path": "sq/20/dur/5.120", "duration": 5.12}, {"path": "sq/21/dur/5.120", "duration": 5.12}, {"path": "sq/22/dur/5.120", "duration": 5.12}, {"path": "sq/23/dur/5.120", "duration": 5.12}, {"path": "sq/24/dur/5.120", "duration": 5.12}, {"path": "sq/25/dur/5.120", "duration": 5.12}, {"path": "sq/26/dur/5.120", "duration": 5.12}, {"path": "sq/27/dur/5.120", "duration": 5.12}, {"path": "sq/28/dur/5.120", "duration": 5.12}, {"path": "sq/29/dur/5.120", "duration": 5.12}, {"path": "sq/30/dur/5.120", "duration": 5.12}, {"path": "sq/31/dur/3.920", "duration": 3.92}], "protocol": "http_dash_segments", "format": "244 - 854x480 (DASH video)", "http_headers": {"User-Agent": "Mozilla/5.0 (Windows NT 10.0; Win64; x64) AppleWebKit/537.36 (KHTML, like Gecko) Chrome/70.0.3538.61 Safari/537.36", "Accept-Charset": "ISO-8859-1,utf-8;q=0.7,*;q=0.7", "Accept": "text/html,application/xhtml+xml,application/xml;q=0.9,*/*;q=0.8", "Accept-Encoding": "gzip, deflate", "Accept-Language": "en-us,en;q=0.5"}}, {"ext": "mp4", "height": 1080, "format_note": "DASH video", "vcodec": "avc1.640028", "format_id": "137", "manifest_url": "https://manifest.googlevideo.com/api/manifest/dash/expire/1609159340/ei/S37pX7ubO_u0s8IPqNKbwAc/ip/140.109.135.166/id/6000313d6d4607bc/source/youtube/requiressl/yes/playback_host/r1---sn-5njj-u2xe.googlevideo.com/mh/Ey/mm/31%2C29/mn/sn-5njj-u2xe%2Csn-un57sn7s/ms/au%2Crdu/mv/m/mvi/1/pl/16/hfr/all/as/fmp4_audio_clear%2Cwebm_audio_clear%2Cwebm2_audio_clear%2Cfmp4_sd_hd_clear%2Cwebm2_sd_hd_clear/initcwndbps/492500/vprv/1/mt/1609137405/fvip/1/keepalive/yes/itag/0/sparams/expire%2Cei%2Cip%2Cid%2Csource%2Crequiressl%2Chfr%2Cas%2Cvprv%2Citag/sig/AOq0QJ8wRgIhAK2FoqIY37NN-gorlb1OClxO66pCFg7f6lRNEhmeu-oCAiEA8jdHTjyrQjYI8akNItYXYiHaJn_EwDI4pYVf-6yuNfw%3D/lsparams/playback_host%2Cmh%2Cmm%2Cmn%2Cms%2Cmv%2Cmvi%2Cpl%2Cinitcwndbps/lsig/AG3C_xAwRQIhANY-4gEe_yaTmCXfs3K-jiTK-66SOKBSBu08OK6oBQgoAiBC_e1MuSvM0sf--H17aYnGqpk0Ef2dQo96xCuz4HcNbQ%3D%3D", "width": 1920, "tbr": 753.844, "asr": null, "fps": 25, "language": null, "filesize": null, "container": "mp4_dash", "acodec": "none", "url": "https://manifest.googlevideo.com/api/manifest/dash/expire/1609159340/ei/S37pX7ubO_u0s8IPqNKbwAc/ip/140.109.135.166/id/6000313d6d4607bc/source/youtube/requiressl/yes/playback_host/r1---sn-5njj-u2xe.googlevideo.com/mh/Ey/mm/31%2C29/mn/sn-5njj-u2xe%2Csn-un57sn7s/ms/au%2Crdu/mv/m/mvi/1/pl/16/hfr/all/as/fmp4_audio_clear%2Cwebm_audio_clear%2Cwebm2_audio_clear%2Cfmp4_sd_hd_clear%2Cwebm2_sd_hd_clear/initcwndbps/492500/vprv/1/mt/1609137405/fvip/1/keepalive/yes/itag/0/sparams/expire%2Cei%2Cip%2Cid%2Csource%2Crequiressl%2Chfr%2Cas%2Cvprv%2Citag/sig/AOq0QJ8wRgIhAK2FoqIY37NN-gorlb1OClxO66pCFg7f6lRNEhmeu-oCAiEA8jdHTjyrQjYI8akNItYXYiHaJn_EwDI4pYVf-6yuNfw%3D/lsparams/playback_host%2Cmh%2Cmm%2Cmn%2Cms%2Cmv%2Cmvi%2Cpl%2Cinitcwndbps/lsig/AG3C_xAwRQIhANY-4gEe_yaTmCXfs3K-jiTK-66SOKBSBu08OK6oBQgoAiBC_e1MuSvM0sf--H17aYnGqpk0Ef2dQo96xCuz4HcNbQ%3D%3D", "fragment_base_url": "https://r1---sn-5njj-u2xe.googlevideo.com/videoplayback/expire/1609159340/ei/S37pX7ubO_u0s8IPqNKbwAc/ip/140.109.135.166/id/6000313d6d4607bc/itag/137/source/youtube/requiressl/yes/mh/Ey/mm/31,29/mn/sn-5njj-u2xe,sn-un57sn7s/ms/au,rdu/mv/m/mvi/1/pl/16/initcwndbps/492500/vprv/1/ratebypass/yes/mime/video%2Fmp4/otfp/1/gir/yes/clen/12895370/lmt/1604494672056238/dur/157.520/mt/1609137405/fvip/1/keepalive/yes/sparams/expire,ei,ip,id,itag,source,requiressl,vprv,ratebypass,mime,otfp,gir,clen,lmt,dur/sig/AOq0QJ8wRAIgGPi6F_yt64-FkE_SdYXoQ9ocmE-9a7sTdRmfQarOHI0CIA-1U2BhSXuGUpZa1AZ69XqfjnKegNDKBXiGfBEDzK1I/lsparams/mh,mm,mn,ms,mv,mvi,pl,initcwndbps/lsig/AG3C_xAwRQIgYkz3cI6AB4teWx9OIirTwSjG9eHJ3Knjgx0l4a--kr0CIQCCvjHvM9MktI6pcRH8rDXJ0t3YR2BXgqMPvZWGCEMfgw%3D%3D/", "fragments": [{"path": "range/0-741"}, {"path": "range/1146-415856", "duration": 5.12}, {"path": "range/415857-843813", "duration": 5.12}, {"path": "range/843814-1261339", "duration": 5.12}, {"path": "range/1261340-1686163", "duration": 5.12}, {"path": "range/1686164-2106524", "duration": 5.12}, {"path": "range/2106525-2530100", "duration": 5.12}, {"path": "range/2530101-2953530", "duration": 5.12}, {"path": "range/2953531-3376642", "duration": 5.12}, {"path": "range/3376643-3800493", "duration": 5.12}, {"path": "range/3800494-4224046", "duration": 5.12}, {"path": "range/4224047-4648899", "duration": 5.12}, {"path": "range/4648900-5069235", "duration": 5.12}, {"path": "range/5069236-5490253", "duration": 5.12}, {"path": "range/5490254-5911594", "duration": 5.12}, {"path": "range/5911595-6331733", "duration": 5.12}, {"path": "range/6331734-6742727", "duration": 5.12}, {"path": "range/6742728-7161596", "duration": 5.12}, {"path": "range/7161597-7580687", "duration": 5.12}, {"path": "range/7580688-7999992", "duration": 5.12}, {"path": "range/7999993-8425446", "duration": 5.12}, {"path": "range/8425447-8848170", "duration": 5.12}, {"path": "range/8848171-9266914", "duration": 5.12}, {"path": "range/9266915-9686780", "duration": 5.12}, {"path": "range/9686781-10096931", "duration": 5.12}, {"path": "range/10096932-10509936", "duration": 5.12}, {"path": "range/10509937-10913641", "duration": 5.12}, {"path": "range/10913642-11320899", "duration": 5.12}, {"path": "range/11320900-11724606", "duration": 5.12}, {"path": "range/11724607-12129918", "duration": 5.12}, {"path": "range/12129919-12525985", "duration": 5.12}, {"path": "range/12525986-12895369", "duration": 3.92}], "protocol": "http_dash_segments", "format": "137 - 1920x1080 (DASH video)", "http_headers": {"User-Agent": "Mozilla/5.0 (Windows NT 10.0; Win64; x64) AppleWebKit/537.36 (KHTML, like Gecko) Chrome/70.0.3538.61 Safari/537.36", "Accept-Charset": "ISO-8859-1,utf-8;q=0.7,*;q=0.7", "Accept": "text/html,application/xhtml+xml,application/xml;q=0.9,*/*;q=0.8", "Accept-Encoding": "gzip, deflate", "Accept-Language": "en-us,en;q=0.5"}}, {"ext": "mp4", "height": 480, "format_note": "DASH video", "vcodec": "avc1.4d4014", "format_id": "135", "manifest_url": "https://manifest.googlevideo.com/api/manifest/dash/expire/1609159340/ei/S37pX7ubO_u0s8IPqNKbwAc/ip/140.109.135.166/id/6000313d6d4607bc/source/youtube/requiressl/yes/playback_host/r1---sn-5njj-u2xe.googlevideo.com/mh/Ey/mm/31%2C29/mn/sn-5njj-u2xe%2Csn-un57sn7s/ms/au%2Crdu/mv/m/mvi/1/pl/16/hfr/all/as/fmp4_audio_clear%2Cwebm_audio_clear%2Cwebm2_audio_clear%2Cfmp4_sd_hd_clear%2Cwebm2_sd_hd_clear/initcwndbps/492500/vprv/1/mt/1609137405/fvip/1/keepalive/yes/itag/0/sparams/expire%2Cei%2Cip%2Cid%2Csource%2Crequiressl%2Chfr%2Cas%2Cvprv%2Citag/sig/AOq0QJ8wRgIhAK2FoqIY37NN-gorlb1OClxO66pCFg7f6lRNEhmeu-oCAiEA8jdHTjyrQjYI8akNItYXYiHaJn_EwDI4pYVf-6yuNfw%3D/lsparams/playback_host%2Cmh%2Cmm%2Cmn%2Cms%2Cmv%2Cmvi%2Cpl%2Cinitcwndbps/lsig/AG3C_xAwRQIhANY-4gEe_yaTmCXfs3K-jiTK-66SOKBSBu08OK6oBQgoAiBC_e1MuSvM0sf--H17aYnGqpk0Ef2dQo96xCuz4HcNbQ%3D%3D", "width": 854, "tbr": 1155.0, "asr": null, "fps": 25, "language": null, "filesize": null, "container": "mp4_dash", "acodec": "none", "url": "https://manifest.googlevideo.com/api/manifest/dash/expire/1609159340/ei/S37pX7ubO_u0s8IPqNKbwAc/ip/140.109.135.166/id/6000313d6d4607bc/source/youtube/requiressl/yes/playback_host/r1---sn-5njj-u2xe.googlevideo.com/mh/Ey/mm/31%2C29/mn/sn-5njj-u2xe%2Csn-un57sn7s/ms/au%2Crdu/mv/m/mvi/1/pl/16/hfr/all/as/fmp4_audio_clear%2Cwebm_audio_clear%2Cwebm2_audio_clear%2Cfmp4_sd_hd_clear%2Cwebm2_sd_hd_clear/initcwndbps/492500/vprv/1/mt/1609137405/fvip/1/keepalive/yes/itag/0/sparams/expire%2Cei%2Cip%2Cid%2Csource%2Crequiressl%2Chfr%2Cas%2Cvprv%2Citag/sig/AOq0QJ8wRgIhAK2FoqIY37NN-gorlb1OClxO66pCFg7f6lRNEhmeu-oCAiEA8jdHTjyrQjYI8akNItYXYiHaJn_EwDI4pYVf-6yuNfw%3D/lsparams/playback_host%2Cmh%2Cmm%2Cmn%2Cms%2Cmv%2Cmvi%2Cpl%2Cinitcwndbps/lsig/AG3C_xAwRQIhANY-4gEe_yaTmCXfs3K-jiTK-66SOKBSBu08OK6oBQgoAiBC_e1MuSvM0sf--H17aYnGqpk0Ef2dQo96xCuz4HcNbQ%3D%3D", "fragment_base_url": "https://r1---sn-5njj-u2xe.googlevideo.com/videoplayback/expire/1609159340/ei/S37pX7ubO_u0s8IPqNKbwAc/ip/140.109.135.166/id/6000313d6d4607bc/itag/135/source/yt_otf/requiressl/yes/mh/Ey/mm/31,29/mn/sn-5njj-u2xe,sn-un57sn7s/ms/au,rdu/mv/m/mvi/1/pl/16/initcwndbps/492500/vprv/1/ratebypass/yes/mime/video%2Fmp4/otfp/1/otf/1/lmt/1604494672056238/mt/1609137405/fvip/1/keepalive/yes/sparams/expire,ei,ip,id,itag,source,requiressl,vprv,ratebypass,mime,otfp,otf,lmt/sig/AOq0QJ8wRQIgE3X3NK08mZk2CxrRwcL1QWYCLRKJj75Y-_Ti2eAwTLACIQCxGjmHqopan0jV9OBi0laO7SFNMCNeDkRlfVHjpUiMqQ%3D%3D/lsparams/mh,mm,mn,ms,mv,mvi,pl,initcwndbps/lsig/AG3C_xAwRAIgNziMMljm_ZkJqV3Mhej8xDtifteuI9kVgJyOk1ma-6sCIGrvC0_lMxBOcHQR9vv-TOthQhcHhaXjJqsCHCw9ZY-1/", "fragments": [{"path": "sq/0"}, {"path": "sq/1/dur/5.120", "duration": 5.12}, {"path": "sq/2/dur/5.120", "duration": 5.12}, {"path": "sq/3/dur/5.120", "duration": 5.12}, {"path": "sq/4/dur/5.120", "duration": 5.12}, {"path": "sq/5/dur/5.120", "duration": 5.12}, {"path": "sq/6/dur/5.120", "duration": 5.12}, {"path": "sq/7/dur/5.120", "duration": 5.12}, {"path": "sq/8/dur/5.120", "duration": 5.12}, {"path": "sq/9/dur/5.120", "duration": 5.12}, {"path": "sq/10/dur/5.120", "duration": 5.12}, {"path": "sq/11/dur/5.120", "duration": 5.12}, {"path": "sq/12/dur/5.120", "duration": 5.12}, {"path": "sq/13/dur/5.120", "duration": 5.12}, {"path": "sq/14/dur/5.120", "duration": 5.12}, {"path": "sq/15/dur/5.120", "duration": 5.12}, {"path": "sq/16/dur/5.120", "duration": 5.12}, {"path": "sq/17/dur/5.120", "duration": 5.12}, {"path": "sq/18/dur/5.120", "duration": 5.12}, {"path": "sq/19/dur/5.120", "duration": 5.12}, {"path": "sq/20/dur/5.120", "duration": 5.12}, {"path": "sq/21/dur/5.120", "duration": 5.12}, {"path": "sq/22/dur/5.120", "duration": 5.12}, {"path": "sq/23/dur/5.120", "duration": 5.12}, {"path": "sq/24/dur/5.120", "duration": 5.12}, {"path": "sq/25/dur/5.120", "duration": 5.12}, {"path": "sq/26/dur/5.120", "duration": 5.12}, {"path": "sq/27/dur/5.120", "duration": 5.12}, {"path": "sq/28/dur/5.120", "duration": 5.12}, {"path": "sq/29/dur/5.120", "duration": 5.12}, {"path": "sq/30/dur/5.120", "duration": 5.12}, {"path": "sq/31/dur/3.920", "duration": 3.92}], "protocol": "http_dash_segments", "format": "135 - 854x480 (DASH video)", "http_headers": {"User-Agent": "Mozilla/5.0 (Windows NT 10.0; Win64; x64) AppleWebKit/537.36 (KHTML, like Gecko) Chrome/70.0.3538.61 Safari/537.36", "Accept-Charset": "ISO-8859-1,utf-8;q=0.7,*;q=0.7", "Accept": "text/html,application/xhtml+xml,application/xml;q=0.9,*/*;q=0.8", "Accept-Encoding": "gzip, deflate", "Accept-Language": "en-us,en;q=0.5"}}, {"ext": "webm", "height": 720, "format_note": "DASH video", "vcodec": "vp9", "format_id": "247", "manifest_url": "https://manifest.googlevideo.com/api/manifest/dash/expire/1609159340/ei/S37pX7ubO_u0s8IPqNKbwAc/ip/140.109.135.166/id/6000313d6d4607bc/source/youtube/requiressl/yes/playback_host/r1---sn-5njj-u2xe.googlevideo.com/mh/Ey/mm/31%2C29/mn/sn-5njj-u2xe%2Csn-un57sn7s/ms/au%2Crdu/mv/m/mvi/1/pl/16/hfr/all/as/fmp4_audio_clear%2Cwebm_audio_clear%2Cwebm2_audio_clear%2Cfmp4_sd_hd_clear%2Cwebm2_sd_hd_clear/initcwndbps/492500/vprv/1/mt/1609137405/fvip/1/keepalive/yes/itag/0/sparams/expire%2Cei%2Cip%2Cid%2Csource%2Crequiressl%2Chfr%2Cas%2Cvprv%2Citag/sig/AOq0QJ8wRgIhAK2FoqIY37NN-gorlb1OClxO66pCFg7f6lRNEhmeu-oCAiEA8jdHTjyrQjYI8akNItYXYiHaJn_EwDI4pYVf-6yuNfw%3D/lsparams/playback_host%2Cmh%2Cmm%2Cmn%2Cms%2Cmv%2Cmvi%2Cpl%2Cinitcwndbps/lsig/AG3C_xAwRQIhANY-4gEe_yaTmCXfs3K-jiTK-66SOKBSBu08OK6oBQgoAiBC_e1MuSvM0sf--H17aYnGqpk0Ef2dQo96xCuz4HcNbQ%3D%3D", "width": 1280, "tbr": 1505.28, "asr": null, "fps": 25, "language": null, "filesize": null, "container": "webm_dash", "acodec": "none", "url": "https://manifest.googlevideo.com/api/manifest/dash/expire/1609159340/ei/S37pX7ubO_u0s8IPqNKbwAc/ip/140.109.135.166/id/6000313d6d4607bc/source/youtube/requiressl/yes/playback_host/r1---sn-5njj-u2xe.googlevideo.com/mh/Ey/mm/31%2C29/mn/sn-5njj-u2xe%2Csn-un57sn7s/ms/au%2Crdu/mv/m/mvi/1/pl/16/hfr/all/as/fmp4_audio_clear%2Cwebm_audio_clear%2Cwebm2_audio_clear%2Cfmp4_sd_hd_clear%2Cwebm2_sd_hd_clear/initcwndbps/492500/vprv/1/mt/1609137405/fvip/1/keepalive/yes/itag/0/sparams/expire%2Cei%2Cip%2Cid%2Csource%2Crequiressl%2Chfr%2Cas%2Cvprv%2Citag/sig/AOq0QJ8wRgIhAK2FoqIY37NN-gorlb1OClxO66pCFg7f6lRNEhmeu-oCAiEA8jdHTjyrQjYI8akNItYXYiHaJn_EwDI4pYVf-6yuNfw%3D/lsparams/playback_host%2Cmh%2Cmm%2Cmn%2Cms%2Cmv%2Cmvi%2Cpl%2Cinitcwndbps/lsig/AG3C_xAwRQIhANY-4gEe_yaTmCXfs3K-jiTK-66SOKBSBu08OK6oBQgoAiBC_e1MuSvM0sf--H17aYnGqpk0Ef2dQo96xCuz4HcNbQ%3D%3D", "fragment_base_url": "https://r1---sn-5njj-u2xe.googlevideo.com/videoplayback/expire/1609159340/ei/S37pX7ubO_u0s8IPqNKbwAc/ip/140.109.135.166/id/6000313d6d4607bc/itag/247/source/yt_otf/requiressl/yes/mh/Ey/mm/31,29/mn/sn-5njj-u2xe,sn-un57sn7s/ms/au,rdu/mv/m/mvi/1/pl/16/initcwndbps/492500/vprv/1/ratebypass/yes/mime/video%2Fwebm/otfp/1/otf/1/lmt/1604494672056238/mt/1609137405/fvip/1/keepalive/yes/sparams/expire,ei,ip,id,itag,source,requiressl,vprv,ratebypass,mime,otfp,otf,lmt/sig/AOq0QJ8wRQIhALqB9UC6Dd8ZXFNmPBvKTGPHSHDm-R2r040J3J133zE6AiA1w6jOHhiM-9XyirXc9900JDx8hyqem5gEEuYPx34o0A%3D%3D/lsparams/mh,mm,mn,ms,mv,mvi,pl,initcwndbps/lsig/AG3C_xAwRQIgDhmC-DjF4qR3S9eS-DlhpfTu9GQbJiriASbKpqj1mDoCIQCRTI7siuWAqcH6wBKdTGYV3nQuMcOxy9vO5Rf--VtrPw%3D%3D/", "fragments": [{"path": "sq/0"}, {"path": "sq/1/dur/5.120", "duration": 5.12}, {"path": "sq/2/dur/5.120", "duration": 5.12}, {"path": "sq/3/dur/5.120", "duration": 5.12}, {"path": "sq/4/dur/5.120", "duration": 5.12}, {"path": "sq/5/dur/5.120", "duration": 5.12}, {"path": "sq/6/dur/5.120", "duration": 5.12}, {"path": "sq/7/dur/5.120", "duration": 5.12}, {"path": "sq/8/dur/5.120", "duration": 5.12}, {"path": "sq/9/dur/5.120", "duration": 5.12}, {"path": "sq/10/dur/5.120", "duration": 5.12}, {"path": "sq/11/dur/5.120", "duration": 5.12}, {"path": "sq/12/dur/5.120", "duration": 5.12}, {"path": "sq/13/dur/5.120", "duration": 5.12}, {"path": "sq/14/dur/5.120", "duration": 5.12}, {"path": "sq/15/dur/5.120", "duration": 5.12}, {"path": "sq/16/dur/5.120", "duration": 5.12}, {"path": "sq/17/dur/5.120", "duration": 5.12}, {"path": "sq/18/dur/5.120", "duration": 5.12}, {"path": "sq/19/dur/5.120", "duration": 5.12}, {"path": "sq/20/dur/5.120", "duration": 5.12}, {"path": "sq/21/dur/5.120", "duration": 5.12}, {"path": "sq/22/dur/5.120", "duration": 5.12}, {"path": "sq/23/dur/5.120", "duration": 5.12}, {"path": "sq/24/dur/5.120", "duration": 5.12}, {"path": "sq/25/dur/5.120", "duration": 5.12}, {"path": "sq/26/dur/5.120", "duration": 5.12}, {"path": "sq/27/dur/5.120", "duration": 5.12}, {"path": "sq/28/dur/5.120", "duration": 5.12}, {"path": "sq/29/dur/5.120", "duration": 5.12}, {"path": "sq/30/dur/5.120", "duration": 5.12}, {"path": "sq/31/dur/3.920", "duration": 3.92}], "protocol": "http_dash_segments", "format": "247 - 1280x720 (DASH video)", "http_headers": {"User-Agent": "Mozilla/5.0 (Windows NT 10.0; Win64; x64) AppleWebKit/537.36 (KHTML, like Gecko) Chrome/70.0.3538.61 Safari/537.36", "Accept-Charset": "ISO-8859-1,utf-8;q=0.7,*;q=0.7", "Accept": "text/html,application/xhtml+xml,application/xml;q=0.9,*/*;q=0.8", "Accept-Encoding": "gzip, deflate", "Accept-Language": "en-us,en;q=0.5"}}, {"ext": "mp4", "height": 720, "format_note": "DASH video", "vcodec": "avc1.4d400b", "format_id": "136", "manifest_url": "https://manifest.googlevideo.com/api/manifest/dash/expire/1609159340/ei/S37pX7ubO_u0s8IPqNKbwAc/ip/140.109.135.166/id/6000313d6d4607bc/source/youtube/requiressl/yes/playback_host/r1---sn-5njj-u2xe.googlevideo.com/mh/Ey/mm/31%2C29/mn/sn-5njj-u2xe%2Csn-un57sn7s/ms/au%2Crdu/mv/m/mvi/1/pl/16/hfr/all/as/fmp4_audio_clear%2Cwebm_audio_clear%2Cwebm2_audio_clear%2Cfmp4_sd_hd_clear%2Cwebm2_sd_hd_clear/initcwndbps/492500/vprv/1/mt/1609137405/fvip/1/keepalive/yes/itag/0/sparams/expire%2Cei%2Cip%2Cid%2Csource%2Crequiressl%2Chfr%2Cas%2Cvprv%2Citag/sig/AOq0QJ8wRgIhAK2FoqIY37NN-gorlb1OClxO66pCFg7f6lRNEhmeu-oCAiEA8jdHTjyrQjYI8akNItYXYiHaJn_EwDI4pYVf-6yuNfw%3D/lsparams/playback_host%2Cmh%2Cmm%2Cmn%2Cms%2Cmv%2Cmvi%2Cpl%2Cinitcwndbps/lsig/AG3C_xAwRQIhANY-4gEe_yaTmCXfs3K-jiTK-66SOKBSBu08OK6oBQgoAiBC_e1MuSvM0sf--H17aYnGqpk0Ef2dQo96xCuz4HcNbQ%3D%3D", "width": 1280, "tbr": 2310.0, "asr": null, "fps": 25, "language": null, "filesize": null, "container": "mp4_dash", "acodec": "none", "url": "https://manifest.googlevideo.com/api/manifest/dash/expire/1609159340/ei/S37pX7ubO_u0s8IPqNKbwAc/ip/140.109.135.166/id/6000313d6d4607bc/source/youtube/requiressl/yes/playback_host/r1---sn-5njj-u2xe.googlevideo.com/mh/Ey/mm/31%2C29/mn/sn-5njj-u2xe%2Csn-un57sn7s/ms/au%2Crdu/mv/m/mvi/1/pl/16/hfr/all/as/fmp4_audio_clear%2Cwebm_audio_clear%2Cwebm2_audio_clear%2Cfmp4_sd_hd_clear%2Cwebm2_sd_hd_clear/initcwndbps/492500/vprv/1/mt/1609137405/fvip/1/keepalive/yes/itag/0/sparams/expire%2Cei%2Cip%2Cid%2Csource%2Crequiressl%2Chfr%2Cas%2Cvprv%2Citag/sig/AOq0QJ8wRgIhAK2FoqIY37NN-gorlb1OClxO66pCFg7f6lRNEhmeu-oCAiEA8jdHTjyrQjYI8akNItYXYiHaJn_EwDI4pYVf-6yuNfw%3D/lsparams/playback_host%2Cmh%2Cmm%2Cmn%2Cms%2Cmv%2Cmvi%2Cpl%2Cinitcwndbps/lsig/AG3C_xAwRQIhANY-4gEe_yaTmCXfs3K-jiTK-66SOKBSBu08OK6oBQgoAiBC_e1MuSvM0sf--H17aYnGqpk0Ef2dQo96xCuz4HcNbQ%3D%3D", "fragment_base_url": "https://r1---sn-5njj-u2xe.googlevideo.com/videoplayback/expire/1609159340/ei/S37pX7ubO_u0s8IPqNKbwAc/ip/140.109.135.166/id/6000313d6d4607bc/itag/136/source/yt_otf/requiressl/yes/mh/Ey/mm/31,29/mn/sn-5njj-u2xe,sn-un57sn7s/ms/au,rdu/mv/m/mvi/1/pl/16/initcwndbps/492500/vprv/1/ratebypass/yes/mime/video%2Fmp4/otfp/1/otf/1/lmt/1604494672056238/mt/1609137405/fvip/1/keepalive/yes/sparams/expire,ei,ip,id,itag,source,requiressl,vprv,ratebypass,mime,otfp,otf,lmt/sig/AOq0QJ8wRQIgBpuegF5_1nKH3bcSBCGiIi0M6ADYmvrYyvX_-FWgDUMCIQDQ0oSTacNiBZrWNgySDqhTW3t6Ll0DqRkSG9t-LGEVIw%3D%3D/lsparams/mh,mm,mn,ms,mv,mvi,pl,initcwndbps/lsig/AG3C_xAwRgIhAJ9Ci4kOT1PM5im8J3ANloOhtyeaOELsw1ii1_h8mTFnAiEAyWwAs8YjSSTQDuJ47GAZ3yU-1GBqQi1NqC1GgvP1NEA%3D/", "fragments": [{"path": "sq/0"}, {"path": "sq/1/dur/5.120", "duration": 5.12}, {"path": "sq/2/dur/5.120", "duration": 5.12}, {"path": "sq/3/dur/5.120", "duration": 5.12}, {"path": "sq/4/dur/5.120", "duration": 5.12}, {"path": "sq/5/dur/5.120", "duration": 5.12}, {"path": "sq/6/dur/5.120", "duration": 5.12}, {"path": "sq/7/dur/5.120", "duration": 5.12}, {"path": "sq/8/dur/5.120", "duration": 5.12}, {"path": "sq/9/dur/5.120", "duration": 5.12}, {"path": "sq/10/dur/5.120", "duration": 5.12}, {"path": "sq/11/dur/5.120", "duration": 5.12}, {"path": "sq/12/dur/5.120", "duration": 5.12}, {"path": "sq/13/dur/5.120", "duration": 5.12}, {"path": "sq/14/dur/5.120", "duration": 5.12}, {"path": "sq/15/dur/5.120", "duration": 5.12}, {"path": "sq/16/dur/5.120", "duration": 5.12}, {"path": "sq/17/dur/5.120", "duration": 5.12}, {"path": "sq/18/dur/5.120", "duration": 5.12}, {"path": "sq/19/dur/5.120", "duration": 5.12}, {"path": "sq/20/dur/5.120", "duration": 5.12}, {"path": "sq/21/dur/5.120", "duration": 5.12}, {"path": "sq/22/dur/5.120", "duration": 5.12}, {"path": "sq/23/dur/5.120", "duration": 5.12}, {"path": "sq/24/dur/5.120", "duration": 5.12}, {"path": "sq/25/dur/5.120", "duration": 5.12}, {"path": "sq/26/dur/5.120", "duration": 5.12}, {"path": "sq/27/dur/5.120", "duration": 5.12}, {"path": "sq/28/dur/5.120", "duration": 5.12}, {"path": "sq/29/dur/5.120", "duration": 5.12}, {"path": "sq/30/dur/5.120", "duration": 5.12}, {"path": "sq/31/dur/3.920", "duration": 3.92}], "protocol": "http_dash_segments", "format": "136 - 1280x720 (DASH video)", "http_headers": {"User-Agent": "Mozilla/5.0 (Windows NT 10.0; Win64; x64) AppleWebKit/537.36 (KHTML, like Gecko) Chrome/70.0.3538.61 Safari/537.36", "Accept-Charset": "ISO-8859-1,utf-8;q=0.7,*;q=0.7", "Accept": "text/html,application/xhtml+xml,application/xml;q=0.9,*/*;q=0.8", "Accept-Encoding": "gzip, deflate", "Accept-Language": "en-us,en;q=0.5"}}, {"ext": "webm", "height": 1080, "format_note": "DASH video", "vcodec": "vp9", "format_id": "248", "manifest_url": "https://manifest.googlevideo.com/api/manifest/dash/expire/1609159340/ei/S37pX7ubO_u0s8IPqNKbwAc/ip/140.109.135.166/id/6000313d6d4607bc/source/youtube/requiressl/yes/playback_host/r1---sn-5njj-u2xe.googlevideo.com/mh/Ey/mm/31%2C29/mn/sn-5njj-u2xe%2Csn-un57sn7s/ms/au%2Crdu/mv/m/mvi/1/pl/16/hfr/all/as/fmp4_audio_clear%2Cwebm_audio_clear%2Cwebm2_audio_clear%2Cfmp4_sd_hd_clear%2Cwebm2_sd_hd_clear/initcwndbps/492500/vprv/1/mt/1609137405/fvip/1/keepalive/yes/itag/0/sparams/expire%2Cei%2Cip%2Cid%2Csource%2Crequiressl%2Chfr%2Cas%2Cvprv%2Citag/sig/AOq0QJ8wRgIhAK2FoqIY37NN-gorlb1OClxO66pCFg7f6lRNEhmeu-oCAiEA8jdHTjyrQjYI8akNItYXYiHaJn_EwDI4pYVf-6yuNfw%3D/lsparams/playback_host%2Cmh%2Cmm%2Cmn%2Cms%2Cmv%2Cmvi%2Cpl%2Cinitcwndbps/lsig/AG3C_xAwRQIhANY-4gEe_yaTmCXfs3K-jiTK-66SOKBSBu08OK6oBQgoAiBC_e1MuSvM0sf--H17aYnGqpk0Ef2dQo96xCuz4HcNbQ%3D%3D", "width": 1920, "tbr": 2646.0, "asr": null, "fps": 25, "language": null, "filesize": null, "container": "webm_dash", "acodec": "none", "url": "https://manifest.googlevideo.com/api/manifest/dash/expire/1609159340/ei/S37pX7ubO_u0s8IPqNKbwAc/ip/140.109.135.166/id/6000313d6d4607bc/source/youtube/requiressl/yes/playback_host/r1---sn-5njj-u2xe.googlevideo.com/mh/Ey/mm/31%2C29/mn/sn-5njj-u2xe%2Csn-un57sn7s/ms/au%2Crdu/mv/m/mvi/1/pl/16/hfr/all/as/fmp4_audio_clear%2Cwebm_audio_clear%2Cwebm2_audio_clear%2Cfmp4_sd_hd_clear%2Cwebm2_sd_hd_clear/initcwndbps/492500/vprv/1/mt/1609137405/fvip/1/keepalive/yes/itag/0/sparams/expire%2Cei%2Cip%2Cid%2Csource%2Crequiressl%2Chfr%2Cas%2Cvprv%2Citag/sig/AOq0QJ8wRgIhAK2FoqIY37NN-gorlb1OClxO66pCFg7f6lRNEhmeu-oCAiEA8jdHTjyrQjYI8akNItYXYiHaJn_EwDI4pYVf-6yuNfw%3D/lsparams/playback_host%2Cmh%2Cmm%2Cmn%2Cms%2Cmv%2Cmvi%2Cpl%2Cinitcwndbps/lsig/AG3C_xAwRQIhANY-4gEe_yaTmCXfs3K-jiTK-66SOKBSBu08OK6oBQgoAiBC_e1MuSvM0sf--H17aYnGqpk0Ef2dQo96xCuz4HcNbQ%3D%3D", "fragment_base_url": "https://r1---sn-5njj-u2xe.googlevideo.com/videoplayback/expire/1609159340/ei/S37pX7ubO_u0s8IPqNKbwAc/ip/140.109.135.166/id/6000313d6d4607bc/itag/248/source/yt_otf/requiressl/yes/mh/Ey/mm/31,29/mn/sn-5njj-u2xe,sn-un57sn7s/ms/au,rdu/mv/m/mvi/1/pl/16/initcwndbps/492500/vprv/1/ratebypass/yes/mime/video%2Fwebm/otfp/1/otf/1/lmt/1604494672056238/mt/1609137405/fvip/1/keepalive/yes/sparams/expire,ei,ip,id,itag,source,requiressl,vprv,ratebypass,mime,otfp,otf,lmt/sig/AOq0QJ8wRQIhAN_y8bU3r5_rIT8Imv7Is_55api19l9JgYa8Vhfkbsj8AiBvywvw5kwqlBOCMRzhMBk1ZlkxdpBzpzvtO4mNtW5tlg%3D%3D/lsparams/mh,mm,mn,ms,mv,mvi,pl,initcwndbps/lsig/AG3C_xAwRQIgPaWHx_zN-tlFUdzHt7X4vfXKVWkcnX1TPOJJifY02X4CIQCKd1FksyiS6aGsDhyKyxmpPCPN76AsVfNmTjgm2w_gsg%3D%3D/", "fragments": [{"path": "sq/0"}, {"path": "sq/1/dur/5.120", "duration": 5.12}, {"path": "sq/2/dur/5.120", "duration": 5.12}, {"path": "sq/3/dur/5.120", "duration": 5.12}, {"path": "sq/4/dur/5.120", "duration": 5.12}, {"path": "sq/5/dur/5.120", "duration": 5.12}, {"path": "sq/6/dur/5.120", "duration": 5.12}, {"path": "sq/7/dur/5.120", "duration": 5.12}, {"path": "sq/8/dur/5.120", "duration": 5.12}, {"path": "sq/9/dur/5.120", "duration": 5.12}, {"path": "sq/10/dur/5.120", "duration": 5.12}, {"path": "sq/11/dur/5.120", "duration": 5.12}, {"path": "sq/12/dur/5.120", "duration": 5.12}, {"path": "sq/13/dur/5.120", "duration": 5.12}, {"path": "sq/14/dur/5.120", "duration": 5.12}, {"path": "sq/15/dur/5.120", "duration": 5.12}, {"path": "sq/16/dur/5.120", "duration": 5.12}, {"path": "sq/17/dur/5.120", "duration": 5.12}, {"path": "sq/18/dur/5.120", "duration": 5.12}, {"path": "sq/19/dur/5.120", "duration": 5.12}, {"path": "sq/20/dur/5.120", "duration": 5.12}, {"path": "sq/21/dur/5.120", "duration": 5.12}, {"path": "sq/22/dur/5.120", "duration": 5.12}, {"path": "sq/23/dur/5.120", "duration": 5.12}, {"path": "sq/24/dur/5.120", "duration": 5.12}, {"path": "sq/25/dur/5.120", "duration": 5.12}, {"path": "sq/26/dur/5.120", "duration": 5.12}, {"path": "sq/27/dur/5.120", "duration": 5.12}, {"path": "sq/28/dur/5.120", "duration": 5.12}, {"path": "sq/29/dur/5.120", "duration": 5.12}, {"path": "sq/30/dur/5.120", "duration": 5.12}, {"path": "sq/31/dur/3.920", "duration": 3.92}], "protocol": "http_dash_segments", "format": "248 - 1920x1080 (DASH video)", "http_headers": {"User-Agent": "Mozilla/5.0 (Windows NT 10.0; Win64; x64) AppleWebKit/537.36 (KHTML, like Gecko) Chrome/70.0.3538.61 Safari/537.36", "Accept-Charset": "ISO-8859-1,utf-8;q=0.7,*;q=0.7", "Accept": "text/html,application/xhtml+xml,application/xml;q=0.9,*/*;q=0.8", "Accept-Encoding": "gzip, deflate", "Accept-Language": "en-us,en;q=0.5"}}, {"format_id": "18", "url": "https://r1---sn-5njj-u2xe.googlevideo.com/videoplayback?expire=1609159340&ei=S37pX7ubO_u0s8IPqNKbwAc&ip=140.109.135.166&id=o-AFJmh_weK_qFv4qUwF27k4A5SndTP7KO-E99WGU89tUq&itag=18&source=youtube&requiressl=yes&mh=Ey&mm=31%2C29&mn=sn-5njj-u2xe%2Csn-un57sn7s&ms=au%2Crdu&mv=m&mvi=1&pl=16&initcwndbps=492500&vprv=1&mime=video%2Fmp4&ns=W6ac1usmWwUXa2mEmMzfIkUF&gir=yes&clen=2845036&ratebypass=yes&dur=157.570&lmt=1604494654218877&mt=1609137405&fvip=1&c=WEB&txp=6210222&n=HxUEL8EL2-GR5YX0&sparams=expire%2Cei%2Cip%2Cid%2Citag%2Csource%2Crequiressl%2Cvprv%2Cmime%2Cns%2Cgir%2Cclen%2Cratebypass%2Cdur%2Clmt&sig=AOq0QJ8wRQIhAJCQsoRGtWJU1645ymdEPMPh-dM_kNKg5JwQ5BCzDQImAiBNEC2i39wVp3YPnXRtbSDOZmKWIv2B5t4A-kUlrpDTfw%3D%3D&lsparams=mh%2Cmm%2Cmn%2Cms%2Cmv%2Cmvi%2Cpl%2Cinitcwndbps&lsig=AG3C_xAwRQIga_8ehwbGNb2GMsojXp4z27D8FgbGYHbBAewGktHIL5ICIQDDl4qRCazhy2LvFS6Zz2EG0gfnTa1epmBRJ8UMeU8tNw%3D%3D", "player_url": null, "ext": "mp4", "width": 640, "height": 360, "acodec": "mp4a.40.2", "abr": 96, "vcodec": "avc1.42001E", "asr": 44100, "filesize": 2845036, "format_note": "360p", "fps": 25, "tbr": 144.491, "format": "18 - 640x360 (360p)", "protocol": "https", "http_headers": {"User-Agent": "Mozilla/5.0 (Windows NT 10.0; Win64; x64) AppleWebKit/537.36 (KHTML, like Gecko) Chrome/70.0.3538.61 Safari/537.36", "Accept-Charset": "ISO-8859-1,utf-8;q=0.7,*;q=0.7", "Accept": "text/html,application/xhtml+xml,application/xml;q=0.9,*/*;q=0.8", "Accept-Encoding": "gzip, deflate", "Accept-Language": "en-us,en;q=0.5"}}, {"format_id": "22", "url": "https://r1---sn-5njj-u2xe.googlevideo.com/videoplayback?expire=1609159340&ei=S37pX7ubO_u0s8IPqNKbwAc&ip=140.109.135.166&id=o-AFJmh_weK_qFv4qUwF27k4A5SndTP7KO-E99WGU89tUq&itag=22&source=youtube&requiressl=yes&mh=Ey&mm=31%2C29&mn=sn-5njj-u2xe%2Csn-un57sn7s&ms=au%2Crdu&mv=m&mvi=1&pl=16&initcwndbps=492500&vprv=1&mime=video%2Fmp4&ns=W6ac1usmWwUXa2mEmMzfIkUF&ratebypass=yes&dur=157.570&lmt=1604494693967505&mt=1609137405&fvip=1&c=WEB&txp=6216222&n=HxUEL8EL2-GR5YX0&sparams=expire%2Cei%2Cip%2Cid%2Citag%2Csource%2Crequiressl%2Cvprv%2Cmime%2Cns%2Cratebypass%2Cdur%2Clmt&sig=AOq0QJ8wRAIgJ5tdOUoilOB9Z5OflNNWC5Ejb6_mui304tBemux6NykCIGnfmr9yp9RH_sTlK_CeXxzDXrEfzdbzhu_qzzBd4oH6&lsparams=mh%2Cmm%2Cmn%2Cms%2Cmv%2Cmvi%2Cpl%2Cinitcwndbps&lsig=AG3C_xAwRQIga_8ehwbGNb2GMsojXp4z27D8FgbGYHbBAewGktHIL5ICIQDDl4qRCazhy2LvFS6Zz2EG0gfnTa1epmBRJ8UMeU8tNw%3D%3D", "player_url": null, "ext": "mp4", "width": 1280, "height": 720, "acodec": "mp4a.40.2", "abr": 192, "vcodec": "avc1.64001F", "asr": 44100, "filesize": null, "format_note": "720p", "fps": 25, "tbr": 312.832, "format": "22 - 1280x720 (720p)", "protocol": "https", "http_headers": {"User-Agent": "Mozilla/5.0 (Windows NT 10.0; Win64; x64) AppleWebKit/537.36 (KHTML, like Gecko) Chrome/70.0.3538.61 Safari/537.36", "Accept-Charset": "ISO-8859-1,utf-8;q=0.7,*;q=0.7", "Accept": "text/html,application/xhtml+xml,application/xml;q=0.9,*/*;q=0.8", "Accept-Encoding": "gzip, deflate", "Accept-Language": "en-us,en;q=0.5"}}], "is_live": null, "start_time": null, "end_time": null, "series": null, "season_number": null, "episode_number": null, "track": null, "artist": null, "album": null, "release_date": null, "release_year": null, "extractor": "youtube", "webpage_url_basename": "watch", "extractor_key": "Youtube", "playlist": null, "playlist_index": null, "thumbnail": "https://i.ytimg.com/vi_webp/YAAxPW1GB7w/maxresdefault.webp", "display_id": "YAAxPW1GB7w", "requested_subtitles": null, "ext": "webm", "format_note": "DASH audio", "acodec": "opus", "abr": 160, "format_id": "251", "manifest_url": "https://manifest.googlevideo.com/api/manifest/dash/expire/1609159340/ei/S37pX7ubO_u0s8IPqNKbwAc/ip/140.109.135.166/id/6000313d6d4607bc/source/youtube/requiressl/yes/playback_host/r1---sn-5njj-u2xe.googlevideo.com/mh/Ey/mm/31%2C29/mn/sn-5njj-u2xe%2Csn-un57sn7s/ms/au%2Crdu/mv/m/mvi/1/pl/16/hfr/all/as/fmp4_audio_clear%2Cwebm_audio_clear%2Cwebm2_audio_clear%2Cfmp4_sd_hd_clear%2Cwebm2_sd_hd_clear/initcwndbps/492500/vprv/1/mt/1609137405/fvip/1/keepalive/yes/itag/0/sparams/expire%2Cei%2Cip%2Cid%2Csource%2Crequiressl%2Chfr%2Cas%2Cvprv%2Citag/sig/AOq0QJ8wRgIhAK2FoqIY37NN-gorlb1OClxO66pCFg7f6lRNEhmeu-oCAiEA8jdHTjyrQjYI8akNItYXYiHaJn_EwDI4pYVf-6yuNfw%3D/lsparams/playback_host%2Cmh%2Cmm%2Cmn%2Cms%2Cmv%2Cmvi%2Cpl%2Cinitcwndbps/lsig/AG3C_xAwRQIhANY-4gEe_yaTmCXfs3K-jiTK-66SOKBSBu08OK6oBQgoAiBC_e1MuSvM0sf--H17aYnGqpk0Ef2dQo96xCuz4HcNbQ%3D%3D", "width": null, "height": null, "tbr": 158.888, "asr": 48000, "fps": null, "language": null, "filesize": null, "container": "webm_dash", "vcodec": "none", "url": "https://manifest.googlevideo.com/api/manifest/dash/expire/1609159340/ei/S37pX7ubO_u0s8IPqNKbwAc/ip/140.109.135.166/id/6000313d6d4607bc/source/youtube/requiressl/yes/playback_host/r1---sn-5njj-u2xe.googlevideo.com/mh/Ey/mm/31%2C29/mn/sn-5njj-u2xe%2Csn-un57sn7s/ms/au%2Crdu/mv/m/mvi/1/pl/16/hfr/all/as/fmp4_audio_clear%2Cwebm_audio_clear%2Cwebm2_audio_clear%2Cfmp4_sd_hd_clear%2Cwebm2_sd_hd_clear/initcwndbps/492500/vprv/1/mt/1609137405/fvip/1/keepalive/yes/itag/0/sparams/expire%2Cei%2Cip%2Cid%2Csource%2Crequiressl%2Chfr%2Cas%2Cvprv%2Citag/sig/AOq0QJ8wRgIhAK2FoqIY37NN-gorlb1OClxO66pCFg7f6lRNEhmeu-oCAiEA8jdHTjyrQjYI8akNItYXYiHaJn_EwDI4pYVf-6yuNfw%3D/lsparams/playback_host%2Cmh%2Cmm%2Cmn%2Cms%2Cmv%2Cmvi%2Cpl%2Cinitcwndbps/lsig/AG3C_xAwRQIhANY-4gEe_yaTmCXfs3K-jiTK-66SOKBSBu08OK6oBQgoAiBC_e1MuSvM0sf--H17aYnGqpk0Ef2dQo96xCuz4HcNbQ%3D%3D", "fragment_base_url": "https://r1---sn-5njj-u2xe.googlevideo.com/videoplayback/expire/1609159340/ei/S37pX7ubO_u0s8IPqNKbwAc/ip/140.109.135.166/id/6000313d6d4607bc/itag/251/source/youtube/requiressl/yes/mh/Ey/mm/31,29/mn/sn-5njj-u2xe,sn-un57sn7s/ms/au,rdu/mv/m/mvi/1/pl/16/initcwndbps/492500/vprv/1/ratebypass/yes/mime/audio%2Fwebm/otfp/1/gir/yes/clen/3007580/lmt/1604494673509087/dur/157.541/mt/1609137405/fvip/1/keepalive/yes/sparams/expire,ei,ip,id,itag,source,requiressl,vprv,ratebypass,mime,otfp,gir,clen,lmt,dur/sig/AOq0QJ8wRQIhAJUU3UzJ21h-89jkPi5p004bNgTeFkKMVb4tR5P6o2WfAiAqlMW4g_RSnrfsWH2ZOmRSnk1k3H4usV9njgjrkPeI-A%3D%3D/lsparams/mh,mm,mn,ms,mv,mvi,pl,initcwndbps/lsig/AG3C_xAwRAIgWa0JEZ2Rar_O3k345kdsDUrwSkqYN59HPlHeiPndFb0CIGhNUoVO7-q_dibP7K47O_didXvv0VrL__D17IL8viVw/", "fragments": [{"path": "range/0-265"}, {"path": "range/535-191484", "duration": 10.001}, {"path": "range/191485-382358", "duration": 10.0}, {"path": "range/382359-574409", "duration": 10.0}, {"path": "range/574410-766511", "duration": 10.0}, {"path": "range/766512-964985", "duration": 10.0}, {"path": "range/964986-1157806", "duration": 10.0}, {"path": "range/1157807-1351247", "duration": 10.0}, {"path": "range/1351248-1544329", "duration": 10.0}, {"path": "range/1544330-1733253", "duration": 10.0}, {"path": "range/1733254-1922047", "duration": 10.0}, {"path": "range/1922048-2111673", "duration": 10.0}, {"path": "range/2111674-2310284", "duration": 10.0}, {"path": "range/2310285-2505498", "duration": 10.0}, {"path": "range/2505499-2699546", "duration": 10.0}, {"path": "range/2699547-2889195", "duration": 10.0}, {"path": "range/2889196-3007579", "duration": 7.54}], "protocol": "http_dash_segments", "format": "251 - audio only (DASH audio)", "http_headers": {"User-Agent": "Mozilla/5.0 (Windows NT 10.0; Win64; x64) AppleWebKit/537.36 (KHTML, like Gecko) Chrome/70.0.3538.61 Safari/537.36", "Accept-Charset": "ISO-8859-1,utf-8;q=0.7,*;q=0.7", "Accept": "text/html,application/xhtml+xml,application/xml;q=0.9,*/*;q=0.8", "Accept-Encoding": "gzip, deflate", "Accept-Language": "en-us,en;q=0.5"}}